N,animal_id,BCS,data,frame,RGB_path,depth_path
1,230211,3.5,06.12.2024,4,06.12.2024\4\rgb\14.14.01.120.png,06.12.2024\4\depth\14.14.01.120.png
2,230211,3.5,06.12.2024,4,06.12.2024\4\rgb\14.14.01.202.png,06.12.2024\4\depth\14.14.01.202.png
3,230211,3.5,06.12.2024,4,06.12.2024\4\rgb\14.14.01.292.png,06.12.2024\4\depth\14.14.01.292.png
4,230211,3.5,06.12.2024,4,06.12.2024\4\rgb\14.14.01.385.png,06.12.2024\4\depth\14.14.01.385.png
5,230211,3.5,06.12.2024,4,06.12.2024\4\rgb\14.14.01.479.png,06.12.2024\4\depth\14.14.01.479.png
6,230211,3.5,06.12.2024,4,06.12.2024\4\rgb\14.14.01.570.png,06.12.2024\4\depth\14.14.01.570.png
7,230211,3.5,06.12.2024,4,06.12.2024\4\rgb\14.14.01.663.png,06.12.2024\4\depth\14.14.01.663.png
8,230211,3.5,06.12.2024,4,06.12.2024\4\rgb\14.14.01.753.png,06.12.2024\4\depth\14.14.01.753.png
9,230211,3.5,06.12.2024,4,06.12.2024\4\rgb\14.14.01.848.png,06.12.2024\4\depth\14.14.01.848.png
10,230211,3.5,06.12.2024,4,06.12.2024\4\rgb\14.14.01.939.png,06.12.2024\4\depth\14.14.01.939.png
11,230211,3.5,06.12.2024,4,06.12.2024\4\rgb\14.14.02.030.png,06.12.2024\4\depth\14.14.02.030.png
12,230211,3.5,06.12.2024,4,06.12.2024\4\rgb\14.14.02.121.png,06.12.2024\4\depth\14.14.02.121.png
13,230211,3.5,06.12.2024,4,06.12.2024\4\rgb\14.14.02.215.png,06.12.2024\4\depth\14.14.02.215.png
14,230211,3.5,06.12.2024,4,06.12.2024\4\rgb\14.14.02.309.png,06.12.2024\4\depth\14.14.02.309.png
15,230211,3.5,06.12.2024,4,06.12.2024\4\rgb\14.14.02.404.png,06.12.2024\4\depth\14.14.02.404.png
16,230211,3.5,06.12.2024,4,06.12.2024\4\rgb\14.14.02.492.png,06.12.2024\4\depth\14.14.02.492.png
17,230211,3.5,06.12.2024,4,06.12.2024\4\rgb\14.14.02.584.png,06.12.2024\4\depth\14.14.02.584.png
18,230211,3.5,06.12.2024,4,06.12.2024\4\rgb\14.14.02.676.png,06.12.2024\4\depth\14.14.02.676.png
19,230211,3.5,06.12.2024,4,06.12.2024\4\rgb\14.14.02.767.png,06.12.2024\4\depth\14.14.02.767.png
20,230211,3.5,06.12.2024,4,06.12.2024\4\rgb\14.14.02.858.png,06.12.2024\4\depth\14.14.02.858.png
21,7418,3.25,06.12.2024,6,06.12.2024\6\rgb\14.15.33.847.png,06.12.2024\6\depth\14.15.33.847.png
22,7418,3.25,06.12.2024,6,06.12.2024\6\rgb\14.15.33.943.png,06.12.2024\6\depth\14.15.33.943.png
23,7418,3.25,06.12.2024,6,06.12.2024\6\rgb\14.15.34.034.png,06.12.2024\6\depth\14.15.34.034.png
24,7418,3.25,06.12.2024,6,06.12.2024\6\rgb\14.15.34.126.png,06.12.2024\6\depth\14.15.34.126.png
25,7418,3.25,06.12.2024,6,06.12.2024\6\rgb\14.15.34.222.png,06.12.2024\6\depth\14.15.34.222.png
26,7418,3.25,06.12.2024,6,06.12.2024\6\rgb\14.15.34.314.png,06.12.2024\6\depth\14.15.34.314.png
27,7418,3.25,06.12.2024,6,06.12.2024\6\rgb\14.15.34.410.png,06.12.2024\6\depth\14.15.34.410.png
28,7418,3.25,06.12.2024,6,06.12.2024\6\rgb\14.15.34.497.png,06.12.2024\6\depth\14.15.34.497.png
29,7418,3.25,06.12.2024,6,06.12.2024\6\rgb\14.15.34.594.png,06.12.2024\6\depth\14.15.34.594.png
30,7418,3.25,06.12.2024,6,06.12.2024\6\rgb\14.15.34.686.png,06.12.2024\6\depth\14.15.34.686.png
31,7418,3.25,06.12.2024,6,06.12.2024\6\rgb\14.15.34.779.png,06.12.2024\6\depth\14.15.34.779.png
32,7418,3.25,06.12.2024,6,06.12.2024\6\rgb\14.15.34.868.png,06.12.2024\6\depth\14.15.34.868.png
33,7418,3.25,06.12.2024,6,06.12.2024\6\rgb\14.15.34.962.png,06.12.2024\6\depth\14.15.34.962.png
34,7418,3.25,06.12.2024,6,06.12.2024\6\rgb\14.15.35.057.png,06.12.2024\6\depth\14.15.35.057.png
35,7418,3.25,06.12.2024,6,06.12.2024\6\rgb\14.15.35.144.png,06.12.2024\6\depth\14.15.35.144.png
36,7418,3.25,06.12.2024,6,06.12.2024\6\rgb\14.15.35.236.png,06.12.2024\6\depth\14.15.35.236.png
37,7418,3.25,06.12.2024,6,06.12.2024\6\rgb\14.15.35.331.png,06.12.2024\6\depth\14.15.35.331.png
38,7418,3.25,06.12.2024,6,06.12.2024\6\rgb\14.15.35.427.png,06.12.2024\6\depth\14.15.35.427.png
39,7418,3.25,06.12.2024,6,06.12.2024\6\rgb\14.15.35.534.png,06.12.2024\6\depth\14.15.35.534.png
40,7418,3.25,06.12.2024,6,06.12.2024\6\rgb\14.15.35.637.png,06.12.2024\6\depth\14.15.35.637.png
41,310823,3.5,06.12.2024,7,06.12.2024\7\rgb\14.15.50.922.png,06.12.2024\7\depth\14.15.50.922.png
42,310823,3.5,06.12.2024,7,06.12.2024\7\rgb\14.15.51.015.png,06.12.2024\7\depth\14.15.51.015.png
43,310823,3.5,06.12.2024,7,06.12.2024\7\rgb\14.15.51.109.png,06.12.2024\7\depth\14.15.51.109.png
44,310823,3.5,06.12.2024,7,06.12.2024\7\rgb\14.15.51.201.png,06.12.2024\7\depth\14.15.51.201.png
45,310823,3.5,06.12.2024,7,06.12.2024\7\rgb\14.15.51.289.png,06.12.2024\7\depth\14.15.51.289.png
46,310823,3.5,06.12.2024,7,06.12.2024\7\rgb\14.15.51.381.png,06.12.2024\7\depth\14.15.51.381.png
47,310823,3.5,06.12.2024,7,06.12.2024\7\rgb\14.15.51.475.png,06.12.2024\7\depth\14.15.51.475.png
48,310823,3.5,06.12.2024,7,06.12.2024\7\rgb\14.15.51.567.png,06.12.2024\7\depth\14.15.51.567.png
49,310823,3.5,06.12.2024,7,06.12.2024\7\rgb\14.15.51.663.png,06.12.2024\7\depth\14.15.51.663.png
50,310823,3.5,06.12.2024,7,06.12.2024\7\rgb\14.15.51.754.png,06.12.2024\7\depth\14.15.51.754.png
51,310823,3.5,06.12.2024,7,06.12.2024\7\rgb\14.15.51.842.png,06.12.2024\7\depth\14.15.51.842.png
52,310823,3.5,06.12.2024,7,06.12.2024\7\rgb\14.15.51.935.png,06.12.2024\7\depth\14.15.51.935.png
53,310823,3.5,06.12.2024,7,06.12.2024\7\rgb\14.15.52.020.png,06.12.2024\7\depth\14.15.52.020.png
54,310823,3.5,06.12.2024,7,06.12.2024\7\rgb\14.15.52.101.png,06.12.2024\7\depth\14.15.52.101.png
55,310823,3.5,06.12.2024,7,06.12.2024\7\rgb\14.15.52.200.png,06.12.2024\7\depth\14.15.52.200.png
56,310823,3.5,06.12.2024,7,06.12.2024\7\rgb\14.15.52.289.png,06.12.2024\7\depth\14.15.52.289.png
57,310823,3.5,06.12.2024,7,06.12.2024\7\rgb\14.15.52.383.png,06.12.2024\7\depth\14.15.52.383.png
58,310823,3.5,06.12.2024,7,06.12.2024\7\rgb\14.15.52.468.png,06.12.2024\7\depth\14.15.52.468.png
59,310823,3.5,06.12.2024,7,06.12.2024\7\rgb\14.15.52.564.png,06.12.2024\7\depth\14.15.52.564.png
60,310823,3.5,06.12.2024,7,06.12.2024\7\rgb\14.15.52.658.png,06.12.2024\7\depth\14.15.52.658.png
61,7433,3.25,06.12.2024,8,06.12.2024\8\rgb\14.16.08.331.png,06.12.2024\8\depth\14.16.08.331.png
62,7433,3.25,06.12.2024,8,06.12.2024\8\rgb\14.16.08.415.png,06.12.2024\8\depth\14.16.08.415.png
63,7433,3.25,06.12.2024,8,06.12.2024\8\rgb\14.16.08.509.png,06.12.2024\8\depth\14.16.08.509.png
64,7433,3.25,06.12.2024,8,06.12.2024\8\rgb\14.16.08.608.png,06.12.2024\8\depth\14.16.08.608.png
65,7433,3.25,06.12.2024,8,06.12.2024\8\rgb\14.16.08.694.png,06.12.2024\8\depth\14.16.08.694.png
66,7433,3.25,06.12.2024,8,06.12.2024\8\rgb\14.16.08.786.png,06.12.2024\8\depth\14.16.08.786.png
67,7433,3.25,06.12.2024,8,06.12.2024\8\rgb\14.16.08.879.png,06.12.2024\8\depth\14.16.08.879.png
68,7433,3.25,06.12.2024,8,06.12.2024\8\rgb\14.16.08.973.png,06.12.2024\8\depth\14.16.08.973.png
69,7433,3.25,06.12.2024,8,06.12.2024\8\rgb\14.16.09.061.png,06.12.2024\8\depth\14.16.09.061.png
70,7433,3.25,06.12.2024,8,06.12.2024\8\rgb\14.16.09.158.png,06.12.2024\8\depth\14.16.09.158.png
71,7433,3.25,06.12.2024,8,06.12.2024\8\rgb\14.16.09.252.png,06.12.2024\8\depth\14.16.09.252.png
72,7433,3.25,06.12.2024,8,06.12.2024\8\rgb\14.16.09.347.png,06.12.2024\8\depth\14.16.09.347.png
73,7433,3.25,06.12.2024,8,06.12.2024\8\rgb\14.16.09.430.png,06.12.2024\8\depth\14.16.09.430.png
74,7433,3.25,06.12.2024,8,06.12.2024\8\rgb\14.16.09.513.png,06.12.2024\8\depth\14.16.09.513.png
75,7433,3.25,06.12.2024,8,06.12.2024\8\rgb\14.16.09.600.png,06.12.2024\8\depth\14.16.09.600.png
76,7433,3.25,06.12.2024,8,06.12.2024\8\rgb\14.16.09.692.png,06.12.2024\8\depth\14.16.09.692.png
77,7433,3.25,06.12.2024,8,06.12.2024\8\rgb\14.16.09.786.png,06.12.2024\8\depth\14.16.09.786.png
78,7433,3.25,06.12.2024,8,06.12.2024\8\rgb\14.16.09.880.png,06.12.2024\8\depth\14.16.09.880.png
79,7433,3.25,06.12.2024,8,06.12.2024\8\rgb\14.16.09.970.png,06.12.2024\8\depth\14.16.09.970.png
80,7433,3.25,06.12.2024,8,06.12.2024\8\rgb\14.16.10.063.png,06.12.2024\8\depth\14.16.10.063.png
81,4807,3.5,06.12.2024,9,06.12.2024\9\rgb\14.16.22.960.png,06.12.2024\9\depth\14.16.22.960.png
82,4807,3.5,06.12.2024,9,06.12.2024\9\rgb\14.16.23.045.png,06.12.2024\9\depth\14.16.23.045.png
83,4807,3.5,06.12.2024,9,06.12.2024\9\rgb\14.16.23.138.png,06.12.2024\9\depth\14.16.23.138.png
84,4807,3.5,06.12.2024,9,06.12.2024\9\rgb\14.16.23.229.png,06.12.2024\9\depth\14.16.23.229.png
85,4807,3.5,06.12.2024,9,06.12.2024\9\rgb\14.16.23.311.png,06.12.2024\9\depth\14.16.23.311.png
86,4807,3.5,06.12.2024,9,06.12.2024\9\rgb\14.16.23.403.png,06.12.2024\9\depth\14.16.23.403.png
87,4807,3.5,06.12.2024,9,06.12.2024\9\rgb\14.16.23.497.png,06.12.2024\9\depth\14.16.23.497.png
88,4807,3.5,06.12.2024,9,06.12.2024\9\rgb\14.16.23.590.png,06.12.2024\9\depth\14.16.23.590.png
89,4807,3.5,06.12.2024,9,06.12.2024\9\rgb\14.16.23.681.png,06.12.2024\9\depth\14.16.23.681.png
90,4807,3.5,06.12.2024,9,06.12.2024\9\rgb\14.16.23.777.png,06.12.2024\9\depth\14.16.23.777.png
91,4807,3.5,06.12.2024,9,06.12.2024\9\rgb\14.16.23.868.png,06.12.2024\9\depth\14.16.23.868.png
92,4807,3.5,06.12.2024,9,06.12.2024\9\rgb\14.16.23.959.png,06.12.2024\9\depth\14.16.23.959.png
93,4807,3.5,06.12.2024,9,06.12.2024\9\rgb\14.16.24.052.png,06.12.2024\9\depth\14.16.24.052.png
94,4807,3.5,06.12.2024,9,06.12.2024\9\rgb\14.16.24.140.png,06.12.2024\9\depth\14.16.24.140.png
95,4807,3.5,06.12.2024,9,06.12.2024\9\rgb\14.16.24.235.png,06.12.2024\9\depth\14.16.24.235.png
96,4807,3.5,06.12.2024,9,06.12.2024\9\rgb\14.16.24.325.png,06.12.2024\9\depth\14.16.24.325.png
97,4807,3.5,06.12.2024,9,06.12.2024\9\rgb\14.16.24.419.png,06.12.2024\9\depth\14.16.24.419.png
98,4807,3.5,06.12.2024,9,06.12.2024\9\rgb\14.16.24.510.png,06.12.2024\9\depth\14.16.24.510.png
99,4807,3.5,06.12.2024,9,06.12.2024\9\rgb\14.16.24.602.png,06.12.2024\9\depth\14.16.24.602.png
100,4807,3.5,06.12.2024,9,06.12.2024\9\rgb\14.16.24.696.png,06.12.2024\9\depth\14.16.24.696.png
101,4887,4.0,06.12.2024,12,06.12.2024\12\rgb\14.17.44.162.png,06.12.2024\12\depth\14.17.44.162.png
102,4887,4.0,06.12.2024,12,06.12.2024\12\rgb\14.17.44.246.png,06.12.2024\12\depth\14.17.44.246.png
103,4887,4.0,06.12.2024,12,06.12.2024\12\rgb\14.17.44.337.png,06.12.2024\12\depth\14.17.44.337.png
104,4887,4.0,06.12.2024,12,06.12.2024\12\rgb\14.17.44.427.png,06.12.2024\12\depth\14.17.44.427.png
105,4887,4.0,06.12.2024,12,06.12.2024\12\rgb\14.17.44.517.png,06.12.2024\12\depth\14.17.44.517.png
106,4887,4.0,06.12.2024,12,06.12.2024\12\rgb\14.17.44.614.png,06.12.2024\12\depth\14.17.44.614.png
107,4887,4.0,06.12.2024,12,06.12.2024\12\rgb\14.17.44.704.png,06.12.2024\12\depth\14.17.44.704.png
108,4887,4.0,06.12.2024,12,06.12.2024\12\rgb\14.17.44.796.png,06.12.2024\12\depth\14.17.44.796.png
109,4887,4.0,06.12.2024,12,06.12.2024\12\rgb\14.17.44.885.png,06.12.2024\12\depth\14.17.44.885.png
110,4887,4.0,06.12.2024,12,06.12.2024\12\rgb\14.17.44.975.png,06.12.2024\12\depth\14.17.44.975.png
111,4887,4.0,06.12.2024,12,06.12.2024\12\rgb\14.17.45.063.png,06.12.2024\12\depth\14.17.45.063.png
112,4887,4.0,06.12.2024,12,06.12.2024\12\rgb\14.17.45.157.png,06.12.2024\12\depth\14.17.45.157.png
113,4887,4.0,06.12.2024,12,06.12.2024\12\rgb\14.17.45.253.png,06.12.2024\12\depth\14.17.45.253.png
114,4887,4.0,06.12.2024,12,06.12.2024\12\rgb\14.17.45.345.png,06.12.2024\12\depth\14.17.45.345.png
115,4887,4.0,06.12.2024,12,06.12.2024\12\rgb\14.17.45.442.png,06.12.2024\12\depth\14.17.45.442.png
116,4887,4.0,06.12.2024,12,06.12.2024\12\rgb\14.17.45.534.png,06.12.2024\12\depth\14.17.45.534.png
117,4887,4.0,06.12.2024,12,06.12.2024\12\rgb\14.17.45.626.png,06.12.2024\12\depth\14.17.45.626.png
118,4887,4.0,06.12.2024,12,06.12.2024\12\rgb\14.17.45.719.png,06.12.2024\12\depth\14.17.45.719.png
119,4887,4.0,06.12.2024,12,06.12.2024\12\rgb\14.17.45.811.png,06.12.2024\12\depth\14.17.45.811.png
120,4887,4.0,06.12.2024,12,06.12.2024\12\rgb\14.17.45.898.png,06.12.2024\12\depth\14.17.45.898.png
121,6650,3.0,06.12.2024,13,06.12.2024\13\rgb\14.18.03.980.png,06.12.2024\13\depth\14.18.03.980.png
122,6650,3.0,06.12.2024,13,06.12.2024\13\rgb\14.18.04.066.png,06.12.2024\13\depth\14.18.04.066.png
123,6650,3.0,06.12.2024,13,06.12.2024\13\rgb\14.18.04.159.png,06.12.2024\13\depth\14.18.04.159.png
124,6650,3.0,06.12.2024,13,06.12.2024\13\rgb\14.18.04.256.png,06.12.2024\13\depth\14.18.04.256.png
125,6650,3.0,06.12.2024,13,06.12.2024\13\rgb\14.18.04.347.png,06.12.2024\13\depth\14.18.04.347.png
126,6650,3.0,06.12.2024,13,06.12.2024\13\rgb\14.18.04.440.png,06.12.2024\13\depth\14.18.04.440.png
127,6650,3.0,06.12.2024,13,06.12.2024\13\rgb\14.18.04.530.png,06.12.2024\13\depth\14.18.04.530.png
128,6650,3.0,06.12.2024,13,06.12.2024\13\rgb\14.18.04.622.png,06.12.2024\13\depth\14.18.04.622.png
129,6650,3.0,06.12.2024,13,06.12.2024\13\rgb\14.18.04.712.png,06.12.2024\13\depth\14.18.04.712.png
130,6650,3.0,06.12.2024,13,06.12.2024\13\rgb\14.18.04.806.png,06.12.2024\13\depth\14.18.04.806.png
131,6650,3.0,06.12.2024,13,06.12.2024\13\rgb\14.18.04.898.png,06.12.2024\13\depth\14.18.04.898.png
132,6650,3.0,06.12.2024,13,06.12.2024\13\rgb\14.18.04.991.png,06.12.2024\13\depth\14.18.04.991.png
133,6650,3.0,06.12.2024,13,06.12.2024\13\rgb\14.18.05.088.png,06.12.2024\13\depth\14.18.05.088.png
134,6650,3.0,06.12.2024,13,06.12.2024\13\rgb\14.18.05.176.png,06.12.2024\13\depth\14.18.05.176.png
135,6650,3.0,06.12.2024,13,06.12.2024\13\rgb\14.18.05.270.png,06.12.2024\13\depth\14.18.05.270.png
136,6650,3.0,06.12.2024,13,06.12.2024\13\rgb\14.18.05.360.png,06.12.2024\13\depth\14.18.05.360.png
137,6650,3.0,06.12.2024,13,06.12.2024\13\rgb\14.18.05.458.png,06.12.2024\13\depth\14.18.05.458.png
138,6650,3.0,06.12.2024,13,06.12.2024\13\rgb\14.18.05.550.png,06.12.2024\13\depth\14.18.05.550.png
139,6650,3.0,06.12.2024,13,06.12.2024\13\rgb\14.18.05.639.png,06.12.2024\13\depth\14.18.05.639.png
140,6650,3.0,06.12.2024,13,06.12.2024\13\rgb\14.18.05.736.png,06.12.2024\13\depth\14.18.05.736.png
141,201227,3.0,06.12.2024,14,06.12.2024\14\rgb\14.18.18.658.png,06.12.2024\14\depth\14.18.18.658.png
142,201227,3.0,06.12.2024,14,06.12.2024\14\rgb\14.18.18.755.png,06.12.2024\14\depth\14.18.18.755.png
143,201227,3.0,06.12.2024,14,06.12.2024\14\rgb\14.18.18.844.png,06.12.2024\14\depth\14.18.18.844.png
144,201227,3.0,06.12.2024,14,06.12.2024\14\rgb\14.18.18.938.png,06.12.2024\14\depth\14.18.18.938.png
145,201227,3.0,06.12.2024,14,06.12.2024\14\rgb\14.18.19.025.png,06.12.2024\14\depth\14.18.19.025.png
146,201227,3.0,06.12.2024,14,06.12.2024\14\rgb\14.18.19.120.png,06.12.2024\14\depth\14.18.19.120.png
147,201227,3.0,06.12.2024,14,06.12.2024\14\rgb\14.18.19.198.png,06.12.2024\14\depth\14.18.19.198.png
148,201227,3.0,06.12.2024,14,06.12.2024\14\rgb\14.18.19.288.png,06.12.2024\14\depth\14.18.19.288.png
149,201227,3.0,06.12.2024,14,06.12.2024\14\rgb\14.18.19.384.png,06.12.2024\14\depth\14.18.19.384.png
150,201227,3.0,06.12.2024,14,06.12.2024\14\rgb\14.18.19.476.png,06.12.2024\14\depth\14.18.19.476.png
151,201227,3.0,06.12.2024,14,06.12.2024\14\rgb\14.18.19.568.png,06.12.2024\14\depth\14.18.19.568.png
152,201227,3.0,06.12.2024,14,06.12.2024\14\rgb\14.18.19.662.png,06.12.2024\14\depth\14.18.19.662.png
153,201227,3.0,06.12.2024,14,06.12.2024\14\rgb\14.18.19.754.png,06.12.2024\14\depth\14.18.19.754.png
154,201227,3.0,06.12.2024,14,06.12.2024\14\rgb\14.18.19.841.png,06.12.2024\14\depth\14.18.19.841.png
155,201227,3.0,06.12.2024,14,06.12.2024\14\rgb\14.18.19.919.png,06.12.2024\14\depth\14.18.19.919.png
156,201227,3.0,06.12.2024,14,06.12.2024\14\rgb\14.18.20.010.png,06.12.2024\14\depth\14.18.20.010.png
157,201227,3.0,06.12.2024,14,06.12.2024\14\rgb\14.18.20.104.png,06.12.2024\14\depth\14.18.20.104.png
158,201227,3.0,06.12.2024,14,06.12.2024\14\rgb\14.18.20.185.png,06.12.2024\14\depth\14.18.20.185.png
159,201227,3.0,06.12.2024,14,06.12.2024\14\rgb\14.18.20.276.png,06.12.2024\14\depth\14.18.20.276.png
160,201227,3.0,06.12.2024,14,06.12.2024\14\rgb\14.18.20.369.png,06.12.2024\14\depth\14.18.20.369.png
161,1815,3.0,06.12.2024,15,06.12.2024\15\rgb\14.20.17.291.png,06.12.2024\15\depth\14.20.17.291.png
162,1815,3.0,06.12.2024,15,06.12.2024\15\rgb\14.20.17.375.png,06.12.2024\15\depth\14.20.17.375.png
163,1815,3.0,06.12.2024,15,06.12.2024\15\rgb\14.20.17.468.png,06.12.2024\15\depth\14.20.17.468.png
164,1815,3.0,06.12.2024,15,06.12.2024\15\rgb\14.20.17.562.png,06.12.2024\15\depth\14.20.17.562.png
165,1815,3.0,06.12.2024,15,06.12.2024\15\rgb\14.20.17.655.png,06.12.2024\15\depth\14.20.17.655.png
166,1815,3.0,06.12.2024,15,06.12.2024\15\rgb\14.20.17.745.png,06.12.2024\15\depth\14.20.17.745.png
167,1815,3.0,06.12.2024,15,06.12.2024\15\rgb\14.20.17.839.png,06.12.2024\15\depth\14.20.17.839.png
168,1815,3.0,06.12.2024,15,06.12.2024\15\rgb\14.20.17.931.png,06.12.2024\15\depth\14.20.17.931.png
169,1815,3.0,06.12.2024,15,06.12.2024\15\rgb\14.20.18.015.png,06.12.2024\15\depth\14.20.18.015.png
170,1815,3.0,06.12.2024,15,06.12.2024\15\rgb\14.20.18.108.png,06.12.2024\15\depth\14.20.18.108.png
171,1815,3.0,06.12.2024,15,06.12.2024\15\rgb\14.20.18.202.png,06.12.2024\15\depth\14.20.18.202.png
172,1815,3.0,06.12.2024,15,06.12.2024\15\rgb\14.20.18.291.png,06.12.2024\15\depth\14.20.18.291.png
173,1815,3.0,06.12.2024,15,06.12.2024\15\rgb\14.20.18.392.png,06.12.2024\15\depth\14.20.18.392.png
174,1815,3.0,06.12.2024,15,06.12.2024\15\rgb\14.20.18.486.png,06.12.2024\15\depth\14.20.18.486.png
175,1815,3.0,06.12.2024,15,06.12.2024\15\rgb\14.20.18.592.png,06.12.2024\15\depth\14.20.18.592.png
176,1815,3.0,06.12.2024,15,06.12.2024\15\rgb\14.20.18.695.png,06.12.2024\15\depth\14.20.18.695.png
177,1815,3.0,06.12.2024,15,06.12.2024\15\rgb\14.20.18.785.png,06.12.2024\15\depth\14.20.18.785.png
178,1815,3.0,06.12.2024,15,06.12.2024\15\rgb\14.20.18.877.png,06.12.2024\15\depth\14.20.18.877.png
179,1815,3.0,06.12.2024,15,06.12.2024\15\rgb\14.20.18.972.png,06.12.2024\15\depth\14.20.18.972.png
180,1815,3.0,06.12.2024,15,06.12.2024\15\rgb\14.20.19.064.png,06.12.2024\15\depth\14.20.19.064.png
181,5194,3.25,06.12.2024,16,06.12.2024\16\rgb\14.20.37.135.png,06.12.2024\16\depth\14.20.37.135.png
182,5194,3.25,06.12.2024,16,06.12.2024\16\rgb\14.20.37.220.png,06.12.2024\16\depth\14.20.37.220.png
183,5194,3.25,06.12.2024,16,06.12.2024\16\rgb\14.20.37.310.png,06.12.2024\16\depth\14.20.37.310.png
184,5194,3.25,06.12.2024,16,06.12.2024\16\rgb\14.20.37.403.png,06.12.2024\16\depth\14.20.37.403.png
185,5194,3.25,06.12.2024,16,06.12.2024\16\rgb\14.20.37.495.png,06.12.2024\16\depth\14.20.37.495.png
186,5194,3.25,06.12.2024,16,06.12.2024\16\rgb\14.20.37.588.png,06.12.2024\16\depth\14.20.37.588.png
187,5194,3.25,06.12.2024,16,06.12.2024\16\rgb\14.20.37.681.png,06.12.2024\16\depth\14.20.37.681.png
188,5194,3.25,06.12.2024,16,06.12.2024\16\rgb\14.20.37.774.png,06.12.2024\16\depth\14.20.37.774.png
189,5194,3.25,06.12.2024,16,06.12.2024\16\rgb\14.20.37.863.png,06.12.2024\16\depth\14.20.37.863.png
190,5194,3.25,06.12.2024,16,06.12.2024\16\rgb\14.20.37.959.png,06.12.2024\16\depth\14.20.37.959.png
191,5194,3.25,06.12.2024,16,06.12.2024\16\rgb\14.20.38.051.png,06.12.2024\16\depth\14.20.38.051.png
192,5194,3.25,06.12.2024,16,06.12.2024\16\rgb\14.20.38.144.png,06.12.2024\16\depth\14.20.38.144.png
193,5194,3.25,06.12.2024,16,06.12.2024\16\rgb\14.20.38.235.png,06.12.2024\16\depth\14.20.38.235.png
194,5194,3.25,06.12.2024,16,06.12.2024\16\rgb\14.20.38.333.png,06.12.2024\16\depth\14.20.38.333.png
195,5194,3.25,06.12.2024,16,06.12.2024\16\rgb\14.20.38.422.png,06.12.2024\16\depth\14.20.38.422.png
196,5194,3.25,06.12.2024,16,06.12.2024\16\rgb\14.20.38.510.png,06.12.2024\16\depth\14.20.38.510.png
197,5194,3.25,06.12.2024,16,06.12.2024\16\rgb\14.20.38.606.png,06.12.2024\16\depth\14.20.38.606.png
198,5194,3.25,06.12.2024,16,06.12.2024\16\rgb\14.20.38.704.png,06.12.2024\16\depth\14.20.38.704.png
199,5194,3.25,06.12.2024,16,06.12.2024\16\rgb\14.20.38.792.png,06.12.2024\16\depth\14.20.38.792.png
200,5194,3.25,06.12.2024,16,06.12.2024\16\rgb\14.20.38.885.png,06.12.2024\16\depth\14.20.38.885.png
201,5168,3.0,06.12.2024,18,06.12.2024\18\rgb\14.21.27.595.png,06.12.2024\18\depth\14.21.27.595.png
202,5168,3.0,06.12.2024,18,06.12.2024\18\rgb\14.21.27.687.png,06.12.2024\18\depth\14.21.27.687.png
203,5168,3.0,06.12.2024,18,06.12.2024\18\rgb\14.21.27.782.png,06.12.2024\18\depth\14.21.27.782.png
204,5168,3.0,06.12.2024,18,06.12.2024\18\rgb\14.21.27.871.png,06.12.2024\18\depth\14.21.27.871.png
205,5168,3.0,06.12.2024,18,06.12.2024\18\rgb\14.21.27.962.png,06.12.2024\18\depth\14.21.27.962.png
206,5168,3.0,06.12.2024,18,06.12.2024\18\rgb\14.21.28.055.png,06.12.2024\18\depth\14.21.28.055.png
207,5168,3.0,06.12.2024,18,06.12.2024\18\rgb\14.21.28.151.png,06.12.2024\18\depth\14.21.28.151.png
208,5168,3.0,06.12.2024,18,06.12.2024\18\rgb\14.21.28.241.png,06.12.2024\18\depth\14.21.28.241.png
209,5168,3.0,06.12.2024,18,06.12.2024\18\rgb\14.21.28.332.png,06.12.2024\18\depth\14.21.28.332.png
210,5168,3.0,06.12.2024,18,06.12.2024\18\rgb\14.21.28.424.png,06.12.2024\18\depth\14.21.28.424.png
211,5168,3.0,06.12.2024,18,06.12.2024\18\rgb\14.21.28.516.png,06.12.2024\18\depth\14.21.28.516.png
212,5168,3.0,06.12.2024,18,06.12.2024\18\rgb\14.21.28.614.png,06.12.2024\18\depth\14.21.28.614.png
213,5168,3.0,06.12.2024,18,06.12.2024\18\rgb\14.21.28.706.png,06.12.2024\18\depth\14.21.28.706.png
214,5168,3.0,06.12.2024,18,06.12.2024\18\rgb\14.21.28.798.png,06.12.2024\18\depth\14.21.28.798.png
215,5168,3.0,06.12.2024,18,06.12.2024\18\rgb\14.21.28.891.png,06.12.2024\18\depth\14.21.28.891.png
216,5168,3.0,06.12.2024,18,06.12.2024\18\rgb\14.21.28.986.png,06.12.2024\18\depth\14.21.28.986.png
217,5168,3.0,06.12.2024,18,06.12.2024\18\rgb\14.21.29.077.png,06.12.2024\18\depth\14.21.29.077.png
218,5168,3.0,06.12.2024,18,06.12.2024\18\rgb\14.21.29.175.png,06.12.2024\18\depth\14.21.29.175.png
219,5168,3.0,06.12.2024,18,06.12.2024\18\rgb\14.21.29.259.png,06.12.2024\18\depth\14.21.29.259.png
220,5168,3.0,06.12.2024,18,06.12.2024\18\rgb\14.21.29.354.png,06.12.2024\18\depth\14.21.29.354.png
221,111101,3.0,06.12.2024,19,06.12.2024\19\rgb\14.21.44.103.png,06.12.2024\19\depth\14.21.44.103.png
222,111101,3.0,06.12.2024,19,06.12.2024\19\rgb\14.21.44.192.png,06.12.2024\19\depth\14.21.44.192.png
223,111101,3.0,06.12.2024,19,06.12.2024\19\rgb\14.21.44.282.png,06.12.2024\19\depth\14.21.44.282.png
224,111101,3.0,06.12.2024,19,06.12.2024\19\rgb\14.21.44.372.png,06.12.2024\19\depth\14.21.44.372.png
225,111101,3.0,06.12.2024,19,06.12.2024\19\rgb\14.21.44.465.png,06.12.2024\19\depth\14.21.44.465.png
226,111101,3.0,06.12.2024,19,06.12.2024\19\rgb\14.21.44.558.png,06.12.2024\19\depth\14.21.44.558.png
227,111101,3.0,06.12.2024,19,06.12.2024\19\rgb\14.21.44.650.png,06.12.2024\19\depth\14.21.44.650.png
228,111101,3.0,06.12.2024,19,06.12.2024\19\rgb\14.21.44.740.png,06.12.2024\19\depth\14.21.44.740.png
229,111101,3.0,06.12.2024,19,06.12.2024\19\rgb\14.21.44.838.png,06.12.2024\19\depth\14.21.44.838.png
230,111101,3.0,06.12.2024,19,06.12.2024\19\rgb\14.21.44.927.png,06.12.2024\19\depth\14.21.44.927.png
231,111101,3.0,06.12.2024,19,06.12.2024\19\rgb\14.21.45.022.png,06.12.2024\19\depth\14.21.45.022.png
232,111101,3.0,06.12.2024,19,06.12.2024\19\rgb\14.21.45.117.png,06.12.2024\19\depth\14.21.45.117.png
233,111101,3.0,06.12.2024,19,06.12.2024\19\rgb\14.21.45.207.png,06.12.2024\19\depth\14.21.45.207.png
234,111101,3.0,06.12.2024,19,06.12.2024\19\rgb\14.21.45.299.png,06.12.2024\19\depth\14.21.45.299.png
235,111101,3.0,06.12.2024,19,06.12.2024\19\rgb\14.21.45.391.png,06.12.2024\19\depth\14.21.45.391.png
236,111101,3.0,06.12.2024,19,06.12.2024\19\rgb\14.21.45.484.png,06.12.2024\19\depth\14.21.45.484.png
237,111101,3.0,06.12.2024,19,06.12.2024\19\rgb\14.21.45.578.png,06.12.2024\19\depth\14.21.45.578.png
238,111101,3.0,06.12.2024,19,06.12.2024\19\rgb\14.21.45.668.png,06.12.2024\19\depth\14.21.45.668.png
239,111101,3.0,06.12.2024,19,06.12.2024\19\rgb\14.21.45.760.png,06.12.2024\19\depth\14.21.45.760.png
240,111101,3.0,06.12.2024,19,06.12.2024\19\rgb\14.21.45.855.png,06.12.2024\19\depth\14.21.45.855.png
241,7474,3.25,06.12.2024,20,06.12.2024\20\rgb\14.22.00.612.png,06.12.2024\20\depth\14.22.00.612.png
242,7474,3.25,06.12.2024,20,06.12.2024\20\rgb\14.22.00.696.png,06.12.2024\20\depth\14.22.00.696.png
243,7474,3.25,06.12.2024,20,06.12.2024\20\rgb\14.22.00.789.png,06.12.2024\20\depth\14.22.00.789.png
244,7474,3.25,06.12.2024,20,06.12.2024\20\rgb\14.22.00.883.png,06.12.2024\20\depth\14.22.00.883.png
245,7474,3.25,06.12.2024,20,06.12.2024\20\rgb\14.22.00.976.png,06.12.2024\20\depth\14.22.00.976.png
246,7474,3.25,06.12.2024,20,06.12.2024\20\rgb\14.22.01.066.png,06.12.2024\20\depth\14.22.01.066.png
247,7474,3.25,06.12.2024,20,06.12.2024\20\rgb\14.22.01.159.png,06.12.2024\20\depth\14.22.01.159.png
248,7474,3.25,06.12.2024,20,06.12.2024\20\rgb\14.22.01.250.png,06.12.2024\20\depth\14.22.01.250.png
249,7474,3.25,06.12.2024,20,06.12.2024\20\rgb\14.22.01.344.png,06.12.2024\20\depth\14.22.01.344.png
250,7474,3.25,06.12.2024,20,06.12.2024\20\rgb\14.22.01.430.png,06.12.2024\20\depth\14.22.01.430.png
251,7474,3.25,06.12.2024,20,06.12.2024\20\rgb\14.22.01.516.png,06.12.2024\20\depth\14.22.01.516.png
252,7474,3.25,06.12.2024,20,06.12.2024\20\rgb\14.22.01.607.png,06.12.2024\20\depth\14.22.01.607.png
253,7474,3.25,06.12.2024,20,06.12.2024\20\rgb\14.22.01.699.png,06.12.2024\20\depth\14.22.01.699.png
254,7474,3.25,06.12.2024,20,06.12.2024\20\rgb\14.22.01.793.png,06.12.2024\20\depth\14.22.01.793.png
255,7474,3.25,06.12.2024,20,06.12.2024\20\rgb\14.22.01.888.png,06.12.2024\20\depth\14.22.01.888.png
256,7474,3.25,06.12.2024,20,06.12.2024\20\rgb\14.22.01.979.png,06.12.2024\20\depth\14.22.01.979.png
257,7474,3.25,06.12.2024,20,06.12.2024\20\rgb\14.22.02.070.png,06.12.2024\20\depth\14.22.02.070.png
258,7474,3.25,06.12.2024,20,06.12.2024\20\rgb\14.22.02.163.png,06.12.2024\20\depth\14.22.02.163.png
259,7474,3.25,06.12.2024,20,06.12.2024\20\rgb\14.22.02.256.png,06.12.2024\20\depth\14.22.02.256.png
260,7474,3.25,06.12.2024,20,06.12.2024\20\rgb\14.22.02.349.png,06.12.2024\20\depth\14.22.02.349.png
261,6673,3.25,06.12.2024,21,06.12.2024\21\rgb\14.22.18.193.png,06.12.2024\21\depth\14.22.18.193.png
262,6673,3.25,06.12.2024,21,06.12.2024\21\rgb\14.22.18.282.png,06.12.2024\21\depth\14.22.18.282.png
263,6673,3.25,06.12.2024,21,06.12.2024\21\rgb\14.22.18.376.png,06.12.2024\21\depth\14.22.18.376.png
264,6673,3.25,06.12.2024,21,06.12.2024\21\rgb\14.22.18.469.png,06.12.2024\21\depth\14.22.18.469.png
265,6673,3.25,06.12.2024,21,06.12.2024\21\rgb\14.22.18.560.png,06.12.2024\21\depth\14.22.18.560.png
266,6673,3.25,06.12.2024,21,06.12.2024\21\rgb\14.22.18.654.png,06.12.2024\21\depth\14.22.18.654.png
267,6673,3.25,06.12.2024,21,06.12.2024\21\rgb\14.22.18.748.png,06.12.2024\21\depth\14.22.18.748.png
268,6673,3.25,06.12.2024,21,06.12.2024\21\rgb\14.22.18.839.png,06.12.2024\21\depth\14.22.18.839.png
269,6673,3.25,06.12.2024,21,06.12.2024\21\rgb\14.22.18.931.png,06.12.2024\21\depth\14.22.18.931.png
270,6673,3.25,06.12.2024,21,06.12.2024\21\rgb\14.22.19.022.png,06.12.2024\21\depth\14.22.19.022.png
271,6673,3.25,06.12.2024,21,06.12.2024\21\rgb\14.22.19.116.png,06.12.2024\21\depth\14.22.19.116.png
272,6673,3.25,06.12.2024,21,06.12.2024\21\rgb\14.22.19.210.png,06.12.2024\21\depth\14.22.19.210.png
273,6673,3.25,06.12.2024,21,06.12.2024\21\rgb\14.22.19.302.png,06.12.2024\21\depth\14.22.19.302.png
274,6673,3.25,06.12.2024,21,06.12.2024\21\rgb\14.22.19.393.png,06.12.2024\21\depth\14.22.19.393.png
275,6673,3.25,06.12.2024,21,06.12.2024\21\rgb\14.22.19.485.png,06.12.2024\21\depth\14.22.19.485.png
276,6673,3.25,06.12.2024,21,06.12.2024\21\rgb\14.22.19.581.png,06.12.2024\21\depth\14.22.19.581.png
277,6673,3.25,06.12.2024,21,06.12.2024\21\rgb\14.22.19.671.png,06.12.2024\21\depth\14.22.19.671.png
278,6673,3.25,06.12.2024,21,06.12.2024\21\rgb\14.22.19.766.png,06.12.2024\21\depth\14.22.19.766.png
279,6673,3.25,06.12.2024,21,06.12.2024\21\rgb\14.22.19.856.png,06.12.2024\21\depth\14.22.19.856.png
280,6673,3.25,06.12.2024,21,06.12.2024\21\rgb\14.22.19.951.png,06.12.2024\21\depth\14.22.19.951.png
281,6752,3.25,06.12.2024,22,06.12.2024\22\rgb\14.22.35.643.png,06.12.2024\22\depth\14.22.35.643.png
282,6752,3.25,06.12.2024,22,06.12.2024\22\rgb\14.22.35.745.png,06.12.2024\22\depth\14.22.35.745.png
283,6752,3.25,06.12.2024,22,06.12.2024\22\rgb\14.22.35.835.png,06.12.2024\22\depth\14.22.35.835.png
284,6752,3.25,06.12.2024,22,06.12.2024\22\rgb\14.22.35.928.png,06.12.2024\22\depth\14.22.35.928.png
285,6752,3.25,06.12.2024,22,06.12.2024\22\rgb\14.22.36.021.png,06.12.2024\22\depth\14.22.36.021.png
286,6752,3.25,06.12.2024,22,06.12.2024\22\rgb\14.22.36.116.png,06.12.2024\22\depth\14.22.36.116.png
287,6752,3.25,06.12.2024,22,06.12.2024\22\rgb\14.22.36.209.png,06.12.2024\22\depth\14.22.36.209.png
288,6752,3.25,06.12.2024,22,06.12.2024\22\rgb\14.22.36.297.png,06.12.2024\22\depth\14.22.36.297.png
289,6752,3.25,06.12.2024,22,06.12.2024\22\rgb\14.22.36.391.png,06.12.2024\22\depth\14.22.36.391.png
290,6752,3.25,06.12.2024,22,06.12.2024\22\rgb\14.22.36.479.png,06.12.2024\22\depth\14.22.36.479.png
291,6752,3.25,06.12.2024,22,06.12.2024\22\rgb\14.22.36.572.png,06.12.2024\22\depth\14.22.36.572.png
292,6752,3.25,06.12.2024,22,06.12.2024\22\rgb\14.22.36.667.png,06.12.2024\22\depth\14.22.36.667.png
293,6752,3.25,06.12.2024,22,06.12.2024\22\rgb\14.22.36.758.png,06.12.2024\22\depth\14.22.36.758.png
294,6752,3.25,06.12.2024,22,06.12.2024\22\rgb\14.22.36.854.png,06.12.2024\22\depth\14.22.36.854.png
295,6752,3.25,06.12.2024,22,06.12.2024\22\rgb\14.22.36.948.png,06.12.2024\22\depth\14.22.36.948.png
296,6752,3.25,06.12.2024,22,06.12.2024\22\rgb\14.22.37.041.png,06.12.2024\22\depth\14.22.37.041.png
297,6752,3.25,06.12.2024,22,06.12.2024\22\rgb\14.22.37.132.png,06.12.2024\22\depth\14.22.37.132.png
298,6752,3.25,06.12.2024,22,06.12.2024\22\rgb\14.22.37.226.png,06.12.2024\22\depth\14.22.37.226.png
299,6752,3.25,06.12.2024,22,06.12.2024\22\rgb\14.22.37.316.png,06.12.2024\22\depth\14.22.37.316.png
300,6752,3.25,06.12.2024,22,06.12.2024\22\rgb\14.22.37.409.png,06.12.2024\22\depth\14.22.37.409.png
301,1920,3.5,06.12.2024,23,06.12.2024\23\rgb\14.22.52.871.png,06.12.2024\23\depth\14.22.52.871.png
302,1920,3.5,06.12.2024,23,06.12.2024\23\rgb\14.22.52.956.png,06.12.2024\23\depth\14.22.52.956.png
303,1920,3.5,06.12.2024,23,06.12.2024\23\rgb\14.22.53.049.png,06.12.2024\23\depth\14.22.53.049.png
304,1920,3.5,06.12.2024,23,06.12.2024\23\rgb\14.22.53.142.png,06.12.2024\23\depth\14.22.53.142.png
305,1920,3.5,06.12.2024,23,06.12.2024\23\rgb\14.22.53.235.png,06.12.2024\23\depth\14.22.53.235.png
306,1920,3.5,06.12.2024,23,06.12.2024\23\rgb\14.22.53.326.png,06.12.2024\23\depth\14.22.53.326.png
307,1920,3.5,06.12.2024,23,06.12.2024\23\rgb\14.22.53.420.png,06.12.2024\23\depth\14.22.53.420.png
308,1920,3.5,06.12.2024,23,06.12.2024\23\rgb\14.22.53.513.png,06.12.2024\23\depth\14.22.53.513.png
309,1920,3.5,06.12.2024,23,06.12.2024\23\rgb\14.22.53.609.png,06.12.2024\23\depth\14.22.53.609.png
310,1920,3.5,06.12.2024,23,06.12.2024\23\rgb\14.22.53.698.png,06.12.2024\23\depth\14.22.53.698.png
311,1920,3.5,06.12.2024,23,06.12.2024\23\rgb\14.22.53.781.png,06.12.2024\23\depth\14.22.53.781.png
312,1920,3.5,06.12.2024,23,06.12.2024\23\rgb\14.22.53.870.png,06.12.2024\23\depth\14.22.53.870.png
313,1920,3.5,06.12.2024,23,06.12.2024\23\rgb\14.22.53.963.png,06.12.2024\23\depth\14.22.53.963.png
314,1920,3.5,06.12.2024,23,06.12.2024\23\rgb\14.22.54.056.png,06.12.2024\23\depth\14.22.54.056.png
315,1920,3.5,06.12.2024,23,06.12.2024\23\rgb\14.22.54.150.png,06.12.2024\23\depth\14.22.54.150.png
316,1920,3.5,06.12.2024,23,06.12.2024\23\rgb\14.22.54.244.png,06.12.2024\23\depth\14.22.54.244.png
317,1920,3.5,06.12.2024,23,06.12.2024\23\rgb\14.22.54.339.png,06.12.2024\23\depth\14.22.54.339.png
318,1920,3.5,06.12.2024,23,06.12.2024\23\rgb\14.22.54.430.png,06.12.2024\23\depth\14.22.54.430.png
319,1920,3.5,06.12.2024,23,06.12.2024\23\rgb\14.22.54.523.png,06.12.2024\23\depth\14.22.54.523.png
320,1920,3.5,06.12.2024,23,06.12.2024\23\rgb\14.22.54.616.png,06.12.2024\23\depth\14.22.54.616.png
321,611122,3.5,06.12.2024,24,06.12.2024\24\rgb\14.23.09.634.png,06.12.2024\24\depth\14.23.09.634.png
322,611122,3.5,06.12.2024,24,06.12.2024\24\rgb\14.23.09.723.png,06.12.2024\24\depth\14.23.09.723.png
323,611122,3.5,06.12.2024,24,06.12.2024\24\rgb\14.23.09.819.png,06.12.2024\24\depth\14.23.09.819.png
324,611122,3.5,06.12.2024,24,06.12.2024\24\rgb\14.23.09.911.png,06.12.2024\24\depth\14.23.09.911.png
325,611122,3.5,06.12.2024,24,06.12.2024\24\rgb\14.23.10.004.png,06.12.2024\24\depth\14.23.10.004.png
326,611122,3.5,06.12.2024,24,06.12.2024\24\rgb\14.23.10.096.png,06.12.2024\24\depth\14.23.10.096.png
327,611122,3.5,06.12.2024,24,06.12.2024\24\rgb\14.23.10.188.png,06.12.2024\24\depth\14.23.10.188.png
328,611122,3.5,06.12.2024,24,06.12.2024\24\rgb\14.23.10.282.png,06.12.2024\24\depth\14.23.10.282.png
329,611122,3.5,06.12.2024,24,06.12.2024\24\rgb\14.23.10.372.png,06.12.2024\24\depth\14.23.10.372.png
330,611122,3.5,06.12.2024,24,06.12.2024\24\rgb\14.23.10.452.png,06.12.2024\24\depth\14.23.10.452.png
331,611122,3.5,06.12.2024,24,06.12.2024\24\rgb\14.23.10.544.png,06.12.2024\24\depth\14.23.10.544.png
332,611122,3.5,06.12.2024,24,06.12.2024\24\rgb\14.23.10.623.png,06.12.2024\24\depth\14.23.10.623.png
333,611122,3.5,06.12.2024,24,06.12.2024\24\rgb\14.23.10.717.png,06.12.2024\24\depth\14.23.10.717.png
334,611122,3.5,06.12.2024,24,06.12.2024\24\rgb\14.23.10.805.png,06.12.2024\24\depth\14.23.10.805.png
335,611122,3.5,06.12.2024,24,06.12.2024\24\rgb\14.23.10.898.png,06.12.2024\24\depth\14.23.10.898.png
336,611122,3.5,06.12.2024,24,06.12.2024\24\rgb\14.23.10.992.png,06.12.2024\24\depth\14.23.10.992.png
337,611122,3.5,06.12.2024,24,06.12.2024\24\rgb\14.23.11.084.png,06.12.2024\24\depth\14.23.11.084.png
338,611122,3.5,06.12.2024,24,06.12.2024\24\rgb\14.23.11.180.png,06.12.2024\24\depth\14.23.11.180.png
339,611122,3.5,06.12.2024,24,06.12.2024\24\rgb\14.23.11.270.png,06.12.2024\24\depth\14.23.11.270.png
340,611122,3.5,06.12.2024,24,06.12.2024\24\rgb\14.23.11.360.png,06.12.2024\24\depth\14.23.11.360.png
341,7446,3.25,06.12.2024,25,06.12.2024\25\rgb\14.23.24.927.png,06.12.2024\25\depth\14.23.24.927.png
342,7446,3.25,06.12.2024,25,06.12.2024\25\rgb\14.23.25.013.png,06.12.2024\25\depth\14.23.25.013.png
343,7446,3.25,06.12.2024,25,06.12.2024\25\rgb\14.23.25.108.png,06.12.2024\25\depth\14.23.25.108.png
344,7446,3.25,06.12.2024,25,06.12.2024\25\rgb\14.23.25.197.png,06.12.2024\25\depth\14.23.25.197.png
345,7446,3.25,06.12.2024,25,06.12.2024\25\rgb\14.23.25.290.png,06.12.2024\25\depth\14.23.25.290.png
346,7446,3.25,06.12.2024,25,06.12.2024\25\rgb\14.23.25.384.png,06.12.2024\25\depth\14.23.25.384.png
347,7446,3.25,06.12.2024,25,06.12.2024\25\rgb\14.23.25.473.png,06.12.2024\25\depth\14.23.25.473.png
348,7446,3.25,06.12.2024,25,06.12.2024\25\rgb\14.23.25.567.png,06.12.2024\25\depth\14.23.25.567.png
349,7446,3.25,06.12.2024,25,06.12.2024\25\rgb\14.23.25.660.png,06.12.2024\25\depth\14.23.25.660.png
350,7446,3.25,06.12.2024,25,06.12.2024\25\rgb\14.23.25.759.png,06.12.2024\25\depth\14.23.25.759.png
351,7446,3.25,06.12.2024,25,06.12.2024\25\rgb\14.23.25.846.png,06.12.2024\25\depth\14.23.25.846.png
352,7446,3.25,06.12.2024,25,06.12.2024\25\rgb\14.23.25.938.png,06.12.2024\25\depth\14.23.25.938.png
353,7446,3.25,06.12.2024,25,06.12.2024\25\rgb\14.23.26.031.png,06.12.2024\25\depth\14.23.26.031.png
354,7446,3.25,06.12.2024,25,06.12.2024\25\rgb\14.23.26.122.png,06.12.2024\25\depth\14.23.26.122.png
355,7446,3.25,06.12.2024,25,06.12.2024\25\rgb\14.23.26.220.png,06.12.2024\25\depth\14.23.26.220.png
356,7446,3.25,06.12.2024,25,06.12.2024\25\rgb\14.23.26.305.png,06.12.2024\25\depth\14.23.26.305.png
357,7446,3.25,06.12.2024,25,06.12.2024\25\rgb\14.23.26.386.png,06.12.2024\25\depth\14.23.26.386.png
358,7446,3.25,06.12.2024,25,06.12.2024\25\rgb\14.23.26.465.png,06.12.2024\25\depth\14.23.26.465.png
359,7446,3.25,06.12.2024,25,06.12.2024\25\rgb\14.23.26.548.png,06.12.2024\25\depth\14.23.26.548.png
360,7446,3.25,06.12.2024,25,06.12.2024\25\rgb\14.23.26.632.png,06.12.2024\25\depth\14.23.26.632.png
361,6476,3.0,06.12.2024,26,06.12.2024\26\rgb\14.23.41.943.png,06.12.2024\26\depth\14.23.41.943.png
362,6476,3.0,06.12.2024,26,06.12.2024\26\rgb\14.23.42.036.png,06.12.2024\26\depth\14.23.42.036.png
363,6476,3.0,06.12.2024,26,06.12.2024\26\rgb\14.23.42.127.png,06.12.2024\26\depth\14.23.42.127.png
364,6476,3.0,06.12.2024,26,06.12.2024\26\rgb\14.23.42.221.png,06.12.2024\26\depth\14.23.42.221.png
365,6476,3.0,06.12.2024,26,06.12.2024\26\rgb\14.23.42.312.png,06.12.2024\26\depth\14.23.42.312.png
366,6476,3.0,06.12.2024,26,06.12.2024\26\rgb\14.23.42.404.png,06.12.2024\26\depth\14.23.42.404.png
367,6476,3.0,06.12.2024,26,06.12.2024\26\rgb\14.23.42.496.png,06.12.2024\26\depth\14.23.42.496.png
368,6476,3.0,06.12.2024,26,06.12.2024\26\rgb\14.23.42.590.png,06.12.2024\26\depth\14.23.42.590.png
369,6476,3.0,06.12.2024,26,06.12.2024\26\rgb\14.23.42.684.png,06.12.2024\26\depth\14.23.42.684.png
370,6476,3.0,06.12.2024,26,06.12.2024\26\rgb\14.23.42.777.png,06.12.2024\26\depth\14.23.42.777.png
371,6476,3.0,06.12.2024,26,06.12.2024\26\rgb\14.23.42.869.png,06.12.2024\26\depth\14.23.42.869.png
372,6476,3.0,06.12.2024,26,06.12.2024\26\rgb\14.23.42.959.png,06.12.2024\26\depth\14.23.42.959.png
373,6476,3.0,06.12.2024,26,06.12.2024\26\rgb\14.23.43.054.png,06.12.2024\26\depth\14.23.43.054.png
374,6476,3.0,06.12.2024,26,06.12.2024\26\rgb\14.23.43.147.png,06.12.2024\26\depth\14.23.43.147.png
375,6476,3.0,06.12.2024,26,06.12.2024\26\rgb\14.23.43.239.png,06.12.2024\26\depth\14.23.43.239.png
376,6476,3.0,06.12.2024,26,06.12.2024\26\rgb\14.23.43.330.png,06.12.2024\26\depth\14.23.43.330.png
377,6476,3.0,06.12.2024,26,06.12.2024\26\rgb\14.23.43.423.png,06.12.2024\26\depth\14.23.43.423.png
378,6476,3.0,06.12.2024,26,06.12.2024\26\rgb\14.23.43.514.png,06.12.2024\26\depth\14.23.43.514.png
379,6476,3.0,06.12.2024,26,06.12.2024\26\rgb\14.23.43.605.png,06.12.2024\26\depth\14.23.43.605.png
380,6476,3.0,06.12.2024,26,06.12.2024\26\rgb\14.23.43.685.png,06.12.2024\26\depth\14.23.43.685.png
381,4891,3.75,06.12.2024,27,06.12.2024\27\rgb\14.24.00.405.png,06.12.2024\27\depth\14.24.00.405.png
382,4891,3.75,06.12.2024,27,06.12.2024\27\rgb\14.24.00.488.png,06.12.2024\27\depth\14.24.00.488.png
383,4891,3.75,06.12.2024,27,06.12.2024\27\rgb\14.24.00.581.png,06.12.2024\27\depth\14.24.00.581.png
384,4891,3.75,06.12.2024,27,06.12.2024\27\rgb\14.24.00.673.png,06.12.2024\27\depth\14.24.00.673.png
385,4891,3.75,06.12.2024,27,06.12.2024\27\rgb\14.24.00.765.png,06.12.2024\27\depth\14.24.00.765.png
386,4891,3.75,06.12.2024,27,06.12.2024\27\rgb\14.24.00.859.png,06.12.2024\27\depth\14.24.00.859.png
387,4891,3.75,06.12.2024,27,06.12.2024\27\rgb\14.24.00.953.png,06.12.2024\27\depth\14.24.00.953.png
388,4891,3.75,06.12.2024,27,06.12.2024\27\rgb\14.24.01.048.png,06.12.2024\27\depth\14.24.01.048.png
389,4891,3.75,06.12.2024,27,06.12.2024\27\rgb\14.24.01.138.png,06.12.2024\27\depth\14.24.01.138.png
390,4891,3.75,06.12.2024,27,06.12.2024\27\rgb\14.24.01.229.png,06.12.2024\27\depth\14.24.01.229.png
391,4891,3.75,06.12.2024,27,06.12.2024\27\rgb\14.24.01.322.png,06.12.2024\27\depth\14.24.01.322.png
392,4891,3.75,06.12.2024,27,06.12.2024\27\rgb\14.24.01.415.png,06.12.2024\27\depth\14.24.01.415.png
393,4891,3.75,06.12.2024,27,06.12.2024\27\rgb\14.24.01.495.png,06.12.2024\27\depth\14.24.01.495.png
394,4891,3.75,06.12.2024,27,06.12.2024\27\rgb\14.24.01.587.png,06.12.2024\27\depth\14.24.01.587.png
395,4891,3.75,06.12.2024,27,06.12.2024\27\rgb\14.24.01.677.png,06.12.2024\27\depth\14.24.01.677.png
396,4891,3.75,06.12.2024,27,06.12.2024\27\rgb\14.24.01.770.png,06.12.2024\27\depth\14.24.01.770.png
397,4891,3.75,06.12.2024,27,06.12.2024\27\rgb\14.24.01.863.png,06.12.2024\27\depth\14.24.01.863.png
398,4891,3.75,06.12.2024,27,06.12.2024\27\rgb\14.24.01.945.png,06.12.2024\27\depth\14.24.01.945.png
399,4891,3.75,06.12.2024,27,06.12.2024\27\rgb\14.24.02.034.png,06.12.2024\27\depth\14.24.02.034.png
400,4891,3.75,06.12.2024,27,06.12.2024\27\rgb\14.24.02.127.png,06.12.2024\27\depth\14.24.02.127.png
401,6678,3.25,06.12.2024,28,06.12.2024\28\rgb\14.25.03.396.png,06.12.2024\28\depth\14.25.03.396.png
402,6678,3.25,06.12.2024,28,06.12.2024\28\rgb\14.25.03.477.png,06.12.2024\28\depth\14.25.03.477.png
403,6678,3.25,06.12.2024,28,06.12.2024\28\rgb\14.25.03.554.png,06.12.2024\28\depth\14.25.03.554.png
404,6678,3.25,06.12.2024,28,06.12.2024\28\rgb\14.25.03.647.png,06.12.2024\28\depth\14.25.03.647.png
405,6678,3.25,06.12.2024,28,06.12.2024\28\rgb\14.25.03.738.png,06.12.2024\28\depth\14.25.03.738.png
406,6678,3.25,06.12.2024,28,06.12.2024\28\rgb\14.25.03.830.png,06.12.2024\28\depth\14.25.03.830.png
407,6678,3.25,06.12.2024,28,06.12.2024\28\rgb\14.25.03.910.png,06.12.2024\28\depth\14.25.03.910.png
408,6678,3.25,06.12.2024,28,06.12.2024\28\rgb\14.25.04.002.png,06.12.2024\28\depth\14.25.04.002.png
409,6678,3.25,06.12.2024,28,06.12.2024\28\rgb\14.25.04.094.png,06.12.2024\28\depth\14.25.04.094.png
410,6678,3.25,06.12.2024,28,06.12.2024\28\rgb\14.25.04.185.png,06.12.2024\28\depth\14.25.04.185.png
411,6678,3.25,06.12.2024,28,06.12.2024\28\rgb\14.25.04.281.png,06.12.2024\28\depth\14.25.04.281.png
412,6678,3.25,06.12.2024,28,06.12.2024\28\rgb\14.25.04.372.png,06.12.2024\28\depth\14.25.04.372.png
413,6678,3.25,06.12.2024,28,06.12.2024\28\rgb\14.25.04.465.png,06.12.2024\28\depth\14.25.04.465.png
414,6678,3.25,06.12.2024,28,06.12.2024\28\rgb\14.25.04.558.png,06.12.2024\28\depth\14.25.04.558.png
415,6678,3.25,06.12.2024,28,06.12.2024\28\rgb\14.25.04.638.png,06.12.2024\28\depth\14.25.04.638.png
416,6678,3.25,06.12.2024,28,06.12.2024\28\rgb\14.25.04.730.png,06.12.2024\28\depth\14.25.04.730.png
417,6678,3.25,06.12.2024,28,06.12.2024\28\rgb\14.25.04.822.png,06.12.2024\28\depth\14.25.04.822.png
418,6678,3.25,06.12.2024,28,06.12.2024\28\rgb\14.25.04.917.png,06.12.2024\28\depth\14.25.04.917.png
419,6678,3.25,06.12.2024,28,06.12.2024\28\rgb\14.25.05.008.png,06.12.2024\28\depth\14.25.05.008.png
420,6678,3.25,06.12.2024,28,06.12.2024\28\rgb\14.25.05.098.png,06.12.2024\28\depth\14.25.05.098.png
421,6477,3.25,06.12.2024,29,06.12.2024\29\rgb\14.29.50.589.png,06.12.2024\29\depth\14.29.50.589.png
422,6477,3.25,06.12.2024,29,06.12.2024\29\rgb\14.29.50.676.png,06.12.2024\29\depth\14.29.50.676.png
423,6477,3.25,06.12.2024,29,06.12.2024\29\rgb\14.29.50.754.png,06.12.2024\29\depth\14.29.50.754.png
424,6477,3.25,06.12.2024,29,06.12.2024\29\rgb\14.29.50.831.png,06.12.2024\29\depth\14.29.50.831.png
425,6477,3.25,06.12.2024,29,06.12.2024\29\rgb\14.29.50.921.png,06.12.2024\29\depth\14.29.50.921.png
426,6477,3.25,06.12.2024,29,06.12.2024\29\rgb\14.29.51.013.png,06.12.2024\29\depth\14.29.51.013.png
427,6477,3.25,06.12.2024,29,06.12.2024\29\rgb\14.29.51.107.png,06.12.2024\29\depth\14.29.51.107.png
428,6477,3.25,06.12.2024,29,06.12.2024\29\rgb\14.29.51.198.png,06.12.2024\29\depth\14.29.51.198.png
429,6477,3.25,06.12.2024,29,06.12.2024\29\rgb\14.29.51.274.png,06.12.2024\29\depth\14.29.51.274.png
430,6477,3.25,06.12.2024,29,06.12.2024\29\rgb\14.29.51.354.png,06.12.2024\29\depth\14.29.51.354.png
431,6477,3.25,06.12.2024,29,06.12.2024\29\rgb\14.29.51.446.png,06.12.2024\29\depth\14.29.51.446.png
432,6477,3.25,06.12.2024,29,06.12.2024\29\rgb\14.29.51.523.png,06.12.2024\29\depth\14.29.51.523.png
433,6477,3.25,06.12.2024,29,06.12.2024\29\rgb\14.29.51.602.png,06.12.2024\29\depth\14.29.51.602.png
434,6477,3.25,06.12.2024,29,06.12.2024\29\rgb\14.29.51.693.png,06.12.2024\29\depth\14.29.51.693.png
435,6477,3.25,06.12.2024,29,06.12.2024\29\rgb\14.29.51.773.png,06.12.2024\29\depth\14.29.51.773.png
436,6477,3.25,06.12.2024,29,06.12.2024\29\rgb\14.29.51.861.png,06.12.2024\29\depth\14.29.51.861.png
437,6477,3.25,06.12.2024,29,06.12.2024\29\rgb\14.29.51.943.png,06.12.2024\29\depth\14.29.51.943.png
438,6477,3.25,06.12.2024,29,06.12.2024\29\rgb\14.29.52.031.png,06.12.2024\29\depth\14.29.52.031.png
439,6477,3.25,06.12.2024,29,06.12.2024\29\rgb\14.29.52.120.png,06.12.2024\29\depth\14.29.52.120.png
440,6477,3.25,06.12.2024,29,06.12.2024\29\rgb\14.29.52.202.png,06.12.2024\29\depth\14.29.52.202.png
441,6670,3.25,06.12.2024,31,06.12.2024\31\rgb\14.30.57.960.png,06.12.2024\31\depth\14.30.57.960.png
442,6670,3.25,06.12.2024,31,06.12.2024\31\rgb\14.30.58.060.png,06.12.2024\31\depth\14.30.58.060.png
443,6670,3.25,06.12.2024,31,06.12.2024\31\rgb\14.30.58.165.png,06.12.2024\31\depth\14.30.58.165.png
444,6670,3.25,06.12.2024,31,06.12.2024\31\rgb\14.30.58.258.png,06.12.2024\31\depth\14.30.58.258.png
445,6670,3.25,06.12.2024,31,06.12.2024\31\rgb\14.30.58.350.png,06.12.2024\31\depth\14.30.58.350.png
446,6670,3.25,06.12.2024,31,06.12.2024\31\rgb\14.30.58.441.png,06.12.2024\31\depth\14.30.58.441.png
447,6670,3.25,06.12.2024,31,06.12.2024\31\rgb\14.30.58.537.png,06.12.2024\31\depth\14.30.58.537.png
448,6670,3.25,06.12.2024,31,06.12.2024\31\rgb\14.30.58.629.png,06.12.2024\31\depth\14.30.58.629.png
449,6670,3.25,06.12.2024,31,06.12.2024\31\rgb\14.30.58.720.png,06.12.2024\31\depth\14.30.58.720.png
450,6670,3.25,06.12.2024,31,06.12.2024\31\rgb\14.30.58.810.png,06.12.2024\31\depth\14.30.58.810.png
451,6670,3.25,06.12.2024,31,06.12.2024\31\rgb\14.30.58.905.png,06.12.2024\31\depth\14.30.58.905.png
452,6670,3.25,06.12.2024,31,06.12.2024\31\rgb\14.30.58.998.png,06.12.2024\31\depth\14.30.58.998.png
453,6670,3.25,06.12.2024,31,06.12.2024\31\rgb\14.30.59.090.png,06.12.2024\31\depth\14.30.59.090.png
454,6670,3.25,06.12.2024,31,06.12.2024\31\rgb\14.30.59.196.png,06.12.2024\31\depth\14.30.59.196.png
455,6670,3.25,06.12.2024,31,06.12.2024\31\rgb\14.30.59.287.png,06.12.2024\31\depth\14.30.59.287.png
456,6670,3.25,06.12.2024,31,06.12.2024\31\rgb\14.30.59.380.png,06.12.2024\31\depth\14.30.59.380.png
457,6670,3.25,06.12.2024,31,06.12.2024\31\rgb\14.30.59.474.png,06.12.2024\31\depth\14.30.59.474.png
458,6670,3.25,06.12.2024,31,06.12.2024\31\rgb\14.30.59.562.png,06.12.2024\31\depth\14.30.59.562.png
459,6670,3.25,06.12.2024,31,06.12.2024\31\rgb\14.30.59.654.png,06.12.2024\31\depth\14.30.59.654.png
460,6670,3.25,06.12.2024,31,06.12.2024\31\rgb\14.30.59.747.png,06.12.2024\31\depth\14.30.59.747.png
461,5053,3.25,06.12.2024,32,06.12.2024\32\rgb\14.31.14.725.png,06.12.2024\32\depth\14.31.14.725.png
462,5053,3.25,06.12.2024,32,06.12.2024\32\rgb\14.31.14.822.png,06.12.2024\32\depth\14.31.14.822.png
463,5053,3.25,06.12.2024,32,06.12.2024\32\rgb\14.31.14.915.png,06.12.2024\32\depth\14.31.14.915.png
464,5053,3.25,06.12.2024,32,06.12.2024\32\rgb\14.31.15.008.png,06.12.2024\32\depth\14.31.15.008.png
465,5053,3.25,06.12.2024,32,06.12.2024\32\rgb\14.31.15.097.png,06.12.2024\32\depth\14.31.15.097.png
466,5053,3.25,06.12.2024,32,06.12.2024\32\rgb\14.31.15.190.png,06.12.2024\32\depth\14.31.15.190.png
467,5053,3.25,06.12.2024,32,06.12.2024\32\rgb\14.31.15.284.png,06.12.2024\32\depth\14.31.15.284.png
468,5053,3.25,06.12.2024,32,06.12.2024\32\rgb\14.31.15.377.png,06.12.2024\32\depth\14.31.15.377.png
469,5053,3.25,06.12.2024,32,06.12.2024\32\rgb\14.31.15.469.png,06.12.2024\32\depth\14.31.15.469.png
470,5053,3.25,06.12.2024,32,06.12.2024\32\rgb\14.31.15.562.png,06.12.2024\32\depth\14.31.15.562.png
471,5053,3.25,06.12.2024,32,06.12.2024\32\rgb\14.31.15.655.png,06.12.2024\32\depth\14.31.15.655.png
472,5053,3.25,06.12.2024,32,06.12.2024\32\rgb\14.31.15.747.png,06.12.2024\32\depth\14.31.15.747.png
473,5053,3.25,06.12.2024,32,06.12.2024\32\rgb\14.31.15.838.png,06.12.2024\32\depth\14.31.15.838.png
474,5053,3.25,06.12.2024,32,06.12.2024\32\rgb\14.31.15.930.png,06.12.2024\32\depth\14.31.15.930.png
475,5053,3.25,06.12.2024,32,06.12.2024\32\rgb\14.31.16.023.png,06.12.2024\32\depth\14.31.16.023.png
476,5053,3.25,06.12.2024,32,06.12.2024\32\rgb\14.31.16.116.png,06.12.2024\32\depth\14.31.16.116.png
477,5053,3.25,06.12.2024,32,06.12.2024\32\rgb\14.31.16.208.png,06.12.2024\32\depth\14.31.16.208.png
478,5053,3.25,06.12.2024,32,06.12.2024\32\rgb\14.31.16.296.png,06.12.2024\32\depth\14.31.16.296.png
479,5053,3.25,06.12.2024,32,06.12.2024\32\rgb\14.31.16.390.png,06.12.2024\32\depth\14.31.16.390.png
480,5053,3.25,06.12.2024,32,06.12.2024\32\rgb\14.31.16.483.png,06.12.2024\32\depth\14.31.16.483.png
481,401217,3.25,06.12.2024,33,06.12.2024\33\rgb\14.31.31.833.png,06.12.2024\33\depth\14.31.31.833.png
482,401217,3.25,06.12.2024,33,06.12.2024\33\rgb\14.31.31.922.png,06.12.2024\33\depth\14.31.31.922.png
483,401217,3.25,06.12.2024,33,06.12.2024\33\rgb\14.31.32.010.png,06.12.2024\33\depth\14.31.32.010.png
484,401217,3.25,06.12.2024,33,06.12.2024\33\rgb\14.31.32.105.png,06.12.2024\33\depth\14.31.32.105.png
485,401217,3.25,06.12.2024,33,06.12.2024\33\rgb\14.31.32.196.png,06.12.2024\33\depth\14.31.32.196.png
486,401217,3.25,06.12.2024,33,06.12.2024\33\rgb\14.31.32.284.png,06.12.2024\33\depth\14.31.32.284.png
487,401217,3.25,06.12.2024,33,06.12.2024\33\rgb\14.31.32.381.png,06.12.2024\33\depth\14.31.32.381.png
488,401217,3.25,06.12.2024,33,06.12.2024\33\rgb\14.31.32.475.png,06.12.2024\33\depth\14.31.32.475.png
489,401217,3.25,06.12.2024,33,06.12.2024\33\rgb\14.31.32.568.png,06.12.2024\33\depth\14.31.32.568.png
490,401217,3.25,06.12.2024,33,06.12.2024\33\rgb\14.31.32.661.png,06.12.2024\33\depth\14.31.32.661.png
491,401217,3.25,06.12.2024,33,06.12.2024\33\rgb\14.31.32.755.png,06.12.2024\33\depth\14.31.32.755.png
492,401217,3.25,06.12.2024,33,06.12.2024\33\rgb\14.31.32.847.png,06.12.2024\33\depth\14.31.32.847.png
493,401217,3.25,06.12.2024,33,06.12.2024\33\rgb\14.31.32.939.png,06.12.2024\33\depth\14.31.32.939.png
494,401217,3.25,06.12.2024,33,06.12.2024\33\rgb\14.31.33.030.png,06.12.2024\33\depth\14.31.33.030.png
495,401217,3.25,06.12.2024,33,06.12.2024\33\rgb\14.31.33.124.png,06.12.2024\33\depth\14.31.33.124.png
496,401217,3.25,06.12.2024,33,06.12.2024\33\rgb\14.31.33.215.png,06.12.2024\33\depth\14.31.33.215.png
497,401217,3.25,06.12.2024,33,06.12.2024\33\rgb\14.31.33.306.png,06.12.2024\33\depth\14.31.33.306.png
498,401217,3.25,06.12.2024,33,06.12.2024\33\rgb\14.31.33.399.png,06.12.2024\33\depth\14.31.33.399.png
499,401217,3.25,06.12.2024,33,06.12.2024\33\rgb\14.31.33.492.png,06.12.2024\33\depth\14.31.33.492.png
500,401217,3.25,06.12.2024,33,06.12.2024\33\rgb\14.31.33.588.png,06.12.2024\33\depth\14.31.33.588.png
501,6647,3.5,06.12.2024,34,06.12.2024\34\rgb\14.31.48.385.png,06.12.2024\34\depth\14.31.48.385.png
502,6647,3.5,06.12.2024,34,06.12.2024\34\rgb\14.31.48.469.png,06.12.2024\34\depth\14.31.48.469.png
503,6647,3.5,06.12.2024,34,06.12.2024\34\rgb\14.31.48.559.png,06.12.2024\34\depth\14.31.48.559.png
504,6647,3.5,06.12.2024,34,06.12.2024\34\rgb\14.31.48.656.png,06.12.2024\34\depth\14.31.48.656.png
505,6647,3.5,06.12.2024,34,06.12.2024\34\rgb\14.31.48.748.png,06.12.2024\34\depth\14.31.48.748.png
506,6647,3.5,06.12.2024,34,06.12.2024\34\rgb\14.31.48.837.png,06.12.2024\34\depth\14.31.48.837.png
507,6647,3.5,06.12.2024,34,06.12.2024\34\rgb\14.31.48.934.png,06.12.2024\34\depth\14.31.48.934.png
508,6647,3.5,06.12.2024,34,06.12.2024\34\rgb\14.31.49.023.png,06.12.2024\34\depth\14.31.49.023.png
509,6647,3.5,06.12.2024,34,06.12.2024\34\rgb\14.31.49.120.png,06.12.2024\34\depth\14.31.49.120.png
510,6647,3.5,06.12.2024,34,06.12.2024\34\rgb\14.31.49.212.png,06.12.2024\34\depth\14.31.49.212.png
511,6647,3.5,06.12.2024,34,06.12.2024\34\rgb\14.31.49.303.png,06.12.2024\34\depth\14.31.49.303.png
512,6647,3.5,06.12.2024,34,06.12.2024\34\rgb\14.31.49.395.png,06.12.2024\34\depth\14.31.49.395.png
513,6647,3.5,06.12.2024,34,06.12.2024\34\rgb\14.31.49.489.png,06.12.2024\34\depth\14.31.49.489.png
514,6647,3.5,06.12.2024,34,06.12.2024\34\rgb\14.31.49.582.png,06.12.2024\34\depth\14.31.49.582.png
515,6647,3.5,06.12.2024,34,06.12.2024\34\rgb\14.31.49.671.png,06.12.2024\34\depth\14.31.49.671.png
516,6647,3.5,06.12.2024,34,06.12.2024\34\rgb\14.31.49.764.png,06.12.2024\34\depth\14.31.49.764.png
517,6647,3.5,06.12.2024,34,06.12.2024\34\rgb\14.31.49.856.png,06.12.2024\34\depth\14.31.49.856.png
518,6647,3.5,06.12.2024,34,06.12.2024\34\rgb\14.31.49.950.png,06.12.2024\34\depth\14.31.49.950.png
519,6647,3.5,06.12.2024,34,06.12.2024\34\rgb\14.31.50.042.png,06.12.2024\34\depth\14.31.50.042.png
520,6647,3.5,06.12.2024,34,06.12.2024\34\rgb\14.31.50.133.png,06.12.2024\34\depth\14.31.50.133.png
521,6966,3.5,06.12.2024,35,06.12.2024\35\rgb\14.32.06.784.png,06.12.2024\35\depth\14.32.06.784.png
522,6966,3.5,06.12.2024,35,06.12.2024\35\rgb\14.32.06.868.png,06.12.2024\35\depth\14.32.06.868.png
523,6966,3.5,06.12.2024,35,06.12.2024\35\rgb\14.32.06.958.png,06.12.2024\35\depth\14.32.06.958.png
524,6966,3.5,06.12.2024,35,06.12.2024\35\rgb\14.32.07.054.png,06.12.2024\35\depth\14.32.07.054.png
525,6966,3.5,06.12.2024,35,06.12.2024\35\rgb\14.32.07.144.png,06.12.2024\35\depth\14.32.07.144.png
526,6966,3.5,06.12.2024,35,06.12.2024\35\rgb\14.32.07.237.png,06.12.2024\35\depth\14.32.07.237.png
527,6966,3.5,06.12.2024,35,06.12.2024\35\rgb\14.32.07.329.png,06.12.2024\35\depth\14.32.07.329.png
528,6966,3.5,06.12.2024,35,06.12.2024\35\rgb\14.32.07.414.png,06.12.2024\35\depth\14.32.07.414.png
529,6966,3.5,06.12.2024,35,06.12.2024\35\rgb\14.32.07.496.png,06.12.2024\35\depth\14.32.07.496.png
530,6966,3.5,06.12.2024,35,06.12.2024\35\rgb\14.32.07.589.png,06.12.2024\35\depth\14.32.07.589.png
531,6966,3.5,06.12.2024,35,06.12.2024\35\rgb\14.32.07.681.png,06.12.2024\35\depth\14.32.07.681.png
532,6966,3.5,06.12.2024,35,06.12.2024\35\rgb\14.32.07.779.png,06.12.2024\35\depth\14.32.07.779.png
533,6966,3.5,06.12.2024,35,06.12.2024\35\rgb\14.32.07.867.png,06.12.2024\35\depth\14.32.07.867.png
534,6966,3.5,06.12.2024,35,06.12.2024\35\rgb\14.32.07.944.png,06.12.2024\35\depth\14.32.07.944.png
535,6966,3.5,06.12.2024,35,06.12.2024\35\rgb\14.32.08.038.png,06.12.2024\35\depth\14.32.08.038.png
536,6966,3.5,06.12.2024,35,06.12.2024\35\rgb\14.32.08.132.png,06.12.2024\35\depth\14.32.08.132.png
537,6966,3.5,06.12.2024,35,06.12.2024\35\rgb\14.32.08.224.png,06.12.2024\35\depth\14.32.08.224.png
538,6966,3.5,06.12.2024,35,06.12.2024\35\rgb\14.32.08.317.png,06.12.2024\35\depth\14.32.08.317.png
539,6966,3.5,06.12.2024,35,06.12.2024\35\rgb\14.32.08.414.png,06.12.2024\35\depth\14.32.08.414.png
540,6966,3.5,06.12.2024,35,06.12.2024\35\rgb\14.32.08.502.png,06.12.2024\35\depth\14.32.08.502.png
541,7440,3.25,06.12.2024,36,06.12.2024\36\rgb\14.32.24.188.png,06.12.2024\36\depth\14.32.24.188.png
542,7440,3.25,06.12.2024,36,06.12.2024\36\rgb\14.32.24.289.png,06.12.2024\36\depth\14.32.24.289.png
543,7440,3.25,06.12.2024,36,06.12.2024\36\rgb\14.32.24.380.png,06.12.2024\36\depth\14.32.24.380.png
544,7440,3.25,06.12.2024,36,06.12.2024\36\rgb\14.32.24.471.png,06.12.2024\36\depth\14.32.24.471.png
545,7440,3.25,06.12.2024,36,06.12.2024\36\rgb\14.32.24.561.png,06.12.2024\36\depth\14.32.24.561.png
546,7440,3.25,06.12.2024,36,06.12.2024\36\rgb\14.32.24.657.png,06.12.2024\36\depth\14.32.24.657.png
547,7440,3.25,06.12.2024,36,06.12.2024\36\rgb\14.32.24.748.png,06.12.2024\36\depth\14.32.24.748.png
548,7440,3.25,06.12.2024,36,06.12.2024\36\rgb\14.32.24.835.png,06.12.2024\36\depth\14.32.24.835.png
549,7440,3.25,06.12.2024,36,06.12.2024\36\rgb\14.32.24.921.png,06.12.2024\36\depth\14.32.24.921.png
550,7440,3.25,06.12.2024,36,06.12.2024\36\rgb\14.32.25.013.png,06.12.2024\36\depth\14.32.25.013.png
551,7440,3.25,06.12.2024,36,06.12.2024\36\rgb\14.32.25.106.png,06.12.2024\36\depth\14.32.25.106.png
552,7440,3.25,06.12.2024,36,06.12.2024\36\rgb\14.32.25.197.png,06.12.2024\36\depth\14.32.25.197.png
553,7440,3.25,06.12.2024,36,06.12.2024\36\rgb\14.32.25.292.png,06.12.2024\36\depth\14.32.25.292.png
554,7440,3.25,06.12.2024,36,06.12.2024\36\rgb\14.32.25.384.png,06.12.2024\36\depth\14.32.25.384.png
555,7440,3.25,06.12.2024,36,06.12.2024\36\rgb\14.32.25.474.png,06.12.2024\36\depth\14.32.25.474.png
556,7440,3.25,06.12.2024,36,06.12.2024\36\rgb\14.32.25.567.png,06.12.2024\36\depth\14.32.25.567.png
557,7440,3.25,06.12.2024,36,06.12.2024\36\rgb\14.32.25.661.png,06.12.2024\36\depth\14.32.25.661.png
558,7440,3.25,06.12.2024,36,06.12.2024\36\rgb\14.32.25.755.png,06.12.2024\36\depth\14.32.25.755.png
559,7440,3.25,06.12.2024,36,06.12.2024\36\rgb\14.32.25.840.png,06.12.2024\36\depth\14.32.25.840.png
560,7440,3.25,06.12.2024,36,06.12.2024\36\rgb\14.32.25.925.png,06.12.2024\36\depth\14.32.25.925.png
561,811107,3.5,06.12.2024,37,06.12.2024\37\rgb\14.32.56.608.png,06.12.2024\37\depth\14.32.56.608.png
562,811107,3.5,06.12.2024,37,06.12.2024\37\rgb\14.32.56.706.png,06.12.2024\37\depth\14.32.56.706.png
563,811107,3.5,06.12.2024,37,06.12.2024\37\rgb\14.32.56.799.png,06.12.2024\37\depth\14.32.56.799.png
564,811107,3.5,06.12.2024,37,06.12.2024\37\rgb\14.32.56.891.png,06.12.2024\37\depth\14.32.56.891.png
565,811107,3.5,06.12.2024,37,06.12.2024\37\rgb\14.32.56.988.png,06.12.2024\37\depth\14.32.56.988.png
566,811107,3.5,06.12.2024,37,06.12.2024\37\rgb\14.32.57.077.png,06.12.2024\37\depth\14.32.57.077.png
567,811107,3.5,06.12.2024,37,06.12.2024\37\rgb\14.32.57.168.png,06.12.2024\37\depth\14.32.57.168.png
568,811107,3.5,06.12.2024,37,06.12.2024\37\rgb\14.32.57.260.png,06.12.2024\37\depth\14.32.57.260.png
569,811107,3.5,06.12.2024,37,06.12.2024\37\rgb\14.32.57.354.png,06.12.2024\37\depth\14.32.57.354.png
570,811107,3.5,06.12.2024,37,06.12.2024\37\rgb\14.32.57.445.png,06.12.2024\37\depth\14.32.57.445.png
571,811107,3.5,06.12.2024,37,06.12.2024\37\rgb\14.32.57.529.png,06.12.2024\37\depth\14.32.57.529.png
572,811107,3.5,06.12.2024,37,06.12.2024\37\rgb\14.32.57.622.png,06.12.2024\37\depth\14.32.57.622.png
573,811107,3.5,06.12.2024,37,06.12.2024\37\rgb\14.32.57.716.png,06.12.2024\37\depth\14.32.57.716.png
574,811107,3.5,06.12.2024,37,06.12.2024\37\rgb\14.32.57.805.png,06.12.2024\37\depth\14.32.57.805.png
575,811107,3.5,06.12.2024,37,06.12.2024\37\rgb\14.32.57.895.png,06.12.2024\37\depth\14.32.57.895.png
576,811107,3.5,06.12.2024,37,06.12.2024\37\rgb\14.32.57.989.png,06.12.2024\37\depth\14.32.57.989.png
577,811107,3.5,06.12.2024,37,06.12.2024\37\rgb\14.32.58.082.png,06.12.2024\37\depth\14.32.58.082.png
578,811107,3.5,06.12.2024,37,06.12.2024\37\rgb\14.32.58.173.png,06.12.2024\37\depth\14.32.58.173.png
579,811107,3.5,06.12.2024,37,06.12.2024\37\rgb\14.32.58.264.png,06.12.2024\37\depth\14.32.58.264.png
580,811107,3.5,06.12.2024,37,06.12.2024\37\rgb\14.32.58.360.png,06.12.2024\37\depth\14.32.58.360.png
581,7395,3.0,06.12.2024,38,06.12.2024\38\rgb\14.33.15.035.png,06.12.2024\38\depth\14.33.15.035.png
582,7395,3.0,06.12.2024,38,06.12.2024\38\rgb\14.33.15.131.png,06.12.2024\38\depth\14.33.15.131.png
583,7395,3.0,06.12.2024,38,06.12.2024\38\rgb\14.33.15.225.png,06.12.2024\38\depth\14.33.15.225.png
584,7395,3.0,06.12.2024,38,06.12.2024\38\rgb\14.33.15.317.png,06.12.2024\38\depth\14.33.15.317.png
585,7395,3.0,06.12.2024,38,06.12.2024\38\rgb\14.33.15.411.png,06.12.2024\38\depth\14.33.15.411.png
586,7395,3.0,06.12.2024,38,06.12.2024\38\rgb\14.33.15.502.png,06.12.2024\38\depth\14.33.15.502.png
587,7395,3.0,06.12.2024,38,06.12.2024\38\rgb\14.33.15.597.png,06.12.2024\38\depth\14.33.15.597.png
588,7395,3.0,06.12.2024,38,06.12.2024\38\rgb\14.33.15.691.png,06.12.2024\38\depth\14.33.15.691.png
589,7395,3.0,06.12.2024,38,06.12.2024\38\rgb\14.33.15.782.png,06.12.2024\38\depth\14.33.15.782.png
590,7395,3.0,06.12.2024,38,06.12.2024\38\rgb\14.33.15.873.png,06.12.2024\38\depth\14.33.15.873.png
591,7395,3.0,06.12.2024,38,06.12.2024\38\rgb\14.33.15.968.png,06.12.2024\38\depth\14.33.15.968.png
592,7395,3.0,06.12.2024,38,06.12.2024\38\rgb\14.33.16.062.png,06.12.2024\38\depth\14.33.16.062.png
593,7395,3.0,06.12.2024,38,06.12.2024\38\rgb\14.33.16.153.png,06.12.2024\38\depth\14.33.16.153.png
594,7395,3.0,06.12.2024,38,06.12.2024\38\rgb\14.33.16.255.png,06.12.2024\38\depth\14.33.16.255.png
595,7395,3.0,06.12.2024,38,06.12.2024\38\rgb\14.33.16.353.png,06.12.2024\38\depth\14.33.16.353.png
596,7395,3.0,06.12.2024,38,06.12.2024\38\rgb\14.33.16.446.png,06.12.2024\38\depth\14.33.16.446.png
597,7395,3.0,06.12.2024,38,06.12.2024\38\rgb\14.33.16.538.png,06.12.2024\38\depth\14.33.16.538.png
598,7395,3.0,06.12.2024,38,06.12.2024\38\rgb\14.33.16.631.png,06.12.2024\38\depth\14.33.16.631.png
599,7395,3.0,06.12.2024,38,06.12.2024\38\rgb\14.33.16.724.png,06.12.2024\38\depth\14.33.16.724.png
600,7395,3.0,06.12.2024,38,06.12.2024\38\rgb\14.33.16.817.png,06.12.2024\38\depth\14.33.16.817.png
601,5177,3.0,06.12.2024,39,06.12.2024\39\rgb\14.33.31.374.png,06.12.2024\39\depth\14.33.31.374.png
602,5177,3.0,06.12.2024,39,06.12.2024\39\rgb\14.33.31.474.png,06.12.2024\39\depth\14.33.31.474.png
603,5177,3.0,06.12.2024,39,06.12.2024\39\rgb\14.33.31.566.png,06.12.2024\39\depth\14.33.31.566.png
604,5177,3.0,06.12.2024,39,06.12.2024\39\rgb\14.33.31.657.png,06.12.2024\39\depth\14.33.31.657.png
605,5177,3.0,06.12.2024,39,06.12.2024\39\rgb\14.33.31.752.png,06.12.2024\39\depth\14.33.31.752.png
606,5177,3.0,06.12.2024,39,06.12.2024\39\rgb\14.33.31.843.png,06.12.2024\39\depth\14.33.31.843.png
607,5177,3.0,06.12.2024,39,06.12.2024\39\rgb\14.33.31.935.png,06.12.2024\39\depth\14.33.31.935.png
608,5177,3.0,06.12.2024,39,06.12.2024\39\rgb\14.33.32.026.png,06.12.2024\39\depth\14.33.32.026.png
609,5177,3.0,06.12.2024,39,06.12.2024\39\rgb\14.33.32.122.png,06.12.2024\39\depth\14.33.32.122.png
610,5177,3.0,06.12.2024,39,06.12.2024\39\rgb\14.33.32.212.png,06.12.2024\39\depth\14.33.32.212.png
611,5177,3.0,06.12.2024,39,06.12.2024\39\rgb\14.33.32.305.png,06.12.2024\39\depth\14.33.32.305.png
612,5177,3.0,06.12.2024,39,06.12.2024\39\rgb\14.33.32.398.png,06.12.2024\39\depth\14.33.32.398.png
613,5177,3.0,06.12.2024,39,06.12.2024\39\rgb\14.33.32.487.png,06.12.2024\39\depth\14.33.32.487.png
614,5177,3.0,06.12.2024,39,06.12.2024\39\rgb\14.33.32.584.png,06.12.2024\39\depth\14.33.32.584.png
615,5177,3.0,06.12.2024,39,06.12.2024\39\rgb\14.33.32.676.png,06.12.2024\39\depth\14.33.32.676.png
616,5177,3.0,06.12.2024,39,06.12.2024\39\rgb\14.33.32.769.png,06.12.2024\39\depth\14.33.32.769.png
617,5177,3.0,06.12.2024,39,06.12.2024\39\rgb\14.33.32.859.png,06.12.2024\39\depth\14.33.32.859.png
618,5177,3.0,06.12.2024,39,06.12.2024\39\rgb\14.33.32.956.png,06.12.2024\39\depth\14.33.32.956.png
619,5177,3.0,06.12.2024,39,06.12.2024\39\rgb\14.33.33.048.png,06.12.2024\39\depth\14.33.33.048.png
620,5177,3.0,06.12.2024,39,06.12.2024\39\rgb\14.33.33.141.png,06.12.2024\39\depth\14.33.33.141.png
621,7377,3.25,06.12.2024,41,06.12.2024\41\rgb\14.34.07.209.png,06.12.2024\41\depth\14.34.07.209.png
622,7377,3.25,06.12.2024,41,06.12.2024\41\rgb\14.34.07.297.png,06.12.2024\41\depth\14.34.07.297.png
623,7377,3.25,06.12.2024,41,06.12.2024\41\rgb\14.34.07.390.png,06.12.2024\41\depth\14.34.07.390.png
624,7377,3.25,06.12.2024,41,06.12.2024\41\rgb\14.34.07.484.png,06.12.2024\41\depth\14.34.07.484.png
625,7377,3.25,06.12.2024,41,06.12.2024\41\rgb\14.34.07.570.png,06.12.2024\41\depth\14.34.07.570.png
626,7377,3.25,06.12.2024,41,06.12.2024\41\rgb\14.34.07.668.png,06.12.2024\41\depth\14.34.07.668.png
627,7377,3.25,06.12.2024,41,06.12.2024\41\rgb\14.34.07.760.png,06.12.2024\41\depth\14.34.07.760.png
628,7377,3.25,06.12.2024,41,06.12.2024\41\rgb\14.34.07.854.png,06.12.2024\41\depth\14.34.07.854.png
629,7377,3.25,06.12.2024,41,06.12.2024\41\rgb\14.34.07.950.png,06.12.2024\41\depth\14.34.07.950.png
630,7377,3.25,06.12.2024,41,06.12.2024\41\rgb\14.34.08.053.png,06.12.2024\41\depth\14.34.08.053.png
631,7377,3.25,06.12.2024,41,06.12.2024\41\rgb\14.34.08.150.png,06.12.2024\41\depth\14.34.08.150.png
632,7377,3.25,06.12.2024,41,06.12.2024\41\rgb\14.34.08.236.png,06.12.2024\41\depth\14.34.08.236.png
633,7377,3.25,06.12.2024,41,06.12.2024\41\rgb\14.34.08.328.png,06.12.2024\41\depth\14.34.08.328.png
634,7377,3.25,06.12.2024,41,06.12.2024\41\rgb\14.34.08.424.png,06.12.2024\41\depth\14.34.08.424.png
635,7377,3.25,06.12.2024,41,06.12.2024\41\rgb\14.34.08.518.png,06.12.2024\41\depth\14.34.08.518.png
636,7377,3.25,06.12.2024,41,06.12.2024\41\rgb\14.34.08.613.png,06.12.2024\41\depth\14.34.08.613.png
637,7377,3.25,06.12.2024,41,06.12.2024\41\rgb\14.34.08.704.png,06.12.2024\41\depth\14.34.08.704.png
638,7377,3.25,06.12.2024,41,06.12.2024\41\rgb\14.34.08.794.png,06.12.2024\41\depth\14.34.08.794.png
639,7377,3.25,06.12.2024,41,06.12.2024\41\rgb\14.34.08.889.png,06.12.2024\41\depth\14.34.08.889.png
640,7377,3.25,06.12.2024,41,06.12.2024\41\rgb\14.34.08.982.png,06.12.2024\41\depth\14.34.08.982.png
641,6733,3.25,06.12.2024,42,06.12.2024\42\rgb\14.34.20.805.png,06.12.2024\42\depth\14.34.20.805.png
642,6733,3.25,06.12.2024,42,06.12.2024\42\rgb\14.34.20.901.png,06.12.2024\42\depth\14.34.20.901.png
643,6733,3.25,06.12.2024,42,06.12.2024\42\rgb\14.34.20.993.png,06.12.2024\42\depth\14.34.20.993.png
644,6733,3.25,06.12.2024,42,06.12.2024\42\rgb\14.34.21.089.png,06.12.2024\42\depth\14.34.21.089.png
645,6733,3.25,06.12.2024,42,06.12.2024\42\rgb\14.34.21.181.png,06.12.2024\42\depth\14.34.21.181.png
646,6733,3.25,06.12.2024,42,06.12.2024\42\rgb\14.34.21.275.png,06.12.2024\42\depth\14.34.21.275.png
647,6733,3.25,06.12.2024,42,06.12.2024\42\rgb\14.34.21.366.png,06.12.2024\42\depth\14.34.21.366.png
648,6733,3.25,06.12.2024,42,06.12.2024\42\rgb\14.34.21.462.png,06.12.2024\42\depth\14.34.21.462.png
649,6733,3.25,06.12.2024,42,06.12.2024\42\rgb\14.34.21.551.png,06.12.2024\42\depth\14.34.21.551.png
650,6733,3.25,06.12.2024,42,06.12.2024\42\rgb\14.34.21.642.png,06.12.2024\42\depth\14.34.21.642.png
651,6733,3.25,06.12.2024,42,06.12.2024\42\rgb\14.34.21.736.png,06.12.2024\42\depth\14.34.21.736.png
652,6733,3.25,06.12.2024,42,06.12.2024\42\rgb\14.34.21.828.png,06.12.2024\42\depth\14.34.21.828.png
653,6733,3.25,06.12.2024,42,06.12.2024\42\rgb\14.34.21.922.png,06.12.2024\42\depth\14.34.21.922.png
654,6733,3.25,06.12.2024,42,06.12.2024\42\rgb\14.34.22.015.png,06.12.2024\42\depth\14.34.22.015.png
655,6733,3.25,06.12.2024,42,06.12.2024\42\rgb\14.34.22.107.png,06.12.2024\42\depth\14.34.22.107.png
656,6733,3.25,06.12.2024,42,06.12.2024\42\rgb\14.34.22.197.png,06.12.2024\42\depth\14.34.22.197.png
657,6733,3.25,06.12.2024,42,06.12.2024\42\rgb\14.34.22.291.png,06.12.2024\42\depth\14.34.22.291.png
658,6733,3.25,06.12.2024,42,06.12.2024\42\rgb\14.34.22.385.png,06.12.2024\42\depth\14.34.22.385.png
659,6733,3.25,06.12.2024,42,06.12.2024\42\rgb\14.34.22.477.png,06.12.2024\42\depth\14.34.22.477.png
660,6733,3.25,06.12.2024,42,06.12.2024\42\rgb\14.34.22.569.png,06.12.2024\42\depth\14.34.22.569.png
661,5155,3.25,06.12.2024,43,06.12.2024\43\rgb\14.34.38.653.png,06.12.2024\43\depth\14.34.38.653.png
662,5155,3.25,06.12.2024,43,06.12.2024\43\rgb\14.34.38.752.png,06.12.2024\43\depth\14.34.38.752.png
663,5155,3.25,06.12.2024,43,06.12.2024\43\rgb\14.34.38.846.png,06.12.2024\43\depth\14.34.38.846.png
664,5155,3.25,06.12.2024,43,06.12.2024\43\rgb\14.34.38.936.png,06.12.2024\43\depth\14.34.38.936.png
665,5155,3.25,06.12.2024,43,06.12.2024\43\rgb\14.34.39.029.png,06.12.2024\43\depth\14.34.39.029.png
666,5155,3.25,06.12.2024,43,06.12.2024\43\rgb\14.34.39.122.png,06.12.2024\43\depth\14.34.39.122.png
667,5155,3.25,06.12.2024,43,06.12.2024\43\rgb\14.34.39.216.png,06.12.2024\43\depth\14.34.39.216.png
668,5155,3.25,06.12.2024,43,06.12.2024\43\rgb\14.34.39.305.png,06.12.2024\43\depth\14.34.39.305.png
669,5155,3.25,06.12.2024,43,06.12.2024\43\rgb\14.34.39.400.png,06.12.2024\43\depth\14.34.39.400.png
670,5155,3.25,06.12.2024,43,06.12.2024\43\rgb\14.34.39.492.png,06.12.2024\43\depth\14.34.39.492.png
671,5155,3.25,06.12.2024,43,06.12.2024\43\rgb\14.34.39.585.png,06.12.2024\43\depth\14.34.39.585.png
672,5155,3.25,06.12.2024,43,06.12.2024\43\rgb\14.34.39.675.png,06.12.2024\43\depth\14.34.39.675.png
673,5155,3.25,06.12.2024,43,06.12.2024\43\rgb\14.34.39.767.png,06.12.2024\43\depth\14.34.39.767.png
674,5155,3.25,06.12.2024,43,06.12.2024\43\rgb\14.34.39.858.png,06.12.2024\43\depth\14.34.39.858.png
675,5155,3.25,06.12.2024,43,06.12.2024\43\rgb\14.34.39.952.png,06.12.2024\43\depth\14.34.39.952.png
676,5155,3.25,06.12.2024,43,06.12.2024\43\rgb\14.34.40.046.png,06.12.2024\43\depth\14.34.40.046.png
677,5155,3.25,06.12.2024,43,06.12.2024\43\rgb\14.34.40.141.png,06.12.2024\43\depth\14.34.40.141.png
678,5155,3.25,06.12.2024,43,06.12.2024\43\rgb\14.34.40.230.png,06.12.2024\43\depth\14.34.40.230.png
679,5155,3.25,06.12.2024,43,06.12.2024\43\rgb\14.34.40.323.png,06.12.2024\43\depth\14.34.40.323.png
680,5155,3.25,06.12.2024,43,06.12.2024\43\rgb\14.34.40.419.png,06.12.2024\43\depth\14.34.40.419.png
681,7503,3.5,06.12.2024,44,06.12.2024\44\rgb\14.34.55.905.png,06.12.2024\44\depth\14.34.55.905.png
682,7503,3.5,06.12.2024,44,06.12.2024\44\rgb\14.34.56.004.png,06.12.2024\44\depth\14.34.56.004.png
683,7503,3.5,06.12.2024,44,06.12.2024\44\rgb\14.34.56.096.png,06.12.2024\44\depth\14.34.56.096.png
684,7503,3.5,06.12.2024,44,06.12.2024\44\rgb\14.34.56.189.png,06.12.2024\44\depth\14.34.56.189.png
685,7503,3.5,06.12.2024,44,06.12.2024\44\rgb\14.34.56.281.png,06.12.2024\44\depth\14.34.56.281.png
686,7503,3.5,06.12.2024,44,06.12.2024\44\rgb\14.34.56.373.png,06.12.2024\44\depth\14.34.56.373.png
687,7503,3.5,06.12.2024,44,06.12.2024\44\rgb\14.34.56.464.png,06.12.2024\44\depth\14.34.56.464.png
688,7503,3.5,06.12.2024,44,06.12.2024\44\rgb\14.34.56.559.png,06.12.2024\44\depth\14.34.56.559.png
689,7503,3.5,06.12.2024,44,06.12.2024\44\rgb\14.34.56.654.png,06.12.2024\44\depth\14.34.56.654.png
690,7503,3.5,06.12.2024,44,06.12.2024\44\rgb\14.34.56.744.png,06.12.2024\44\depth\14.34.56.744.png
691,7503,3.5,06.12.2024,44,06.12.2024\44\rgb\14.34.56.835.png,06.12.2024\44\depth\14.34.56.835.png
692,7503,3.5,06.12.2024,44,06.12.2024\44\rgb\14.34.56.928.png,06.12.2024\44\depth\14.34.56.928.png
693,7503,3.5,06.12.2024,44,06.12.2024\44\rgb\14.34.57.022.png,06.12.2024\44\depth\14.34.57.022.png
694,7503,3.5,06.12.2024,44,06.12.2024\44\rgb\14.34.57.118.png,06.12.2024\44\depth\14.34.57.118.png
695,7503,3.5,06.12.2024,44,06.12.2024\44\rgb\14.34.57.209.png,06.12.2024\44\depth\14.34.57.209.png
696,7503,3.5,06.12.2024,44,06.12.2024\44\rgb\14.34.57.303.png,06.12.2024\44\depth\14.34.57.303.png
697,7503,3.5,06.12.2024,44,06.12.2024\44\rgb\14.34.57.394.png,06.12.2024\44\depth\14.34.57.394.png
698,7503,3.5,06.12.2024,44,06.12.2024\44\rgb\14.34.57.488.png,06.12.2024\44\depth\14.34.57.488.png
699,7503,3.5,06.12.2024,44,06.12.2024\44\rgb\14.34.57.579.png,06.12.2024\44\depth\14.34.57.579.png
700,7503,3.5,06.12.2024,44,06.12.2024\44\rgb\14.34.57.662.png,06.12.2024\44\depth\14.34.57.662.png
701,7476,3.25,06.12.2024,46,06.12.2024\46\rgb\14.35.45.068.png,06.12.2024\46\depth\14.35.45.068.png
702,7476,3.25,06.12.2024,46,06.12.2024\46\rgb\14.35.45.151.png,06.12.2024\46\depth\14.35.45.151.png
703,7476,3.25,06.12.2024,46,06.12.2024\46\rgb\14.35.45.227.png,06.12.2024\46\depth\14.35.45.227.png
704,7476,3.25,06.12.2024,46,06.12.2024\46\rgb\14.35.45.306.png,06.12.2024\46\depth\14.35.45.306.png
705,7476,3.25,06.12.2024,46,06.12.2024\46\rgb\14.35.45.380.png,06.12.2024\46\depth\14.35.45.380.png
706,7476,3.25,06.12.2024,46,06.12.2024\46\rgb\14.35.45.458.png,06.12.2024\46\depth\14.35.45.458.png
707,7476,3.25,06.12.2024,46,06.12.2024\46\rgb\14.35.45.534.png,06.12.2024\46\depth\14.35.45.534.png
708,7476,3.25,06.12.2024,46,06.12.2024\46\rgb\14.35.45.615.png,06.12.2024\46\depth\14.35.45.615.png
709,7476,3.25,06.12.2024,46,06.12.2024\46\rgb\14.35.45.706.png,06.12.2024\46\depth\14.35.45.706.png
710,7476,3.25,06.12.2024,46,06.12.2024\46\rgb\14.35.45.797.png,06.12.2024\46\depth\14.35.45.797.png
711,7476,3.25,06.12.2024,46,06.12.2024\46\rgb\14.35.45.888.png,06.12.2024\46\depth\14.35.45.888.png
712,7476,3.25,06.12.2024,46,06.12.2024\46\rgb\14.35.45.983.png,06.12.2024\46\depth\14.35.45.983.png
713,7476,3.25,06.12.2024,46,06.12.2024\46\rgb\14.35.46.074.png,06.12.2024\46\depth\14.35.46.074.png
714,7476,3.25,06.12.2024,46,06.12.2024\46\rgb\14.35.46.150.png,06.12.2024\46\depth\14.35.46.150.png
715,7476,3.25,06.12.2024,46,06.12.2024\46\rgb\14.35.46.228.png,06.12.2024\46\depth\14.35.46.228.png
716,7476,3.25,06.12.2024,46,06.12.2024\46\rgb\14.35.46.307.png,06.12.2024\46\depth\14.35.46.307.png
717,7476,3.25,06.12.2024,46,06.12.2024\46\rgb\14.35.46.395.png,06.12.2024\46\depth\14.35.46.395.png
718,7476,3.25,06.12.2024,46,06.12.2024\46\rgb\14.35.46.476.png,06.12.2024\46\depth\14.35.46.476.png
719,7476,3.25,06.12.2024,46,06.12.2024\46\rgb\14.35.46.551.png,06.12.2024\46\depth\14.35.46.551.png
720,7476,3.25,06.12.2024,46,06.12.2024\46\rgb\14.35.46.629.png,06.12.2024\46\depth\14.35.46.629.png
721,5139,3.25,06.12.2024,47,06.12.2024\47\rgb\14.36.02.894.png,06.12.2024\47\depth\14.36.02.894.png
722,5139,3.25,06.12.2024,47,06.12.2024\47\rgb\14.36.02.978.png,06.12.2024\47\depth\14.36.02.978.png
723,5139,3.25,06.12.2024,47,06.12.2024\47\rgb\14.36.03.069.png,06.12.2024\47\depth\14.36.03.069.png
724,5139,3.25,06.12.2024,47,06.12.2024\47\rgb\14.36.03.147.png,06.12.2024\47\depth\14.36.03.147.png
725,5139,3.25,06.12.2024,47,06.12.2024\47\rgb\14.36.03.238.png,06.12.2024\47\depth\14.36.03.238.png
726,5139,3.25,06.12.2024,47,06.12.2024\47\rgb\14.36.03.330.png,06.12.2024\47\depth\14.36.03.330.png
727,5139,3.25,06.12.2024,47,06.12.2024\47\rgb\14.36.03.422.png,06.12.2024\47\depth\14.36.03.422.png
728,5139,3.25,06.12.2024,47,06.12.2024\47\rgb\14.36.03.516.png,06.12.2024\47\depth\14.36.03.516.png
729,5139,3.25,06.12.2024,47,06.12.2024\47\rgb\14.36.03.608.png,06.12.2024\47\depth\14.36.03.608.png
730,5139,3.25,06.12.2024,47,06.12.2024\47\rgb\14.36.03.700.png,06.12.2024\47\depth\14.36.03.700.png
731,5139,3.25,06.12.2024,47,06.12.2024\47\rgb\14.36.03.791.png,06.12.2024\47\depth\14.36.03.791.png
732,5139,3.25,06.12.2024,47,06.12.2024\47\rgb\14.36.03.888.png,06.12.2024\47\depth\14.36.03.888.png
733,5139,3.25,06.12.2024,47,06.12.2024\47\rgb\14.36.03.979.png,06.12.2024\47\depth\14.36.03.979.png
734,5139,3.25,06.12.2024,47,06.12.2024\47\rgb\14.36.04.070.png,06.12.2024\47\depth\14.36.04.070.png
735,5139,3.25,06.12.2024,47,06.12.2024\47\rgb\14.36.04.160.png,06.12.2024\47\depth\14.36.04.160.png
736,5139,3.25,06.12.2024,47,06.12.2024\47\rgb\14.36.04.253.png,06.12.2024\47\depth\14.36.04.253.png
737,5139,3.25,06.12.2024,47,06.12.2024\47\rgb\14.36.04.330.png,06.12.2024\47\depth\14.36.04.330.png
738,5139,3.25,06.12.2024,47,06.12.2024\47\rgb\14.36.04.422.png,06.12.2024\47\depth\14.36.04.422.png
739,5139,3.25,06.12.2024,47,06.12.2024\47\rgb\14.36.04.515.png,06.12.2024\47\depth\14.36.04.515.png
740,5139,3.25,06.12.2024,47,06.12.2024\47\rgb\14.36.04.609.png,06.12.2024\47\depth\14.36.04.609.png
741,7466,3.25,06.12.2024,48,06.12.2024\48\rgb\14.36.20.030.png,06.12.2024\48\depth\14.36.20.030.png
742,7466,3.25,06.12.2024,48,06.12.2024\48\rgb\14.36.20.129.png,06.12.2024\48\depth\14.36.20.129.png
743,7466,3.25,06.12.2024,48,06.12.2024\48\rgb\14.36.20.224.png,06.12.2024\48\depth\14.36.20.224.png
744,7466,3.25,06.12.2024,48,06.12.2024\48\rgb\14.36.20.317.png,06.12.2024\48\depth\14.36.20.317.png
745,7466,3.25,06.12.2024,48,06.12.2024\48\rgb\14.36.20.408.png,06.12.2024\48\depth\14.36.20.408.png
746,7466,3.25,06.12.2024,48,06.12.2024\48\rgb\14.36.20.499.png,06.12.2024\48\depth\14.36.20.499.png
747,7466,3.25,06.12.2024,48,06.12.2024\48\rgb\14.36.20.594.png,06.12.2024\48\depth\14.36.20.594.png
748,7466,3.25,06.12.2024,48,06.12.2024\48\rgb\14.36.20.686.png,06.12.2024\48\depth\14.36.20.686.png
749,7466,3.25,06.12.2024,48,06.12.2024\48\rgb\14.36.20.779.png,06.12.2024\48\depth\14.36.20.779.png
750,7466,3.25,06.12.2024,48,06.12.2024\48\rgb\14.36.20.872.png,06.12.2024\48\depth\14.36.20.872.png
751,7466,3.25,06.12.2024,48,06.12.2024\48\rgb\14.36.20.962.png,06.12.2024\48\depth\14.36.20.962.png
752,7466,3.25,06.12.2024,48,06.12.2024\48\rgb\14.36.21.057.png,06.12.2024\48\depth\14.36.21.057.png
753,7466,3.25,06.12.2024,48,06.12.2024\48\rgb\14.36.21.154.png,06.12.2024\48\depth\14.36.21.154.png
754,7466,3.25,06.12.2024,48,06.12.2024\48\rgb\14.36.21.241.png,06.12.2024\48\depth\14.36.21.241.png
755,7466,3.25,06.12.2024,48,06.12.2024\48\rgb\14.36.21.332.png,06.12.2024\48\depth\14.36.21.332.png
756,7466,3.25,06.12.2024,48,06.12.2024\48\rgb\14.36.21.425.png,06.12.2024\48\depth\14.36.21.425.png
757,7466,3.25,06.12.2024,48,06.12.2024\48\rgb\14.36.21.520.png,06.12.2024\48\depth\14.36.21.520.png
758,7466,3.25,06.12.2024,48,06.12.2024\48\rgb\14.36.21.612.png,06.12.2024\48\depth\14.36.21.612.png
759,7466,3.25,06.12.2024,48,06.12.2024\48\rgb\14.36.21.705.png,06.12.2024\48\depth\14.36.21.705.png
760,7466,3.25,06.12.2024,48,06.12.2024\48\rgb\14.36.21.795.png,06.12.2024\48\depth\14.36.21.795.png
761,2610,3.0,06.12.2024,50,06.12.2024\50\rgb\14.36.52.549.png,06.12.2024\50\depth\14.36.52.549.png
762,2610,3.0,06.12.2024,50,06.12.2024\50\rgb\14.36.52.643.png,06.12.2024\50\depth\14.36.52.643.png
763,2610,3.0,06.12.2024,50,06.12.2024\50\rgb\14.36.52.737.png,06.12.2024\50\depth\14.36.52.737.png
764,2610,3.0,06.12.2024,50,06.12.2024\50\rgb\14.36.52.824.png,06.12.2024\50\depth\14.36.52.824.png
765,2610,3.0,06.12.2024,50,06.12.2024\50\rgb\14.36.52.907.png,06.12.2024\50\depth\14.36.52.907.png
766,2610,3.0,06.12.2024,50,06.12.2024\50\rgb\14.36.52.999.png,06.12.2024\50\depth\14.36.52.999.png
767,2610,3.0,06.12.2024,50,06.12.2024\50\rgb\14.36.53.092.png,06.12.2024\50\depth\14.36.53.092.png
768,2610,3.0,06.12.2024,50,06.12.2024\50\rgb\14.36.53.183.png,06.12.2024\50\depth\14.36.53.183.png
769,2610,3.0,06.12.2024,50,06.12.2024\50\rgb\14.36.53.277.png,06.12.2024\50\depth\14.36.53.277.png
770,2610,3.0,06.12.2024,50,06.12.2024\50\rgb\14.36.53.368.png,06.12.2024\50\depth\14.36.53.368.png
771,2610,3.0,06.12.2024,50,06.12.2024\50\rgb\14.36.53.460.png,06.12.2024\50\depth\14.36.53.460.png
772,2610,3.0,06.12.2024,50,06.12.2024\50\rgb\14.36.53.554.png,06.12.2024\50\depth\14.36.53.554.png
773,2610,3.0,06.12.2024,50,06.12.2024\50\rgb\14.36.53.646.png,06.12.2024\50\depth\14.36.53.646.png
774,2610,3.0,06.12.2024,50,06.12.2024\50\rgb\14.36.53.735.png,06.12.2024\50\depth\14.36.53.735.png
775,2610,3.0,06.12.2024,50,06.12.2024\50\rgb\14.36.53.828.png,06.12.2024\50\depth\14.36.53.828.png
776,2610,3.0,06.12.2024,50,06.12.2024\50\rgb\14.36.53.921.png,06.12.2024\50\depth\14.36.53.921.png
777,2610,3.0,06.12.2024,50,06.12.2024\50\rgb\14.36.54.016.png,06.12.2024\50\depth\14.36.54.016.png
778,2610,3.0,06.12.2024,50,06.12.2024\50\rgb\14.36.54.107.png,06.12.2024\50\depth\14.36.54.107.png
779,2610,3.0,06.12.2024,50,06.12.2024\50\rgb\14.36.54.197.png,06.12.2024\50\depth\14.36.54.197.png
780,2610,3.0,06.12.2024,50,06.12.2024\50\rgb\14.36.54.290.png,06.12.2024\50\depth\14.36.54.290.png
781,7379,3.5,06.12.2024,52,06.12.2024\52\rgb\14.37.27.151.png,06.12.2024\52\depth\14.37.27.151.png
782,7379,3.5,06.12.2024,52,06.12.2024\52\rgb\14.37.27.235.png,06.12.2024\52\depth\14.37.27.235.png
783,7379,3.5,06.12.2024,52,06.12.2024\52\rgb\14.37.27.332.png,06.12.2024\52\depth\14.37.27.332.png
784,7379,3.5,06.12.2024,52,06.12.2024\52\rgb\14.37.27.420.png,06.12.2024\52\depth\14.37.27.420.png
785,7379,3.5,06.12.2024,52,06.12.2024\52\rgb\14.37.27.508.png,06.12.2024\52\depth\14.37.27.508.png
786,7379,3.5,06.12.2024,52,06.12.2024\52\rgb\14.37.27.592.png,06.12.2024\52\depth\14.37.27.592.png
787,7379,3.5,06.12.2024,52,06.12.2024\52\rgb\14.37.27.683.png,06.12.2024\52\depth\14.37.27.683.png
788,7379,3.5,06.12.2024,52,06.12.2024\52\rgb\14.37.27.760.png,06.12.2024\52\depth\14.37.27.760.png
789,7379,3.5,06.12.2024,52,06.12.2024\52\rgb\14.37.27.847.png,06.12.2024\52\depth\14.37.27.847.png
790,7379,3.5,06.12.2024,52,06.12.2024\52\rgb\14.37.27.929.png,06.12.2024\52\depth\14.37.27.929.png
791,7379,3.5,06.12.2024,52,06.12.2024\52\rgb\14.37.28.007.png,06.12.2024\52\depth\14.37.28.007.png
792,7379,3.5,06.12.2024,52,06.12.2024\52\rgb\14.37.28.089.png,06.12.2024\52\depth\14.37.28.089.png
793,7379,3.5,06.12.2024,52,06.12.2024\52\rgb\14.37.28.177.png,06.12.2024\52\depth\14.37.28.177.png
794,7379,3.5,06.12.2024,52,06.12.2024\52\rgb\14.37.28.269.png,06.12.2024\52\depth\14.37.28.269.png
795,7379,3.5,06.12.2024,52,06.12.2024\52\rgb\14.37.28.361.png,06.12.2024\52\depth\14.37.28.361.png
796,7379,3.5,06.12.2024,52,06.12.2024\52\rgb\14.37.28.453.png,06.12.2024\52\depth\14.37.28.453.png
797,7379,3.5,06.12.2024,52,06.12.2024\52\rgb\14.37.28.547.png,06.12.2024\52\depth\14.37.28.547.png
798,7379,3.5,06.12.2024,52,06.12.2024\52\rgb\14.37.28.637.png,06.12.2024\52\depth\14.37.28.637.png
799,7379,3.5,06.12.2024,52,06.12.2024\52\rgb\14.37.28.731.png,06.12.2024\52\depth\14.37.28.731.png
800,7379,3.5,06.12.2024,52,06.12.2024\52\rgb\14.37.28.823.png,06.12.2024\52\depth\14.37.28.823.png
801,6901,3.25,06.12.2024,53,06.12.2024\53\rgb\14.37.45.266.png,06.12.2024\53\depth\14.37.45.266.png
802,6901,3.25,06.12.2024,53,06.12.2024\53\rgb\14.37.45.356.png,06.12.2024\53\depth\14.37.45.356.png
803,6901,3.25,06.12.2024,53,06.12.2024\53\rgb\14.37.45.450.png,06.12.2024\53\depth\14.37.45.450.png
804,6901,3.25,06.12.2024,53,06.12.2024\53\rgb\14.37.45.542.png,06.12.2024\53\depth\14.37.45.542.png
805,6901,3.25,06.12.2024,53,06.12.2024\53\rgb\14.37.45.635.png,06.12.2024\53\depth\14.37.45.635.png
806,6901,3.25,06.12.2024,53,06.12.2024\53\rgb\14.37.45.726.png,06.12.2024\53\depth\14.37.45.726.png
807,6901,3.25,06.12.2024,53,06.12.2024\53\rgb\14.37.45.819.png,06.12.2024\53\depth\14.37.45.819.png
808,6901,3.25,06.12.2024,53,06.12.2024\53\rgb\14.37.45.911.png,06.12.2024\53\depth\14.37.45.911.png
809,6901,3.25,06.12.2024,53,06.12.2024\53\rgb\14.37.46.005.png,06.12.2024\53\depth\14.37.46.005.png
810,6901,3.25,06.12.2024,53,06.12.2024\53\rgb\14.37.46.098.png,06.12.2024\53\depth\14.37.46.098.png
811,6901,3.25,06.12.2024,53,06.12.2024\53\rgb\14.37.46.190.png,06.12.2024\53\depth\14.37.46.190.png
812,6901,3.25,06.12.2024,53,06.12.2024\53\rgb\14.37.46.284.png,06.12.2024\53\depth\14.37.46.284.png
813,6901,3.25,06.12.2024,53,06.12.2024\53\rgb\14.37.46.373.png,06.12.2024\53\depth\14.37.46.373.png
814,6901,3.25,06.12.2024,53,06.12.2024\53\rgb\14.37.46.464.png,06.12.2024\53\depth\14.37.46.464.png
815,6901,3.25,06.12.2024,53,06.12.2024\53\rgb\14.37.46.571.png,06.12.2024\53\depth\14.37.46.571.png
816,6901,3.25,06.12.2024,53,06.12.2024\53\rgb\14.37.46.667.png,06.12.2024\53\depth\14.37.46.667.png
817,6901,3.25,06.12.2024,53,06.12.2024\53\rgb\14.37.46.757.png,06.12.2024\53\depth\14.37.46.757.png
818,6901,3.25,06.12.2024,53,06.12.2024\53\rgb\14.37.46.853.png,06.12.2024\53\depth\14.37.46.853.png
819,6901,3.25,06.12.2024,53,06.12.2024\53\rgb\14.37.46.945.png,06.12.2024\53\depth\14.37.46.945.png
820,6901,3.25,06.12.2024,53,06.12.2024\53\rgb\14.37.47.039.png,06.12.2024\53\depth\14.37.47.039.png
821,7501,3.25,06.12.2024,54,06.12.2024\54\rgb\14.38.02.862.png,06.12.2024\54\depth\14.38.02.862.png
822,7501,3.25,06.12.2024,54,06.12.2024\54\rgb\14.38.02.948.png,06.12.2024\54\depth\14.38.02.948.png
823,7501,3.25,06.12.2024,54,06.12.2024\54\rgb\14.38.03.039.png,06.12.2024\54\depth\14.38.03.039.png
824,7501,3.25,06.12.2024,54,06.12.2024\54\rgb\14.38.03.132.png,06.12.2024\54\depth\14.38.03.132.png
825,7501,3.25,06.12.2024,54,06.12.2024\54\rgb\14.38.03.224.png,06.12.2024\54\depth\14.38.03.224.png
826,7501,3.25,06.12.2024,54,06.12.2024\54\rgb\14.38.03.317.png,06.12.2024\54\depth\14.38.03.317.png
827,7501,3.25,06.12.2024,54,06.12.2024\54\rgb\14.38.03.409.png,06.12.2024\54\depth\14.38.03.409.png
828,7501,3.25,06.12.2024,54,06.12.2024\54\rgb\14.38.03.498.png,06.12.2024\54\depth\14.38.03.498.png
829,7501,3.25,06.12.2024,54,06.12.2024\54\rgb\14.38.03.607.png,06.12.2024\54\depth\14.38.03.607.png
830,7501,3.25,06.12.2024,54,06.12.2024\54\rgb\14.38.03.698.png,06.12.2024\54\depth\14.38.03.698.png
831,7501,3.25,06.12.2024,54,06.12.2024\54\rgb\14.38.03.780.png,06.12.2024\54\depth\14.38.03.780.png
832,7501,3.25,06.12.2024,54,06.12.2024\54\rgb\14.38.03.870.png,06.12.2024\54\depth\14.38.03.870.png
833,7501,3.25,06.12.2024,54,06.12.2024\54\rgb\14.38.03.963.png,06.12.2024\54\depth\14.38.03.963.png
834,7501,3.25,06.12.2024,54,06.12.2024\54\rgb\14.38.04.055.png,06.12.2024\54\depth\14.38.04.055.png
835,7501,3.25,06.12.2024,54,06.12.2024\54\rgb\14.38.04.151.png,06.12.2024\54\depth\14.38.04.151.png
836,7501,3.25,06.12.2024,54,06.12.2024\54\rgb\14.38.04.242.png,06.12.2024\54\depth\14.38.04.242.png
837,7501,3.25,06.12.2024,54,06.12.2024\54\rgb\14.38.04.335.png,06.12.2024\54\depth\14.38.04.335.png
838,7501,3.25,06.12.2024,54,06.12.2024\54\rgb\14.38.04.426.png,06.12.2024\54\depth\14.38.04.426.png
839,7501,3.25,06.12.2024,54,06.12.2024\54\rgb\14.38.04.519.png,06.12.2024\54\depth\14.38.04.519.png
840,7501,3.25,06.12.2024,54,06.12.2024\54\rgb\14.38.04.614.png,06.12.2024\54\depth\14.38.04.614.png
841,6750,3.25,06.12.2024,55,06.12.2024\55\rgb\14.38.21.372.png,06.12.2024\55\depth\14.38.21.372.png
842,6750,3.25,06.12.2024,55,06.12.2024\55\rgb\14.38.21.454.png,06.12.2024\55\depth\14.38.21.454.png
843,6750,3.25,06.12.2024,55,06.12.2024\55\rgb\14.38.21.545.png,06.12.2024\55\depth\14.38.21.545.png
844,6750,3.25,06.12.2024,55,06.12.2024\55\rgb\14.38.21.638.png,06.12.2024\55\depth\14.38.21.638.png
845,6750,3.25,06.12.2024,55,06.12.2024\55\rgb\14.38.21.732.png,06.12.2024\55\depth\14.38.21.732.png
846,6750,3.25,06.12.2024,55,06.12.2024\55\rgb\14.38.21.826.png,06.12.2024\55\depth\14.38.21.826.png
847,6750,3.25,06.12.2024,55,06.12.2024\55\rgb\14.38.21.918.png,06.12.2024\55\depth\14.38.21.918.png
848,6750,3.25,06.12.2024,55,06.12.2024\55\rgb\14.38.22.012.png,06.12.2024\55\depth\14.38.22.012.png
849,6750,3.25,06.12.2024,55,06.12.2024\55\rgb\14.38.22.102.png,06.12.2024\55\depth\14.38.22.102.png
850,6750,3.25,06.12.2024,55,06.12.2024\55\rgb\14.38.22.198.png,06.12.2024\55\depth\14.38.22.198.png
851,6750,3.25,06.12.2024,55,06.12.2024\55\rgb\14.38.22.285.png,06.12.2024\55\depth\14.38.22.285.png
852,6750,3.25,06.12.2024,55,06.12.2024\55\rgb\14.38.22.364.png,06.12.2024\55\depth\14.38.22.364.png
853,6750,3.25,06.12.2024,55,06.12.2024\55\rgb\14.38.22.456.png,06.12.2024\55\depth\14.38.22.456.png
854,6750,3.25,06.12.2024,55,06.12.2024\55\rgb\14.38.22.550.png,06.12.2024\55\depth\14.38.22.550.png
855,6750,3.25,06.12.2024,55,06.12.2024\55\rgb\14.38.22.642.png,06.12.2024\55\depth\14.38.22.642.png
856,6750,3.25,06.12.2024,55,06.12.2024\55\rgb\14.38.22.737.png,06.12.2024\55\depth\14.38.22.737.png
857,6750,3.25,06.12.2024,55,06.12.2024\55\rgb\14.38.22.843.png,06.12.2024\55\depth\14.38.22.843.png
858,6750,3.25,06.12.2024,55,06.12.2024\55\rgb\14.38.22.931.png,06.12.2024\55\depth\14.38.22.931.png
859,6750,3.25,06.12.2024,55,06.12.2024\55\rgb\14.38.23.017.png,06.12.2024\55\depth\14.38.23.017.png
860,6750,3.25,06.12.2024,55,06.12.2024\55\rgb\14.38.23.110.png,06.12.2024\55\depth\14.38.23.110.png
861,6684,3.25,06.12.2024,56,06.12.2024\56\rgb\14.38.37.555.png,06.12.2024\56\depth\14.38.37.555.png
862,6684,3.25,06.12.2024,56,06.12.2024\56\rgb\14.38.37.655.png,06.12.2024\56\depth\14.38.37.655.png
863,6684,3.25,06.12.2024,56,06.12.2024\56\rgb\14.38.37.749.png,06.12.2024\56\depth\14.38.37.749.png
864,6684,3.25,06.12.2024,56,06.12.2024\56\rgb\14.38.37.839.png,06.12.2024\56\depth\14.38.37.839.png
865,6684,3.25,06.12.2024,56,06.12.2024\56\rgb\14.38.37.922.png,06.12.2024\56\depth\14.38.37.922.png
866,6684,3.25,06.12.2024,56,06.12.2024\56\rgb\14.38.38.007.png,06.12.2024\56\depth\14.38.38.007.png
867,6684,3.25,06.12.2024,56,06.12.2024\56\rgb\14.38.38.101.png,06.12.2024\56\depth\14.38.38.101.png
868,6684,3.25,06.12.2024,56,06.12.2024\56\rgb\14.38.38.194.png,06.12.2024\56\depth\14.38.38.194.png
869,6684,3.25,06.12.2024,56,06.12.2024\56\rgb\14.38.38.286.png,06.12.2024\56\depth\14.38.38.286.png
870,6684,3.25,06.12.2024,56,06.12.2024\56\rgb\14.38.38.379.png,06.12.2024\56\depth\14.38.38.379.png
871,6684,3.25,06.12.2024,56,06.12.2024\56\rgb\14.38.38.473.png,06.12.2024\56\depth\14.38.38.473.png
872,6684,3.25,06.12.2024,56,06.12.2024\56\rgb\14.38.38.563.png,06.12.2024\56\depth\14.38.38.563.png
873,6684,3.25,06.12.2024,56,06.12.2024\56\rgb\14.38.38.657.png,06.12.2024\56\depth\14.38.38.657.png
874,6684,3.25,06.12.2024,56,06.12.2024\56\rgb\14.38.38.752.png,06.12.2024\56\depth\14.38.38.752.png
875,6684,3.25,06.12.2024,56,06.12.2024\56\rgb\14.38.38.840.png,06.12.2024\56\depth\14.38.38.840.png
876,6684,3.25,06.12.2024,56,06.12.2024\56\rgb\14.38.38.932.png,06.12.2024\56\depth\14.38.38.932.png
877,6684,3.25,06.12.2024,56,06.12.2024\56\rgb\14.38.39.025.png,06.12.2024\56\depth\14.38.39.025.png
878,6684,3.25,06.12.2024,56,06.12.2024\56\rgb\14.38.39.116.png,06.12.2024\56\depth\14.38.39.116.png
879,6684,3.25,06.12.2024,56,06.12.2024\56\rgb\14.38.39.211.png,06.12.2024\56\depth\14.38.39.211.png
880,6684,3.25,06.12.2024,56,06.12.2024\56\rgb\14.38.39.302.png,06.12.2024\56\depth\14.38.39.302.png
881,6753,4.0,06.12.2024,57,06.12.2024\57\rgb\14.38.54.133.png,06.12.2024\57\depth\14.38.54.133.png
882,6753,4.0,06.12.2024,57,06.12.2024\57\rgb\14.38.54.217.png,06.12.2024\57\depth\14.38.54.217.png
883,6753,4.0,06.12.2024,57,06.12.2024\57\rgb\14.38.54.313.png,06.12.2024\57\depth\14.38.54.313.png
884,6753,4.0,06.12.2024,57,06.12.2024\57\rgb\14.38.54.405.png,06.12.2024\57\depth\14.38.54.405.png
885,6753,4.0,06.12.2024,57,06.12.2024\57\rgb\14.38.54.497.png,06.12.2024\57\depth\14.38.54.497.png
886,6753,4.0,06.12.2024,57,06.12.2024\57\rgb\14.38.54.590.png,06.12.2024\57\depth\14.38.54.590.png
887,6753,4.0,06.12.2024,57,06.12.2024\57\rgb\14.38.54.666.png,06.12.2024\57\depth\14.38.54.666.png
888,6753,4.0,06.12.2024,57,06.12.2024\57\rgb\14.38.54.759.png,06.12.2024\57\depth\14.38.54.759.png
889,6753,4.0,06.12.2024,57,06.12.2024\57\rgb\14.38.54.854.png,06.12.2024\57\depth\14.38.54.854.png
890,6753,4.0,06.12.2024,57,06.12.2024\57\rgb\14.38.54.951.png,06.12.2024\57\depth\14.38.54.951.png
891,6753,4.0,06.12.2024,57,06.12.2024\57\rgb\14.38.55.042.png,06.12.2024\57\depth\14.38.55.042.png
892,6753,4.0,06.12.2024,57,06.12.2024\57\rgb\14.38.55.135.png,06.12.2024\57\depth\14.38.55.135.png
893,6753,4.0,06.12.2024,57,06.12.2024\57\rgb\14.38.55.223.png,06.12.2024\57\depth\14.38.55.223.png
894,6753,4.0,06.12.2024,57,06.12.2024\57\rgb\14.38.55.319.png,06.12.2024\57\depth\14.38.55.319.png
895,6753,4.0,06.12.2024,57,06.12.2024\57\rgb\14.38.55.412.png,06.12.2024\57\depth\14.38.55.412.png
896,6753,4.0,06.12.2024,57,06.12.2024\57\rgb\14.38.55.505.png,06.12.2024\57\depth\14.38.55.505.png
897,6753,4.0,06.12.2024,57,06.12.2024\57\rgb\14.38.55.597.png,06.12.2024\57\depth\14.38.55.597.png
898,6753,4.0,06.12.2024,57,06.12.2024\57\rgb\14.38.55.689.png,06.12.2024\57\depth\14.38.55.689.png
899,6753,4.0,06.12.2024,57,06.12.2024\57\rgb\14.38.55.783.png,06.12.2024\57\depth\14.38.55.783.png
900,6753,4.0,06.12.2024,57,06.12.2024\57\rgb\14.38.55.876.png,06.12.2024\57\depth\14.38.55.876.png
901,7287,3.0,06.12.2024,58,06.12.2024\58\rgb\14.39.10.691.png,06.12.2024\58\depth\14.39.10.691.png
902,7287,3.0,06.12.2024,58,06.12.2024\58\rgb\14.39.10.777.png,06.12.2024\58\depth\14.39.10.777.png
903,7287,3.0,06.12.2024,58,06.12.2024\58\rgb\14.39.10.853.png,06.12.2024\58\depth\14.39.10.853.png
904,7287,3.0,06.12.2024,58,06.12.2024\58\rgb\14.39.10.948.png,06.12.2024\58\depth\14.39.10.948.png
905,7287,3.0,06.12.2024,58,06.12.2024\58\rgb\14.39.11.037.png,06.12.2024\58\depth\14.39.11.037.png
906,7287,3.0,06.12.2024,58,06.12.2024\58\rgb\14.39.11.129.png,06.12.2024\58\depth\14.39.11.129.png
907,7287,3.0,06.12.2024,58,06.12.2024\58\rgb\14.39.11.224.png,06.12.2024\58\depth\14.39.11.224.png
908,7287,3.0,06.12.2024,58,06.12.2024\58\rgb\14.39.11.319.png,06.12.2024\58\depth\14.39.11.319.png
909,7287,3.0,06.12.2024,58,06.12.2024\58\rgb\14.39.11.406.png,06.12.2024\58\depth\14.39.11.406.png
910,7287,3.0,06.12.2024,58,06.12.2024\58\rgb\14.39.11.501.png,06.12.2024\58\depth\14.39.11.501.png
911,7287,3.0,06.12.2024,58,06.12.2024\58\rgb\14.39.11.592.png,06.12.2024\58\depth\14.39.11.592.png
912,7287,3.0,06.12.2024,58,06.12.2024\58\rgb\14.39.11.686.png,06.12.2024\58\depth\14.39.11.686.png
913,7287,3.0,06.12.2024,58,06.12.2024\58\rgb\14.39.11.777.png,06.12.2024\58\depth\14.39.11.777.png
914,7287,3.0,06.12.2024,58,06.12.2024\58\rgb\14.39.11.869.png,06.12.2024\58\depth\14.39.11.869.png
915,7287,3.0,06.12.2024,58,06.12.2024\58\rgb\14.39.11.962.png,06.12.2024\58\depth\14.39.11.962.png
916,7287,3.0,06.12.2024,58,06.12.2024\58\rgb\14.39.12.055.png,06.12.2024\58\depth\14.39.12.055.png
917,7287,3.0,06.12.2024,58,06.12.2024\58\rgb\14.39.12.144.png,06.12.2024\58\depth\14.39.12.144.png
918,7287,3.0,06.12.2024,58,06.12.2024\58\rgb\14.39.12.237.png,06.12.2024\58\depth\14.39.12.237.png
919,7287,3.0,06.12.2024,58,06.12.2024\58\rgb\14.39.12.330.png,06.12.2024\58\depth\14.39.12.330.png
920,7287,3.0,06.12.2024,58,06.12.2024\58\rgb\14.39.12.424.png,06.12.2024\58\depth\14.39.12.424.png
921,5181,3.0,06.12.2024,59,06.12.2024\59\rgb\14.39.29.289.png,06.12.2024\59\depth\14.39.29.289.png
922,5181,3.0,06.12.2024,59,06.12.2024\59\rgb\14.39.29.374.png,06.12.2024\59\depth\14.39.29.374.png
923,5181,3.0,06.12.2024,59,06.12.2024\59\rgb\14.39.29.464.png,06.12.2024\59\depth\14.39.29.464.png
924,5181,3.0,06.12.2024,59,06.12.2024\59\rgb\14.39.29.559.png,06.12.2024\59\depth\14.39.29.559.png
925,5181,3.0,06.12.2024,59,06.12.2024\59\rgb\14.39.29.649.png,06.12.2024\59\depth\14.39.29.649.png
926,5181,3.0,06.12.2024,59,06.12.2024\59\rgb\14.39.29.744.png,06.12.2024\59\depth\14.39.29.744.png
927,5181,3.0,06.12.2024,59,06.12.2024\59\rgb\14.39.29.835.png,06.12.2024\59\depth\14.39.29.835.png
928,5181,3.0,06.12.2024,59,06.12.2024\59\rgb\14.39.29.927.png,06.12.2024\59\depth\14.39.29.927.png
929,5181,3.0,06.12.2024,59,06.12.2024\59\rgb\14.39.30.020.png,06.12.2024\59\depth\14.39.30.020.png
930,5181,3.0,06.12.2024,59,06.12.2024\59\rgb\14.39.30.114.png,06.12.2024\59\depth\14.39.30.114.png
931,5181,3.0,06.12.2024,59,06.12.2024\59\rgb\14.39.30.205.png,06.12.2024\59\depth\14.39.30.205.png
932,5181,3.0,06.12.2024,59,06.12.2024\59\rgb\14.39.30.296.png,06.12.2024\59\depth\14.39.30.296.png
933,5181,3.0,06.12.2024,59,06.12.2024\59\rgb\14.39.30.389.png,06.12.2024\59\depth\14.39.30.389.png
934,5181,3.0,06.12.2024,59,06.12.2024\59\rgb\14.39.30.482.png,06.12.2024\59\depth\14.39.30.482.png
935,5181,3.0,06.12.2024,59,06.12.2024\59\rgb\14.39.30.574.png,06.12.2024\59\depth\14.39.30.574.png
936,5181,3.0,06.12.2024,59,06.12.2024\59\rgb\14.39.30.664.png,06.12.2024\59\depth\14.39.30.664.png
937,5181,3.0,06.12.2024,59,06.12.2024\59\rgb\14.39.30.760.png,06.12.2024\59\depth\14.39.30.760.png
938,5181,3.0,06.12.2024,59,06.12.2024\59\rgb\14.39.30.855.png,06.12.2024\59\depth\14.39.30.855.png
939,5181,3.0,06.12.2024,59,06.12.2024\59\rgb\14.39.30.947.png,06.12.2024\59\depth\14.39.30.947.png
940,5181,3.0,06.12.2024,59,06.12.2024\59\rgb\14.39.31.036.png,06.12.2024\59\depth\14.39.31.036.png
941,5134,3.25,06.12.2024,60,06.12.2024\60\rgb\14.39.44.449.png,06.12.2024\60\depth\14.39.44.449.png
942,5134,3.25,06.12.2024,60,06.12.2024\60\rgb\14.39.44.541.png,06.12.2024\60\depth\14.39.44.541.png
943,5134,3.25,06.12.2024,60,06.12.2024\60\rgb\14.39.44.634.png,06.12.2024\60\depth\14.39.44.634.png
944,5134,3.25,06.12.2024,60,06.12.2024\60\rgb\14.39.44.727.png,06.12.2024\60\depth\14.39.44.727.png
945,5134,3.25,06.12.2024,60,06.12.2024\60\rgb\14.39.44.822.png,06.12.2024\60\depth\14.39.44.822.png
946,5134,3.25,06.12.2024,60,06.12.2024\60\rgb\14.39.44.914.png,06.12.2024\60\depth\14.39.44.914.png
947,5134,3.25,06.12.2024,60,06.12.2024\60\rgb\14.39.45.008.png,06.12.2024\60\depth\14.39.45.008.png
948,5134,3.25,06.12.2024,60,06.12.2024\60\rgb\14.39.45.099.png,06.12.2024\60\depth\14.39.45.099.png
949,5134,3.25,06.12.2024,60,06.12.2024\60\rgb\14.39.45.190.png,06.12.2024\60\depth\14.39.45.190.png
950,5134,3.25,06.12.2024,60,06.12.2024\60\rgb\14.39.45.284.png,06.12.2024\60\depth\14.39.45.284.png
951,5134,3.25,06.12.2024,60,06.12.2024\60\rgb\14.39.45.375.png,06.12.2024\60\depth\14.39.45.375.png
952,5134,3.25,06.12.2024,60,06.12.2024\60\rgb\14.39.45.466.png,06.12.2024\60\depth\14.39.45.466.png
953,5134,3.25,06.12.2024,60,06.12.2024\60\rgb\14.39.45.560.png,06.12.2024\60\depth\14.39.45.560.png
954,5134,3.25,06.12.2024,60,06.12.2024\60\rgb\14.39.45.653.png,06.12.2024\60\depth\14.39.45.653.png
955,5134,3.25,06.12.2024,60,06.12.2024\60\rgb\14.39.45.741.png,06.12.2024\60\depth\14.39.45.741.png
956,5134,3.25,06.12.2024,60,06.12.2024\60\rgb\14.39.45.834.png,06.12.2024\60\depth\14.39.45.834.png
957,5134,3.25,06.12.2024,60,06.12.2024\60\rgb\14.39.45.927.png,06.12.2024\60\depth\14.39.45.927.png
958,5134,3.25,06.12.2024,60,06.12.2024\60\rgb\14.39.46.021.png,06.12.2024\60\depth\14.39.46.021.png
959,5134,3.25,06.12.2024,60,06.12.2024\60\rgb\14.39.46.116.png,06.12.2024\60\depth\14.39.46.116.png
960,5134,3.25,06.12.2024,60,06.12.2024\60\rgb\14.39.46.208.png,06.12.2024\60\depth\14.39.46.208.png
961,601224,3.25,06.12.2024,61,06.12.2024\61\rgb\14.40.03.297.png,06.12.2024\61\depth\14.40.03.297.png
962,601224,3.25,06.12.2024,61,06.12.2024\61\rgb\14.40.03.389.png,06.12.2024\61\depth\14.40.03.389.png
963,601224,3.25,06.12.2024,61,06.12.2024\61\rgb\14.40.03.482.png,06.12.2024\61\depth\14.40.03.482.png
964,601224,3.25,06.12.2024,61,06.12.2024\61\rgb\14.40.03.572.png,06.12.2024\61\depth\14.40.03.572.png
965,601224,3.25,06.12.2024,61,06.12.2024\61\rgb\14.40.03.665.png,06.12.2024\61\depth\14.40.03.665.png
966,601224,3.25,06.12.2024,61,06.12.2024\61\rgb\14.40.03.759.png,06.12.2024\61\depth\14.40.03.759.png
967,601224,3.25,06.12.2024,61,06.12.2024\61\rgb\14.40.03.858.png,06.12.2024\61\depth\14.40.03.858.png
968,601224,3.25,06.12.2024,61,06.12.2024\61\rgb\14.40.03.944.png,06.12.2024\61\depth\14.40.03.944.png
969,601224,3.25,06.12.2024,61,06.12.2024\61\rgb\14.40.04.036.png,06.12.2024\61\depth\14.40.04.036.png
970,601224,3.25,06.12.2024,61,06.12.2024\61\rgb\14.40.04.130.png,06.12.2024\61\depth\14.40.04.130.png
971,601224,3.25,06.12.2024,61,06.12.2024\61\rgb\14.40.04.222.png,06.12.2024\61\depth\14.40.04.222.png
972,601224,3.25,06.12.2024,61,06.12.2024\61\rgb\14.40.04.319.png,06.12.2024\61\depth\14.40.04.319.png
973,601224,3.25,06.12.2024,61,06.12.2024\61\rgb\14.40.04.410.png,06.12.2024\61\depth\14.40.04.410.png
974,601224,3.25,06.12.2024,61,06.12.2024\61\rgb\14.40.04.499.png,06.12.2024\61\depth\14.40.04.499.png
975,601224,3.25,06.12.2024,61,06.12.2024\61\rgb\14.40.04.591.png,06.12.2024\61\depth\14.40.04.591.png
976,601224,3.25,06.12.2024,61,06.12.2024\61\rgb\14.40.04.687.png,06.12.2024\61\depth\14.40.04.687.png
977,601224,3.25,06.12.2024,61,06.12.2024\61\rgb\14.40.04.780.png,06.12.2024\61\depth\14.40.04.780.png
978,601224,3.25,06.12.2024,61,06.12.2024\61\rgb\14.40.04.873.png,06.12.2024\61\depth\14.40.04.873.png
979,601224,3.25,06.12.2024,61,06.12.2024\61\rgb\14.40.04.970.png,06.12.2024\61\depth\14.40.04.970.png
980,601224,3.25,06.12.2024,61,06.12.2024\61\rgb\14.40.05.060.png,06.12.2024\61\depth\14.40.05.060.png
981,6947,3.25,06.12.2024,62,06.12.2024\62\rgb\14.40.20.229.png,06.12.2024\62\depth\14.40.20.229.png
982,6947,3.25,06.12.2024,62,06.12.2024\62\rgb\14.40.20.329.png,06.12.2024\62\depth\14.40.20.329.png
983,6947,3.25,06.12.2024,62,06.12.2024\62\rgb\14.40.20.421.png,06.12.2024\62\depth\14.40.20.421.png
984,6947,3.25,06.12.2024,62,06.12.2024\62\rgb\14.40.20.515.png,06.12.2024\62\depth\14.40.20.515.png
985,6947,3.25,06.12.2024,62,06.12.2024\62\rgb\14.40.20.603.png,06.12.2024\62\depth\14.40.20.603.png
986,6947,3.25,06.12.2024,62,06.12.2024\62\rgb\14.40.20.701.png,06.12.2024\62\depth\14.40.20.701.png
987,6947,3.25,06.12.2024,62,06.12.2024\62\rgb\14.40.20.794.png,06.12.2024\62\depth\14.40.20.794.png
988,6947,3.25,06.12.2024,62,06.12.2024\62\rgb\14.40.20.890.png,06.12.2024\62\depth\14.40.20.890.png
989,6947,3.25,06.12.2024,62,06.12.2024\62\rgb\14.40.20.995.png,06.12.2024\62\depth\14.40.20.995.png
990,6947,3.25,06.12.2024,62,06.12.2024\62\rgb\14.40.21.087.png,06.12.2024\62\depth\14.40.21.087.png
991,6947,3.25,06.12.2024,62,06.12.2024\62\rgb\14.40.21.183.png,06.12.2024\62\depth\14.40.21.183.png
992,6947,3.25,06.12.2024,62,06.12.2024\62\rgb\14.40.21.276.png,06.12.2024\62\depth\14.40.21.276.png
993,6947,3.25,06.12.2024,62,06.12.2024\62\rgb\14.40.21.366.png,06.12.2024\62\depth\14.40.21.366.png
994,6947,3.25,06.12.2024,62,06.12.2024\62\rgb\14.40.21.460.png,06.12.2024\62\depth\14.40.21.460.png
995,6947,3.25,06.12.2024,62,06.12.2024\62\rgb\14.40.21.555.png,06.12.2024\62\depth\14.40.21.555.png
996,6947,3.25,06.12.2024,62,06.12.2024\62\rgb\14.40.21.648.png,06.12.2024\62\depth\14.40.21.648.png
997,6947,3.25,06.12.2024,62,06.12.2024\62\rgb\14.40.21.738.png,06.12.2024\62\depth\14.40.21.738.png
998,6947,3.25,06.12.2024,62,06.12.2024\62\rgb\14.40.21.833.png,06.12.2024\62\depth\14.40.21.833.png
999,6947,3.25,06.12.2024,62,06.12.2024\62\rgb\14.40.21.928.png,06.12.2024\62\depth\14.40.21.928.png
1000,6947,3.25,06.12.2024,62,06.12.2024\62\rgb\14.40.22.020.png,06.12.2024\62\depth\14.40.22.020.png
1001,5126,3.25,06.12.2024,63,06.12.2024\63\rgb\14.40.36.159.png,06.12.2024\63\depth\14.40.36.159.png
1002,5126,3.25,06.12.2024,63,06.12.2024\63\rgb\14.40.36.246.png,06.12.2024\63\depth\14.40.36.246.png
1003,5126,3.25,06.12.2024,63,06.12.2024\63\rgb\14.40.36.340.png,06.12.2024\63\depth\14.40.36.340.png
1004,5126,3.25,06.12.2024,63,06.12.2024\63\rgb\14.40.36.428.png,06.12.2024\63\depth\14.40.36.428.png
1005,5126,3.25,06.12.2024,63,06.12.2024\63\rgb\14.40.36.521.png,06.12.2024\63\depth\14.40.36.521.png
1006,5126,3.25,06.12.2024,63,06.12.2024\63\rgb\14.40.36.615.png,06.12.2024\63\depth\14.40.36.615.png
1007,5126,3.25,06.12.2024,63,06.12.2024\63\rgb\14.40.36.705.png,06.12.2024\63\depth\14.40.36.705.png
1008,5126,3.25,06.12.2024,63,06.12.2024\63\rgb\14.40.36.796.png,06.12.2024\63\depth\14.40.36.796.png
1009,5126,3.25,06.12.2024,63,06.12.2024\63\rgb\14.40.36.892.png,06.12.2024\63\depth\14.40.36.892.png
1010,5126,3.25,06.12.2024,63,06.12.2024\63\rgb\14.40.36.982.png,06.12.2024\63\depth\14.40.36.982.png
1011,5126,3.25,06.12.2024,63,06.12.2024\63\rgb\14.40.37.075.png,06.12.2024\63\depth\14.40.37.075.png
1012,5126,3.25,06.12.2024,63,06.12.2024\63\rgb\14.40.37.168.png,06.12.2024\63\depth\14.40.37.168.png
1013,5126,3.25,06.12.2024,63,06.12.2024\63\rgb\14.40.37.262.png,06.12.2024\63\depth\14.40.37.262.png
1014,5126,3.25,06.12.2024,63,06.12.2024\63\rgb\14.40.37.355.png,06.12.2024\63\depth\14.40.37.355.png
1015,5126,3.25,06.12.2024,63,06.12.2024\63\rgb\14.40.37.447.png,06.12.2024\63\depth\14.40.37.447.png
1016,5126,3.25,06.12.2024,63,06.12.2024\63\rgb\14.40.37.542.png,06.12.2024\63\depth\14.40.37.542.png
1017,5126,3.25,06.12.2024,63,06.12.2024\63\rgb\14.40.37.637.png,06.12.2024\63\depth\14.40.37.637.png
1018,5126,3.25,06.12.2024,63,06.12.2024\63\rgb\14.40.37.725.png,06.12.2024\63\depth\14.40.37.725.png
1019,5126,3.25,06.12.2024,63,06.12.2024\63\rgb\14.40.37.817.png,06.12.2024\63\depth\14.40.37.817.png
1020,5126,3.25,06.12.2024,63,06.12.2024\63\rgb\14.40.37.908.png,06.12.2024\63\depth\14.40.37.908.png
1021,7415,3.75,06.12.2024,66,06.12.2024\66\rgb\14.43.38.635.png,06.12.2024\66\depth\14.43.38.635.png
1022,7415,3.75,06.12.2024,66,06.12.2024\66\rgb\14.43.38.716.png,06.12.2024\66\depth\14.43.38.716.png
1023,7415,3.75,06.12.2024,66,06.12.2024\66\rgb\14.43.38.809.png,06.12.2024\66\depth\14.43.38.809.png
1024,7415,3.75,06.12.2024,66,06.12.2024\66\rgb\14.43.38.901.png,06.12.2024\66\depth\14.43.38.901.png
1025,7415,3.75,06.12.2024,66,06.12.2024\66\rgb\14.43.38.994.png,06.12.2024\66\depth\14.43.38.994.png
1026,7415,3.75,06.12.2024,66,06.12.2024\66\rgb\14.43.39.088.png,06.12.2024\66\depth\14.43.39.088.png
1027,7415,3.75,06.12.2024,66,06.12.2024\66\rgb\14.43.39.177.png,06.12.2024\66\depth\14.43.39.177.png
1028,7415,3.75,06.12.2024,66,06.12.2024\66\rgb\14.43.39.268.png,06.12.2024\66\depth\14.43.39.268.png
1029,7415,3.75,06.12.2024,66,06.12.2024\66\rgb\14.43.39.361.png,06.12.2024\66\depth\14.43.39.361.png
1030,7415,3.75,06.12.2024,66,06.12.2024\66\rgb\14.43.39.457.png,06.12.2024\66\depth\14.43.39.457.png
1031,7415,3.75,06.12.2024,66,06.12.2024\66\rgb\14.43.39.549.png,06.12.2024\66\depth\14.43.39.549.png
1032,7415,3.75,06.12.2024,66,06.12.2024\66\rgb\14.43.39.640.png,06.12.2024\66\depth\14.43.39.640.png
1033,7415,3.75,06.12.2024,66,06.12.2024\66\rgb\14.43.39.734.png,06.12.2024\66\depth\14.43.39.734.png
1034,7415,3.75,06.12.2024,66,06.12.2024\66\rgb\14.43.39.825.png,06.12.2024\66\depth\14.43.39.825.png
1035,7415,3.75,06.12.2024,66,06.12.2024\66\rgb\14.43.39.920.png,06.12.2024\66\depth\14.43.39.920.png
1036,7415,3.75,06.12.2024,66,06.12.2024\66\rgb\14.43.40.010.png,06.12.2024\66\depth\14.43.40.010.png
1037,7415,3.75,06.12.2024,66,06.12.2024\66\rgb\14.43.40.102.png,06.12.2024\66\depth\14.43.40.102.png
1038,7415,3.75,06.12.2024,66,06.12.2024\66\rgb\14.43.40.194.png,06.12.2024\66\depth\14.43.40.194.png
1039,7415,3.75,06.12.2024,66,06.12.2024\66\rgb\14.43.40.290.png,06.12.2024\66\depth\14.43.40.290.png
1040,7415,3.75,06.12.2024,66,06.12.2024\66\rgb\14.43.40.383.png,06.12.2024\66\depth\14.43.40.383.png
1041,6641,3.5,06.12.2024,67,06.12.2024\67\rgb\14.43.59.653.png,06.12.2024\67\depth\14.43.59.653.png
1042,6641,3.5,06.12.2024,67,06.12.2024\67\rgb\14.43.59.751.png,06.12.2024\67\depth\14.43.59.751.png
1043,6641,3.5,06.12.2024,67,06.12.2024\67\rgb\14.43.59.847.png,06.12.2024\67\depth\14.43.59.847.png
1044,6641,3.5,06.12.2024,67,06.12.2024\67\rgb\14.43.59.937.png,06.12.2024\67\depth\14.43.59.937.png
1045,6641,3.5,06.12.2024,67,06.12.2024\67\rgb\14.44.00.033.png,06.12.2024\67\depth\14.44.00.033.png
1046,6641,3.5,06.12.2024,67,06.12.2024\67\rgb\14.44.00.123.png,06.12.2024\67\depth\14.44.00.123.png
1047,6641,3.5,06.12.2024,67,06.12.2024\67\rgb\14.44.00.218.png,06.12.2024\67\depth\14.44.00.218.png
1048,6641,3.5,06.12.2024,67,06.12.2024\67\rgb\14.44.00.311.png,06.12.2024\67\depth\14.44.00.311.png
1049,6641,3.5,06.12.2024,67,06.12.2024\67\rgb\14.44.00.398.png,06.12.2024\67\depth\14.44.00.398.png
1050,6641,3.5,06.12.2024,67,06.12.2024\67\rgb\14.44.00.493.png,06.12.2024\67\depth\14.44.00.493.png
1051,6641,3.5,06.12.2024,67,06.12.2024\67\rgb\14.44.00.586.png,06.12.2024\67\depth\14.44.00.586.png
1052,6641,3.5,06.12.2024,67,06.12.2024\67\rgb\14.44.00.677.png,06.12.2024\67\depth\14.44.00.677.png
1053,6641,3.5,06.12.2024,67,06.12.2024\67\rgb\14.44.00.769.png,06.12.2024\67\depth\14.44.00.769.png
1054,6641,3.5,06.12.2024,67,06.12.2024\67\rgb\14.44.00.863.png,06.12.2024\67\depth\14.44.00.863.png
1055,6641,3.5,06.12.2024,67,06.12.2024\67\rgb\14.44.00.957.png,06.12.2024\67\depth\14.44.00.957.png
1056,6641,3.5,06.12.2024,67,06.12.2024\67\rgb\14.44.01.051.png,06.12.2024\67\depth\14.44.01.051.png
1057,6641,3.5,06.12.2024,67,06.12.2024\67\rgb\14.44.01.142.png,06.12.2024\67\depth\14.44.01.142.png
1058,6641,3.5,06.12.2024,67,06.12.2024\67\rgb\14.44.01.235.png,06.12.2024\67\depth\14.44.01.235.png
1059,6641,3.5,06.12.2024,67,06.12.2024\67\rgb\14.44.01.326.png,06.12.2024\67\depth\14.44.01.326.png
1060,6641,3.5,06.12.2024,67,06.12.2024\67\rgb\14.44.01.422.png,06.12.2024\67\depth\14.44.01.422.png
1061,5143,3.25,06.12.2024,68,06.12.2024\68\rgb\14.44.13.172.png,06.12.2024\68\depth\14.44.13.172.png
1062,5143,3.25,06.12.2024,68,06.12.2024\68\rgb\14.44.13.255.png,06.12.2024\68\depth\14.44.13.255.png
1063,5143,3.25,06.12.2024,68,06.12.2024\68\rgb\14.44.13.341.png,06.12.2024\68\depth\14.44.13.341.png
1064,5143,3.25,06.12.2024,68,06.12.2024\68\rgb\14.44.13.427.png,06.12.2024\68\depth\14.44.13.427.png
1065,5143,3.25,06.12.2024,68,06.12.2024\68\rgb\14.44.13.521.png,06.12.2024\68\depth\14.44.13.521.png
1066,5143,3.25,06.12.2024,68,06.12.2024\68\rgb\14.44.13.613.png,06.12.2024\68\depth\14.44.13.613.png
1067,5143,3.25,06.12.2024,68,06.12.2024\68\rgb\14.44.13.704.png,06.12.2024\68\depth\14.44.13.704.png
1068,5143,3.25,06.12.2024,68,06.12.2024\68\rgb\14.44.13.793.png,06.12.2024\68\depth\14.44.13.793.png
1069,5143,3.25,06.12.2024,68,06.12.2024\68\rgb\14.44.13.889.png,06.12.2024\68\depth\14.44.13.889.png
1070,5143,3.25,06.12.2024,68,06.12.2024\68\rgb\14.44.13.993.png,06.12.2024\68\depth\14.44.13.993.png
1071,5143,3.25,06.12.2024,68,06.12.2024\68\rgb\14.44.14.087.png,06.12.2024\68\depth\14.44.14.087.png
1072,5143,3.25,06.12.2024,68,06.12.2024\68\rgb\14.44.14.184.png,06.12.2024\68\depth\14.44.14.184.png
1073,5143,3.25,06.12.2024,68,06.12.2024\68\rgb\14.44.14.278.png,06.12.2024\68\depth\14.44.14.278.png
1074,5143,3.25,06.12.2024,68,06.12.2024\68\rgb\14.44.14.369.png,06.12.2024\68\depth\14.44.14.369.png
1075,5143,3.25,06.12.2024,68,06.12.2024\68\rgb\14.44.14.459.png,06.12.2024\68\depth\14.44.14.459.png
1076,5143,3.25,06.12.2024,68,06.12.2024\68\rgb\14.44.14.553.png,06.12.2024\68\depth\14.44.14.553.png
1077,5143,3.25,06.12.2024,68,06.12.2024\68\rgb\14.44.14.651.png,06.12.2024\68\depth\14.44.14.651.png
1078,5143,3.25,06.12.2024,68,06.12.2024\68\rgb\14.44.14.747.png,06.12.2024\68\depth\14.44.14.747.png
1079,5143,3.25,06.12.2024,68,06.12.2024\68\rgb\14.44.14.837.png,06.12.2024\68\depth\14.44.14.837.png
1080,5143,3.25,06.12.2024,68,06.12.2024\68\rgb\14.44.14.921.png,06.12.2024\68\depth\14.44.14.921.png
1081,6738,3.25,06.12.2024,69,06.12.2024\69\rgb\14.44.30.938.png,06.12.2024\69\depth\14.44.30.938.png
1082,6738,3.25,06.12.2024,69,06.12.2024\69\rgb\14.44.31.037.png,06.12.2024\69\depth\14.44.31.037.png
1083,6738,3.25,06.12.2024,69,06.12.2024\69\rgb\14.44.31.131.png,06.12.2024\69\depth\14.44.31.131.png
1084,6738,3.25,06.12.2024,69,06.12.2024\69\rgb\14.44.31.223.png,06.12.2024\69\depth\14.44.31.223.png
1085,6738,3.25,06.12.2024,69,06.12.2024\69\rgb\14.44.31.314.png,06.12.2024\69\depth\14.44.31.314.png
1086,6738,3.25,06.12.2024,69,06.12.2024\69\rgb\14.44.31.405.png,06.12.2024\69\depth\14.44.31.405.png
1087,6738,3.25,06.12.2024,69,06.12.2024\69\rgb\14.44.31.497.png,06.12.2024\69\depth\14.44.31.497.png
1088,6738,3.25,06.12.2024,69,06.12.2024\69\rgb\14.44.31.593.png,06.12.2024\69\depth\14.44.31.593.png
1089,6738,3.25,06.12.2024,69,06.12.2024\69\rgb\14.44.31.685.png,06.12.2024\69\depth\14.44.31.685.png
1090,6738,3.25,06.12.2024,69,06.12.2024\69\rgb\14.44.31.778.png,06.12.2024\69\depth\14.44.31.778.png
1091,6738,3.25,06.12.2024,69,06.12.2024\69\rgb\14.44.31.871.png,06.12.2024\69\depth\14.44.31.871.png
1092,6738,3.25,06.12.2024,69,06.12.2024\69\rgb\14.44.31.963.png,06.12.2024\69\depth\14.44.31.963.png
1093,6738,3.25,06.12.2024,69,06.12.2024\69\rgb\14.44.32.056.png,06.12.2024\69\depth\14.44.32.056.png
1094,6738,3.25,06.12.2024,69,06.12.2024\69\rgb\14.44.32.146.png,06.12.2024\69\depth\14.44.32.146.png
1095,6738,3.25,06.12.2024,69,06.12.2024\69\rgb\14.44.32.236.png,06.12.2024\69\depth\14.44.32.236.png
1096,6738,3.25,06.12.2024,69,06.12.2024\69\rgb\14.44.32.332.png,06.12.2024\69\depth\14.44.32.332.png
1097,6738,3.25,06.12.2024,69,06.12.2024\69\rgb\14.44.32.423.png,06.12.2024\69\depth\14.44.32.423.png
1098,6738,3.25,06.12.2024,69,06.12.2024\69\rgb\14.44.32.518.png,06.12.2024\69\depth\14.44.32.518.png
1099,6738,3.25,06.12.2024,69,06.12.2024\69\rgb\14.44.32.611.png,06.12.2024\69\depth\14.44.32.611.png
1100,6738,3.25,06.12.2024,69,06.12.2024\69\rgb\14.44.32.700.png,06.12.2024\69\depth\14.44.32.700.png
1101,6139,3.25,06.12.2024,70,06.12.2024\70\rgb\14.44.46.978.png,06.12.2024\70\depth\14.44.46.978.png
1102,6139,3.25,06.12.2024,70,06.12.2024\70\rgb\14.44.47.063.png,06.12.2024\70\depth\14.44.47.063.png
1103,6139,3.25,06.12.2024,70,06.12.2024\70\rgb\14.44.47.156.png,06.12.2024\70\depth\14.44.47.156.png
1104,6139,3.25,06.12.2024,70,06.12.2024\70\rgb\14.44.47.249.png,06.12.2024\70\depth\14.44.47.249.png
1105,6139,3.25,06.12.2024,70,06.12.2024\70\rgb\14.44.47.343.png,06.12.2024\70\depth\14.44.47.343.png
1106,6139,3.25,06.12.2024,70,06.12.2024\70\rgb\14.44.47.434.png,06.12.2024\70\depth\14.44.47.434.png
1107,6139,3.25,06.12.2024,70,06.12.2024\70\rgb\14.44.47.525.png,06.12.2024\70\depth\14.44.47.525.png
1108,6139,3.25,06.12.2024,70,06.12.2024\70\rgb\14.44.47.616.png,06.12.2024\70\depth\14.44.47.616.png
1109,6139,3.25,06.12.2024,70,06.12.2024\70\rgb\14.44.47.693.png,06.12.2024\70\depth\14.44.47.693.png
1110,6139,3.25,06.12.2024,70,06.12.2024\70\rgb\14.44.47.788.png,06.12.2024\70\depth\14.44.47.788.png
1111,6139,3.25,06.12.2024,70,06.12.2024\70\rgb\14.44.47.881.png,06.12.2024\70\depth\14.44.47.881.png
1112,6139,3.25,06.12.2024,70,06.12.2024\70\rgb\14.44.47.978.png,06.12.2024\70\depth\14.44.47.978.png
1113,6139,3.25,06.12.2024,70,06.12.2024\70\rgb\14.44.48.064.png,06.12.2024\70\depth\14.44.48.064.png
1114,6139,3.25,06.12.2024,70,06.12.2024\70\rgb\14.44.48.158.png,06.12.2024\70\depth\14.44.48.158.png
1115,6139,3.25,06.12.2024,70,06.12.2024\70\rgb\14.44.48.252.png,06.12.2024\70\depth\14.44.48.252.png
1116,6139,3.25,06.12.2024,70,06.12.2024\70\rgb\14.44.48.336.png,06.12.2024\70\depth\14.44.48.336.png
1117,6139,3.25,06.12.2024,70,06.12.2024\70\rgb\14.44.48.421.png,06.12.2024\70\depth\14.44.48.421.png
1118,6139,3.25,06.12.2024,70,06.12.2024\70\rgb\14.44.48.516.png,06.12.2024\70\depth\14.44.48.516.png
1119,6139,3.25,06.12.2024,70,06.12.2024\70\rgb\14.44.48.609.png,06.12.2024\70\depth\14.44.48.609.png
1120,6139,3.25,06.12.2024,70,06.12.2024\70\rgb\14.44.48.701.png,06.12.2024\70\depth\14.44.48.701.png
1121,5053,3.5,06.12.2024,71,06.12.2024\71\rgb\14.45.05.173.png,06.12.2024\71\depth\14.45.05.173.png
1122,5053,3.5,06.12.2024,71,06.12.2024\71\rgb\14.45.05.257.png,06.12.2024\71\depth\14.45.05.257.png
1123,5053,3.5,06.12.2024,71,06.12.2024\71\rgb\14.45.05.354.png,06.12.2024\71\depth\14.45.05.354.png
1124,5053,3.5,06.12.2024,71,06.12.2024\71\rgb\14.45.05.446.png,06.12.2024\71\depth\14.45.05.446.png
1125,5053,3.5,06.12.2024,71,06.12.2024\71\rgb\14.45.05.541.png,06.12.2024\71\depth\14.45.05.541.png
1126,5053,3.5,06.12.2024,71,06.12.2024\71\rgb\14.45.05.632.png,06.12.2024\71\depth\14.45.05.632.png
1127,5053,3.5,06.12.2024,71,06.12.2024\71\rgb\14.45.05.724.png,06.12.2024\71\depth\14.45.05.724.png
1128,5053,3.5,06.12.2024,71,06.12.2024\71\rgb\14.45.05.814.png,06.12.2024\71\depth\14.45.05.814.png
1129,5053,3.5,06.12.2024,71,06.12.2024\71\rgb\14.45.05.909.png,06.12.2024\71\depth\14.45.05.909.png
1130,5053,3.5,06.12.2024,71,06.12.2024\71\rgb\14.45.06.000.png,06.12.2024\71\depth\14.45.06.000.png
1131,5053,3.5,06.12.2024,71,06.12.2024\71\rgb\14.45.06.093.png,06.12.2024\71\depth\14.45.06.093.png
1132,5053,3.5,06.12.2024,71,06.12.2024\71\rgb\14.45.06.186.png,06.12.2024\71\depth\14.45.06.186.png
1133,5053,3.5,06.12.2024,71,06.12.2024\71\rgb\14.45.06.279.png,06.12.2024\71\depth\14.45.06.279.png
1134,5053,3.5,06.12.2024,71,06.12.2024\71\rgb\14.45.06.370.png,06.12.2024\71\depth\14.45.06.370.png
1135,5053,3.5,06.12.2024,71,06.12.2024\71\rgb\14.45.06.461.png,06.12.2024\71\depth\14.45.06.461.png
1136,5053,3.5,06.12.2024,71,06.12.2024\71\rgb\14.45.06.554.png,06.12.2024\71\depth\14.45.06.554.png
1137,5053,3.5,06.12.2024,71,06.12.2024\71\rgb\14.45.06.647.png,06.12.2024\71\depth\14.45.06.647.png
1138,5053,3.5,06.12.2024,71,06.12.2024\71\rgb\14.45.06.737.png,06.12.2024\71\depth\14.45.06.737.png
1139,5053,3.5,06.12.2024,71,06.12.2024\71\rgb\14.45.06.831.png,06.12.2024\71\depth\14.45.06.831.png
1140,5053,3.5,06.12.2024,71,06.12.2024\71\rgb\14.45.06.926.png,06.12.2024\71\depth\14.45.06.926.png
1141,5193,3.5,06.12.2024,72,06.12.2024\72\rgb\14.46.47.104.png,06.12.2024\72\depth\14.46.47.104.png
1142,5193,3.5,06.12.2024,72,06.12.2024\72\rgb\14.46.47.186.png,06.12.2024\72\depth\14.46.47.186.png
1143,5193,3.5,06.12.2024,72,06.12.2024\72\rgb\14.46.47.290.png,06.12.2024\72\depth\14.46.47.290.png
1144,5193,3.5,06.12.2024,72,06.12.2024\72\rgb\14.46.47.385.png,06.12.2024\72\depth\14.46.47.385.png
1145,5193,3.5,06.12.2024,72,06.12.2024\72\rgb\14.46.47.479.png,06.12.2024\72\depth\14.46.47.479.png
1146,5193,3.5,06.12.2024,72,06.12.2024\72\rgb\14.46.47.568.png,06.12.2024\72\depth\14.46.47.568.png
1147,5193,3.5,06.12.2024,72,06.12.2024\72\rgb\14.46.47.648.png,06.12.2024\72\depth\14.46.47.648.png
1148,5193,3.5,06.12.2024,72,06.12.2024\72\rgb\14.46.47.725.png,06.12.2024\72\depth\14.46.47.725.png
1149,5193,3.5,06.12.2024,72,06.12.2024\72\rgb\14.46.47.818.png,06.12.2024\72\depth\14.46.47.818.png
1150,5193,3.5,06.12.2024,72,06.12.2024\72\rgb\14.46.47.922.png,06.12.2024\72\depth\14.46.47.922.png
1151,5193,3.5,06.12.2024,72,06.12.2024\72\rgb\14.46.48.017.png,06.12.2024\72\depth\14.46.48.017.png
1152,5193,3.5,06.12.2024,72,06.12.2024\72\rgb\14.46.48.112.png,06.12.2024\72\depth\14.46.48.112.png
1153,5193,3.5,06.12.2024,72,06.12.2024\72\rgb\14.46.48.203.png,06.12.2024\72\depth\14.46.48.203.png
1154,5193,3.5,06.12.2024,72,06.12.2024\72\rgb\14.46.48.297.png,06.12.2024\72\depth\14.46.48.297.png
1155,5193,3.5,06.12.2024,72,06.12.2024\72\rgb\14.46.48.404.png,06.12.2024\72\depth\14.46.48.404.png
1156,5193,3.5,06.12.2024,72,06.12.2024\72\rgb\14.46.48.497.png,06.12.2024\72\depth\14.46.48.497.png
1157,5193,3.5,06.12.2024,72,06.12.2024\72\rgb\14.46.48.588.png,06.12.2024\72\depth\14.46.48.588.png
1158,5193,3.5,06.12.2024,72,06.12.2024\72\rgb\14.46.48.683.png,06.12.2024\72\depth\14.46.48.683.png
1159,5193,3.5,06.12.2024,72,06.12.2024\72\rgb\14.46.48.774.png,06.12.2024\72\depth\14.46.48.774.png
1160,5193,3.5,06.12.2024,72,06.12.2024\72\rgb\14.46.48.868.png,06.12.2024\72\depth\14.46.48.868.png
1161,6637,3.5,06.12.2024,74,06.12.2024\74\rgb\14.47.23.042.png,06.12.2024\74\depth\14.47.23.042.png
1162,6637,3.5,06.12.2024,74,06.12.2024\74\rgb\14.47.23.129.png,06.12.2024\74\depth\14.47.23.129.png
1163,6637,3.5,06.12.2024,74,06.12.2024\74\rgb\14.47.23.223.png,06.12.2024\74\depth\14.47.23.223.png
1164,6637,3.5,06.12.2024,74,06.12.2024\74\rgb\14.47.23.318.png,06.12.2024\74\depth\14.47.23.318.png
1165,6637,3.5,06.12.2024,74,06.12.2024\74\rgb\14.47.23.407.png,06.12.2024\74\depth\14.47.23.407.png
1166,6637,3.5,06.12.2024,74,06.12.2024\74\rgb\14.47.23.502.png,06.12.2024\74\depth\14.47.23.502.png
1167,6637,3.5,06.12.2024,74,06.12.2024\74\rgb\14.47.23.586.png,06.12.2024\74\depth\14.47.23.586.png
1168,6637,3.5,06.12.2024,74,06.12.2024\74\rgb\14.47.23.670.png,06.12.2024\74\depth\14.47.23.670.png
1169,6637,3.5,06.12.2024,74,06.12.2024\74\rgb\14.47.23.764.png,06.12.2024\74\depth\14.47.23.764.png
1170,6637,3.5,06.12.2024,74,06.12.2024\74\rgb\14.47.23.859.png,06.12.2024\74\depth\14.47.23.859.png
1171,6637,3.5,06.12.2024,74,06.12.2024\74\rgb\14.47.23.947.png,06.12.2024\74\depth\14.47.23.947.png
1172,6637,3.5,06.12.2024,74,06.12.2024\74\rgb\14.47.24.046.png,06.12.2024\74\depth\14.47.24.046.png
1173,6637,3.5,06.12.2024,74,06.12.2024\74\rgb\14.47.24.135.png,06.12.2024\74\depth\14.47.24.135.png
1174,6637,3.5,06.12.2024,74,06.12.2024\74\rgb\14.47.24.226.png,06.12.2024\74\depth\14.47.24.226.png
1175,6637,3.5,06.12.2024,74,06.12.2024\74\rgb\14.47.24.322.png,06.12.2024\74\depth\14.47.24.322.png
1176,6637,3.5,06.12.2024,74,06.12.2024\74\rgb\14.47.24.413.png,06.12.2024\74\depth\14.47.24.413.png
1177,6637,3.5,06.12.2024,74,06.12.2024\74\rgb\14.47.24.504.png,06.12.2024\74\depth\14.47.24.504.png
1178,6637,3.5,06.12.2024,74,06.12.2024\74\rgb\14.47.24.595.png,06.12.2024\74\depth\14.47.24.595.png
1179,6637,3.5,06.12.2024,74,06.12.2024\74\rgb\14.47.24.689.png,06.12.2024\74\depth\14.47.24.689.png
1180,6637,3.5,06.12.2024,74,06.12.2024\74\rgb\14.47.24.783.png,06.12.2024\74\depth\14.47.24.783.png
1181,6741,3.25,06.12.2024,76,06.12.2024\76\rgb\14.47.56.427.png,06.12.2024\76\depth\14.47.56.427.png
1182,6741,3.25,06.12.2024,76,06.12.2024\76\rgb\14.47.56.525.png,06.12.2024\76\depth\14.47.56.525.png
1183,6741,3.25,06.12.2024,76,06.12.2024\76\rgb\14.47.56.617.png,06.12.2024\76\depth\14.47.56.617.png
1184,6741,3.25,06.12.2024,76,06.12.2024\76\rgb\14.47.56.709.png,06.12.2024\76\depth\14.47.56.709.png
1185,6741,3.25,06.12.2024,76,06.12.2024\76\rgb\14.47.56.801.png,06.12.2024\76\depth\14.47.56.801.png
1186,6741,3.25,06.12.2024,76,06.12.2024\76\rgb\14.47.56.894.png,06.12.2024\76\depth\14.47.56.894.png
1187,6741,3.25,06.12.2024,76,06.12.2024\76\rgb\14.47.56.985.png,06.12.2024\76\depth\14.47.56.985.png
1188,6741,3.25,06.12.2024,76,06.12.2024\76\rgb\14.47.57.080.png,06.12.2024\76\depth\14.47.57.080.png
1189,6741,3.25,06.12.2024,76,06.12.2024\76\rgb\14.47.57.171.png,06.12.2024\76\depth\14.47.57.171.png
1190,6741,3.25,06.12.2024,76,06.12.2024\76\rgb\14.47.57.265.png,06.12.2024\76\depth\14.47.57.265.png
1191,6741,3.25,06.12.2024,76,06.12.2024\76\rgb\14.47.57.359.png,06.12.2024\76\depth\14.47.57.359.png
1192,6741,3.25,06.12.2024,76,06.12.2024\76\rgb\14.47.57.451.png,06.12.2024\76\depth\14.47.57.451.png
1193,6741,3.25,06.12.2024,76,06.12.2024\76\rgb\14.47.57.544.png,06.12.2024\76\depth\14.47.57.544.png
1194,6741,3.25,06.12.2024,76,06.12.2024\76\rgb\14.47.57.635.png,06.12.2024\76\depth\14.47.57.635.png
1195,6741,3.25,06.12.2024,76,06.12.2024\76\rgb\14.47.57.728.png,06.12.2024\76\depth\14.47.57.728.png
1196,6741,3.25,06.12.2024,76,06.12.2024\76\rgb\14.47.57.821.png,06.12.2024\76\depth\14.47.57.821.png
1197,6741,3.25,06.12.2024,76,06.12.2024\76\rgb\14.47.57.914.png,06.12.2024\76\depth\14.47.57.914.png
1198,6741,3.25,06.12.2024,76,06.12.2024\76\rgb\14.47.58.005.png,06.12.2024\76\depth\14.47.58.005.png
1199,6741,3.25,06.12.2024,76,06.12.2024\76\rgb\14.47.58.098.png,06.12.2024\76\depth\14.47.58.098.png
1200,6741,3.25,06.12.2024,76,06.12.2024\76\rgb\14.47.58.191.png,06.12.2024\76\depth\14.47.58.191.png
1201,5154,3.0,06.12.2024,77,06.12.2024\77\rgb\14.48.13.217.png,06.12.2024\77\depth\14.48.13.217.png
1202,5154,3.0,06.12.2024,77,06.12.2024\77\rgb\14.48.13.309.png,06.12.2024\77\depth\14.48.13.309.png
1203,5154,3.0,06.12.2024,77,06.12.2024\77\rgb\14.48.13.403.png,06.12.2024\77\depth\14.48.13.403.png
1204,5154,3.0,06.12.2024,77,06.12.2024\77\rgb\14.48.13.497.png,06.12.2024\77\depth\14.48.13.497.png
1205,5154,3.0,06.12.2024,77,06.12.2024\77\rgb\14.48.13.590.png,06.12.2024\77\depth\14.48.13.590.png
1206,5154,3.0,06.12.2024,77,06.12.2024\77\rgb\14.48.13.678.png,06.12.2024\77\depth\14.48.13.678.png
1207,5154,3.0,06.12.2024,77,06.12.2024\77\rgb\14.48.13.760.png,06.12.2024\77\depth\14.48.13.760.png
1208,5154,3.0,06.12.2024,77,06.12.2024\77\rgb\14.48.13.855.png,06.12.2024\77\depth\14.48.13.855.png
1209,5154,3.0,06.12.2024,77,06.12.2024\77\rgb\14.48.13.943.png,06.12.2024\77\depth\14.48.13.943.png
1210,5154,3.0,06.12.2024,77,06.12.2024\77\rgb\14.48.14.036.png,06.12.2024\77\depth\14.48.14.036.png
1211,5154,3.0,06.12.2024,77,06.12.2024\77\rgb\14.48.14.128.png,06.12.2024\77\depth\14.48.14.128.png
1212,5154,3.0,06.12.2024,77,06.12.2024\77\rgb\14.48.14.222.png,06.12.2024\77\depth\14.48.14.222.png
1213,5154,3.0,06.12.2024,77,06.12.2024\77\rgb\14.48.14.315.png,06.12.2024\77\depth\14.48.14.315.png
1214,5154,3.0,06.12.2024,77,06.12.2024\77\rgb\14.48.14.409.png,06.12.2024\77\depth\14.48.14.409.png
1215,5154,3.0,06.12.2024,77,06.12.2024\77\rgb\14.48.14.500.png,06.12.2024\77\depth\14.48.14.500.png
1216,5154,3.0,06.12.2024,77,06.12.2024\77\rgb\14.48.14.593.png,06.12.2024\77\depth\14.48.14.593.png
1217,5154,3.0,06.12.2024,77,06.12.2024\77\rgb\14.48.14.685.png,06.12.2024\77\depth\14.48.14.685.png
1218,5154,3.0,06.12.2024,77,06.12.2024\77\rgb\14.48.14.777.png,06.12.2024\77\depth\14.48.14.777.png
1219,5154,3.0,06.12.2024,77,06.12.2024\77\rgb\14.48.14.869.png,06.12.2024\77\depth\14.48.14.869.png
1220,5154,3.0,06.12.2024,77,06.12.2024\77\rgb\14.48.14.962.png,06.12.2024\77\depth\14.48.14.962.png
1221,7405,3.0,06.12.2024,78,06.12.2024\78\rgb\14.48.52.791.png,06.12.2024\78\depth\14.48.52.791.png
1222,7405,3.0,06.12.2024,78,06.12.2024\78\rgb\14.48.52.886.png,06.12.2024\78\depth\14.48.52.886.png
1223,7405,3.0,06.12.2024,78,06.12.2024\78\rgb\14.48.52.980.png,06.12.2024\78\depth\14.48.52.980.png
1224,7405,3.0,06.12.2024,78,06.12.2024\78\rgb\14.48.53.070.png,06.12.2024\78\depth\14.48.53.070.png
1225,7405,3.0,06.12.2024,78,06.12.2024\78\rgb\14.48.53.163.png,06.12.2024\78\depth\14.48.53.163.png
1226,7405,3.0,06.12.2024,78,06.12.2024\78\rgb\14.48.53.257.png,06.12.2024\78\depth\14.48.53.257.png
1227,7405,3.0,06.12.2024,78,06.12.2024\78\rgb\14.48.53.354.png,06.12.2024\78\depth\14.48.53.354.png
1228,7405,3.0,06.12.2024,78,06.12.2024\78\rgb\14.48.53.443.png,06.12.2024\78\depth\14.48.53.443.png
1229,7405,3.0,06.12.2024,78,06.12.2024\78\rgb\14.48.53.535.png,06.12.2024\78\depth\14.48.53.535.png
1230,7405,3.0,06.12.2024,78,06.12.2024\78\rgb\14.48.53.626.png,06.12.2024\78\depth\14.48.53.626.png
1231,7405,3.0,06.12.2024,78,06.12.2024\78\rgb\14.48.53.719.png,06.12.2024\78\depth\14.48.53.719.png
1232,7405,3.0,06.12.2024,78,06.12.2024\78\rgb\14.48.53.805.png,06.12.2024\78\depth\14.48.53.805.png
1233,7405,3.0,06.12.2024,78,06.12.2024\78\rgb\14.48.53.902.png,06.12.2024\78\depth\14.48.53.902.png
1234,7405,3.0,06.12.2024,78,06.12.2024\78\rgb\14.48.53.996.png,06.12.2024\78\depth\14.48.53.996.png
1235,7405,3.0,06.12.2024,78,06.12.2024\78\rgb\14.48.54.087.png,06.12.2024\78\depth\14.48.54.087.png
1236,7405,3.0,06.12.2024,78,06.12.2024\78\rgb\14.48.54.182.png,06.12.2024\78\depth\14.48.54.182.png
1237,7405,3.0,06.12.2024,78,06.12.2024\78\rgb\14.48.54.271.png,06.12.2024\78\depth\14.48.54.271.png
1238,7405,3.0,06.12.2024,78,06.12.2024\78\rgb\14.48.54.365.png,06.12.2024\78\depth\14.48.54.365.png
1239,7405,3.0,06.12.2024,78,06.12.2024\78\rgb\14.48.54.457.png,06.12.2024\78\depth\14.48.54.457.png
1240,7405,3.0,06.12.2024,78,06.12.2024\78\rgb\14.48.54.549.png,06.12.2024\78\depth\14.48.54.549.png
1241,7431,3.25,06.12.2024,79,06.12.2024\79\rgb\14.49.07.445.png,06.12.2024\79\depth\14.49.07.445.png
1242,7431,3.25,06.12.2024,79,06.12.2024\79\rgb\14.49.07.527.png,06.12.2024\79\depth\14.49.07.527.png
1243,7431,3.25,06.12.2024,79,06.12.2024\79\rgb\14.49.07.619.png,06.12.2024\79\depth\14.49.07.619.png
1244,7431,3.25,06.12.2024,79,06.12.2024\79\rgb\14.49.07.713.png,06.12.2024\79\depth\14.49.07.713.png
1245,7431,3.25,06.12.2024,79,06.12.2024\79\rgb\14.49.07.806.png,06.12.2024\79\depth\14.49.07.806.png
1246,7431,3.25,06.12.2024,79,06.12.2024\79\rgb\14.49.07.898.png,06.12.2024\79\depth\14.49.07.898.png
1247,7431,3.25,06.12.2024,79,06.12.2024\79\rgb\14.49.07.991.png,06.12.2024\79\depth\14.49.07.991.png
1248,7431,3.25,06.12.2024,79,06.12.2024\79\rgb\14.49.08.084.png,06.12.2024\79\depth\14.49.08.084.png
1249,7431,3.25,06.12.2024,79,06.12.2024\79\rgb\14.49.08.163.png,06.12.2024\79\depth\14.49.08.163.png
1250,7431,3.25,06.12.2024,79,06.12.2024\79\rgb\14.49.08.261.png,06.12.2024\79\depth\14.49.08.261.png
1251,7431,3.25,06.12.2024,79,06.12.2024\79\rgb\14.49.08.347.png,06.12.2024\79\depth\14.49.08.347.png
1252,7431,3.25,06.12.2024,79,06.12.2024\79\rgb\14.49.08.443.png,06.12.2024\79\depth\14.49.08.443.png
1253,7431,3.25,06.12.2024,79,06.12.2024\79\rgb\14.49.08.531.png,06.12.2024\79\depth\14.49.08.531.png
1254,7431,3.25,06.12.2024,79,06.12.2024\79\rgb\14.49.08.625.png,06.12.2024\79\depth\14.49.08.625.png
1255,7431,3.25,06.12.2024,79,06.12.2024\79\rgb\14.49.08.721.png,06.12.2024\79\depth\14.49.08.721.png
1256,7431,3.25,06.12.2024,79,06.12.2024\79\rgb\14.49.08.803.png,06.12.2024\79\depth\14.49.08.803.png
1257,7431,3.25,06.12.2024,79,06.12.2024\79\rgb\14.49.08.887.png,06.12.2024\79\depth\14.49.08.887.png
1258,7431,3.25,06.12.2024,79,06.12.2024\79\rgb\14.49.08.981.png,06.12.2024\79\depth\14.49.08.981.png
1259,7431,3.25,06.12.2024,79,06.12.2024\79\rgb\14.49.09.075.png,06.12.2024\79\depth\14.49.09.075.png
1260,7431,3.25,06.12.2024,79,06.12.2024\79\rgb\14.49.09.163.png,06.12.2024\79\depth\14.49.09.163.png
1261,7460,3.25,06.12.2024,80,06.12.2024\80\rgb\14.49.40.406.png,06.12.2024\80\depth\14.49.40.406.png
1262,7460,3.25,06.12.2024,80,06.12.2024\80\rgb\14.49.40.490.png,06.12.2024\80\depth\14.49.40.490.png
1263,7460,3.25,06.12.2024,80,06.12.2024\80\rgb\14.49.40.582.png,06.12.2024\80\depth\14.49.40.582.png
1264,7460,3.25,06.12.2024,80,06.12.2024\80\rgb\14.49.40.672.png,06.12.2024\80\depth\14.49.40.672.png
1265,7460,3.25,06.12.2024,80,06.12.2024\80\rgb\14.49.40.764.png,06.12.2024\80\depth\14.49.40.764.png
1266,7460,3.25,06.12.2024,80,06.12.2024\80\rgb\14.49.40.855.png,06.12.2024\80\depth\14.49.40.855.png
1267,7460,3.25,06.12.2024,80,06.12.2024\80\rgb\14.49.40.957.png,06.12.2024\80\depth\14.49.40.957.png
1268,7460,3.25,06.12.2024,80,06.12.2024\80\rgb\14.49.41.044.png,06.12.2024\80\depth\14.49.41.044.png
1269,7460,3.25,06.12.2024,80,06.12.2024\80\rgb\14.49.41.134.png,06.12.2024\80\depth\14.49.41.134.png
1270,7460,3.25,06.12.2024,80,06.12.2024\80\rgb\14.49.41.210.png,06.12.2024\80\depth\14.49.41.210.png
1271,7460,3.25,06.12.2024,80,06.12.2024\80\rgb\14.49.41.289.png,06.12.2024\80\depth\14.49.41.289.png
1272,7460,3.25,06.12.2024,80,06.12.2024\80\rgb\14.49.41.371.png,06.12.2024\80\depth\14.49.41.371.png
1273,7460,3.25,06.12.2024,80,06.12.2024\80\rgb\14.49.41.458.png,06.12.2024\80\depth\14.49.41.458.png
1274,7460,3.25,06.12.2024,80,06.12.2024\80\rgb\14.49.41.544.png,06.12.2024\80\depth\14.49.41.544.png
1275,7460,3.25,06.12.2024,80,06.12.2024\80\rgb\14.49.41.626.png,06.12.2024\80\depth\14.49.41.626.png
1276,7460,3.25,06.12.2024,80,06.12.2024\80\rgb\14.49.41.706.png,06.12.2024\80\depth\14.49.41.706.png
1277,7460,3.25,06.12.2024,80,06.12.2024\80\rgb\14.49.41.781.png,06.12.2024\80\depth\14.49.41.781.png
1278,7460,3.25,06.12.2024,80,06.12.2024\80\rgb\14.49.41.875.png,06.12.2024\80\depth\14.49.41.875.png
1279,7460,3.25,06.12.2024,80,06.12.2024\80\rgb\14.49.41.968.png,06.12.2024\80\depth\14.49.41.968.png
1280,7460,3.25,06.12.2024,80,06.12.2024\80\rgb\14.49.42.059.png,06.12.2024\80\depth\14.49.42.059.png
1281,7462,3.25,06.12.2024,81,06.12.2024\81\rgb\14.50.26.960.png,06.12.2024\81\depth\14.50.26.960.png
1282,7462,3.25,06.12.2024,81,06.12.2024\81\rgb\14.50.27.046.png,06.12.2024\81\depth\14.50.27.046.png
1283,7462,3.25,06.12.2024,81,06.12.2024\81\rgb\14.50.27.135.png,06.12.2024\81\depth\14.50.27.135.png
1284,7462,3.25,06.12.2024,81,06.12.2024\81\rgb\14.50.27.226.png,06.12.2024\81\depth\14.50.27.226.png
1285,7462,3.25,06.12.2024,81,06.12.2024\81\rgb\14.50.27.322.png,06.12.2024\81\depth\14.50.27.322.png
1286,7462,3.25,06.12.2024,81,06.12.2024\81\rgb\14.50.27.411.png,06.12.2024\81\depth\14.50.27.411.png
1287,7462,3.25,06.12.2024,81,06.12.2024\81\rgb\14.50.27.503.png,06.12.2024\81\depth\14.50.27.503.png
1288,7462,3.25,06.12.2024,81,06.12.2024\81\rgb\14.50.27.595.png,06.12.2024\81\depth\14.50.27.595.png
1289,7462,3.25,06.12.2024,81,06.12.2024\81\rgb\14.50.27.688.png,06.12.2024\81\depth\14.50.27.688.png
1290,7462,3.25,06.12.2024,81,06.12.2024\81\rgb\14.50.27.784.png,06.12.2024\81\depth\14.50.27.784.png
1291,7462,3.25,06.12.2024,81,06.12.2024\81\rgb\14.50.27.876.png,06.12.2024\81\depth\14.50.27.876.png
1292,7462,3.25,06.12.2024,81,06.12.2024\81\rgb\14.50.27.966.png,06.12.2024\81\depth\14.50.27.966.png
1293,7462,3.25,06.12.2024,81,06.12.2024\81\rgb\14.50.28.058.png,06.12.2024\81\depth\14.50.28.058.png
1294,7462,3.25,06.12.2024,81,06.12.2024\81\rgb\14.50.28.152.png,06.12.2024\81\depth\14.50.28.152.png
1295,7462,3.25,06.12.2024,81,06.12.2024\81\rgb\14.50.28.245.png,06.12.2024\81\depth\14.50.28.245.png
1296,7462,3.25,06.12.2024,81,06.12.2024\81\rgb\14.50.28.339.png,06.12.2024\81\depth\14.50.28.339.png
1297,7462,3.25,06.12.2024,81,06.12.2024\81\rgb\14.50.28.429.png,06.12.2024\81\depth\14.50.28.429.png
1298,7462,3.25,06.12.2024,81,06.12.2024\81\rgb\14.50.28.505.png,06.12.2024\81\depth\14.50.28.505.png
1299,7462,3.25,06.12.2024,81,06.12.2024\81\rgb\14.50.28.585.png,06.12.2024\81\depth\14.50.28.585.png
1300,7462,3.25,06.12.2024,81,06.12.2024\81\rgb\14.50.28.676.png,06.12.2024\81\depth\14.50.28.676.png
1301,5150,3.25,06.12.2024,82,06.12.2024\82\rgb\14.50.35.228.png,06.12.2024\82\depth\14.50.35.228.png
1302,5150,3.25,06.12.2024,82,06.12.2024\82\rgb\14.50.35.325.png,06.12.2024\82\depth\14.50.35.325.png
1303,5150,3.25,06.12.2024,82,06.12.2024\82\rgb\14.50.35.420.png,06.12.2024\82\depth\14.50.35.420.png
1304,5150,3.25,06.12.2024,82,06.12.2024\82\rgb\14.50.35.511.png,06.12.2024\82\depth\14.50.35.511.png
1305,5150,3.25,06.12.2024,82,06.12.2024\82\rgb\14.50.35.603.png,06.12.2024\82\depth\14.50.35.603.png
1306,5150,3.25,06.12.2024,82,06.12.2024\82\rgb\14.50.35.694.png,06.12.2024\82\depth\14.50.35.694.png
1307,5150,3.25,06.12.2024,82,06.12.2024\82\rgb\14.50.35.789.png,06.12.2024\82\depth\14.50.35.789.png
1308,5150,3.25,06.12.2024,82,06.12.2024\82\rgb\14.50.35.877.png,06.12.2024\82\depth\14.50.35.877.png
1309,5150,3.25,06.12.2024,82,06.12.2024\82\rgb\14.50.35.972.png,06.12.2024\82\depth\14.50.35.972.png
1310,5150,3.25,06.12.2024,82,06.12.2024\82\rgb\14.50.36.064.png,06.12.2024\82\depth\14.50.36.064.png
1311,5150,3.25,06.12.2024,82,06.12.2024\82\rgb\14.50.36.157.png,06.12.2024\82\depth\14.50.36.157.png
1312,5150,3.25,06.12.2024,82,06.12.2024\82\rgb\14.50.36.249.png,06.12.2024\82\depth\14.50.36.249.png
1313,5150,3.25,06.12.2024,82,06.12.2024\82\rgb\14.50.36.341.png,06.12.2024\82\depth\14.50.36.341.png
1314,5150,3.25,06.12.2024,82,06.12.2024\82\rgb\14.50.36.431.png,06.12.2024\82\depth\14.50.36.431.png
1315,5150,3.25,06.12.2024,82,06.12.2024\82\rgb\14.50.36.524.png,06.12.2024\82\depth\14.50.36.524.png
1316,5150,3.25,06.12.2024,82,06.12.2024\82\rgb\14.50.36.618.png,06.12.2024\82\depth\14.50.36.618.png
1317,5150,3.25,06.12.2024,82,06.12.2024\82\rgb\14.50.36.709.png,06.12.2024\82\depth\14.50.36.709.png
1318,5150,3.25,06.12.2024,82,06.12.2024\82\rgb\14.50.36.802.png,06.12.2024\82\depth\14.50.36.802.png
1319,5150,3.25,06.12.2024,82,06.12.2024\82\rgb\14.50.36.891.png,06.12.2024\82\depth\14.50.36.891.png
1320,5150,3.25,06.12.2024,82,06.12.2024\82\rgb\14.50.36.989.png,06.12.2024\82\depth\14.50.36.989.png
1321,5133,3.0,06.12.2024,83,06.12.2024\83\rgb\14.51.22.609.png,06.12.2024\83\depth\14.51.22.609.png
1322,5133,3.0,06.12.2024,83,06.12.2024\83\rgb\14.51.22.691.png,06.12.2024\83\depth\14.51.22.691.png
1323,5133,3.0,06.12.2024,83,06.12.2024\83\rgb\14.51.22.769.png,06.12.2024\83\depth\14.51.22.769.png
1324,5133,3.0,06.12.2024,83,06.12.2024\83\rgb\14.51.22.862.png,06.12.2024\83\depth\14.51.22.862.png
1325,5133,3.0,06.12.2024,83,06.12.2024\83\rgb\14.51.22.953.png,06.12.2024\83\depth\14.51.22.953.png
1326,5133,3.0,06.12.2024,83,06.12.2024\83\rgb\14.51.23.047.png,06.12.2024\83\depth\14.51.23.047.png
1327,5133,3.0,06.12.2024,83,06.12.2024\83\rgb\14.51.23.139.png,06.12.2024\83\depth\14.51.23.139.png
1328,5133,3.0,06.12.2024,83,06.12.2024\83\rgb\14.51.23.234.png,06.12.2024\83\depth\14.51.23.234.png
1329,5133,3.0,06.12.2024,83,06.12.2024\83\rgb\14.51.23.324.png,06.12.2024\83\depth\14.51.23.324.png
1330,5133,3.0,06.12.2024,83,06.12.2024\83\rgb\14.51.23.402.png,06.12.2024\83\depth\14.51.23.402.png
1331,5133,3.0,06.12.2024,83,06.12.2024\83\rgb\14.51.23.497.png,06.12.2024\83\depth\14.51.23.497.png
1332,5133,3.0,06.12.2024,83,06.12.2024\83\rgb\14.51.23.591.png,06.12.2024\83\depth\14.51.23.591.png
1333,5133,3.0,06.12.2024,83,06.12.2024\83\rgb\14.51.23.684.png,06.12.2024\83\depth\14.51.23.684.png
1334,5133,3.0,06.12.2024,83,06.12.2024\83\rgb\14.51.23.777.png,06.12.2024\83\depth\14.51.23.777.png
1335,5133,3.0,06.12.2024,83,06.12.2024\83\rgb\14.51.23.870.png,06.12.2024\83\depth\14.51.23.870.png
1336,5133,3.0,06.12.2024,83,06.12.2024\83\rgb\14.51.23.961.png,06.12.2024\83\depth\14.51.23.961.png
1337,5133,3.0,06.12.2024,83,06.12.2024\83\rgb\14.51.24.053.png,06.12.2024\83\depth\14.51.24.053.png
1338,5133,3.0,06.12.2024,83,06.12.2024\83\rgb\14.51.24.146.png,06.12.2024\83\depth\14.51.24.146.png
1339,5133,3.0,06.12.2024,83,06.12.2024\83\rgb\14.51.24.238.png,06.12.2024\83\depth\14.51.24.238.png
1340,5133,3.0,06.12.2024,83,06.12.2024\83\rgb\14.51.24.329.png,06.12.2024\83\depth\14.51.24.329.png
1341,7383,3.25,06.12.2024,84,06.12.2024\84\rgb\14.51.39.897.png,06.12.2024\84\depth\14.51.39.897.png
1342,7383,3.25,06.12.2024,84,06.12.2024\84\rgb\14.51.39.987.png,06.12.2024\84\depth\14.51.39.987.png
1343,7383,3.25,06.12.2024,84,06.12.2024\84\rgb\14.51.40.079.png,06.12.2024\84\depth\14.51.40.079.png
1344,7383,3.25,06.12.2024,84,06.12.2024\84\rgb\14.51.40.170.png,06.12.2024\84\depth\14.51.40.170.png
1345,7383,3.25,06.12.2024,84,06.12.2024\84\rgb\14.51.40.262.png,06.12.2024\84\depth\14.51.40.262.png
1346,7383,3.25,06.12.2024,84,06.12.2024\84\rgb\14.51.40.355.png,06.12.2024\84\depth\14.51.40.355.png
1347,7383,3.25,06.12.2024,84,06.12.2024\84\rgb\14.51.40.445.png,06.12.2024\84\depth\14.51.40.445.png
1348,7383,3.25,06.12.2024,84,06.12.2024\84\rgb\14.51.40.538.png,06.12.2024\84\depth\14.51.40.538.png
1349,7383,3.25,06.12.2024,84,06.12.2024\84\rgb\14.51.40.628.png,06.12.2024\84\depth\14.51.40.628.png
1350,7383,3.25,06.12.2024,84,06.12.2024\84\rgb\14.51.40.723.png,06.12.2024\84\depth\14.51.40.723.png
1351,7383,3.25,06.12.2024,84,06.12.2024\84\rgb\14.51.40.814.png,06.12.2024\84\depth\14.51.40.814.png
1352,7383,3.25,06.12.2024,84,06.12.2024\84\rgb\14.51.40.905.png,06.12.2024\84\depth\14.51.40.905.png
1353,7383,3.25,06.12.2024,84,06.12.2024\84\rgb\14.51.40.997.png,06.12.2024\84\depth\14.51.40.997.png
1354,7383,3.25,06.12.2024,84,06.12.2024\84\rgb\14.51.41.093.png,06.12.2024\84\depth\14.51.41.093.png
1355,7383,3.25,06.12.2024,84,06.12.2024\84\rgb\14.51.41.185.png,06.12.2024\84\depth\14.51.41.185.png
1356,7383,3.25,06.12.2024,84,06.12.2024\84\rgb\14.51.41.275.png,06.12.2024\84\depth\14.51.41.275.png
1357,7383,3.25,06.12.2024,84,06.12.2024\84\rgb\14.51.41.369.png,06.12.2024\84\depth\14.51.41.369.png
1358,7383,3.25,06.12.2024,84,06.12.2024\84\rgb\14.51.41.461.png,06.12.2024\84\depth\14.51.41.461.png
1359,7383,3.25,06.12.2024,84,06.12.2024\84\rgb\14.51.41.555.png,06.12.2024\84\depth\14.51.41.555.png
1360,7383,3.25,06.12.2024,84,06.12.2024\84\rgb\14.51.41.646.png,06.12.2024\84\depth\14.51.41.646.png
1361,7443,3.25,06.12.2024,85,06.12.2024\85\rgb\14.51.54.913.png,06.12.2024\85\depth\14.51.54.913.png
1362,7443,3.25,06.12.2024,85,06.12.2024\85\rgb\14.51.55.006.png,06.12.2024\85\depth\14.51.55.006.png
1363,7443,3.25,06.12.2024,85,06.12.2024\85\rgb\14.51.55.101.png,06.12.2024\85\depth\14.51.55.101.png
1364,7443,3.25,06.12.2024,85,06.12.2024\85\rgb\14.51.55.192.png,06.12.2024\85\depth\14.51.55.192.png
1365,7443,3.25,06.12.2024,85,06.12.2024\85\rgb\14.51.55.287.png,06.12.2024\85\depth\14.51.55.287.png
1366,7443,3.25,06.12.2024,85,06.12.2024\85\rgb\14.51.55.379.png,06.12.2024\85\depth\14.51.55.379.png
1367,7443,3.25,06.12.2024,85,06.12.2024\85\rgb\14.51.55.472.png,06.12.2024\85\depth\14.51.55.472.png
1368,7443,3.25,06.12.2024,85,06.12.2024\85\rgb\14.51.55.565.png,06.12.2024\85\depth\14.51.55.565.png
1369,7443,3.25,06.12.2024,85,06.12.2024\85\rgb\14.51.55.656.png,06.12.2024\85\depth\14.51.55.656.png
1370,7443,3.25,06.12.2024,85,06.12.2024\85\rgb\14.51.55.751.png,06.12.2024\85\depth\14.51.55.751.png
1371,7443,3.25,06.12.2024,85,06.12.2024\85\rgb\14.51.55.842.png,06.12.2024\85\depth\14.51.55.842.png
1372,7443,3.25,06.12.2024,85,06.12.2024\85\rgb\14.51.55.935.png,06.12.2024\85\depth\14.51.55.935.png
1373,7443,3.25,06.12.2024,85,06.12.2024\85\rgb\14.51.56.028.png,06.12.2024\85\depth\14.51.56.028.png
1374,7443,3.25,06.12.2024,85,06.12.2024\85\rgb\14.51.56.125.png,06.12.2024\85\depth\14.51.56.125.png
1375,7443,3.25,06.12.2024,85,06.12.2024\85\rgb\14.51.56.211.png,06.12.2024\85\depth\14.51.56.211.png
1376,7443,3.25,06.12.2024,85,06.12.2024\85\rgb\14.51.56.302.png,06.12.2024\85\depth\14.51.56.302.png
1377,7443,3.25,06.12.2024,85,06.12.2024\85\rgb\14.51.56.395.png,06.12.2024\85\depth\14.51.56.395.png
1378,7443,3.25,06.12.2024,85,06.12.2024\85\rgb\14.51.56.489.png,06.12.2024\85\depth\14.51.56.489.png
1379,7443,3.25,06.12.2024,85,06.12.2024\85\rgb\14.51.56.581.png,06.12.2024\85\depth\14.51.56.581.png
1380,7443,3.25,06.12.2024,85,06.12.2024\85\rgb\14.51.56.671.png,06.12.2024\85\depth\14.51.56.671.png
1381,7449,3.0,06.12.2024,86,06.12.2024\86\rgb\14.52.13.437.png,06.12.2024\86\depth\14.52.13.437.png
1382,7449,3.0,06.12.2024,86,06.12.2024\86\rgb\14.52.13.523.png,06.12.2024\86\depth\14.52.13.523.png
1383,7449,3.0,06.12.2024,86,06.12.2024\86\rgb\14.52.13.614.png,06.12.2024\86\depth\14.52.13.614.png
1384,7449,3.0,06.12.2024,86,06.12.2024\86\rgb\14.52.13.704.png,06.12.2024\86\depth\14.52.13.704.png
1385,7449,3.0,06.12.2024,86,06.12.2024\86\rgb\14.52.13.797.png,06.12.2024\86\depth\14.52.13.797.png
1386,7449,3.0,06.12.2024,86,06.12.2024\86\rgb\14.52.13.890.png,06.12.2024\86\depth\14.52.13.890.png
1387,7449,3.0,06.12.2024,86,06.12.2024\86\rgb\14.52.13.983.png,06.12.2024\86\depth\14.52.13.983.png
1388,7449,3.0,06.12.2024,86,06.12.2024\86\rgb\14.52.14.067.png,06.12.2024\86\depth\14.52.14.067.png
1389,7449,3.0,06.12.2024,86,06.12.2024\86\rgb\14.52.14.154.png,06.12.2024\86\depth\14.52.14.154.png
1390,7449,3.0,06.12.2024,86,06.12.2024\86\rgb\14.52.14.249.png,06.12.2024\86\depth\14.52.14.249.png
1391,7449,3.0,06.12.2024,86,06.12.2024\86\rgb\14.52.14.341.png,06.12.2024\86\depth\14.52.14.341.png
1392,7449,3.0,06.12.2024,86,06.12.2024\86\rgb\14.52.14.431.png,06.12.2024\86\depth\14.52.14.431.png
1393,7449,3.0,06.12.2024,86,06.12.2024\86\rgb\14.52.14.525.png,06.12.2024\86\depth\14.52.14.525.png
1394,7449,3.0,06.12.2024,86,06.12.2024\86\rgb\14.52.14.614.png,06.12.2024\86\depth\14.52.14.614.png
1395,7449,3.0,06.12.2024,86,06.12.2024\86\rgb\14.52.14.709.png,06.12.2024\86\depth\14.52.14.709.png
1396,7449,3.0,06.12.2024,86,06.12.2024\86\rgb\14.52.14.801.png,06.12.2024\86\depth\14.52.14.801.png
1397,7449,3.0,06.12.2024,86,06.12.2024\86\rgb\14.52.14.890.png,06.12.2024\86\depth\14.52.14.890.png
1398,7449,3.0,06.12.2024,86,06.12.2024\86\rgb\14.52.14.984.png,06.12.2024\86\depth\14.52.14.984.png
1399,7449,3.0,06.12.2024,86,06.12.2024\86\rgb\14.52.15.077.png,06.12.2024\86\depth\14.52.15.077.png
1400,7449,3.0,06.12.2024,86,06.12.2024\86\rgb\14.52.15.171.png,06.12.2024\86\depth\14.52.15.171.png
1401,811106,3.25,06.12.2024,87,06.12.2024\87\rgb\14.52.28.208.png,06.12.2024\87\depth\14.52.28.208.png
1402,811106,3.25,06.12.2024,87,06.12.2024\87\rgb\14.52.28.290.png,06.12.2024\87\depth\14.52.28.290.png
1403,811106,3.25,06.12.2024,87,06.12.2024\87\rgb\14.52.28.369.png,06.12.2024\87\depth\14.52.28.369.png
1404,811106,3.25,06.12.2024,87,06.12.2024\87\rgb\14.52.28.450.png,06.12.2024\87\depth\14.52.28.450.png
1405,811106,3.25,06.12.2024,87,06.12.2024\87\rgb\14.52.28.540.png,06.12.2024\87\depth\14.52.28.540.png
1406,811106,3.25,06.12.2024,87,06.12.2024\87\rgb\14.52.28.632.png,06.12.2024\87\depth\14.52.28.632.png
1407,811106,3.25,06.12.2024,87,06.12.2024\87\rgb\14.52.28.726.png,06.12.2024\87\depth\14.52.28.726.png
1408,811106,3.25,06.12.2024,87,06.12.2024\87\rgb\14.52.28.820.png,06.12.2024\87\depth\14.52.28.820.png
1409,811106,3.25,06.12.2024,87,06.12.2024\87\rgb\14.52.28.913.png,06.12.2024\87\depth\14.52.28.913.png
1410,811106,3.25,06.12.2024,87,06.12.2024\87\rgb\14.52.29.003.png,06.12.2024\87\depth\14.52.29.003.png
1411,811106,3.25,06.12.2024,87,06.12.2024\87\rgb\14.52.29.097.png,06.12.2024\87\depth\14.52.29.097.png
1412,811106,3.25,06.12.2024,87,06.12.2024\87\rgb\14.52.29.183.png,06.12.2024\87\depth\14.52.29.183.png
1413,811106,3.25,06.12.2024,87,06.12.2024\87\rgb\14.52.29.285.png,06.12.2024\87\depth\14.52.29.285.png
1414,811106,3.25,06.12.2024,87,06.12.2024\87\rgb\14.52.29.376.png,06.12.2024\87\depth\14.52.29.376.png
1415,811106,3.25,06.12.2024,87,06.12.2024\87\rgb\14.52.29.470.png,06.12.2024\87\depth\14.52.29.470.png
1416,811106,3.25,06.12.2024,87,06.12.2024\87\rgb\14.52.29.562.png,06.12.2024\87\depth\14.52.29.562.png
1417,811106,3.25,06.12.2024,87,06.12.2024\87\rgb\14.52.29.657.png,06.12.2024\87\depth\14.52.29.657.png
1418,811106,3.25,06.12.2024,87,06.12.2024\87\rgb\14.52.29.750.png,06.12.2024\87\depth\14.52.29.750.png
1419,811106,3.25,06.12.2024,87,06.12.2024\87\rgb\14.52.29.841.png,06.12.2024\87\depth\14.52.29.841.png
1420,811106,3.25,06.12.2024,87,06.12.2024\87\rgb\14.52.29.932.png,06.12.2024\87\depth\14.52.29.932.png
1421,7403,3.25,06.12.2024,88,06.12.2024\88\rgb\14.52.45.637.png,06.12.2024\88\depth\14.52.45.637.png
1422,7403,3.25,06.12.2024,88,06.12.2024\88\rgb\14.52.45.723.png,06.12.2024\88\depth\14.52.45.723.png
1423,7403,3.25,06.12.2024,88,06.12.2024\88\rgb\14.52.45.820.png,06.12.2024\88\depth\14.52.45.820.png
1424,7403,3.25,06.12.2024,88,06.12.2024\88\rgb\14.52.45.907.png,06.12.2024\88\depth\14.52.45.907.png
1425,7403,3.25,06.12.2024,88,06.12.2024\88\rgb\14.52.46.001.png,06.12.2024\88\depth\14.52.46.001.png
1426,7403,3.25,06.12.2024,88,06.12.2024\88\rgb\14.52.46.091.png,06.12.2024\88\depth\14.52.46.091.png
1427,7403,3.25,06.12.2024,88,06.12.2024\88\rgb\14.52.46.187.png,06.12.2024\88\depth\14.52.46.187.png
1428,7403,3.25,06.12.2024,88,06.12.2024\88\rgb\14.52.46.277.png,06.12.2024\88\depth\14.52.46.277.png
1429,7403,3.25,06.12.2024,88,06.12.2024\88\rgb\14.52.46.370.png,06.12.2024\88\depth\14.52.46.370.png
1430,7403,3.25,06.12.2024,88,06.12.2024\88\rgb\14.52.46.462.png,06.12.2024\88\depth\14.52.46.462.png
1431,7403,3.25,06.12.2024,88,06.12.2024\88\rgb\14.52.46.558.png,06.12.2024\88\depth\14.52.46.558.png
1432,7403,3.25,06.12.2024,88,06.12.2024\88\rgb\14.52.46.650.png,06.12.2024\88\depth\14.52.46.650.png
1433,7403,3.25,06.12.2024,88,06.12.2024\88\rgb\14.52.46.740.png,06.12.2024\88\depth\14.52.46.740.png
1434,7403,3.25,06.12.2024,88,06.12.2024\88\rgb\14.52.46.832.png,06.12.2024\88\depth\14.52.46.832.png
1435,7403,3.25,06.12.2024,88,06.12.2024\88\rgb\14.52.46.925.png,06.12.2024\88\depth\14.52.46.925.png
1436,7403,3.25,06.12.2024,88,06.12.2024\88\rgb\14.52.47.018.png,06.12.2024\88\depth\14.52.47.018.png
1437,7403,3.25,06.12.2024,88,06.12.2024\88\rgb\14.52.47.115.png,06.12.2024\88\depth\14.52.47.115.png
1438,7403,3.25,06.12.2024,88,06.12.2024\88\rgb\14.52.47.203.png,06.12.2024\88\depth\14.52.47.203.png
1439,7403,3.25,06.12.2024,88,06.12.2024\88\rgb\14.52.47.296.png,06.12.2024\88\depth\14.52.47.296.png
1440,7403,3.25,06.12.2024,88,06.12.2024\88\rgb\14.52.47.390.png,06.12.2024\88\depth\14.52.47.390.png
1441,5183,3.0,06.12.2024,90,06.12.2024\90\rgb\14.53.18.932.png,06.12.2024\90\depth\14.53.18.932.png
1442,5183,3.0,06.12.2024,90,06.12.2024\90\rgb\14.53.19.025.png,06.12.2024\90\depth\14.53.19.025.png
1443,5183,3.0,06.12.2024,90,06.12.2024\90\rgb\14.53.19.118.png,06.12.2024\90\depth\14.53.19.118.png
1444,5183,3.0,06.12.2024,90,06.12.2024\90\rgb\14.53.19.200.png,06.12.2024\90\depth\14.53.19.200.png
1445,5183,3.0,06.12.2024,90,06.12.2024\90\rgb\14.53.19.288.png,06.12.2024\90\depth\14.53.19.288.png
1446,5183,3.0,06.12.2024,90,06.12.2024\90\rgb\14.53.19.376.png,06.12.2024\90\depth\14.53.19.376.png
1447,5183,3.0,06.12.2024,90,06.12.2024\90\rgb\14.53.19.469.png,06.12.2024\90\depth\14.53.19.469.png
1448,5183,3.0,06.12.2024,90,06.12.2024\90\rgb\14.53.19.560.png,06.12.2024\90\depth\14.53.19.560.png
1449,5183,3.0,06.12.2024,90,06.12.2024\90\rgb\14.53.19.656.png,06.12.2024\90\depth\14.53.19.656.png
1450,5183,3.0,06.12.2024,90,06.12.2024\90\rgb\14.53.19.751.png,06.12.2024\90\depth\14.53.19.751.png
1451,5183,3.0,06.12.2024,90,06.12.2024\90\rgb\14.53.19.839.png,06.12.2024\90\depth\14.53.19.839.png
1452,5183,3.0,06.12.2024,90,06.12.2024\90\rgb\14.53.19.932.png,06.12.2024\90\depth\14.53.19.932.png
1453,5183,3.0,06.12.2024,90,06.12.2024\90\rgb\14.53.20.025.png,06.12.2024\90\depth\14.53.20.025.png
1454,5183,3.0,06.12.2024,90,06.12.2024\90\rgb\14.53.20.122.png,06.12.2024\90\depth\14.53.20.122.png
1455,5183,3.0,06.12.2024,90,06.12.2024\90\rgb\14.53.20.210.png,06.12.2024\90\depth\14.53.20.210.png
1456,5183,3.0,06.12.2024,90,06.12.2024\90\rgb\14.53.20.306.png,06.12.2024\90\depth\14.53.20.306.png
1457,5183,3.0,06.12.2024,90,06.12.2024\90\rgb\14.53.20.394.png,06.12.2024\90\depth\14.53.20.394.png
1458,5183,3.0,06.12.2024,90,06.12.2024\90\rgb\14.53.20.489.png,06.12.2024\90\depth\14.53.20.489.png
1459,5183,3.0,06.12.2024,90,06.12.2024\90\rgb\14.53.20.594.png,06.12.2024\90\depth\14.53.20.594.png
1460,5183,3.0,06.12.2024,90,06.12.2024\90\rgb\14.53.20.690.png,06.12.2024\90\depth\14.53.20.690.png
1461,5182,3.0,06.12.2024,91,06.12.2024\91\rgb\14.53.34.805.png,06.12.2024\91\depth\14.53.34.805.png
1462,5182,3.0,06.12.2024,91,06.12.2024\91\rgb\14.53.34.890.png,06.12.2024\91\depth\14.53.34.890.png
1463,5182,3.0,06.12.2024,91,06.12.2024\91\rgb\14.53.34.982.png,06.12.2024\91\depth\14.53.34.982.png
1464,5182,3.0,06.12.2024,91,06.12.2024\91\rgb\14.53.35.073.png,06.12.2024\91\depth\14.53.35.073.png
1465,5182,3.0,06.12.2024,91,06.12.2024\91\rgb\14.53.35.167.png,06.12.2024\91\depth\14.53.35.167.png
1466,5182,3.0,06.12.2024,91,06.12.2024\91\rgb\14.53.35.260.png,06.12.2024\91\depth\14.53.35.260.png
1467,5182,3.0,06.12.2024,91,06.12.2024\91\rgb\14.53.35.354.png,06.12.2024\91\depth\14.53.35.354.png
1468,5182,3.0,06.12.2024,91,06.12.2024\91\rgb\14.53.35.447.png,06.12.2024\91\depth\14.53.35.447.png
1469,5182,3.0,06.12.2024,91,06.12.2024\91\rgb\14.53.35.537.png,06.12.2024\91\depth\14.53.35.537.png
1470,5182,3.0,06.12.2024,91,06.12.2024\91\rgb\14.53.35.629.png,06.12.2024\91\depth\14.53.35.629.png
1471,5182,3.0,06.12.2024,91,06.12.2024\91\rgb\14.53.35.724.png,06.12.2024\91\depth\14.53.35.724.png
1472,5182,3.0,06.12.2024,91,06.12.2024\91\rgb\14.53.35.816.png,06.12.2024\91\depth\14.53.35.816.png
1473,5182,3.0,06.12.2024,91,06.12.2024\91\rgb\14.53.35.910.png,06.12.2024\91\depth\14.53.35.910.png
1474,5182,3.0,06.12.2024,91,06.12.2024\91\rgb\14.53.36.003.png,06.12.2024\91\depth\14.53.36.003.png
1475,5182,3.0,06.12.2024,91,06.12.2024\91\rgb\14.53.36.094.png,06.12.2024\91\depth\14.53.36.094.png
1476,5182,3.0,06.12.2024,91,06.12.2024\91\rgb\14.53.36.190.png,06.12.2024\91\depth\14.53.36.190.png
1477,5182,3.0,06.12.2024,91,06.12.2024\91\rgb\14.53.36.279.png,06.12.2024\91\depth\14.53.36.279.png
1478,5182,3.0,06.12.2024,91,06.12.2024\91\rgb\14.53.36.374.png,06.12.2024\91\depth\14.53.36.374.png
1479,5182,3.0,06.12.2024,91,06.12.2024\91\rgb\14.53.36.464.png,06.12.2024\91\depth\14.53.36.464.png
1480,5182,3.0,06.12.2024,91,06.12.2024\91\rgb\14.53.36.557.png,06.12.2024\91\depth\14.53.36.557.png
1481,5148,3.25,06.12.2024,92,06.12.2024\92\rgb\14.53.54.275.png,06.12.2024\92\depth\14.53.54.275.png
1482,5148,3.25,06.12.2024,92,06.12.2024\92\rgb\14.53.54.357.png,06.12.2024\92\depth\14.53.54.357.png
1483,5148,3.25,06.12.2024,92,06.12.2024\92\rgb\14.53.54.449.png,06.12.2024\92\depth\14.53.54.449.png
1484,5148,3.25,06.12.2024,92,06.12.2024\92\rgb\14.53.54.541.png,06.12.2024\92\depth\14.53.54.541.png
1485,5148,3.25,06.12.2024,92,06.12.2024\92\rgb\14.53.54.633.png,06.12.2024\92\depth\14.53.54.633.png
1486,5148,3.25,06.12.2024,92,06.12.2024\92\rgb\14.53.54.727.png,06.12.2024\92\depth\14.53.54.727.png
1487,5148,3.25,06.12.2024,92,06.12.2024\92\rgb\14.53.54.820.png,06.12.2024\92\depth\14.53.54.820.png
1488,5148,3.25,06.12.2024,92,06.12.2024\92\rgb\14.53.54.912.png,06.12.2024\92\depth\14.53.54.912.png
1489,5148,3.25,06.12.2024,92,06.12.2024\92\rgb\14.53.55.006.png,06.12.2024\92\depth\14.53.55.006.png
1490,5148,3.25,06.12.2024,92,06.12.2024\92\rgb\14.53.55.096.png,06.12.2024\92\depth\14.53.55.096.png
1491,5148,3.25,06.12.2024,92,06.12.2024\92\rgb\14.53.55.192.png,06.12.2024\92\depth\14.53.55.192.png
1492,5148,3.25,06.12.2024,92,06.12.2024\92\rgb\14.53.55.285.png,06.12.2024\92\depth\14.53.55.285.png
1493,5148,3.25,06.12.2024,92,06.12.2024\92\rgb\14.53.55.373.png,06.12.2024\92\depth\14.53.55.373.png
1494,5148,3.25,06.12.2024,92,06.12.2024\92\rgb\14.53.55.462.png,06.12.2024\92\depth\14.53.55.462.png
1495,5148,3.25,06.12.2024,92,06.12.2024\92\rgb\14.53.55.557.png,06.12.2024\92\depth\14.53.55.557.png
1496,5148,3.25,06.12.2024,92,06.12.2024\92\rgb\14.53.55.652.png,06.12.2024\92\depth\14.53.55.652.png
1497,5148,3.25,06.12.2024,92,06.12.2024\92\rgb\14.53.55.742.png,06.12.2024\92\depth\14.53.55.742.png
1498,5148,3.25,06.12.2024,92,06.12.2024\92\rgb\14.53.55.834.png,06.12.2024\92\depth\14.53.55.834.png
1499,5148,3.25,06.12.2024,92,06.12.2024\92\rgb\14.53.55.927.png,06.12.2024\92\depth\14.53.55.927.png
1500,5148,3.25,06.12.2024,92,06.12.2024\92\rgb\14.53.56.022.png,06.12.2024\92\depth\14.53.56.022.png
1501,7287,3.25,06.12.2024,93,06.12.2024\93\rgb\14.56.09.431.png,06.12.2024\93\depth\14.56.09.431.png
1502,7287,3.25,06.12.2024,93,06.12.2024\93\rgb\14.56.09.515.png,06.12.2024\93\depth\14.56.09.515.png
1503,7287,3.25,06.12.2024,93,06.12.2024\93\rgb\14.56.09.609.png,06.12.2024\93\depth\14.56.09.609.png
1504,7287,3.25,06.12.2024,93,06.12.2024\93\rgb\14.56.09.696.png,06.12.2024\93\depth\14.56.09.696.png
1505,7287,3.25,06.12.2024,93,06.12.2024\93\rgb\14.56.09.791.png,06.12.2024\93\depth\14.56.09.791.png
1506,7287,3.25,06.12.2024,93,06.12.2024\93\rgb\14.56.09.882.png,06.12.2024\93\depth\14.56.09.882.png
1507,7287,3.25,06.12.2024,93,06.12.2024\93\rgb\14.56.09.959.png,06.12.2024\93\depth\14.56.09.959.png
1508,7287,3.25,06.12.2024,93,06.12.2024\93\rgb\14.56.10.042.png,06.12.2024\93\depth\14.56.10.042.png
1509,7287,3.25,06.12.2024,93,06.12.2024\93\rgb\14.56.10.134.png,06.12.2024\93\depth\14.56.10.134.png
1510,7287,3.25,06.12.2024,93,06.12.2024\93\rgb\14.56.10.225.png,06.12.2024\93\depth\14.56.10.225.png
1511,7287,3.25,06.12.2024,93,06.12.2024\93\rgb\14.56.10.316.png,06.12.2024\93\depth\14.56.10.316.png
1512,7287,3.25,06.12.2024,93,06.12.2024\93\rgb\14.56.10.392.png,06.12.2024\93\depth\14.56.10.392.png
1513,7287,3.25,06.12.2024,93,06.12.2024\93\rgb\14.56.10.475.png,06.12.2024\93\depth\14.56.10.475.png
1514,7287,3.25,06.12.2024,93,06.12.2024\93\rgb\14.56.10.557.png,06.12.2024\93\depth\14.56.10.557.png
1515,7287,3.25,06.12.2024,93,06.12.2024\93\rgb\14.56.10.643.png,06.12.2024\93\depth\14.56.10.643.png
1516,7287,3.25,06.12.2024,93,06.12.2024\93\rgb\14.56.10.737.png,06.12.2024\93\depth\14.56.10.737.png
1517,7287,3.25,06.12.2024,93,06.12.2024\93\rgb\14.56.10.827.png,06.12.2024\93\depth\14.56.10.827.png
1518,7287,3.25,06.12.2024,93,06.12.2024\93\rgb\14.56.10.923.png,06.12.2024\93\depth\14.56.10.923.png
1519,7287,3.25,06.12.2024,93,06.12.2024\93\rgb\14.56.11.012.png,06.12.2024\93\depth\14.56.11.012.png
1520,7287,3.25,06.12.2024,93,06.12.2024\93\rgb\14.56.11.092.png,06.12.2024\93\depth\14.56.11.092.png
1521,501023,3.25,06.12.2024,94,06.12.2024\94\rgb\14.56.26.428.png,06.12.2024\94\depth\14.56.26.428.png
1522,501023,3.25,06.12.2024,94,06.12.2024\94\rgb\14.56.26.532.png,06.12.2024\94\depth\14.56.26.532.png
1523,501023,3.25,06.12.2024,94,06.12.2024\94\rgb\14.56.26.624.png,06.12.2024\94\depth\14.56.26.624.png
1524,501023,3.25,06.12.2024,94,06.12.2024\94\rgb\14.56.26.729.png,06.12.2024\94\depth\14.56.26.729.png
1525,501023,3.25,06.12.2024,94,06.12.2024\94\rgb\14.56.26.822.png,06.12.2024\94\depth\14.56.26.822.png
1526,501023,3.25,06.12.2024,94,06.12.2024\94\rgb\14.56.26.915.png,06.12.2024\94\depth\14.56.26.915.png
1527,501023,3.25,06.12.2024,94,06.12.2024\94\rgb\14.56.27.007.png,06.12.2024\94\depth\14.56.27.007.png
1528,501023,3.25,06.12.2024,94,06.12.2024\94\rgb\14.56.27.100.png,06.12.2024\94\depth\14.56.27.100.png
1529,501023,3.25,06.12.2024,94,06.12.2024\94\rgb\14.56.27.195.png,06.12.2024\94\depth\14.56.27.195.png
1530,501023,3.25,06.12.2024,94,06.12.2024\94\rgb\14.56.27.289.png,06.12.2024\94\depth\14.56.27.289.png
1531,501023,3.25,06.12.2024,94,06.12.2024\94\rgb\14.56.27.381.png,06.12.2024\94\depth\14.56.27.381.png
1532,501023,3.25,06.12.2024,94,06.12.2024\94\rgb\14.56.27.474.png,06.12.2024\94\depth\14.56.27.474.png
1533,501023,3.25,06.12.2024,94,06.12.2024\94\rgb\14.56.27.565.png,06.12.2024\94\depth\14.56.27.565.png
1534,501023,3.25,06.12.2024,94,06.12.2024\94\rgb\14.56.27.663.png,06.12.2024\94\depth\14.56.27.663.png
1535,501023,3.25,06.12.2024,94,06.12.2024\94\rgb\14.56.27.755.png,06.12.2024\94\depth\14.56.27.755.png
1536,501023,3.25,06.12.2024,94,06.12.2024\94\rgb\14.56.27.845.png,06.12.2024\94\depth\14.56.27.845.png
1537,501023,3.25,06.12.2024,94,06.12.2024\94\rgb\14.56.27.940.png,06.12.2024\94\depth\14.56.27.940.png
1538,501023,3.25,06.12.2024,94,06.12.2024\94\rgb\14.56.28.031.png,06.12.2024\94\depth\14.56.28.031.png
1539,501023,3.25,06.12.2024,94,06.12.2024\94\rgb\14.56.28.125.png,06.12.2024\94\depth\14.56.28.125.png
1540,501023,3.25,06.12.2024,94,06.12.2024\94\rgb\14.56.28.218.png,06.12.2024\94\depth\14.56.28.218.png
1541,6584,3.5,06.12.2024,95,06.12.2024\95\rgb\14.56.42.875.png,06.12.2024\95\depth\14.56.42.875.png
1542,6584,3.5,06.12.2024,95,06.12.2024\95\rgb\14.56.42.973.png,06.12.2024\95\depth\14.56.42.973.png
1543,6584,3.5,06.12.2024,95,06.12.2024\95\rgb\14.56.43.064.png,06.12.2024\95\depth\14.56.43.064.png
1544,6584,3.5,06.12.2024,95,06.12.2024\95\rgb\14.56.43.157.png,06.12.2024\95\depth\14.56.43.157.png
1545,6584,3.5,06.12.2024,95,06.12.2024\95\rgb\14.56.43.251.png,06.12.2024\95\depth\14.56.43.251.png
1546,6584,3.5,06.12.2024,95,06.12.2024\95\rgb\14.56.43.344.png,06.12.2024\95\depth\14.56.43.344.png
1547,6584,3.5,06.12.2024,95,06.12.2024\95\rgb\14.56.43.434.png,06.12.2024\95\depth\14.56.43.434.png
1548,6584,3.5,06.12.2024,95,06.12.2024\95\rgb\14.56.43.526.png,06.12.2024\95\depth\14.56.43.526.png
1549,6584,3.5,06.12.2024,95,06.12.2024\95\rgb\14.56.43.622.png,06.12.2024\95\depth\14.56.43.622.png
1550,6584,3.5,06.12.2024,95,06.12.2024\95\rgb\14.56.43.711.png,06.12.2024\95\depth\14.56.43.711.png
1551,6584,3.5,06.12.2024,95,06.12.2024\95\rgb\14.56.43.804.png,06.12.2024\95\depth\14.56.43.804.png
1552,6584,3.5,06.12.2024,95,06.12.2024\95\rgb\14.56.43.892.png,06.12.2024\95\depth\14.56.43.892.png
1553,6584,3.5,06.12.2024,95,06.12.2024\95\rgb\14.56.43.984.png,06.12.2024\95\depth\14.56.43.984.png
1554,6584,3.5,06.12.2024,95,06.12.2024\95\rgb\14.56.44.080.png,06.12.2024\95\depth\14.56.44.080.png
1555,6584,3.5,06.12.2024,95,06.12.2024\95\rgb\14.56.44.175.png,06.12.2024\95\depth\14.56.44.175.png
1556,6584,3.5,06.12.2024,95,06.12.2024\95\rgb\14.56.44.265.png,06.12.2024\95\depth\14.56.44.265.png
1557,6584,3.5,06.12.2024,95,06.12.2024\95\rgb\14.56.44.356.png,06.12.2024\95\depth\14.56.44.356.png
1558,6584,3.5,06.12.2024,95,06.12.2024\95\rgb\14.56.44.435.png,06.12.2024\95\depth\14.56.44.435.png
1559,6584,3.5,06.12.2024,95,06.12.2024\95\rgb\14.56.44.520.png,06.12.2024\95\depth\14.56.44.520.png
1560,6584,3.5,06.12.2024,95,06.12.2024\95\rgb\14.56.44.615.png,06.12.2024\95\depth\14.56.44.615.png
1561,7396,3.25,06.12.2024,96,06.12.2024\96\rgb\14.57.09.645.png,06.12.2024\96\depth\14.57.09.645.png
1562,7396,3.25,06.12.2024,96,06.12.2024\96\rgb\14.57.09.731.png,06.12.2024\96\depth\14.57.09.731.png
1563,7396,3.25,06.12.2024,96,06.12.2024\96\rgb\14.57.09.821.png,06.12.2024\96\depth\14.57.09.821.png
1564,7396,3.25,06.12.2024,96,06.12.2024\96\rgb\14.57.09.915.png,06.12.2024\96\depth\14.57.09.915.png
1565,7396,3.25,06.12.2024,96,06.12.2024\96\rgb\14.57.10.006.png,06.12.2024\96\depth\14.57.10.006.png
1566,7396,3.25,06.12.2024,96,06.12.2024\96\rgb\14.57.10.098.png,06.12.2024\96\depth\14.57.10.098.png
1567,7396,3.25,06.12.2024,96,06.12.2024\96\rgb\14.57.10.190.png,06.12.2024\96\depth\14.57.10.190.png
1568,7396,3.25,06.12.2024,96,06.12.2024\96\rgb\14.57.10.284.png,06.12.2024\96\depth\14.57.10.284.png
1569,7396,3.25,06.12.2024,96,06.12.2024\96\rgb\14.57.10.374.png,06.12.2024\96\depth\14.57.10.374.png
1570,7396,3.25,06.12.2024,96,06.12.2024\96\rgb\14.57.10.466.png,06.12.2024\96\depth\14.57.10.466.png
1571,7396,3.25,06.12.2024,96,06.12.2024\96\rgb\14.57.10.558.png,06.12.2024\96\depth\14.57.10.558.png
1572,7396,3.25,06.12.2024,96,06.12.2024\96\rgb\14.57.10.651.png,06.12.2024\96\depth\14.57.10.651.png
1573,7396,3.25,06.12.2024,96,06.12.2024\96\rgb\14.57.10.745.png,06.12.2024\96\depth\14.57.10.745.png
1574,7396,3.25,06.12.2024,96,06.12.2024\96\rgb\14.57.10.836.png,06.12.2024\96\depth\14.57.10.836.png
1575,7396,3.25,06.12.2024,96,06.12.2024\96\rgb\14.57.10.930.png,06.12.2024\96\depth\14.57.10.930.png
1576,7396,3.25,06.12.2024,96,06.12.2024\96\rgb\14.57.11.025.png,06.12.2024\96\depth\14.57.11.025.png
1577,7396,3.25,06.12.2024,96,06.12.2024\96\rgb\14.57.11.115.png,06.12.2024\96\depth\14.57.11.115.png
1578,7396,3.25,06.12.2024,96,06.12.2024\96\rgb\14.57.11.202.png,06.12.2024\96\depth\14.57.11.202.png
1579,7396,3.25,06.12.2024,96,06.12.2024\96\rgb\14.57.11.297.png,06.12.2024\96\depth\14.57.11.297.png
1580,7396,3.25,06.12.2024,96,06.12.2024\96\rgb\14.57.11.389.png,06.12.2024\96\depth\14.57.11.389.png
1581,6947,3.25,06.12.2024,97,06.12.2024\97\rgb\14.57.24.658.png,06.12.2024\97\depth\14.57.24.658.png
1582,6947,3.25,06.12.2024,97,06.12.2024\97\rgb\14.57.24.757.png,06.12.2024\97\depth\14.57.24.757.png
1583,6947,3.25,06.12.2024,97,06.12.2024\97\rgb\14.57.24.850.png,06.12.2024\97\depth\14.57.24.850.png
1584,6947,3.25,06.12.2024,97,06.12.2024\97\rgb\14.57.24.942.png,06.12.2024\97\depth\14.57.24.942.png
1585,6947,3.25,06.12.2024,97,06.12.2024\97\rgb\14.57.25.036.png,06.12.2024\97\depth\14.57.25.036.png
1586,6947,3.25,06.12.2024,97,06.12.2024\97\rgb\14.57.25.129.png,06.12.2024\97\depth\14.57.25.129.png
1587,6947,3.25,06.12.2024,97,06.12.2024\97\rgb\14.57.25.223.png,06.12.2024\97\depth\14.57.25.223.png
1588,6947,3.25,06.12.2024,97,06.12.2024\97\rgb\14.57.25.311.png,06.12.2024\97\depth\14.57.25.311.png
1589,6947,3.25,06.12.2024,97,06.12.2024\97\rgb\14.57.25.405.png,06.12.2024\97\depth\14.57.25.405.png
1590,6947,3.25,06.12.2024,97,06.12.2024\97\rgb\14.57.25.499.png,06.12.2024\97\depth\14.57.25.499.png
1591,6947,3.25,06.12.2024,97,06.12.2024\97\rgb\14.57.25.592.png,06.12.2024\97\depth\14.57.25.592.png
1592,6947,3.25,06.12.2024,97,06.12.2024\97\rgb\14.57.25.683.png,06.12.2024\97\depth\14.57.25.683.png
1593,6947,3.25,06.12.2024,97,06.12.2024\97\rgb\14.57.25.775.png,06.12.2024\97\depth\14.57.25.775.png
1594,6947,3.25,06.12.2024,97,06.12.2024\97\rgb\14.57.25.854.png,06.12.2024\97\depth\14.57.25.854.png
1595,6947,3.25,06.12.2024,97,06.12.2024\97\rgb\14.57.25.945.png,06.12.2024\97\depth\14.57.25.945.png
1596,6947,3.25,06.12.2024,97,06.12.2024\97\rgb\14.57.26.039.png,06.12.2024\97\depth\14.57.26.039.png
1597,6947,3.25,06.12.2024,97,06.12.2024\97\rgb\14.57.26.135.png,06.12.2024\97\depth\14.57.26.135.png
1598,6947,3.25,06.12.2024,97,06.12.2024\97\rgb\14.57.26.230.png,06.12.2024\97\depth\14.57.26.230.png
1599,6947,3.25,06.12.2024,97,06.12.2024\97\rgb\14.57.26.324.png,06.12.2024\97\depth\14.57.26.324.png
1600,6947,3.25,06.12.2024,97,06.12.2024\97\rgb\14.57.26.413.png,06.12.2024\97\depth\14.57.26.413.png
1601,5159,3.0,06.12.2024,98,06.12.2024\98\rgb\14.57.38.429.png,06.12.2024\98\depth\14.57.38.429.png
1602,5159,3.0,06.12.2024,98,06.12.2024\98\rgb\14.57.38.528.png,06.12.2024\98\depth\14.57.38.528.png
1603,5159,3.0,06.12.2024,98,06.12.2024\98\rgb\14.57.38.623.png,06.12.2024\98\depth\14.57.38.623.png
1604,5159,3.0,06.12.2024,98,06.12.2024\98\rgb\14.57.38.715.png,06.12.2024\98\depth\14.57.38.715.png
1605,5159,3.0,06.12.2024,98,06.12.2024\98\rgb\14.57.38.809.png,06.12.2024\98\depth\14.57.38.809.png
1606,5159,3.0,06.12.2024,98,06.12.2024\98\rgb\14.57.38.905.png,06.12.2024\98\depth\14.57.38.905.png
1607,5159,3.0,06.12.2024,98,06.12.2024\98\rgb\14.57.39.005.png,06.12.2024\98\depth\14.57.39.005.png
1608,5159,3.0,06.12.2024,98,06.12.2024\98\rgb\14.57.39.099.png,06.12.2024\98\depth\14.57.39.099.png
1609,5159,3.0,06.12.2024,98,06.12.2024\98\rgb\14.57.39.193.png,06.12.2024\98\depth\14.57.39.193.png
1610,5159,3.0,06.12.2024,98,06.12.2024\98\rgb\14.57.39.287.png,06.12.2024\98\depth\14.57.39.287.png
1611,5159,3.0,06.12.2024,98,06.12.2024\98\rgb\14.57.39.382.png,06.12.2024\98\depth\14.57.39.382.png
1612,5159,3.0,06.12.2024,98,06.12.2024\98\rgb\14.57.39.475.png,06.12.2024\98\depth\14.57.39.475.png
1613,5159,3.0,06.12.2024,98,06.12.2024\98\rgb\14.57.39.558.png,06.12.2024\98\depth\14.57.39.558.png
1614,5159,3.0,06.12.2024,98,06.12.2024\98\rgb\14.57.39.659.png,06.12.2024\98\depth\14.57.39.659.png
1615,5159,3.0,06.12.2024,98,06.12.2024\98\rgb\14.57.39.753.png,06.12.2024\98\depth\14.57.39.753.png
1616,5159,3.0,06.12.2024,98,06.12.2024\98\rgb\14.57.39.843.png,06.12.2024\98\depth\14.57.39.843.png
1617,5159,3.0,06.12.2024,98,06.12.2024\98\rgb\14.57.39.937.png,06.12.2024\98\depth\14.57.39.937.png
1618,5159,3.0,06.12.2024,98,06.12.2024\98\rgb\14.57.40.029.png,06.12.2024\98\depth\14.57.40.029.png
1619,5159,3.0,06.12.2024,98,06.12.2024\98\rgb\14.57.40.126.png,06.12.2024\98\depth\14.57.40.126.png
1620,5159,3.0,06.12.2024,98,06.12.2024\98\rgb\14.57.40.221.png,06.12.2024\98\depth\14.57.40.221.png
1621,5149,3.25,06.12.2024,99,06.12.2024\99\rgb\14.57.55.696.png,06.12.2024\99\depth\14.57.55.696.png
1622,5149,3.25,06.12.2024,99,06.12.2024\99\rgb\14.57.55.784.png,06.12.2024\99\depth\14.57.55.784.png
1623,5149,3.25,06.12.2024,99,06.12.2024\99\rgb\14.57.55.875.png,06.12.2024\99\depth\14.57.55.875.png
1624,5149,3.25,06.12.2024,99,06.12.2024\99\rgb\14.57.55.964.png,06.12.2024\99\depth\14.57.55.964.png
1625,5149,3.25,06.12.2024,99,06.12.2024\99\rgb\14.57.56.059.png,06.12.2024\99\depth\14.57.56.059.png
1626,5149,3.25,06.12.2024,99,06.12.2024\99\rgb\14.57.56.151.png,06.12.2024\99\depth\14.57.56.151.png
1627,5149,3.25,06.12.2024,99,06.12.2024\99\rgb\14.57.56.242.png,06.12.2024\99\depth\14.57.56.242.png
1628,5149,3.25,06.12.2024,99,06.12.2024\99\rgb\14.57.56.335.png,06.12.2024\99\depth\14.57.56.335.png
1629,5149,3.25,06.12.2024,99,06.12.2024\99\rgb\14.57.56.429.png,06.12.2024\99\depth\14.57.56.429.png
1630,5149,3.25,06.12.2024,99,06.12.2024\99\rgb\14.57.56.522.png,06.12.2024\99\depth\14.57.56.522.png
1631,5149,3.25,06.12.2024,99,06.12.2024\99\rgb\14.57.56.614.png,06.12.2024\99\depth\14.57.56.614.png
1632,5149,3.25,06.12.2024,99,06.12.2024\99\rgb\14.57.56.706.png,06.12.2024\99\depth\14.57.56.706.png
1633,5149,3.25,06.12.2024,99,06.12.2024\99\rgb\14.57.56.800.png,06.12.2024\99\depth\14.57.56.800.png
1634,5149,3.25,06.12.2024,99,06.12.2024\99\rgb\14.57.56.895.png,06.12.2024\99\depth\14.57.56.895.png
1635,5149,3.25,06.12.2024,99,06.12.2024\99\rgb\14.57.56.990.png,06.12.2024\99\depth\14.57.56.990.png
1636,5149,3.25,06.12.2024,99,06.12.2024\99\rgb\14.57.57.080.png,06.12.2024\99\depth\14.57.57.080.png
1637,5149,3.25,06.12.2024,99,06.12.2024\99\rgb\14.57.57.175.png,06.12.2024\99\depth\14.57.57.175.png
1638,5149,3.25,06.12.2024,99,06.12.2024\99\rgb\14.57.57.268.png,06.12.2024\99\depth\14.57.57.268.png
1639,5149,3.25,06.12.2024,99,06.12.2024\99\rgb\14.57.57.359.png,06.12.2024\99\depth\14.57.57.359.png
1640,5149,3.25,06.12.2024,99,06.12.2024\99\rgb\14.57.57.455.png,06.12.2024\99\depth\14.57.57.455.png
1641,5198,3.0,06.12.2024,100,06.12.2024\100\rgb\14.58.12.092.png,06.12.2024\100\depth\14.58.12.092.png
1642,5198,3.0,06.12.2024,100,06.12.2024\100\rgb\14.58.12.185.png,06.12.2024\100\depth\14.58.12.185.png
1643,5198,3.0,06.12.2024,100,06.12.2024\100\rgb\14.58.12.275.png,06.12.2024\100\depth\14.58.12.275.png
1644,5198,3.0,06.12.2024,100,06.12.2024\100\rgb\14.58.12.366.png,06.12.2024\100\depth\14.58.12.366.png
1645,5198,3.0,06.12.2024,100,06.12.2024\100\rgb\14.58.12.459.png,06.12.2024\100\depth\14.58.12.459.png
1646,5198,3.0,06.12.2024,100,06.12.2024\100\rgb\14.58.12.553.png,06.12.2024\100\depth\14.58.12.553.png
1647,5198,3.0,06.12.2024,100,06.12.2024\100\rgb\14.58.12.646.png,06.12.2024\100\depth\14.58.12.646.png
1648,5198,3.0,06.12.2024,100,06.12.2024\100\rgb\14.58.12.736.png,06.12.2024\100\depth\14.58.12.736.png
1649,5198,3.0,06.12.2024,100,06.12.2024\100\rgb\14.58.12.830.png,06.12.2024\100\depth\14.58.12.830.png
1650,5198,3.0,06.12.2024,100,06.12.2024\100\rgb\14.58.12.921.png,06.12.2024\100\depth\14.58.12.921.png
1651,5198,3.0,06.12.2024,100,06.12.2024\100\rgb\14.58.13.018.png,06.12.2024\100\depth\14.58.13.018.png
1652,5198,3.0,06.12.2024,100,06.12.2024\100\rgb\14.58.13.107.png,06.12.2024\100\depth\14.58.13.107.png
1653,5198,3.0,06.12.2024,100,06.12.2024\100\rgb\14.58.13.200.png,06.12.2024\100\depth\14.58.13.200.png
1654,5198,3.0,06.12.2024,100,06.12.2024\100\rgb\14.58.13.294.png,06.12.2024\100\depth\14.58.13.294.png
1655,5198,3.0,06.12.2024,100,06.12.2024\100\rgb\14.58.13.385.png,06.12.2024\100\depth\14.58.13.385.png
1656,5198,3.0,06.12.2024,100,06.12.2024\100\rgb\14.58.13.482.png,06.12.2024\100\depth\14.58.13.482.png
1657,5198,3.0,06.12.2024,100,06.12.2024\100\rgb\14.58.13.572.png,06.12.2024\100\depth\14.58.13.572.png
1658,5198,3.0,06.12.2024,100,06.12.2024\100\rgb\14.58.13.666.png,06.12.2024\100\depth\14.58.13.666.png
1659,5198,3.0,06.12.2024,100,06.12.2024\100\rgb\14.58.13.760.png,06.12.2024\100\depth\14.58.13.760.png
1660,5198,3.0,06.12.2024,100,06.12.2024\100\rgb\14.58.13.852.png,06.12.2024\100\depth\14.58.13.852.png
1661,22090,3.0,06.12.2024,101,06.12.2024\101\rgb\15.04.34.020.png,06.12.2024\101\depth\15.04.34.020.png
1662,22090,3.0,06.12.2024,101,06.12.2024\101\rgb\15.04.34.104.png,06.12.2024\101\depth\15.04.34.104.png
1663,22090,3.0,06.12.2024,101,06.12.2024\101\rgb\15.04.34.193.png,06.12.2024\101\depth\15.04.34.193.png
1664,22090,3.0,06.12.2024,101,06.12.2024\101\rgb\15.04.34.292.png,06.12.2024\101\depth\15.04.34.292.png
1665,22090,3.0,06.12.2024,101,06.12.2024\101\rgb\15.04.34.396.png,06.12.2024\101\depth\15.04.34.396.png
1666,22090,3.0,06.12.2024,101,06.12.2024\101\rgb\15.04.34.487.png,06.12.2024\101\depth\15.04.34.487.png
1667,22090,3.0,06.12.2024,101,06.12.2024\101\rgb\15.04.34.578.png,06.12.2024\101\depth\15.04.34.578.png
1668,22090,3.0,06.12.2024,101,06.12.2024\101\rgb\15.04.34.672.png,06.12.2024\101\depth\15.04.34.672.png
1669,22090,3.0,06.12.2024,101,06.12.2024\101\rgb\15.04.34.771.png,06.12.2024\101\depth\15.04.34.771.png
1670,22090,3.0,06.12.2024,101,06.12.2024\101\rgb\15.04.34.858.png,06.12.2024\101\depth\15.04.34.858.png
1671,22090,3.0,06.12.2024,101,06.12.2024\101\rgb\15.04.34.950.png,06.12.2024\101\depth\15.04.34.950.png
1672,22090,3.0,06.12.2024,101,06.12.2024\101\rgb\15.04.35.041.png,06.12.2024\101\depth\15.04.35.041.png
1673,22090,3.0,06.12.2024,101,06.12.2024\101\rgb\15.04.35.136.png,06.12.2024\101\depth\15.04.35.136.png
1674,22090,3.0,06.12.2024,101,06.12.2024\101\rgb\15.04.35.214.png,06.12.2024\101\depth\15.04.35.214.png
1675,22090,3.0,06.12.2024,101,06.12.2024\101\rgb\15.04.35.307.png,06.12.2024\101\depth\15.04.35.307.png
1676,22090,3.0,06.12.2024,101,06.12.2024\101\rgb\15.04.35.398.png,06.12.2024\101\depth\15.04.35.398.png
1677,22090,3.0,06.12.2024,101,06.12.2024\101\rgb\15.04.35.493.png,06.12.2024\101\depth\15.04.35.493.png
1678,22090,3.0,06.12.2024,101,06.12.2024\101\rgb\15.04.35.586.png,06.12.2024\101\depth\15.04.35.586.png
1679,22090,3.0,06.12.2024,101,06.12.2024\101\rgb\15.04.35.680.png,06.12.2024\101\depth\15.04.35.680.png
1680,22090,3.0,06.12.2024,101,06.12.2024\101\rgb\15.04.35.770.png,06.12.2024\101\depth\15.04.35.770.png
1681,4873,3.0,06.12.2024,102,06.12.2024\102\rgb\15.04.52.861.png,06.12.2024\102\depth\15.04.52.861.png
1682,4873,3.0,06.12.2024,102,06.12.2024\102\rgb\15.04.52.944.png,06.12.2024\102\depth\15.04.52.944.png
1683,4873,3.0,06.12.2024,102,06.12.2024\102\rgb\15.04.53.038.png,06.12.2024\102\depth\15.04.53.038.png
1684,4873,3.0,06.12.2024,102,06.12.2024\102\rgb\15.04.53.129.png,06.12.2024\102\depth\15.04.53.129.png
1685,4873,3.0,06.12.2024,102,06.12.2024\102\rgb\15.04.53.223.png,06.12.2024\102\depth\15.04.53.223.png
1686,4873,3.0,06.12.2024,102,06.12.2024\102\rgb\15.04.53.315.png,06.12.2024\102\depth\15.04.53.315.png
1687,4873,3.0,06.12.2024,102,06.12.2024\102\rgb\15.04.53.408.png,06.12.2024\102\depth\15.04.53.408.png
1688,4873,3.0,06.12.2024,102,06.12.2024\102\rgb\15.04.53.502.png,06.12.2024\102\depth\15.04.53.502.png
1689,4873,3.0,06.12.2024,102,06.12.2024\102\rgb\15.04.53.595.png,06.12.2024\102\depth\15.04.53.595.png
1690,4873,3.0,06.12.2024,102,06.12.2024\102\rgb\15.04.53.685.png,06.12.2024\102\depth\15.04.53.685.png
1691,4873,3.0,06.12.2024,102,06.12.2024\102\rgb\15.04.53.778.png,06.12.2024\102\depth\15.04.53.778.png
1692,4873,3.0,06.12.2024,102,06.12.2024\102\rgb\15.04.53.873.png,06.12.2024\102\depth\15.04.53.873.png
1693,4873,3.0,06.12.2024,102,06.12.2024\102\rgb\15.04.53.964.png,06.12.2024\102\depth\15.04.53.964.png
1694,4873,3.0,06.12.2024,102,06.12.2024\102\rgb\15.04.54.060.png,06.12.2024\102\depth\15.04.54.060.png
1695,4873,3.0,06.12.2024,102,06.12.2024\102\rgb\15.04.54.153.png,06.12.2024\102\depth\15.04.54.153.png
1696,4873,3.0,06.12.2024,102,06.12.2024\102\rgb\15.04.54.245.png,06.12.2024\102\depth\15.04.54.245.png
1697,4873,3.0,06.12.2024,102,06.12.2024\102\rgb\15.04.54.338.png,06.12.2024\102\depth\15.04.54.338.png
1698,4873,3.0,06.12.2024,102,06.12.2024\102\rgb\15.04.54.419.png,06.12.2024\102\depth\15.04.54.419.png
1699,4873,3.0,06.12.2024,102,06.12.2024\102\rgb\15.04.54.509.png,06.12.2024\102\depth\15.04.54.509.png
1700,4873,3.0,06.12.2024,102,06.12.2024\102\rgb\15.04.54.603.png,06.12.2024\102\depth\15.04.54.603.png
1701,4900,3.25,06.12.2024,103,06.12.2024\103\rgb\15.05.10.615.png,06.12.2024\103\depth\15.05.10.615.png
1702,4900,3.25,06.12.2024,103,06.12.2024\103\rgb\15.05.10.726.png,06.12.2024\103\depth\15.05.10.726.png
1703,4900,3.25,06.12.2024,103,06.12.2024\103\rgb\15.05.10.816.png,06.12.2024\103\depth\15.05.10.816.png
1704,4900,3.25,06.12.2024,103,06.12.2024\103\rgb\15.05.10.909.png,06.12.2024\103\depth\15.05.10.909.png
1705,4900,3.25,06.12.2024,103,06.12.2024\103\rgb\15.05.11.003.png,06.12.2024\103\depth\15.05.11.003.png
1706,4900,3.25,06.12.2024,103,06.12.2024\103\rgb\15.05.11.096.png,06.12.2024\103\depth\15.05.11.096.png
1707,4900,3.25,06.12.2024,103,06.12.2024\103\rgb\15.05.11.191.png,06.12.2024\103\depth\15.05.11.191.png
1708,4900,3.25,06.12.2024,103,06.12.2024\103\rgb\15.05.11.284.png,06.12.2024\103\depth\15.05.11.284.png
1709,4900,3.25,06.12.2024,103,06.12.2024\103\rgb\15.05.11.375.png,06.12.2024\103\depth\15.05.11.375.png
1710,4900,3.25,06.12.2024,103,06.12.2024\103\rgb\15.05.11.464.png,06.12.2024\103\depth\15.05.11.464.png
1711,4900,3.25,06.12.2024,103,06.12.2024\103\rgb\15.05.11.558.png,06.12.2024\103\depth\15.05.11.558.png
1712,4900,3.25,06.12.2024,103,06.12.2024\103\rgb\15.05.11.651.png,06.12.2024\103\depth\15.05.11.651.png
1713,4900,3.25,06.12.2024,103,06.12.2024\103\rgb\15.05.11.740.png,06.12.2024\103\depth\15.05.11.740.png
1714,4900,3.25,06.12.2024,103,06.12.2024\103\rgb\15.05.11.831.png,06.12.2024\103\depth\15.05.11.831.png
1715,4900,3.25,06.12.2024,103,06.12.2024\103\rgb\15.05.11.929.png,06.12.2024\103\depth\15.05.11.929.png
1716,4900,3.25,06.12.2024,103,06.12.2024\103\rgb\15.05.12.022.png,06.12.2024\103\depth\15.05.12.022.png
1717,4900,3.25,06.12.2024,103,06.12.2024\103\rgb\15.05.12.114.png,06.12.2024\103\depth\15.05.12.114.png
1718,4900,3.25,06.12.2024,103,06.12.2024\103\rgb\15.05.12.205.png,06.12.2024\103\depth\15.05.12.205.png
1719,4900,3.25,06.12.2024,103,06.12.2024\103\rgb\15.05.12.299.png,06.12.2024\103\depth\15.05.12.299.png
1720,4900,3.25,06.12.2024,103,06.12.2024\103\rgb\15.05.12.392.png,06.12.2024\103\depth\15.05.12.392.png
1721,111109,3.0,06.12.2024,104,06.12.2024\104\rgb\15.05.25.450.png,06.12.2024\104\depth\15.05.25.450.png
1722,111109,3.0,06.12.2024,104,06.12.2024\104\rgb\15.05.25.553.png,06.12.2024\104\depth\15.05.25.553.png
1723,111109,3.0,06.12.2024,104,06.12.2024\104\rgb\15.05.25.644.png,06.12.2024\104\depth\15.05.25.644.png
1724,111109,3.0,06.12.2024,104,06.12.2024\104\rgb\15.05.25.732.png,06.12.2024\104\depth\15.05.25.732.png
1725,111109,3.0,06.12.2024,104,06.12.2024\104\rgb\15.05.25.827.png,06.12.2024\104\depth\15.05.25.827.png
1726,111109,3.0,06.12.2024,104,06.12.2024\104\rgb\15.05.25.922.png,06.12.2024\104\depth\15.05.25.922.png
1727,111109,3.0,06.12.2024,104,06.12.2024\104\rgb\15.05.26.015.png,06.12.2024\104\depth\15.05.26.015.png
1728,111109,3.0,06.12.2024,104,06.12.2024\104\rgb\15.05.26.108.png,06.12.2024\104\depth\15.05.26.108.png
1729,111109,3.0,06.12.2024,104,06.12.2024\104\rgb\15.05.26.200.png,06.12.2024\104\depth\15.05.26.200.png
1730,111109,3.0,06.12.2024,104,06.12.2024\104\rgb\15.05.26.292.png,06.12.2024\104\depth\15.05.26.292.png
1731,111109,3.0,06.12.2024,104,06.12.2024\104\rgb\15.05.26.386.png,06.12.2024\104\depth\15.05.26.386.png
1732,111109,3.0,06.12.2024,104,06.12.2024\104\rgb\15.05.26.479.png,06.12.2024\104\depth\15.05.26.479.png
1733,111109,3.0,06.12.2024,104,06.12.2024\104\rgb\15.05.26.569.png,06.12.2024\104\depth\15.05.26.569.png
1734,111109,3.0,06.12.2024,104,06.12.2024\104\rgb\15.05.26.664.png,06.12.2024\104\depth\15.05.26.664.png
1735,111109,3.0,06.12.2024,104,06.12.2024\104\rgb\15.05.26.758.png,06.12.2024\104\depth\15.05.26.758.png
1736,111109,3.0,06.12.2024,104,06.12.2024\104\rgb\15.05.26.856.png,06.12.2024\104\depth\15.05.26.856.png
1737,111109,3.0,06.12.2024,104,06.12.2024\104\rgb\15.05.26.940.png,06.12.2024\104\depth\15.05.26.940.png
1738,111109,3.0,06.12.2024,104,06.12.2024\104\rgb\15.05.27.032.png,06.12.2024\104\depth\15.05.27.032.png
1739,111109,3.0,06.12.2024,104,06.12.2024\104\rgb\15.05.27.125.png,06.12.2024\104\depth\15.05.27.125.png
1740,111109,3.0,06.12.2024,104,06.12.2024\104\rgb\15.05.27.220.png,06.12.2024\104\depth\15.05.27.220.png
1741,6466,3.25,06.12.2024,105,06.12.2024\105\rgb\15.07.38.171.png,06.12.2024\105\depth\15.07.38.171.png
1742,6466,3.25,06.12.2024,105,06.12.2024\105\rgb\15.07.38.258.png,06.12.2024\105\depth\15.07.38.258.png
1743,6466,3.25,06.12.2024,105,06.12.2024\105\rgb\15.07.38.348.png,06.12.2024\105\depth\15.07.38.348.png
1744,6466,3.25,06.12.2024,105,06.12.2024\105\rgb\15.07.38.443.png,06.12.2024\105\depth\15.07.38.443.png
1745,6466,3.25,06.12.2024,105,06.12.2024\105\rgb\15.07.38.533.png,06.12.2024\105\depth\15.07.38.533.png
1746,6466,3.25,06.12.2024,105,06.12.2024\105\rgb\15.07.38.628.png,06.12.2024\105\depth\15.07.38.628.png
1747,6466,3.25,06.12.2024,105,06.12.2024\105\rgb\15.07.38.718.png,06.12.2024\105\depth\15.07.38.718.png
1748,6466,3.25,06.12.2024,105,06.12.2024\105\rgb\15.07.38.811.png,06.12.2024\105\depth\15.07.38.811.png
1749,6466,3.25,06.12.2024,105,06.12.2024\105\rgb\15.07.38.903.png,06.12.2024\105\depth\15.07.38.903.png
1750,6466,3.25,06.12.2024,105,06.12.2024\105\rgb\15.07.38.996.png,06.12.2024\105\depth\15.07.38.996.png
1751,6466,3.25,06.12.2024,105,06.12.2024\105\rgb\15.07.39.088.png,06.12.2024\105\depth\15.07.39.088.png
1752,6466,3.25,06.12.2024,105,06.12.2024\105\rgb\15.07.39.182.png,06.12.2024\105\depth\15.07.39.182.png
1753,6466,3.25,06.12.2024,105,06.12.2024\105\rgb\15.07.39.275.png,06.12.2024\105\depth\15.07.39.275.png
1754,6466,3.25,06.12.2024,105,06.12.2024\105\rgb\15.07.39.368.png,06.12.2024\105\depth\15.07.39.368.png
1755,6466,3.25,06.12.2024,105,06.12.2024\105\rgb\15.07.39.463.png,06.12.2024\105\depth\15.07.39.463.png
1756,6466,3.25,06.12.2024,105,06.12.2024\105\rgb\15.07.39.551.png,06.12.2024\105\depth\15.07.39.551.png
1757,6466,3.25,06.12.2024,105,06.12.2024\105\rgb\15.07.39.644.png,06.12.2024\105\depth\15.07.39.644.png
1758,6466,3.25,06.12.2024,105,06.12.2024\105\rgb\15.07.39.739.png,06.12.2024\105\depth\15.07.39.739.png
1759,6466,3.25,06.12.2024,105,06.12.2024\105\rgb\15.07.39.829.png,06.12.2024\105\depth\15.07.39.829.png
1760,6466,3.25,06.12.2024,105,06.12.2024\105\rgb\15.07.39.922.png,06.12.2024\105\depth\15.07.39.922.png
1761,920719,3.25,06.12.2024,106,06.12.2024\106\rgb\15.09.14.342.png,06.12.2024\106\depth\15.09.14.342.png
1762,920719,3.25,06.12.2024,106,06.12.2024\106\rgb\15.09.14.440.png,06.12.2024\106\depth\15.09.14.440.png
1763,920719,3.25,06.12.2024,106,06.12.2024\106\rgb\15.09.14.534.png,06.12.2024\106\depth\15.09.14.534.png
1764,920719,3.25,06.12.2024,106,06.12.2024\106\rgb\15.09.14.624.png,06.12.2024\106\depth\15.09.14.624.png
1765,920719,3.25,06.12.2024,106,06.12.2024\106\rgb\15.09.14.719.png,06.12.2024\106\depth\15.09.14.719.png
1766,920719,3.25,06.12.2024,106,06.12.2024\106\rgb\15.09.14.811.png,06.12.2024\106\depth\15.09.14.811.png
1767,920719,3.25,06.12.2024,106,06.12.2024\106\rgb\15.09.14.903.png,06.12.2024\106\depth\15.09.14.903.png
1768,920719,3.25,06.12.2024,106,06.12.2024\106\rgb\15.09.14.995.png,06.12.2024\106\depth\15.09.14.995.png
1769,920719,3.25,06.12.2024,106,06.12.2024\106\rgb\15.09.15.086.png,06.12.2024\106\depth\15.09.15.086.png
1770,920719,3.25,06.12.2024,106,06.12.2024\106\rgb\15.09.15.184.png,06.12.2024\106\depth\15.09.15.184.png
1771,920719,3.25,06.12.2024,106,06.12.2024\106\rgb\15.09.15.275.png,06.12.2024\106\depth\15.09.15.275.png
1772,920719,3.25,06.12.2024,106,06.12.2024\106\rgb\15.09.15.366.png,06.12.2024\106\depth\15.09.15.366.png
1773,920719,3.25,06.12.2024,106,06.12.2024\106\rgb\15.09.15.443.png,06.12.2024\106\depth\15.09.15.443.png
1774,920719,3.25,06.12.2024,106,06.12.2024\106\rgb\15.09.15.538.png,06.12.2024\106\depth\15.09.15.538.png
1775,920719,3.25,06.12.2024,106,06.12.2024\106\rgb\15.09.15.632.png,06.12.2024\106\depth\15.09.15.632.png
1776,920719,3.25,06.12.2024,106,06.12.2024\106\rgb\15.09.15.724.png,06.12.2024\106\depth\15.09.15.724.png
1777,920719,3.25,06.12.2024,106,06.12.2024\106\rgb\15.09.15.818.png,06.12.2024\106\depth\15.09.15.818.png
1778,920719,3.25,06.12.2024,106,06.12.2024\106\rgb\15.09.15.908.png,06.12.2024\106\depth\15.09.15.908.png
1779,920719,3.25,06.12.2024,106,06.12.2024\106\rgb\15.09.16.002.png,06.12.2024\106\depth\15.09.16.002.png
1780,920719,3.25,06.12.2024,106,06.12.2024\106\rgb\15.09.16.095.png,06.12.2024\106\depth\15.09.16.095.png
1781,6486,3.25,06.12.2024,107,06.12.2024\107\rgb\15.09.31.510.png,06.12.2024\107\depth\15.09.31.510.png
1782,6486,3.25,06.12.2024,107,06.12.2024\107\rgb\15.09.31.598.png,06.12.2024\107\depth\15.09.31.598.png
1783,6486,3.25,06.12.2024,107,06.12.2024\107\rgb\15.09.31.689.png,06.12.2024\107\depth\15.09.31.689.png
1784,6486,3.25,06.12.2024,107,06.12.2024\107\rgb\15.09.31.782.png,06.12.2024\107\depth\15.09.31.782.png
1785,6486,3.25,06.12.2024,107,06.12.2024\107\rgb\15.09.31.871.png,06.12.2024\107\depth\15.09.31.871.png
1786,6486,3.25,06.12.2024,107,06.12.2024\107\rgb\15.09.31.964.png,06.12.2024\107\depth\15.09.31.964.png
1787,6486,3.25,06.12.2024,107,06.12.2024\107\rgb\15.09.32.055.png,06.12.2024\107\depth\15.09.32.055.png
1788,6486,3.25,06.12.2024,107,06.12.2024\107\rgb\15.09.32.149.png,06.12.2024\107\depth\15.09.32.149.png
1789,6486,3.25,06.12.2024,107,06.12.2024\107\rgb\15.09.32.239.png,06.12.2024\107\depth\15.09.32.239.png
1790,6486,3.25,06.12.2024,107,06.12.2024\107\rgb\15.09.32.332.png,06.12.2024\107\depth\15.09.32.332.png
1791,6486,3.25,06.12.2024,107,06.12.2024\107\rgb\15.09.32.423.png,06.12.2024\107\depth\15.09.32.423.png
1792,6486,3.25,06.12.2024,107,06.12.2024\107\rgb\15.09.32.515.png,06.12.2024\107\depth\15.09.32.515.png
1793,6486,3.25,06.12.2024,107,06.12.2024\107\rgb\15.09.32.602.png,06.12.2024\107\depth\15.09.32.602.png
1794,6486,3.25,06.12.2024,107,06.12.2024\107\rgb\15.09.32.697.png,06.12.2024\107\depth\15.09.32.697.png
1795,6486,3.25,06.12.2024,107,06.12.2024\107\rgb\15.09.32.789.png,06.12.2024\107\depth\15.09.32.789.png
1796,6486,3.25,06.12.2024,107,06.12.2024\107\rgb\15.09.32.882.png,06.12.2024\107\depth\15.09.32.882.png
1797,6486,3.25,06.12.2024,107,06.12.2024\107\rgb\15.09.32.970.png,06.12.2024\107\depth\15.09.32.970.png
1798,6486,3.25,06.12.2024,107,06.12.2024\107\rgb\15.09.33.066.png,06.12.2024\107\depth\15.09.33.066.png
1799,6486,3.25,06.12.2024,107,06.12.2024\107\rgb\15.09.33.156.png,06.12.2024\107\depth\15.09.33.156.png
1800,6486,3.25,06.12.2024,107,06.12.2024\107\rgb\15.09.33.248.png,06.12.2024\107\depth\15.09.33.248.png
1801,7070,3.25,06.12.2024,108,06.12.2024\108\rgb\15.09.48.935.png,06.12.2024\108\depth\15.09.48.935.png
1802,7070,3.25,06.12.2024,108,06.12.2024\108\rgb\15.09.49.035.png,06.12.2024\108\depth\15.09.49.035.png
1803,7070,3.25,06.12.2024,108,06.12.2024\108\rgb\15.09.49.128.png,06.12.2024\108\depth\15.09.49.128.png
1804,7070,3.25,06.12.2024,108,06.12.2024\108\rgb\15.09.49.223.png,06.12.2024\108\depth\15.09.49.223.png
1805,7070,3.25,06.12.2024,108,06.12.2024\108\rgb\15.09.49.314.png,06.12.2024\108\depth\15.09.49.314.png
1806,7070,3.25,06.12.2024,108,06.12.2024\108\rgb\15.09.49.407.png,06.12.2024\108\depth\15.09.49.407.png
1807,7070,3.25,06.12.2024,108,06.12.2024\108\rgb\15.09.49.498.png,06.12.2024\108\depth\15.09.49.498.png
1808,7070,3.25,06.12.2024,108,06.12.2024\108\rgb\15.09.49.591.png,06.12.2024\108\depth\15.09.49.591.png
1809,7070,3.25,06.12.2024,108,06.12.2024\108\rgb\15.09.49.685.png,06.12.2024\108\depth\15.09.49.685.png
1810,7070,3.25,06.12.2024,108,06.12.2024\108\rgb\15.09.49.777.png,06.12.2024\108\depth\15.09.49.777.png
1811,7070,3.25,06.12.2024,108,06.12.2024\108\rgb\15.09.49.873.png,06.12.2024\108\depth\15.09.49.873.png
1812,7070,3.25,06.12.2024,108,06.12.2024\108\rgb\15.09.49.958.png,06.12.2024\108\depth\15.09.49.958.png
1813,7070,3.25,06.12.2024,108,06.12.2024\108\rgb\15.09.50.037.png,06.12.2024\108\depth\15.09.50.037.png
1814,7070,3.25,06.12.2024,108,06.12.2024\108\rgb\15.09.50.129.png,06.12.2024\108\depth\15.09.50.129.png
1815,7070,3.25,06.12.2024,108,06.12.2024\108\rgb\15.09.50.212.png,06.12.2024\108\depth\15.09.50.212.png
1816,7070,3.25,06.12.2024,108,06.12.2024\108\rgb\15.09.50.306.png,06.12.2024\108\depth\15.09.50.306.png
1817,7070,3.25,06.12.2024,108,06.12.2024\108\rgb\15.09.50.395.png,06.12.2024\108\depth\15.09.50.395.png
1818,7070,3.25,06.12.2024,108,06.12.2024\108\rgb\15.09.50.485.png,06.12.2024\108\depth\15.09.50.485.png
1819,7070,3.25,06.12.2024,108,06.12.2024\108\rgb\15.09.50.569.png,06.12.2024\108\depth\15.09.50.569.png
1820,7070,3.25,06.12.2024,108,06.12.2024\108\rgb\15.09.50.657.png,06.12.2024\108\depth\15.09.50.657.png
1821,5148,2.75,06.12.2024,109,06.12.2024\109\rgb\15.10.07.643.png,06.12.2024\109\depth\15.10.07.643.png
1822,5148,2.75,06.12.2024,109,06.12.2024\109\rgb\15.10.07.730.png,06.12.2024\109\depth\15.10.07.730.png
1823,5148,2.75,06.12.2024,109,06.12.2024\109\rgb\15.10.07.821.png,06.12.2024\109\depth\15.10.07.821.png
1824,5148,2.75,06.12.2024,109,06.12.2024\109\rgb\15.10.07.914.png,06.12.2024\109\depth\15.10.07.914.png
1825,5148,2.75,06.12.2024,109,06.12.2024\109\rgb\15.10.08.006.png,06.12.2024\109\depth\15.10.08.006.png
1826,5148,2.75,06.12.2024,109,06.12.2024\109\rgb\15.10.08.096.png,06.12.2024\109\depth\15.10.08.096.png
1827,5148,2.75,06.12.2024,109,06.12.2024\109\rgb\15.10.08.190.png,06.12.2024\109\depth\15.10.08.190.png
1828,5148,2.75,06.12.2024,109,06.12.2024\109\rgb\15.10.08.281.png,06.12.2024\109\depth\15.10.08.281.png
1829,5148,2.75,06.12.2024,109,06.12.2024\109\rgb\15.10.08.374.png,06.12.2024\109\depth\15.10.08.374.png
1830,5148,2.75,06.12.2024,109,06.12.2024\109\rgb\15.10.08.464.png,06.12.2024\109\depth\15.10.08.464.png
1831,5148,2.75,06.12.2024,109,06.12.2024\109\rgb\15.10.08.558.png,06.12.2024\109\depth\15.10.08.558.png
1832,5148,2.75,06.12.2024,109,06.12.2024\109\rgb\15.10.08.655.png,06.12.2024\109\depth\15.10.08.655.png
1833,5148,2.75,06.12.2024,109,06.12.2024\109\rgb\15.10.08.739.png,06.12.2024\109\depth\15.10.08.739.png
1834,5148,2.75,06.12.2024,109,06.12.2024\109\rgb\15.10.08.835.png,06.12.2024\109\depth\15.10.08.835.png
1835,5148,2.75,06.12.2024,109,06.12.2024\109\rgb\15.10.08.925.png,06.12.2024\109\depth\15.10.08.925.png
1836,5148,2.75,06.12.2024,109,06.12.2024\109\rgb\15.10.09.022.png,06.12.2024\109\depth\15.10.09.022.png
1837,5148,2.75,06.12.2024,109,06.12.2024\109\rgb\15.10.09.114.png,06.12.2024\109\depth\15.10.09.114.png
1838,5148,2.75,06.12.2024,109,06.12.2024\109\rgb\15.10.09.205.png,06.12.2024\109\depth\15.10.09.205.png
1839,5148,2.75,06.12.2024,109,06.12.2024\109\rgb\15.10.09.295.png,06.12.2024\109\depth\15.10.09.295.png
1840,5148,2.75,06.12.2024,109,06.12.2024\109\rgb\15.10.09.389.png,06.12.2024\109\depth\15.10.09.389.png
1841,911025,3.5,06.12.2024,111,06.12.2024\111\rgb\15.10.40.265.png,06.12.2024\111\depth\15.10.40.265.png
1842,911025,3.5,06.12.2024,111,06.12.2024\111\rgb\15.10.40.363.png,06.12.2024\111\depth\15.10.40.363.png
1843,911025,3.5,06.12.2024,111,06.12.2024\111\rgb\15.10.40.455.png,06.12.2024\111\depth\15.10.40.455.png
1844,911025,3.5,06.12.2024,111,06.12.2024\111\rgb\15.10.40.549.png,06.12.2024\111\depth\15.10.40.549.png
1845,911025,3.5,06.12.2024,111,06.12.2024\111\rgb\15.10.40.637.png,06.12.2024\111\depth\15.10.40.637.png
1846,911025,3.5,06.12.2024,111,06.12.2024\111\rgb\15.10.40.721.png,06.12.2024\111\depth\15.10.40.721.png
1847,911025,3.5,06.12.2024,111,06.12.2024\111\rgb\15.10.40.810.png,06.12.2024\111\depth\15.10.40.810.png
1848,911025,3.5,06.12.2024,111,06.12.2024\111\rgb\15.10.40.900.png,06.12.2024\111\depth\15.10.40.900.png
1849,911025,3.5,06.12.2024,111,06.12.2024\111\rgb\15.10.40.996.png,06.12.2024\111\depth\15.10.40.996.png
1850,911025,3.5,06.12.2024,111,06.12.2024\111\rgb\15.10.41.087.png,06.12.2024\111\depth\15.10.41.087.png
1851,911025,3.5,06.12.2024,111,06.12.2024\111\rgb\15.10.41.182.png,06.12.2024\111\depth\15.10.41.182.png
1852,911025,3.5,06.12.2024,111,06.12.2024\111\rgb\15.10.41.276.png,06.12.2024\111\depth\15.10.41.276.png
1853,911025,3.5,06.12.2024,111,06.12.2024\111\rgb\15.10.41.389.png,06.12.2024\111\depth\15.10.41.389.png
1854,911025,3.5,06.12.2024,111,06.12.2024\111\rgb\15.10.41.477.png,06.12.2024\111\depth\15.10.41.477.png
1855,911025,3.5,06.12.2024,111,06.12.2024\111\rgb\15.10.41.571.png,06.12.2024\111\depth\15.10.41.571.png
1856,911025,3.5,06.12.2024,111,06.12.2024\111\rgb\15.10.41.664.png,06.12.2024\111\depth\15.10.41.664.png
1857,911025,3.5,06.12.2024,111,06.12.2024\111\rgb\15.10.41.758.png,06.12.2024\111\depth\15.10.41.758.png
1858,911025,3.5,06.12.2024,111,06.12.2024\111\rgb\15.10.41.849.png,06.12.2024\111\depth\15.10.41.849.png
1859,911025,3.5,06.12.2024,111,06.12.2024\111\rgb\15.10.41.942.png,06.12.2024\111\depth\15.10.41.942.png
1860,911025,3.5,06.12.2024,111,06.12.2024\111\rgb\15.10.42.030.png,06.12.2024\111\depth\15.10.42.030.png
1861,5692,3.0,06.12.2024,112,06.12.2024\112\rgb\15.10.56.378.png,06.12.2024\112\depth\15.10.56.378.png
1862,5692,3.0,06.12.2024,112,06.12.2024\112\rgb\15.10.56.467.png,06.12.2024\112\depth\15.10.56.467.png
1863,5692,3.0,06.12.2024,112,06.12.2024\112\rgb\15.10.56.558.png,06.12.2024\112\depth\15.10.56.558.png
1864,5692,3.0,06.12.2024,112,06.12.2024\112\rgb\15.10.56.650.png,06.12.2024\112\depth\15.10.56.650.png
1865,5692,3.0,06.12.2024,112,06.12.2024\112\rgb\15.10.56.746.png,06.12.2024\112\depth\15.10.56.746.png
1866,5692,3.0,06.12.2024,112,06.12.2024\112\rgb\15.10.56.835.png,06.12.2024\112\depth\15.10.56.835.png
1867,5692,3.0,06.12.2024,112,06.12.2024\112\rgb\15.10.56.928.png,06.12.2024\112\depth\15.10.56.928.png
1868,5692,3.0,06.12.2024,112,06.12.2024\112\rgb\15.10.57.022.png,06.12.2024\112\depth\15.10.57.022.png
1869,5692,3.0,06.12.2024,112,06.12.2024\112\rgb\15.10.57.114.png,06.12.2024\112\depth\15.10.57.114.png
1870,5692,3.0,06.12.2024,112,06.12.2024\112\rgb\15.10.57.206.png,06.12.2024\112\depth\15.10.57.206.png
1871,5692,3.0,06.12.2024,112,06.12.2024\112\rgb\15.10.57.300.png,06.12.2024\112\depth\15.10.57.300.png
1872,5692,3.0,06.12.2024,112,06.12.2024\112\rgb\15.10.57.393.png,06.12.2024\112\depth\15.10.57.393.png
1873,5692,3.0,06.12.2024,112,06.12.2024\112\rgb\15.10.57.485.png,06.12.2024\112\depth\15.10.57.485.png
1874,5692,3.0,06.12.2024,112,06.12.2024\112\rgb\15.10.57.578.png,06.12.2024\112\depth\15.10.57.578.png
1875,5692,3.0,06.12.2024,112,06.12.2024\112\rgb\15.10.57.673.png,06.12.2024\112\depth\15.10.57.673.png
1876,5692,3.0,06.12.2024,112,06.12.2024\112\rgb\15.10.57.762.png,06.12.2024\112\depth\15.10.57.762.png
1877,5692,3.0,06.12.2024,112,06.12.2024\112\rgb\15.10.57.860.png,06.12.2024\112\depth\15.10.57.860.png
1878,5692,3.0,06.12.2024,112,06.12.2024\112\rgb\15.10.57.949.png,06.12.2024\112\depth\15.10.57.949.png
1879,5692,3.0,06.12.2024,112,06.12.2024\112\rgb\15.10.58.026.png,06.12.2024\112\depth\15.10.58.026.png
1880,5692,3.0,06.12.2024,112,06.12.2024\112\rgb\15.10.58.118.png,06.12.2024\112\depth\15.10.58.118.png
1881,711111,2.75,06.12.2024,113,06.12.2024\113\rgb\15.11.13.488.png,06.12.2024\113\depth\15.11.13.488.png
1882,711111,2.75,06.12.2024,113,06.12.2024\113\rgb\15.11.13.581.png,06.12.2024\113\depth\15.11.13.581.png
1883,711111,2.75,06.12.2024,113,06.12.2024\113\rgb\15.11.13.673.png,06.12.2024\113\depth\15.11.13.673.png
1884,711111,2.75,06.12.2024,113,06.12.2024\113\rgb\15.11.13.770.png,06.12.2024\113\depth\15.11.13.770.png
1885,711111,2.75,06.12.2024,113,06.12.2024\113\rgb\15.11.13.860.png,06.12.2024\113\depth\15.11.13.860.png
1886,711111,2.75,06.12.2024,113,06.12.2024\113\rgb\15.11.13.955.png,06.12.2024\113\depth\15.11.13.955.png
1887,711111,2.75,06.12.2024,113,06.12.2024\113\rgb\15.11.14.044.png,06.12.2024\113\depth\15.11.14.044.png
1888,711111,2.75,06.12.2024,113,06.12.2024\113\rgb\15.11.14.140.png,06.12.2024\113\depth\15.11.14.140.png
1889,711111,2.75,06.12.2024,113,06.12.2024\113\rgb\15.11.14.227.png,06.12.2024\113\depth\15.11.14.227.png
1890,711111,2.75,06.12.2024,113,06.12.2024\113\rgb\15.11.14.322.png,06.12.2024\113\depth\15.11.14.322.png
1891,711111,2.75,06.12.2024,113,06.12.2024\113\rgb\15.11.14.415.png,06.12.2024\113\depth\15.11.14.415.png
1892,711111,2.75,06.12.2024,113,06.12.2024\113\rgb\15.11.14.508.png,06.12.2024\113\depth\15.11.14.508.png
1893,711111,2.75,06.12.2024,113,06.12.2024\113\rgb\15.11.14.602.png,06.12.2024\113\depth\15.11.14.602.png
1894,711111,2.75,06.12.2024,113,06.12.2024\113\rgb\15.11.14.693.png,06.12.2024\113\depth\15.11.14.693.png
1895,711111,2.75,06.12.2024,113,06.12.2024\113\rgb\15.11.14.788.png,06.12.2024\113\depth\15.11.14.788.png
1896,711111,2.75,06.12.2024,113,06.12.2024\113\rgb\15.11.14.876.png,06.12.2024\113\depth\15.11.14.876.png
1897,711111,2.75,06.12.2024,113,06.12.2024\113\rgb\15.11.14.973.png,06.12.2024\113\depth\15.11.14.973.png
1898,711111,2.75,06.12.2024,113,06.12.2024\113\rgb\15.11.15.062.png,06.12.2024\113\depth\15.11.15.062.png
1899,711111,2.75,06.12.2024,113,06.12.2024\113\rgb\15.11.15.157.png,06.12.2024\113\depth\15.11.15.157.png
1900,711111,2.75,06.12.2024,113,06.12.2024\113\rgb\15.11.15.248.png,06.12.2024\113\depth\15.11.15.248.png
1901,700912,3.0,06.12.2024,114,06.12.2024\114\rgb\15.11.29.878.png,06.12.2024\114\depth\15.11.29.878.png
1902,700912,3.0,06.12.2024,114,06.12.2024\114\rgb\15.11.29.970.png,06.12.2024\114\depth\15.11.29.970.png
1903,700912,3.0,06.12.2024,114,06.12.2024\114\rgb\15.11.30.059.png,06.12.2024\114\depth\15.11.30.059.png
1904,700912,3.0,06.12.2024,114,06.12.2024\114\rgb\15.11.30.155.png,06.12.2024\114\depth\15.11.30.155.png
1905,700912,3.0,06.12.2024,114,06.12.2024\114\rgb\15.11.30.245.png,06.12.2024\114\depth\15.11.30.245.png
1906,700912,3.0,06.12.2024,114,06.12.2024\114\rgb\15.11.30.337.png,06.12.2024\114\depth\15.11.30.337.png
1907,700912,3.0,06.12.2024,114,06.12.2024\114\rgb\15.11.30.429.png,06.12.2024\114\depth\15.11.30.429.png
1908,700912,3.0,06.12.2024,114,06.12.2024\114\rgb\15.11.30.524.png,06.12.2024\114\depth\15.11.30.524.png
1909,700912,3.0,06.12.2024,114,06.12.2024\114\rgb\15.11.30.617.png,06.12.2024\114\depth\15.11.30.617.png
1910,700912,3.0,06.12.2024,114,06.12.2024\114\rgb\15.11.30.699.png,06.12.2024\114\depth\15.11.30.699.png
1911,700912,3.0,06.12.2024,114,06.12.2024\114\rgb\15.11.30.788.png,06.12.2024\114\depth\15.11.30.788.png
1912,700912,3.0,06.12.2024,114,06.12.2024\114\rgb\15.11.30.881.png,06.12.2024\114\depth\15.11.30.881.png
1913,700912,3.0,06.12.2024,114,06.12.2024\114\rgb\15.11.30.971.png,06.12.2024\114\depth\15.11.30.971.png
1914,700912,3.0,06.12.2024,114,06.12.2024\114\rgb\15.11.31.065.png,06.12.2024\114\depth\15.11.31.065.png
1915,700912,3.0,06.12.2024,114,06.12.2024\114\rgb\15.11.31.158.png,06.12.2024\114\depth\15.11.31.158.png
1916,700912,3.0,06.12.2024,114,06.12.2024\114\rgb\15.11.31.252.png,06.12.2024\114\depth\15.11.31.252.png
1917,700912,3.0,06.12.2024,114,06.12.2024\114\rgb\15.11.31.344.png,06.12.2024\114\depth\15.11.31.344.png
1918,700912,3.0,06.12.2024,114,06.12.2024\114\rgb\15.11.31.437.png,06.12.2024\114\depth\15.11.31.437.png
1919,700912,3.0,06.12.2024,114,06.12.2024\114\rgb\15.11.31.529.png,06.12.2024\114\depth\15.11.31.529.png
1920,700912,3.0,06.12.2024,114,06.12.2024\114\rgb\15.11.31.624.png,06.12.2024\114\depth\15.11.31.624.png
1921,710819,3.25,06.12.2024,115,06.12.2024\115\rgb\15.11.49.167.png,06.12.2024\115\depth\15.11.49.167.png
1922,710819,3.25,06.12.2024,115,06.12.2024\115\rgb\15.11.49.255.png,06.12.2024\115\depth\15.11.49.255.png
1923,710819,3.25,06.12.2024,115,06.12.2024\115\rgb\15.11.49.345.png,06.12.2024\115\depth\15.11.49.345.png
1924,710819,3.25,06.12.2024,115,06.12.2024\115\rgb\15.11.49.434.png,06.12.2024\115\depth\15.11.49.434.png
1925,710819,3.25,06.12.2024,115,06.12.2024\115\rgb\15.11.49.528.png,06.12.2024\115\depth\15.11.49.528.png
1926,710819,3.25,06.12.2024,115,06.12.2024\115\rgb\15.11.49.621.png,06.12.2024\115\depth\15.11.49.621.png
1927,710819,3.25,06.12.2024,115,06.12.2024\115\rgb\15.11.49.716.png,06.12.2024\115\depth\15.11.49.716.png
1928,710819,3.25,06.12.2024,115,06.12.2024\115\rgb\15.11.49.808.png,06.12.2024\115\depth\15.11.49.808.png
1929,710819,3.25,06.12.2024,115,06.12.2024\115\rgb\15.11.49.899.png,06.12.2024\115\depth\15.11.49.899.png
1930,710819,3.25,06.12.2024,115,06.12.2024\115\rgb\15.11.49.993.png,06.12.2024\115\depth\15.11.49.993.png
1931,710819,3.25,06.12.2024,115,06.12.2024\115\rgb\15.11.50.089.png,06.12.2024\115\depth\15.11.50.089.png
1932,710819,3.25,06.12.2024,115,06.12.2024\115\rgb\15.11.50.179.png,06.12.2024\115\depth\15.11.50.179.png
1933,710819,3.25,06.12.2024,115,06.12.2024\115\rgb\15.11.50.270.png,06.12.2024\115\depth\15.11.50.270.png
1934,710819,3.25,06.12.2024,115,06.12.2024\115\rgb\15.11.50.362.png,06.12.2024\115\depth\15.11.50.362.png
1935,710819,3.25,06.12.2024,115,06.12.2024\115\rgb\15.11.50.458.png,06.12.2024\115\depth\15.11.50.458.png
1936,710819,3.25,06.12.2024,115,06.12.2024\115\rgb\15.11.50.549.png,06.12.2024\115\depth\15.11.50.549.png
1937,710819,3.25,06.12.2024,115,06.12.2024\115\rgb\15.11.50.643.png,06.12.2024\115\depth\15.11.50.643.png
1938,710819,3.25,06.12.2024,115,06.12.2024\115\rgb\15.11.50.725.png,06.12.2024\115\depth\15.11.50.725.png
1939,710819,3.25,06.12.2024,115,06.12.2024\115\rgb\15.11.50.811.png,06.12.2024\115\depth\15.11.50.811.png
1940,710819,3.25,06.12.2024,115,06.12.2024\115\rgb\15.11.50.903.png,06.12.2024\115\depth\15.11.50.903.png
1941,5159,3.0,06.12.2024,116,06.12.2024\116\rgb\15.12.04.093.png,06.12.2024\116\depth\15.12.04.093.png
1942,5159,3.0,06.12.2024,116,06.12.2024\116\rgb\15.12.04.193.png,06.12.2024\116\depth\15.12.04.193.png
1943,5159,3.0,06.12.2024,116,06.12.2024\116\rgb\15.12.04.286.png,06.12.2024\116\depth\15.12.04.286.png
1944,5159,3.0,06.12.2024,116,06.12.2024\116\rgb\15.12.04.379.png,06.12.2024\116\depth\15.12.04.379.png
1945,5159,3.0,06.12.2024,116,06.12.2024\116\rgb\15.12.04.473.png,06.12.2024\116\depth\15.12.04.473.png
1946,5159,3.0,06.12.2024,116,06.12.2024\116\rgb\15.12.04.565.png,06.12.2024\116\depth\15.12.04.565.png
1947,5159,3.0,06.12.2024,116,06.12.2024\116\rgb\15.12.04.660.png,06.12.2024\116\depth\15.12.04.660.png
1948,5159,3.0,06.12.2024,116,06.12.2024\116\rgb\15.12.04.750.png,06.12.2024\116\depth\15.12.04.750.png
1949,5159,3.0,06.12.2024,116,06.12.2024\116\rgb\15.12.04.843.png,06.12.2024\116\depth\15.12.04.843.png
1950,5159,3.0,06.12.2024,116,06.12.2024\116\rgb\15.12.04.935.png,06.12.2024\116\depth\15.12.04.935.png
1951,5159,3.0,06.12.2024,116,06.12.2024\116\rgb\15.12.05.029.png,06.12.2024\116\depth\15.12.05.029.png
1952,5159,3.0,06.12.2024,116,06.12.2024\116\rgb\15.12.05.120.png,06.12.2024\116\depth\15.12.05.120.png
1953,5159,3.0,06.12.2024,116,06.12.2024\116\rgb\15.12.05.213.png,06.12.2024\116\depth\15.12.05.213.png
1954,5159,3.0,06.12.2024,116,06.12.2024\116\rgb\15.12.05.305.png,06.12.2024\116\depth\15.12.05.305.png
1955,5159,3.0,06.12.2024,116,06.12.2024\116\rgb\15.12.05.398.png,06.12.2024\116\depth\15.12.05.398.png
1956,5159,3.0,06.12.2024,116,06.12.2024\116\rgb\15.12.05.493.png,06.12.2024\116\depth\15.12.05.493.png
1957,5159,3.0,06.12.2024,116,06.12.2024\116\rgb\15.12.05.584.png,06.12.2024\116\depth\15.12.05.584.png
1958,5159,3.0,06.12.2024,116,06.12.2024\116\rgb\15.12.05.678.png,06.12.2024\116\depth\15.12.05.678.png
1959,5159,3.0,06.12.2024,116,06.12.2024\116\rgb\15.12.05.762.png,06.12.2024\116\depth\15.12.05.762.png
1960,5159,3.0,06.12.2024,116,06.12.2024\116\rgb\15.12.05.864.png,06.12.2024\116\depth\15.12.05.864.png
1961,34199,3.25,06.12.2024,117,06.12.2024\117\rgb\15.12.24.263.png,06.12.2024\117\depth\15.12.24.263.png
1962,34199,3.25,06.12.2024,117,06.12.2024\117\rgb\15.12.24.362.png,06.12.2024\117\depth\15.12.24.362.png
1963,34199,3.25,06.12.2024,117,06.12.2024\117\rgb\15.12.24.458.png,06.12.2024\117\depth\15.12.24.458.png
1964,34199,3.25,06.12.2024,117,06.12.2024\117\rgb\15.12.24.551.png,06.12.2024\117\depth\15.12.24.551.png
1965,34199,3.25,06.12.2024,117,06.12.2024\117\rgb\15.12.24.642.png,06.12.2024\117\depth\15.12.24.642.png
1966,34199,3.25,06.12.2024,117,06.12.2024\117\rgb\15.12.24.734.png,06.12.2024\117\depth\15.12.24.734.png
1967,34199,3.25,06.12.2024,117,06.12.2024\117\rgb\15.12.24.825.png,06.12.2024\117\depth\15.12.24.825.png
1968,34199,3.25,06.12.2024,117,06.12.2024\117\rgb\15.12.24.922.png,06.12.2024\117\depth\15.12.24.922.png
1969,34199,3.25,06.12.2024,117,06.12.2024\117\rgb\15.12.25.015.png,06.12.2024\117\depth\15.12.25.015.png
1970,34199,3.25,06.12.2024,117,06.12.2024\117\rgb\15.12.25.108.png,06.12.2024\117\depth\15.12.25.108.png
1971,34199,3.25,06.12.2024,117,06.12.2024\117\rgb\15.12.25.198.png,06.12.2024\117\depth\15.12.25.198.png
1972,34199,3.25,06.12.2024,117,06.12.2024\117\rgb\15.12.25.290.png,06.12.2024\117\depth\15.12.25.290.png
1973,34199,3.25,06.12.2024,117,06.12.2024\117\rgb\15.12.25.386.png,06.12.2024\117\depth\15.12.25.386.png
1974,34199,3.25,06.12.2024,117,06.12.2024\117\rgb\15.12.25.475.png,06.12.2024\117\depth\15.12.25.475.png
1975,34199,3.25,06.12.2024,117,06.12.2024\117\rgb\15.12.25.567.png,06.12.2024\117\depth\15.12.25.567.png
1976,34199,3.25,06.12.2024,117,06.12.2024\117\rgb\15.12.25.658.png,06.12.2024\117\depth\15.12.25.658.png
1977,34199,3.25,06.12.2024,117,06.12.2024\117\rgb\15.12.25.753.png,06.12.2024\117\depth\15.12.25.753.png
1978,34199,3.25,06.12.2024,117,06.12.2024\117\rgb\15.12.25.838.png,06.12.2024\117\depth\15.12.25.838.png
1979,34199,3.25,06.12.2024,117,06.12.2024\117\rgb\15.12.25.922.png,06.12.2024\117\depth\15.12.25.922.png
1980,34199,3.25,06.12.2024,117,06.12.2024\117\rgb\15.12.26.017.png,06.12.2024\117\depth\15.12.26.017.png
1981,421111,3.0,06.12.2024,118,06.12.2024\118\rgb\15.12.39.269.png,06.12.2024\118\depth\15.12.39.269.png
1982,421111,3.0,06.12.2024,118,06.12.2024\118\rgb\15.12.39.368.png,06.12.2024\118\depth\15.12.39.368.png
1983,421111,3.0,06.12.2024,118,06.12.2024\118\rgb\15.12.39.459.png,06.12.2024\118\depth\15.12.39.459.png
1984,421111,3.0,06.12.2024,118,06.12.2024\118\rgb\15.12.39.551.png,06.12.2024\118\depth\15.12.39.551.png
1985,421111,3.0,06.12.2024,118,06.12.2024\118\rgb\15.12.39.645.png,06.12.2024\118\depth\15.12.39.645.png
1986,421111,3.0,06.12.2024,118,06.12.2024\118\rgb\15.12.39.737.png,06.12.2024\118\depth\15.12.39.737.png
1987,421111,3.0,06.12.2024,118,06.12.2024\118\rgb\15.12.39.831.png,06.12.2024\118\depth\15.12.39.831.png
1988,421111,3.0,06.12.2024,118,06.12.2024\118\rgb\15.12.39.920.png,06.12.2024\118\depth\15.12.39.920.png
1989,421111,3.0,06.12.2024,118,06.12.2024\118\rgb\15.12.40.014.png,06.12.2024\118\depth\15.12.40.014.png
1990,421111,3.0,06.12.2024,118,06.12.2024\118\rgb\15.12.40.110.png,06.12.2024\118\depth\15.12.40.110.png
1991,421111,3.0,06.12.2024,118,06.12.2024\118\rgb\15.12.40.197.png,06.12.2024\118\depth\15.12.40.197.png
1992,421111,3.0,06.12.2024,118,06.12.2024\118\rgb\15.12.40.273.png,06.12.2024\118\depth\15.12.40.273.png
1993,421111,3.0,06.12.2024,118,06.12.2024\118\rgb\15.12.40.364.png,06.12.2024\118\depth\15.12.40.364.png
1994,421111,3.0,06.12.2024,118,06.12.2024\118\rgb\15.12.40.454.png,06.12.2024\118\depth\15.12.40.454.png
1995,421111,3.0,06.12.2024,118,06.12.2024\118\rgb\15.12.40.549.png,06.12.2024\118\depth\15.12.40.549.png
1996,421111,3.0,06.12.2024,118,06.12.2024\118\rgb\15.12.40.644.png,06.12.2024\118\depth\15.12.40.644.png
1997,421111,3.0,06.12.2024,118,06.12.2024\118\rgb\15.12.40.737.png,06.12.2024\118\depth\15.12.40.737.png
1998,421111,3.0,06.12.2024,118,06.12.2024\118\rgb\15.12.40.825.png,06.12.2024\118\depth\15.12.40.825.png
1999,421111,3.0,06.12.2024,118,06.12.2024\118\rgb\15.12.40.923.png,06.12.2024\118\depth\15.12.40.923.png
2000,421111,3.0,06.12.2024,118,06.12.2024\118\rgb\15.12.41.017.png,06.12.2024\118\depth\15.12.41.017.png
2001,411004,3.25,06.12.2024,119,06.12.2024\119\rgb\15.12.55.513.png,06.12.2024\119\depth\15.12.55.513.png
2002,411004,3.25,06.12.2024,119,06.12.2024\119\rgb\15.12.55.614.png,06.12.2024\119\depth\15.12.55.614.png
2003,411004,3.25,06.12.2024,119,06.12.2024\119\rgb\15.12.55.709.png,06.12.2024\119\depth\15.12.55.709.png
2004,411004,3.25,06.12.2024,119,06.12.2024\119\rgb\15.12.55.797.png,06.12.2024\119\depth\15.12.55.797.png
2005,411004,3.25,06.12.2024,119,06.12.2024\119\rgb\15.12.55.889.png,06.12.2024\119\depth\15.12.55.889.png
2006,411004,3.25,06.12.2024,119,06.12.2024\119\rgb\15.12.55.985.png,06.12.2024\119\depth\15.12.55.985.png
2007,411004,3.25,06.12.2024,119,06.12.2024\119\rgb\15.12.56.079.png,06.12.2024\119\depth\15.12.56.079.png
2008,411004,3.25,06.12.2024,119,06.12.2024\119\rgb\15.12.56.170.png,06.12.2024\119\depth\15.12.56.170.png
2009,411004,3.25,06.12.2024,119,06.12.2024\119\rgb\15.12.56.263.png,06.12.2024\119\depth\15.12.56.263.png
2010,411004,3.25,06.12.2024,119,06.12.2024\119\rgb\15.12.56.358.png,06.12.2024\119\depth\15.12.56.358.png
2011,411004,3.25,06.12.2024,119,06.12.2024\119\rgb\15.12.56.451.png,06.12.2024\119\depth\15.12.56.451.png
2012,411004,3.25,06.12.2024,119,06.12.2024\119\rgb\15.12.56.545.png,06.12.2024\119\depth\15.12.56.545.png
2013,411004,3.25,06.12.2024,119,06.12.2024\119\rgb\15.12.56.634.png,06.12.2024\119\depth\15.12.56.634.png
2014,411004,3.25,06.12.2024,119,06.12.2024\119\rgb\15.12.56.727.png,06.12.2024\119\depth\15.12.56.727.png
2015,411004,3.25,06.12.2024,119,06.12.2024\119\rgb\15.12.56.819.png,06.12.2024\119\depth\15.12.56.819.png
2016,411004,3.25,06.12.2024,119,06.12.2024\119\rgb\15.12.56.914.png,06.12.2024\119\depth\15.12.56.914.png
2017,411004,3.25,06.12.2024,119,06.12.2024\119\rgb\15.12.57.003.png,06.12.2024\119\depth\15.12.57.003.png
2018,411004,3.25,06.12.2024,119,06.12.2024\119\rgb\15.12.57.096.png,06.12.2024\119\depth\15.12.57.096.png
2019,411004,3.25,06.12.2024,119,06.12.2024\119\rgb\15.12.57.189.png,06.12.2024\119\depth\15.12.57.189.png
2020,411004,3.25,06.12.2024,119,06.12.2024\119\rgb\15.12.57.282.png,06.12.2024\119\depth\15.12.57.282.png
2021,7384,3.75,06.12.2024,120,06.12.2024\120\rgb\15.13.11.297.png,06.12.2024\120\depth\15.13.11.297.png
2022,7384,3.75,06.12.2024,120,06.12.2024\120\rgb\15.13.11.385.png,06.12.2024\120\depth\15.13.11.385.png
2023,7384,3.75,06.12.2024,120,06.12.2024\120\rgb\15.13.11.475.png,06.12.2024\120\depth\15.13.11.475.png
2024,7384,3.75,06.12.2024,120,06.12.2024\120\rgb\15.13.11.566.png,06.12.2024\120\depth\15.13.11.566.png
2025,7384,3.75,06.12.2024,120,06.12.2024\120\rgb\15.13.11.661.png,06.12.2024\120\depth\15.13.11.661.png
2026,7384,3.75,06.12.2024,120,06.12.2024\120\rgb\15.13.11.756.png,06.12.2024\120\depth\15.13.11.756.png
2027,7384,3.75,06.12.2024,120,06.12.2024\120\rgb\15.13.11.846.png,06.12.2024\120\depth\15.13.11.846.png
2028,7384,3.75,06.12.2024,120,06.12.2024\120\rgb\15.13.11.939.png,06.12.2024\120\depth\15.13.11.939.png
2029,7384,3.75,06.12.2024,120,06.12.2024\120\rgb\15.13.12.030.png,06.12.2024\120\depth\15.13.12.030.png
2030,7384,3.75,06.12.2024,120,06.12.2024\120\rgb\15.13.12.123.png,06.12.2024\120\depth\15.13.12.123.png
2031,7384,3.75,06.12.2024,120,06.12.2024\120\rgb\15.13.12.215.png,06.12.2024\120\depth\15.13.12.215.png
2032,7384,3.75,06.12.2024,120,06.12.2024\120\rgb\15.13.12.307.png,06.12.2024\120\depth\15.13.12.307.png
2033,7384,3.75,06.12.2024,120,06.12.2024\120\rgb\15.13.12.399.png,06.12.2024\120\depth\15.13.12.399.png
2034,7384,3.75,06.12.2024,120,06.12.2024\120\rgb\15.13.12.491.png,06.12.2024\120\depth\15.13.12.491.png
2035,7384,3.75,06.12.2024,120,06.12.2024\120\rgb\15.13.12.582.png,06.12.2024\120\depth\15.13.12.582.png
2036,7384,3.75,06.12.2024,120,06.12.2024\120\rgb\15.13.12.674.png,06.12.2024\120\depth\15.13.12.674.png
2037,7384,3.75,06.12.2024,120,06.12.2024\120\rgb\15.13.12.770.png,06.12.2024\120\depth\15.13.12.770.png
2038,7384,3.75,06.12.2024,120,06.12.2024\120\rgb\15.13.12.862.png,06.12.2024\120\depth\15.13.12.862.png
2039,7384,3.75,06.12.2024,120,06.12.2024\120\rgb\15.13.12.956.png,06.12.2024\120\depth\15.13.12.956.png
2040,7384,3.75,06.12.2024,120,06.12.2024\120\rgb\15.13.13.048.png,06.12.2024\120\depth\15.13.13.048.png
2041,321127,3.25,06.12.2024,121,06.12.2024\121\rgb\15.13.29.994.png,06.12.2024\121\depth\15.13.29.994.png
2042,321127,3.25,06.12.2024,121,06.12.2024\121\rgb\15.13.30.093.png,06.12.2024\121\depth\15.13.30.093.png
2043,321127,3.25,06.12.2024,121,06.12.2024\121\rgb\15.13.30.195.png,06.12.2024\121\depth\15.13.30.195.png
2044,321127,3.25,06.12.2024,121,06.12.2024\121\rgb\15.13.30.293.png,06.12.2024\121\depth\15.13.30.293.png
2045,321127,3.25,06.12.2024,121,06.12.2024\121\rgb\15.13.30.370.png,06.12.2024\121\depth\15.13.30.370.png
2046,321127,3.25,06.12.2024,121,06.12.2024\121\rgb\15.13.30.462.png,06.12.2024\121\depth\15.13.30.462.png
2047,321127,3.25,06.12.2024,121,06.12.2024\121\rgb\15.13.30.557.png,06.12.2024\121\depth\15.13.30.557.png
2048,321127,3.25,06.12.2024,121,06.12.2024\121\rgb\15.13.30.648.png,06.12.2024\121\depth\15.13.30.648.png
2049,321127,3.25,06.12.2024,121,06.12.2024\121\rgb\15.13.30.737.png,06.12.2024\121\depth\15.13.30.737.png
2050,321127,3.25,06.12.2024,121,06.12.2024\121\rgb\15.13.30.830.png,06.12.2024\121\depth\15.13.30.830.png
2051,321127,3.25,06.12.2024,121,06.12.2024\121\rgb\15.13.30.917.png,06.12.2024\121\depth\15.13.30.917.png
2052,321127,3.25,06.12.2024,121,06.12.2024\121\rgb\15.13.31.002.png,06.12.2024\121\depth\15.13.31.002.png
2053,321127,3.25,06.12.2024,121,06.12.2024\121\rgb\15.13.31.095.png,06.12.2024\121\depth\15.13.31.095.png
2054,321127,3.25,06.12.2024,121,06.12.2024\121\rgb\15.13.31.189.png,06.12.2024\121\depth\15.13.31.189.png
2055,321127,3.25,06.12.2024,121,06.12.2024\121\rgb\15.13.31.283.png,06.12.2024\121\depth\15.13.31.283.png
2056,321127,3.25,06.12.2024,121,06.12.2024\121\rgb\15.13.31.373.png,06.12.2024\121\depth\15.13.31.373.png
2057,321127,3.25,06.12.2024,121,06.12.2024\121\rgb\15.13.31.466.png,06.12.2024\121\depth\15.13.31.466.png
2058,321127,3.25,06.12.2024,121,06.12.2024\121\rgb\15.13.31.559.png,06.12.2024\121\depth\15.13.31.559.png
2059,321127,3.25,06.12.2024,121,06.12.2024\121\rgb\15.13.31.654.png,06.12.2024\121\depth\15.13.31.654.png
2060,321127,3.25,06.12.2024,121,06.12.2024\121\rgb\15.13.31.743.png,06.12.2024\121\depth\15.13.31.743.png
2061,7215,3.25,06.12.2024,122,06.12.2024\122\rgb\15.21.02.102.png,06.12.2024\122\depth\15.21.02.102.png
2062,7215,3.25,06.12.2024,122,06.12.2024\122\rgb\15.21.02.193.png,06.12.2024\122\depth\15.21.02.193.png
2063,7215,3.25,06.12.2024,122,06.12.2024\122\rgb\15.21.02.279.png,06.12.2024\122\depth\15.21.02.279.png
2064,7215,3.25,06.12.2024,122,06.12.2024\122\rgb\15.21.02.369.png,06.12.2024\122\depth\15.21.02.369.png
2065,7215,3.25,06.12.2024,122,06.12.2024\122\rgb\15.21.02.464.png,06.12.2024\122\depth\15.21.02.464.png
2066,7215,3.25,06.12.2024,122,06.12.2024\122\rgb\15.21.02.557.png,06.12.2024\122\depth\15.21.02.557.png
2067,7215,3.25,06.12.2024,122,06.12.2024\122\rgb\15.21.02.647.png,06.12.2024\122\depth\15.21.02.647.png
2068,7215,3.25,06.12.2024,122,06.12.2024\122\rgb\15.21.02.737.png,06.12.2024\122\depth\15.21.02.737.png
2069,7215,3.25,06.12.2024,122,06.12.2024\122\rgb\15.21.02.833.png,06.12.2024\122\depth\15.21.02.833.png
2070,7215,3.25,06.12.2024,122,06.12.2024\122\rgb\15.21.02.925.png,06.12.2024\122\depth\15.21.02.925.png
2071,7215,3.25,06.12.2024,122,06.12.2024\122\rgb\15.21.03.017.png,06.12.2024\122\depth\15.21.03.017.png
2072,7215,3.25,06.12.2024,122,06.12.2024\122\rgb\15.21.03.111.png,06.12.2024\122\depth\15.21.03.111.png
2073,7215,3.25,06.12.2024,122,06.12.2024\122\rgb\15.21.03.203.png,06.12.2024\122\depth\15.21.03.203.png
2074,7215,3.25,06.12.2024,122,06.12.2024\122\rgb\15.21.03.298.png,06.12.2024\122\depth\15.21.03.298.png
2075,7215,3.25,06.12.2024,122,06.12.2024\122\rgb\15.21.03.390.png,06.12.2024\122\depth\15.21.03.390.png
2076,7215,3.25,06.12.2024,122,06.12.2024\122\rgb\15.21.03.483.png,06.12.2024\122\depth\15.21.03.483.png
2077,7215,3.25,06.12.2024,122,06.12.2024\122\rgb\15.21.03.576.png,06.12.2024\122\depth\15.21.03.576.png
2078,7215,3.25,06.12.2024,122,06.12.2024\122\rgb\15.21.03.666.png,06.12.2024\122\depth\15.21.03.666.png
2079,7215,3.25,06.12.2024,122,06.12.2024\122\rgb\15.21.03.767.png,06.12.2024\122\depth\15.21.03.767.png
2080,7215,3.25,06.12.2024,122,06.12.2024\122\rgb\15.21.03.852.png,06.12.2024\122\depth\15.21.03.852.png
2081,82084,3.0,06.12.2024,123,06.12.2024\123\rgb\15.21.20.147.png,06.12.2024\123\depth\15.21.20.147.png
2082,82084,3.0,06.12.2024,123,06.12.2024\123\rgb\15.21.20.234.png,06.12.2024\123\depth\15.21.20.234.png
2083,82084,3.0,06.12.2024,123,06.12.2024\123\rgb\15.21.20.325.png,06.12.2024\123\depth\15.21.20.325.png
2084,82084,3.0,06.12.2024,123,06.12.2024\123\rgb\15.21.20.417.png,06.12.2024\123\depth\15.21.20.417.png
2085,82084,3.0,06.12.2024,123,06.12.2024\123\rgb\15.21.20.505.png,06.12.2024\123\depth\15.21.20.505.png
2086,82084,3.0,06.12.2024,123,06.12.2024\123\rgb\15.21.20.597.png,06.12.2024\123\depth\15.21.20.597.png
2087,82084,3.0,06.12.2024,123,06.12.2024\123\rgb\15.21.20.690.png,06.12.2024\123\depth\15.21.20.690.png
2088,82084,3.0,06.12.2024,123,06.12.2024\123\rgb\15.21.20.787.png,06.12.2024\123\depth\15.21.20.787.png
2089,82084,3.0,06.12.2024,123,06.12.2024\123\rgb\15.21.20.876.png,06.12.2024\123\depth\15.21.20.876.png
2090,82084,3.0,06.12.2024,123,06.12.2024\123\rgb\15.21.20.969.png,06.12.2024\123\depth\15.21.20.969.png
2091,82084,3.0,06.12.2024,123,06.12.2024\123\rgb\15.21.21.062.png,06.12.2024\123\depth\15.21.21.062.png
2092,82084,3.0,06.12.2024,123,06.12.2024\123\rgb\15.21.21.152.png,06.12.2024\123\depth\15.21.21.152.png
2093,82084,3.0,06.12.2024,123,06.12.2024\123\rgb\15.21.21.247.png,06.12.2024\123\depth\15.21.21.247.png
2094,82084,3.0,06.12.2024,123,06.12.2024\123\rgb\15.21.21.338.png,06.12.2024\123\depth\15.21.21.338.png
2095,82084,3.0,06.12.2024,123,06.12.2024\123\rgb\15.21.21.432.png,06.12.2024\123\depth\15.21.21.432.png
2096,82084,3.0,06.12.2024,123,06.12.2024\123\rgb\15.21.21.528.png,06.12.2024\123\depth\15.21.21.528.png
2097,82084,3.0,06.12.2024,123,06.12.2024\123\rgb\15.21.21.625.png,06.12.2024\123\depth\15.21.21.625.png
2098,82084,3.0,06.12.2024,123,06.12.2024\123\rgb\15.21.21.724.png,06.12.2024\123\depth\15.21.21.724.png
2099,82084,3.0,06.12.2024,123,06.12.2024\123\rgb\15.21.21.818.png,06.12.2024\123\depth\15.21.21.818.png
2100,82084,3.0,06.12.2024,123,06.12.2024\123\rgb\15.21.21.911.png,06.12.2024\123\depth\15.21.21.911.png
2101,5137,2.75,06.12.2024,124,06.12.2024\124\rgb\15.21.37.423.png,06.12.2024\124\depth\15.21.37.423.png
2102,5137,2.75,06.12.2024,124,06.12.2024\124\rgb\15.21.37.507.png,06.12.2024\124\depth\15.21.37.507.png
2103,5137,2.75,06.12.2024,124,06.12.2024\124\rgb\15.21.37.597.png,06.12.2024\124\depth\15.21.37.597.png
2104,5137,2.75,06.12.2024,124,06.12.2024\124\rgb\15.21.37.692.png,06.12.2024\124\depth\15.21.37.692.png
2105,5137,2.75,06.12.2024,124,06.12.2024\124\rgb\15.21.37.783.png,06.12.2024\124\depth\15.21.37.783.png
2106,5137,2.75,06.12.2024,124,06.12.2024\124\rgb\15.21.37.874.png,06.12.2024\124\depth\15.21.37.874.png
2107,5137,2.75,06.12.2024,124,06.12.2024\124\rgb\15.21.37.969.png,06.12.2024\124\depth\15.21.37.969.png
2108,5137,2.75,06.12.2024,124,06.12.2024\124\rgb\15.21.38.061.png,06.12.2024\124\depth\15.21.38.061.png
2109,5137,2.75,06.12.2024,124,06.12.2024\124\rgb\15.21.38.157.png,06.12.2024\124\depth\15.21.38.157.png
2110,5137,2.75,06.12.2024,124,06.12.2024\124\rgb\15.21.38.248.png,06.12.2024\124\depth\15.21.38.248.png
2111,5137,2.75,06.12.2024,124,06.12.2024\124\rgb\15.21.38.339.png,06.12.2024\124\depth\15.21.38.339.png
2112,5137,2.75,06.12.2024,124,06.12.2024\124\rgb\15.21.38.427.png,06.12.2024\124\depth\15.21.38.427.png
2113,5137,2.75,06.12.2024,124,06.12.2024\124\rgb\15.21.38.524.png,06.12.2024\124\depth\15.21.38.524.png
2114,5137,2.75,06.12.2024,124,06.12.2024\124\rgb\15.21.38.614.png,06.12.2024\124\depth\15.21.38.614.png
2115,5137,2.75,06.12.2024,124,06.12.2024\124\rgb\15.21.38.707.png,06.12.2024\124\depth\15.21.38.707.png
2116,5137,2.75,06.12.2024,124,06.12.2024\124\rgb\15.21.38.798.png,06.12.2024\124\depth\15.21.38.798.png
2117,5137,2.75,06.12.2024,124,06.12.2024\124\rgb\15.21.38.891.png,06.12.2024\124\depth\15.21.38.891.png
2118,5137,2.75,06.12.2024,124,06.12.2024\124\rgb\15.21.38.987.png,06.12.2024\124\depth\15.21.38.987.png
2119,5137,2.75,06.12.2024,124,06.12.2024\124\rgb\15.21.39.078.png,06.12.2024\124\depth\15.21.39.078.png
2120,5137,2.75,06.12.2024,124,06.12.2024\124\rgb\15.21.39.170.png,06.12.2024\124\depth\15.21.39.170.png
2121,6592,3.25,06.12.2024,125,06.12.2024\125\rgb\15.21.53.827.png,06.12.2024\125\depth\15.21.53.827.png
2122,6592,3.25,06.12.2024,125,06.12.2024\125\rgb\15.21.53.925.png,06.12.2024\125\depth\15.21.53.925.png
2123,6592,3.25,06.12.2024,125,06.12.2024\125\rgb\15.21.54.021.png,06.12.2024\125\depth\15.21.54.021.png
2124,6592,3.25,06.12.2024,125,06.12.2024\125\rgb\15.21.54.111.png,06.12.2024\125\depth\15.21.54.111.png
2125,6592,3.25,06.12.2024,125,06.12.2024\125\rgb\15.21.54.204.png,06.12.2024\125\depth\15.21.54.204.png
2126,6592,3.25,06.12.2024,125,06.12.2024\125\rgb\15.21.54.295.png,06.12.2024\125\depth\15.21.54.295.png
2127,6592,3.25,06.12.2024,125,06.12.2024\125\rgb\15.21.54.389.png,06.12.2024\125\depth\15.21.54.389.png
2128,6592,3.25,06.12.2024,125,06.12.2024\125\rgb\15.21.54.484.png,06.12.2024\125\depth\15.21.54.484.png
2129,6592,3.25,06.12.2024,125,06.12.2024\125\rgb\15.21.54.575.png,06.12.2024\125\depth\15.21.54.575.png
2130,6592,3.25,06.12.2024,125,06.12.2024\125\rgb\15.21.54.670.png,06.12.2024\125\depth\15.21.54.670.png
2131,6592,3.25,06.12.2024,125,06.12.2024\125\rgb\15.21.54.758.png,06.12.2024\125\depth\15.21.54.758.png
2132,6592,3.25,06.12.2024,125,06.12.2024\125\rgb\15.21.54.857.png,06.12.2024\125\depth\15.21.54.857.png
2133,6592,3.25,06.12.2024,125,06.12.2024\125\rgb\15.21.54.958.png,06.12.2024\125\depth\15.21.54.958.png
2134,6592,3.25,06.12.2024,125,06.12.2024\125\rgb\15.21.55.055.png,06.12.2024\125\depth\15.21.55.055.png
2135,6592,3.25,06.12.2024,125,06.12.2024\125\rgb\15.21.55.145.png,06.12.2024\125\depth\15.21.55.145.png
2136,6592,3.25,06.12.2024,125,06.12.2024\125\rgb\15.21.55.237.png,06.12.2024\125\depth\15.21.55.237.png
2137,6592,3.25,06.12.2024,125,06.12.2024\125\rgb\15.21.55.331.png,06.12.2024\125\depth\15.21.55.331.png
2138,6592,3.25,06.12.2024,125,06.12.2024\125\rgb\15.21.55.425.png,06.12.2024\125\depth\15.21.55.425.png
2139,6592,3.25,06.12.2024,125,06.12.2024\125\rgb\15.21.55.514.png,06.12.2024\125\depth\15.21.55.514.png
2140,6592,3.25,06.12.2024,125,06.12.2024\125\rgb\15.21.55.604.png,06.12.2024\125\depth\15.21.55.604.png
2141,3917,3.25,06.12.2024,126,06.12.2024\126\rgb\15.22.09.453.png,06.12.2024\126\depth\15.22.09.453.png
2142,3917,3.25,06.12.2024,126,06.12.2024\126\rgb\15.22.09.552.png,06.12.2024\126\depth\15.22.09.552.png
2143,3917,3.25,06.12.2024,126,06.12.2024\126\rgb\15.22.09.644.png,06.12.2024\126\depth\15.22.09.644.png
2144,3917,3.25,06.12.2024,126,06.12.2024\126\rgb\15.22.09.737.png,06.12.2024\126\depth\15.22.09.737.png
2145,3917,3.25,06.12.2024,126,06.12.2024\126\rgb\15.22.09.832.png,06.12.2024\126\depth\15.22.09.832.png
2146,3917,3.25,06.12.2024,126,06.12.2024\126\rgb\15.22.09.923.png,06.12.2024\126\depth\15.22.09.923.png
2147,3917,3.25,06.12.2024,126,06.12.2024\126\rgb\15.22.10.018.png,06.12.2024\126\depth\15.22.10.018.png
2148,3917,3.25,06.12.2024,126,06.12.2024\126\rgb\15.22.10.111.png,06.12.2024\126\depth\15.22.10.111.png
2149,3917,3.25,06.12.2024,126,06.12.2024\126\rgb\15.22.10.202.png,06.12.2024\126\depth\15.22.10.202.png
2150,3917,3.25,06.12.2024,126,06.12.2024\126\rgb\15.22.10.293.png,06.12.2024\126\depth\15.22.10.293.png
2151,3917,3.25,06.12.2024,126,06.12.2024\126\rgb\15.22.10.389.png,06.12.2024\126\depth\15.22.10.389.png
2152,3917,3.25,06.12.2024,126,06.12.2024\126\rgb\15.22.10.484.png,06.12.2024\126\depth\15.22.10.484.png
2153,3917,3.25,06.12.2024,126,06.12.2024\126\rgb\15.22.10.574.png,06.12.2024\126\depth\15.22.10.574.png
2154,3917,3.25,06.12.2024,126,06.12.2024\126\rgb\15.22.10.665.png,06.12.2024\126\depth\15.22.10.665.png
2155,3917,3.25,06.12.2024,126,06.12.2024\126\rgb\15.22.10.757.png,06.12.2024\126\depth\15.22.10.757.png
2156,3917,3.25,06.12.2024,126,06.12.2024\126\rgb\15.22.10.856.png,06.12.2024\126\depth\15.22.10.856.png
2157,3917,3.25,06.12.2024,126,06.12.2024\126\rgb\15.22.10.956.png,06.12.2024\126\depth\15.22.10.956.png
2158,3917,3.25,06.12.2024,126,06.12.2024\126\rgb\15.22.11.049.png,06.12.2024\126\depth\15.22.11.049.png
2159,3917,3.25,06.12.2024,126,06.12.2024\126\rgb\15.22.11.140.png,06.12.2024\126\depth\15.22.11.140.png
2160,3917,3.25,06.12.2024,126,06.12.2024\126\rgb\15.22.11.236.png,06.12.2024\126\depth\15.22.11.236.png
2161,610918,3.0,06.12.2024,128,06.12.2024\128\rgb\15.22.44.000.png,06.12.2024\128\depth\15.22.44.000.png
2162,610918,3.0,06.12.2024,128,06.12.2024\128\rgb\15.22.44.084.png,06.12.2024\128\depth\15.22.44.084.png
2163,610918,3.0,06.12.2024,128,06.12.2024\128\rgb\15.22.44.179.png,06.12.2024\128\depth\15.22.44.179.png
2164,610918,3.0,06.12.2024,128,06.12.2024\128\rgb\15.22.44.272.png,06.12.2024\128\depth\15.22.44.272.png
2165,610918,3.0,06.12.2024,128,06.12.2024\128\rgb\15.22.44.359.png,06.12.2024\128\depth\15.22.44.359.png
2166,610918,3.0,06.12.2024,128,06.12.2024\128\rgb\15.22.44.454.png,06.12.2024\128\depth\15.22.44.454.png
2167,610918,3.0,06.12.2024,128,06.12.2024\128\rgb\15.22.44.546.png,06.12.2024\128\depth\15.22.44.546.png
2168,610918,3.0,06.12.2024,128,06.12.2024\128\rgb\15.22.44.639.png,06.12.2024\128\depth\15.22.44.639.png
2169,610918,3.0,06.12.2024,128,06.12.2024\128\rgb\15.22.44.714.png,06.12.2024\128\depth\15.22.44.714.png
2170,610918,3.0,06.12.2024,128,06.12.2024\128\rgb\15.22.44.806.png,06.12.2024\128\depth\15.22.44.806.png
2171,610918,3.0,06.12.2024,128,06.12.2024\128\rgb\15.22.44.903.png,06.12.2024\128\depth\15.22.44.903.png
2172,610918,3.0,06.12.2024,128,06.12.2024\128\rgb\15.22.44.994.png,06.12.2024\128\depth\15.22.44.994.png
2173,610918,3.0,06.12.2024,128,06.12.2024\128\rgb\15.22.45.087.png,06.12.2024\128\depth\15.22.45.087.png
2174,610918,3.0,06.12.2024,128,06.12.2024\128\rgb\15.22.45.178.png,06.12.2024\128\depth\15.22.45.178.png
2175,610918,3.0,06.12.2024,128,06.12.2024\128\rgb\15.22.45.272.png,06.12.2024\128\depth\15.22.45.272.png
2176,610918,3.0,06.12.2024,128,06.12.2024\128\rgb\15.22.45.367.png,06.12.2024\128\depth\15.22.45.367.png
2177,610918,3.0,06.12.2024,128,06.12.2024\128\rgb\15.22.45.457.png,06.12.2024\128\depth\15.22.45.457.png
2178,610918,3.0,06.12.2024,128,06.12.2024\128\rgb\15.22.45.553.png,06.12.2024\128\depth\15.22.45.553.png
2179,610918,3.0,06.12.2024,128,06.12.2024\128\rgb\15.22.45.642.png,06.12.2024\128\depth\15.22.45.642.png
2180,610918,3.0,06.12.2024,128,06.12.2024\128\rgb\15.22.45.736.png,06.12.2024\128\depth\15.22.45.736.png
2181,7316,3.0,06.12.2024,129,06.12.2024\129\rgb\15.22.59.087.png,06.12.2024\129\depth\15.22.59.087.png
2182,7316,3.0,06.12.2024,129,06.12.2024\129\rgb\15.22.59.171.png,06.12.2024\129\depth\15.22.59.171.png
2183,7316,3.0,06.12.2024,129,06.12.2024\129\rgb\15.22.59.263.png,06.12.2024\129\depth\15.22.59.263.png
2184,7316,3.0,06.12.2024,129,06.12.2024\129\rgb\15.22.59.357.png,06.12.2024\129\depth\15.22.59.357.png
2185,7316,3.0,06.12.2024,129,06.12.2024\129\rgb\15.22.59.451.png,06.12.2024\129\depth\15.22.59.451.png
2186,7316,3.0,06.12.2024,129,06.12.2024\129\rgb\15.22.59.542.png,06.12.2024\129\depth\15.22.59.542.png
2187,7316,3.0,06.12.2024,129,06.12.2024\129\rgb\15.22.59.633.png,06.12.2024\129\depth\15.22.59.633.png
2188,7316,3.0,06.12.2024,129,06.12.2024\129\rgb\15.22.59.727.png,06.12.2024\129\depth\15.22.59.727.png
2189,7316,3.0,06.12.2024,129,06.12.2024\129\rgb\15.22.59.819.png,06.12.2024\129\depth\15.22.59.819.png
2190,7316,3.0,06.12.2024,129,06.12.2024\129\rgb\15.22.59.915.png,06.12.2024\129\depth\15.22.59.915.png
2191,7316,3.0,06.12.2024,129,06.12.2024\129\rgb\15.23.00.003.png,06.12.2024\129\depth\15.23.00.003.png
2192,7316,3.0,06.12.2024,129,06.12.2024\129\rgb\15.23.00.094.png,06.12.2024\129\depth\15.23.00.094.png
2193,7316,3.0,06.12.2024,129,06.12.2024\129\rgb\15.23.00.189.png,06.12.2024\129\depth\15.23.00.189.png
2194,7316,3.0,06.12.2024,129,06.12.2024\129\rgb\15.23.00.285.png,06.12.2024\129\depth\15.23.00.285.png
2195,7316,3.0,06.12.2024,129,06.12.2024\129\rgb\15.23.00.375.png,06.12.2024\129\depth\15.23.00.375.png
2196,7316,3.0,06.12.2024,129,06.12.2024\129\rgb\15.23.00.464.png,06.12.2024\129\depth\15.23.00.464.png
2197,7316,3.0,06.12.2024,129,06.12.2024\129\rgb\15.23.00.558.png,06.12.2024\129\depth\15.23.00.558.png
2198,7316,3.0,06.12.2024,129,06.12.2024\129\rgb\15.23.00.652.png,06.12.2024\129\depth\15.23.00.652.png
2199,7316,3.0,06.12.2024,129,06.12.2024\129\rgb\15.23.00.745.png,06.12.2024\129\depth\15.23.00.745.png
2200,7316,3.0,06.12.2024,129,06.12.2024\129\rgb\15.23.00.835.png,06.12.2024\129\depth\15.23.00.835.png
2201,5080,3.25,06.12.2024,130,06.12.2024\130\rgb\15.23.17.036.png,06.12.2024\130\depth\15.23.17.036.png
2202,5080,3.25,06.12.2024,130,06.12.2024\130\rgb\15.23.17.126.png,06.12.2024\130\depth\15.23.17.126.png
2203,5080,3.25,06.12.2024,130,06.12.2024\130\rgb\15.23.17.216.png,06.12.2024\130\depth\15.23.17.216.png
2204,5080,3.25,06.12.2024,130,06.12.2024\130\rgb\15.23.17.309.png,06.12.2024\130\depth\15.23.17.309.png
2205,5080,3.25,06.12.2024,130,06.12.2024\130\rgb\15.23.17.399.png,06.12.2024\130\depth\15.23.17.399.png
2206,5080,3.25,06.12.2024,130,06.12.2024\130\rgb\15.23.17.494.png,06.12.2024\130\depth\15.23.17.494.png
2207,5080,3.25,06.12.2024,130,06.12.2024\130\rgb\15.23.17.586.png,06.12.2024\130\depth\15.23.17.586.png
2208,5080,3.25,06.12.2024,130,06.12.2024\130\rgb\15.23.17.679.png,06.12.2024\130\depth\15.23.17.679.png
2209,5080,3.25,06.12.2024,130,06.12.2024\130\rgb\15.23.17.769.png,06.12.2024\130\depth\15.23.17.769.png
2210,5080,3.25,06.12.2024,130,06.12.2024\130\rgb\15.23.17.861.png,06.12.2024\130\depth\15.23.17.861.png
2211,5080,3.25,06.12.2024,130,06.12.2024\130\rgb\15.23.17.956.png,06.12.2024\130\depth\15.23.17.956.png
2212,5080,3.25,06.12.2024,130,06.12.2024\130\rgb\15.23.18.051.png,06.12.2024\130\depth\15.23.18.051.png
2213,5080,3.25,06.12.2024,130,06.12.2024\130\rgb\15.23.18.144.png,06.12.2024\130\depth\15.23.18.144.png
2214,5080,3.25,06.12.2024,130,06.12.2024\130\rgb\15.23.18.238.png,06.12.2024\130\depth\15.23.18.238.png
2215,5080,3.25,06.12.2024,130,06.12.2024\130\rgb\15.23.18.328.png,06.12.2024\130\depth\15.23.18.328.png
2216,5080,3.25,06.12.2024,130,06.12.2024\130\rgb\15.23.18.419.png,06.12.2024\130\depth\15.23.18.419.png
2217,5080,3.25,06.12.2024,130,06.12.2024\130\rgb\15.23.18.513.png,06.12.2024\130\depth\15.23.18.513.png
2218,5080,3.25,06.12.2024,130,06.12.2024\130\rgb\15.23.18.604.png,06.12.2024\130\depth\15.23.18.604.png
2219,5080,3.25,06.12.2024,130,06.12.2024\130\rgb\15.23.18.695.png,06.12.2024\130\depth\15.23.18.695.png
2220,5080,3.25,06.12.2024,130,06.12.2024\130\rgb\15.23.18.789.png,06.12.2024\130\depth\15.23.18.789.png
2221,6643,3.0,06.12.2024,132,06.12.2024\132\rgb\15.23.53.770.png,06.12.2024\132\depth\15.23.53.770.png
2222,6643,3.0,06.12.2024,132,06.12.2024\132\rgb\15.23.53.861.png,06.12.2024\132\depth\15.23.53.861.png
2223,6643,3.0,06.12.2024,132,06.12.2024\132\rgb\15.23.53.953.png,06.12.2024\132\depth\15.23.53.953.png
2224,6643,3.0,06.12.2024,132,06.12.2024\132\rgb\15.23.54.045.png,06.12.2024\132\depth\15.23.54.045.png
2225,6643,3.0,06.12.2024,132,06.12.2024\132\rgb\15.23.54.137.png,06.12.2024\132\depth\15.23.54.137.png
2226,6643,3.0,06.12.2024,132,06.12.2024\132\rgb\15.23.54.228.png,06.12.2024\132\depth\15.23.54.228.png
2227,6643,3.0,06.12.2024,132,06.12.2024\132\rgb\15.23.54.325.png,06.12.2024\132\depth\15.23.54.325.png
2228,6643,3.0,06.12.2024,132,06.12.2024\132\rgb\15.23.54.415.png,06.12.2024\132\depth\15.23.54.415.png
2229,6643,3.0,06.12.2024,132,06.12.2024\132\rgb\15.23.54.507.png,06.12.2024\132\depth\15.23.54.507.png
2230,6643,3.0,06.12.2024,132,06.12.2024\132\rgb\15.23.54.598.png,06.12.2024\132\depth\15.23.54.598.png
2231,6643,3.0,06.12.2024,132,06.12.2024\132\rgb\15.23.54.691.png,06.12.2024\132\depth\15.23.54.691.png
2232,6643,3.0,06.12.2024,132,06.12.2024\132\rgb\15.23.54.787.png,06.12.2024\132\depth\15.23.54.787.png
2233,6643,3.0,06.12.2024,132,06.12.2024\132\rgb\15.23.54.872.png,06.12.2024\132\depth\15.23.54.872.png
2234,6643,3.0,06.12.2024,132,06.12.2024\132\rgb\15.23.54.965.png,06.12.2024\132\depth\15.23.54.965.png
2235,6643,3.0,06.12.2024,132,06.12.2024\132\rgb\15.23.55.058.png,06.12.2024\132\depth\15.23.55.058.png
2236,6643,3.0,06.12.2024,132,06.12.2024\132\rgb\15.23.55.154.png,06.12.2024\132\depth\15.23.55.154.png
2237,6643,3.0,06.12.2024,132,06.12.2024\132\rgb\15.23.55.248.png,06.12.2024\132\depth\15.23.55.248.png
2238,6643,3.0,06.12.2024,132,06.12.2024\132\rgb\15.23.55.338.png,06.12.2024\132\depth\15.23.55.338.png
2239,6643,3.0,06.12.2024,132,06.12.2024\132\rgb\15.23.55.432.png,06.12.2024\132\depth\15.23.55.432.png
2240,6643,3.0,06.12.2024,132,06.12.2024\132\rgb\15.23.55.523.png,06.12.2024\132\depth\15.23.55.523.png
2241,111025,3.0,06.12.2024,133,06.12.2024\133\rgb\15.24.10.688.png,06.12.2024\133\depth\15.24.10.688.png
2242,111025,3.0,06.12.2024,133,06.12.2024\133\rgb\15.24.10.776.png,06.12.2024\133\depth\15.24.10.776.png
2243,111025,3.0,06.12.2024,133,06.12.2024\133\rgb\15.24.10.865.png,06.12.2024\133\depth\15.24.10.865.png
2244,111025,3.0,06.12.2024,133,06.12.2024\133\rgb\15.24.10.958.png,06.12.2024\133\depth\15.24.10.958.png
2245,111025,3.0,06.12.2024,133,06.12.2024\133\rgb\15.24.11.057.png,06.12.2024\133\depth\15.24.11.057.png
2246,111025,3.0,06.12.2024,133,06.12.2024\133\rgb\15.24.11.148.png,06.12.2024\133\depth\15.24.11.148.png
2247,111025,3.0,06.12.2024,133,06.12.2024\133\rgb\15.24.11.236.png,06.12.2024\133\depth\15.24.11.236.png
2248,111025,3.0,06.12.2024,133,06.12.2024\133\rgb\15.24.11.331.png,06.12.2024\133\depth\15.24.11.331.png
2249,111025,3.0,06.12.2024,133,06.12.2024\133\rgb\15.24.11.423.png,06.12.2024\133\depth\15.24.11.423.png
2250,111025,3.0,06.12.2024,133,06.12.2024\133\rgb\15.24.11.515.png,06.12.2024\133\depth\15.24.11.515.png
2251,111025,3.0,06.12.2024,133,06.12.2024\133\rgb\15.24.11.605.png,06.12.2024\133\depth\15.24.11.605.png
2252,111025,3.0,06.12.2024,133,06.12.2024\133\rgb\15.24.11.697.png,06.12.2024\133\depth\15.24.11.697.png
2253,111025,3.0,06.12.2024,133,06.12.2024\133\rgb\15.24.11.791.png,06.12.2024\133\depth\15.24.11.791.png
2254,111025,3.0,06.12.2024,133,06.12.2024\133\rgb\15.24.11.879.png,06.12.2024\133\depth\15.24.11.879.png
2255,111025,3.0,06.12.2024,133,06.12.2024\133\rgb\15.24.11.962.png,06.12.2024\133\depth\15.24.11.962.png
2256,111025,3.0,06.12.2024,133,06.12.2024\133\rgb\15.24.12.056.png,06.12.2024\133\depth\15.24.12.056.png
2257,111025,3.0,06.12.2024,133,06.12.2024\133\rgb\15.24.12.149.png,06.12.2024\133\depth\15.24.12.149.png
2258,111025,3.0,06.12.2024,133,06.12.2024\133\rgb\15.24.12.241.png,06.12.2024\133\depth\15.24.12.241.png
2259,111025,3.0,06.12.2024,133,06.12.2024\133\rgb\15.24.12.334.png,06.12.2024\133\depth\15.24.12.334.png
2260,111025,3.0,06.12.2024,133,06.12.2024\133\rgb\15.24.12.428.png,06.12.2024\133\depth\15.24.12.428.png
2261,6505,3.0,06.12.2024,134,06.12.2024\134\rgb\15.24.25.486.png,06.12.2024\134\depth\15.24.25.486.png
2262,6505,3.0,06.12.2024,134,06.12.2024\134\rgb\15.24.25.577.png,06.12.2024\134\depth\15.24.25.577.png
2263,6505,3.0,06.12.2024,134,06.12.2024\134\rgb\15.24.25.677.png,06.12.2024\134\depth\15.24.25.677.png
2264,6505,3.0,06.12.2024,134,06.12.2024\134\rgb\15.24.25.770.png,06.12.2024\134\depth\15.24.25.770.png
2265,6505,3.0,06.12.2024,134,06.12.2024\134\rgb\15.24.25.863.png,06.12.2024\134\depth\15.24.25.863.png
2266,6505,3.0,06.12.2024,134,06.12.2024\134\rgb\15.24.25.954.png,06.12.2024\134\depth\15.24.25.954.png
2267,6505,3.0,06.12.2024,134,06.12.2024\134\rgb\15.24.26.050.png,06.12.2024\134\depth\15.24.26.050.png
2268,6505,3.0,06.12.2024,134,06.12.2024\134\rgb\15.24.26.143.png,06.12.2024\134\depth\15.24.26.143.png
2269,6505,3.0,06.12.2024,134,06.12.2024\134\rgb\15.24.26.236.png,06.12.2024\134\depth\15.24.26.236.png
2270,6505,3.0,06.12.2024,134,06.12.2024\134\rgb\15.24.26.329.png,06.12.2024\134\depth\15.24.26.329.png
2271,6505,3.0,06.12.2024,134,06.12.2024\134\rgb\15.24.26.420.png,06.12.2024\134\depth\15.24.26.420.png
2272,6505,3.0,06.12.2024,134,06.12.2024\134\rgb\15.24.26.513.png,06.12.2024\134\depth\15.24.26.513.png
2273,6505,3.0,06.12.2024,134,06.12.2024\134\rgb\15.24.26.604.png,06.12.2024\134\depth\15.24.26.604.png
2274,6505,3.0,06.12.2024,134,06.12.2024\134\rgb\15.24.26.697.png,06.12.2024\134\depth\15.24.26.697.png
2275,6505,3.0,06.12.2024,134,06.12.2024\134\rgb\15.24.26.788.png,06.12.2024\134\depth\15.24.26.788.png
2276,6505,3.0,06.12.2024,134,06.12.2024\134\rgb\15.24.26.875.png,06.12.2024\134\depth\15.24.26.875.png
2277,6505,3.0,06.12.2024,134,06.12.2024\134\rgb\15.24.26.971.png,06.12.2024\134\depth\15.24.26.971.png
2278,6505,3.0,06.12.2024,134,06.12.2024\134\rgb\15.24.27.064.png,06.12.2024\134\depth\15.24.27.064.png
2279,6505,3.0,06.12.2024,134,06.12.2024\134\rgb\15.24.27.162.png,06.12.2024\134\depth\15.24.27.162.png
2280,6505,3.0,06.12.2024,134,06.12.2024\134\rgb\15.24.27.251.png,06.12.2024\134\depth\15.24.27.251.png
2281,421202,3.0,06.12.2024,135,06.12.2024\135\rgb\15.24.43.154.png,06.12.2024\135\depth\15.24.43.154.png
2282,421202,3.0,06.12.2024,135,06.12.2024\135\rgb\15.24.43.240.png,06.12.2024\135\depth\15.24.43.240.png
2283,421202,3.0,06.12.2024,135,06.12.2024\135\rgb\15.24.43.328.png,06.12.2024\135\depth\15.24.43.328.png
2284,421202,3.0,06.12.2024,135,06.12.2024\135\rgb\15.24.43.418.png,06.12.2024\135\depth\15.24.43.418.png
2285,421202,3.0,06.12.2024,135,06.12.2024\135\rgb\15.24.43.510.png,06.12.2024\135\depth\15.24.43.510.png
2286,421202,3.0,06.12.2024,135,06.12.2024\135\rgb\15.24.43.600.png,06.12.2024\135\depth\15.24.43.600.png
2287,421202,3.0,06.12.2024,135,06.12.2024\135\rgb\15.24.43.694.png,06.12.2024\135\depth\15.24.43.694.png
2288,421202,3.0,06.12.2024,135,06.12.2024\135\rgb\15.24.43.791.png,06.12.2024\135\depth\15.24.43.791.png
2289,421202,3.0,06.12.2024,135,06.12.2024\135\rgb\15.24.43.880.png,06.12.2024\135\depth\15.24.43.880.png
2290,421202,3.0,06.12.2024,135,06.12.2024\135\rgb\15.24.43.974.png,06.12.2024\135\depth\15.24.43.974.png
2291,421202,3.0,06.12.2024,135,06.12.2024\135\rgb\15.24.44.066.png,06.12.2024\135\depth\15.24.44.066.png
2292,421202,3.0,06.12.2024,135,06.12.2024\135\rgb\15.24.44.162.png,06.12.2024\135\depth\15.24.44.162.png
2293,421202,3.0,06.12.2024,135,06.12.2024\135\rgb\15.24.44.256.png,06.12.2024\135\depth\15.24.44.256.png
2294,421202,3.0,06.12.2024,135,06.12.2024\135\rgb\15.24.44.347.png,06.12.2024\135\depth\15.24.44.347.png
2295,421202,3.0,06.12.2024,135,06.12.2024\135\rgb\15.24.44.439.png,06.12.2024\135\depth\15.24.44.439.png
2296,421202,3.0,06.12.2024,135,06.12.2024\135\rgb\15.24.44.530.png,06.12.2024\135\depth\15.24.44.530.png
2297,421202,3.0,06.12.2024,135,06.12.2024\135\rgb\15.24.44.627.png,06.12.2024\135\depth\15.24.44.627.png
2298,421202,3.0,06.12.2024,135,06.12.2024\135\rgb\15.24.44.716.png,06.12.2024\135\depth\15.24.44.716.png
2299,421202,3.0,06.12.2024,135,06.12.2024\135\rgb\15.24.44.794.png,06.12.2024\135\depth\15.24.44.794.png
2300,421202,3.0,06.12.2024,135,06.12.2024\135\rgb\15.24.44.885.png,06.12.2024\135\depth\15.24.44.885.png
2301,34789,3.25,06.12.2024,137,06.12.2024\137\rgb\15.25.16.776.png,06.12.2024\137\depth\15.25.16.776.png
2302,34789,3.25,06.12.2024,137,06.12.2024\137\rgb\15.25.16.869.png,06.12.2024\137\depth\15.25.16.869.png
2303,34789,3.25,06.12.2024,137,06.12.2024\137\rgb\15.25.16.955.png,06.12.2024\137\depth\15.25.16.955.png
2304,34789,3.25,06.12.2024,137,06.12.2024\137\rgb\15.25.17.056.png,06.12.2024\137\depth\15.25.17.056.png
2305,34789,3.25,06.12.2024,137,06.12.2024\137\rgb\15.25.17.150.png,06.12.2024\137\depth\15.25.17.150.png
2306,34789,3.25,06.12.2024,137,06.12.2024\137\rgb\15.25.17.239.png,06.12.2024\137\depth\15.25.17.239.png
2307,34789,3.25,06.12.2024,137,06.12.2024\137\rgb\15.25.17.333.png,06.12.2024\137\depth\15.25.17.333.png
2308,34789,3.25,06.12.2024,137,06.12.2024\137\rgb\15.25.17.424.png,06.12.2024\137\depth\15.25.17.424.png
2309,34789,3.25,06.12.2024,137,06.12.2024\137\rgb\15.25.17.517.png,06.12.2024\137\depth\15.25.17.517.png
2310,34789,3.25,06.12.2024,137,06.12.2024\137\rgb\15.25.17.606.png,06.12.2024\137\depth\15.25.17.606.png
2311,34789,3.25,06.12.2024,137,06.12.2024\137\rgb\15.25.17.699.png,06.12.2024\137\depth\15.25.17.699.png
2312,34789,3.25,06.12.2024,137,06.12.2024\137\rgb\15.25.17.792.png,06.12.2024\137\depth\15.25.17.792.png
2313,34789,3.25,06.12.2024,137,06.12.2024\137\rgb\15.25.17.886.png,06.12.2024\137\depth\15.25.17.886.png
2314,34789,3.25,06.12.2024,137,06.12.2024\137\rgb\15.25.17.977.png,06.12.2024\137\depth\15.25.17.977.png
2315,34789,3.25,06.12.2024,137,06.12.2024\137\rgb\15.25.18.068.png,06.12.2024\137\depth\15.25.18.068.png
2316,34789,3.25,06.12.2024,137,06.12.2024\137\rgb\15.25.18.163.png,06.12.2024\137\depth\15.25.18.163.png
2317,34789,3.25,06.12.2024,137,06.12.2024\137\rgb\15.25.18.255.png,06.12.2024\137\depth\15.25.18.255.png
2318,34789,3.25,06.12.2024,137,06.12.2024\137\rgb\15.25.18.349.png,06.12.2024\137\depth\15.25.18.349.png
2319,34789,3.25,06.12.2024,137,06.12.2024\137\rgb\15.25.18.439.png,06.12.2024\137\depth\15.25.18.439.png
2320,34789,3.25,06.12.2024,137,06.12.2024\137\rgb\15.25.18.531.png,06.12.2024\137\depth\15.25.18.531.png
2321,4900,3.0,06.12.2024,138,06.12.2024\138\rgb\15.25.32.943.png,06.12.2024\138\depth\15.25.32.943.png
2322,4900,3.0,06.12.2024,138,06.12.2024\138\rgb\15.25.33.046.png,06.12.2024\138\depth\15.25.33.046.png
2323,4900,3.0,06.12.2024,138,06.12.2024\138\rgb\15.25.33.138.png,06.12.2024\138\depth\15.25.33.138.png
2324,4900,3.0,06.12.2024,138,06.12.2024\138\rgb\15.25.33.230.png,06.12.2024\138\depth\15.25.33.230.png
2325,4900,3.0,06.12.2024,138,06.12.2024\138\rgb\15.25.33.323.png,06.12.2024\138\depth\15.25.33.323.png
2326,4900,3.0,06.12.2024,138,06.12.2024\138\rgb\15.25.33.412.png,06.12.2024\138\depth\15.25.33.412.png
2327,4900,3.0,06.12.2024,138,06.12.2024\138\rgb\15.25.33.502.png,06.12.2024\138\depth\15.25.33.502.png
2328,4900,3.0,06.12.2024,138,06.12.2024\138\rgb\15.25.33.597.png,06.12.2024\138\depth\15.25.33.597.png
2329,4900,3.0,06.12.2024,138,06.12.2024\138\rgb\15.25.33.689.png,06.12.2024\138\depth\15.25.33.689.png
2330,4900,3.0,06.12.2024,138,06.12.2024\138\rgb\15.25.33.782.png,06.12.2024\138\depth\15.25.33.782.png
2331,4900,3.0,06.12.2024,138,06.12.2024\138\rgb\15.25.33.872.png,06.12.2024\138\depth\15.25.33.872.png
2332,4900,3.0,06.12.2024,138,06.12.2024\138\rgb\15.25.33.972.png,06.12.2024\138\depth\15.25.33.972.png
2333,4900,3.0,06.12.2024,138,06.12.2024\138\rgb\15.25.34.062.png,06.12.2024\138\depth\15.25.34.062.png
2334,4900,3.0,06.12.2024,138,06.12.2024\138\rgb\15.25.34.154.png,06.12.2024\138\depth\15.25.34.154.png
2335,4900,3.0,06.12.2024,138,06.12.2024\138\rgb\15.25.34.248.png,06.12.2024\138\depth\15.25.34.248.png
2336,4900,3.0,06.12.2024,138,06.12.2024\138\rgb\15.25.34.351.png,06.12.2024\138\depth\15.25.34.351.png
2337,4900,3.0,06.12.2024,138,06.12.2024\138\rgb\15.25.34.448.png,06.12.2024\138\depth\15.25.34.448.png
2338,4900,3.0,06.12.2024,138,06.12.2024\138\rgb\15.25.34.539.png,06.12.2024\138\depth\15.25.34.539.png
2339,4900,3.0,06.12.2024,138,06.12.2024\138\rgb\15.25.34.630.png,06.12.2024\138\depth\15.25.34.630.png
2340,4900,3.0,06.12.2024,138,06.12.2024\138\rgb\15.25.34.721.png,06.12.2024\138\depth\15.25.34.721.png
2341,6621,3.25,06.12.2024,139,06.12.2024\139\rgb\15.25.51.188.png,06.12.2024\139\depth\15.25.51.188.png
2342,6621,3.25,06.12.2024,139,06.12.2024\139\rgb\15.25.51.302.png,06.12.2024\139\depth\15.25.51.302.png
2343,6621,3.25,06.12.2024,139,06.12.2024\139\rgb\15.25.51.399.png,06.12.2024\139\depth\15.25.51.399.png
2344,6621,3.25,06.12.2024,139,06.12.2024\139\rgb\15.25.51.492.png,06.12.2024\139\depth\15.25.51.492.png
2345,6621,3.25,06.12.2024,139,06.12.2024\139\rgb\15.25.51.584.png,06.12.2024\139\depth\15.25.51.584.png
2346,6621,3.25,06.12.2024,139,06.12.2024\139\rgb\15.25.51.674.png,06.12.2024\139\depth\15.25.51.674.png
2347,6621,3.25,06.12.2024,139,06.12.2024\139\rgb\15.25.51.762.png,06.12.2024\139\depth\15.25.51.762.png
2348,6621,3.25,06.12.2024,139,06.12.2024\139\rgb\15.25.51.858.png,06.12.2024\139\depth\15.25.51.858.png
2349,6621,3.25,06.12.2024,139,06.12.2024\139\rgb\15.25.51.949.png,06.12.2024\139\depth\15.25.51.949.png
2350,6621,3.25,06.12.2024,139,06.12.2024\139\rgb\15.25.52.036.png,06.12.2024\139\depth\15.25.52.036.png
2351,6621,3.25,06.12.2024,139,06.12.2024\139\rgb\15.25.52.133.png,06.12.2024\139\depth\15.25.52.133.png
2352,6621,3.25,06.12.2024,139,06.12.2024\139\rgb\15.25.52.228.png,06.12.2024\139\depth\15.25.52.228.png
2353,6621,3.25,06.12.2024,139,06.12.2024\139\rgb\15.25.52.317.png,06.12.2024\139\depth\15.25.52.317.png
2354,6621,3.25,06.12.2024,139,06.12.2024\139\rgb\15.25.52.409.png,06.12.2024\139\depth\15.25.52.409.png
2355,6621,3.25,06.12.2024,139,06.12.2024\139\rgb\15.25.52.502.png,06.12.2024\139\depth\15.25.52.502.png
2356,6621,3.25,06.12.2024,139,06.12.2024\139\rgb\15.25.52.593.png,06.12.2024\139\depth\15.25.52.593.png
2357,6621,3.25,06.12.2024,139,06.12.2024\139\rgb\15.25.52.690.png,06.12.2024\139\depth\15.25.52.690.png
2358,6621,3.25,06.12.2024,139,06.12.2024\139\rgb\15.25.52.777.png,06.12.2024\139\depth\15.25.52.777.png
2359,6621,3.25,06.12.2024,139,06.12.2024\139\rgb\15.25.52.868.png,06.12.2024\139\depth\15.25.52.868.png
2360,6621,3.25,06.12.2024,139,06.12.2024\139\rgb\15.25.52.959.png,06.12.2024\139\depth\15.25.52.959.png
2361,5092,3.0,06.12.2024,140,06.12.2024\140\rgb\15.26.02.944.png,06.12.2024\140\depth\15.26.02.944.png
2362,5092,3.0,06.12.2024,140,06.12.2024\140\rgb\15.26.03.026.png,06.12.2024\140\depth\15.26.03.026.png
2363,5092,3.0,06.12.2024,140,06.12.2024\140\rgb\15.26.03.119.png,06.12.2024\140\depth\15.26.03.119.png
2364,5092,3.0,06.12.2024,140,06.12.2024\140\rgb\15.26.03.209.png,06.12.2024\140\depth\15.26.03.209.png
2365,5092,3.0,06.12.2024,140,06.12.2024\140\rgb\15.26.03.303.png,06.12.2024\140\depth\15.26.03.303.png
2366,5092,3.0,06.12.2024,140,06.12.2024\140\rgb\15.26.03.392.png,06.12.2024\140\depth\15.26.03.392.png
2367,5092,3.0,06.12.2024,140,06.12.2024\140\rgb\15.26.03.488.png,06.12.2024\140\depth\15.26.03.488.png
2368,5092,3.0,06.12.2024,140,06.12.2024\140\rgb\15.26.03.576.png,06.12.2024\140\depth\15.26.03.576.png
2369,5092,3.0,06.12.2024,140,06.12.2024\140\rgb\15.26.03.668.png,06.12.2024\140\depth\15.26.03.668.png
2370,5092,3.0,06.12.2024,140,06.12.2024\140\rgb\15.26.03.761.png,06.12.2024\140\depth\15.26.03.761.png
2371,5092,3.0,06.12.2024,140,06.12.2024\140\rgb\15.26.03.856.png,06.12.2024\140\depth\15.26.03.856.png
2372,5092,3.0,06.12.2024,140,06.12.2024\140\rgb\15.26.03.952.png,06.12.2024\140\depth\15.26.03.952.png
2373,5092,3.0,06.12.2024,140,06.12.2024\140\rgb\15.26.04.042.png,06.12.2024\140\depth\15.26.04.042.png
2374,5092,3.0,06.12.2024,140,06.12.2024\140\rgb\15.26.04.134.png,06.12.2024\140\depth\15.26.04.134.png
2375,5092,3.0,06.12.2024,140,06.12.2024\140\rgb\15.26.04.224.png,06.12.2024\140\depth\15.26.04.224.png
2376,5092,3.0,06.12.2024,140,06.12.2024\140\rgb\15.26.04.321.png,06.12.2024\140\depth\15.26.04.321.png
2377,5092,3.0,06.12.2024,140,06.12.2024\140\rgb\15.26.04.414.png,06.12.2024\140\depth\15.26.04.414.png
2378,5092,3.0,06.12.2024,140,06.12.2024\140\rgb\15.26.04.504.png,06.12.2024\140\depth\15.26.04.504.png
2379,5092,3.0,06.12.2024,140,06.12.2024\140\rgb\15.26.04.603.png,06.12.2024\140\depth\15.26.04.603.png
2380,5092,3.0,06.12.2024,140,06.12.2024\140\rgb\15.26.04.689.png,06.12.2024\140\depth\15.26.04.689.png
2381,911020,3.0,06.12.2024,141,06.12.2024\141\rgb\15.26.22.812.png,06.12.2024\141\depth\15.26.22.812.png
2382,911020,3.0,06.12.2024,141,06.12.2024\141\rgb\15.26.22.899.png,06.12.2024\141\depth\15.26.22.899.png
2383,911020,3.0,06.12.2024,141,06.12.2024\141\rgb\15.26.22.994.png,06.12.2024\141\depth\15.26.22.994.png
2384,911020,3.0,06.12.2024,141,06.12.2024\141\rgb\15.26.23.085.png,06.12.2024\141\depth\15.26.23.085.png
2385,911020,3.0,06.12.2024,141,06.12.2024\141\rgb\15.26.23.179.png,06.12.2024\141\depth\15.26.23.179.png
2386,911020,3.0,06.12.2024,141,06.12.2024\141\rgb\15.26.23.269.png,06.12.2024\141\depth\15.26.23.269.png
2387,911020,3.0,06.12.2024,141,06.12.2024\141\rgb\15.26.23.362.png,06.12.2024\141\depth\15.26.23.362.png
2388,911020,3.0,06.12.2024,141,06.12.2024\141\rgb\15.26.23.457.png,06.12.2024\141\depth\15.26.23.457.png
2389,911020,3.0,06.12.2024,141,06.12.2024\141\rgb\15.26.23.547.png,06.12.2024\141\depth\15.26.23.547.png
2390,911020,3.0,06.12.2024,141,06.12.2024\141\rgb\15.26.23.642.png,06.12.2024\141\depth\15.26.23.642.png
2391,911020,3.0,06.12.2024,141,06.12.2024\141\rgb\15.26.23.733.png,06.12.2024\141\depth\15.26.23.733.png
2392,911020,3.0,06.12.2024,141,06.12.2024\141\rgb\15.26.23.831.png,06.12.2024\141\depth\15.26.23.831.png
2393,911020,3.0,06.12.2024,141,06.12.2024\141\rgb\15.26.23.924.png,06.12.2024\141\depth\15.26.23.924.png
2394,911020,3.0,06.12.2024,141,06.12.2024\141\rgb\15.26.24.017.png,06.12.2024\141\depth\15.26.24.017.png
2395,911020,3.0,06.12.2024,141,06.12.2024\141\rgb\15.26.24.108.png,06.12.2024\141\depth\15.26.24.108.png
2396,911020,3.0,06.12.2024,141,06.12.2024\141\rgb\15.26.24.198.png,06.12.2024\141\depth\15.26.24.198.png
2397,911020,3.0,06.12.2024,141,06.12.2024\141\rgb\15.26.24.295.png,06.12.2024\141\depth\15.26.24.295.png
2398,911020,3.0,06.12.2024,141,06.12.2024\141\rgb\15.26.24.387.png,06.12.2024\141\depth\15.26.24.387.png
2399,911020,3.0,06.12.2024,141,06.12.2024\141\rgb\15.26.24.479.png,06.12.2024\141\depth\15.26.24.479.png
2400,911020,3.0,06.12.2024,141,06.12.2024\141\rgb\15.26.24.570.png,06.12.2024\141\depth\15.26.24.570.png
2401,6646,3.0,06.12.2024,142,06.12.2024\142\rgb\15.26.41.064.png,06.12.2024\142\depth\15.26.41.064.png
2402,6646,3.0,06.12.2024,142,06.12.2024\142\rgb\15.26.41.152.png,06.12.2024\142\depth\15.26.41.152.png
2403,6646,3.0,06.12.2024,142,06.12.2024\142\rgb\15.26.41.242.png,06.12.2024\142\depth\15.26.41.242.png
2404,6646,3.0,06.12.2024,142,06.12.2024\142\rgb\15.26.41.331.png,06.12.2024\142\depth\15.26.41.331.png
2405,6646,3.0,06.12.2024,142,06.12.2024\142\rgb\15.26.41.425.png,06.12.2024\142\depth\15.26.41.425.png
2406,6646,3.0,06.12.2024,142,06.12.2024\142\rgb\15.26.41.518.png,06.12.2024\142\depth\15.26.41.518.png
2407,6646,3.0,06.12.2024,142,06.12.2024\142\rgb\15.26.41.610.png,06.12.2024\142\depth\15.26.41.610.png
2408,6646,3.0,06.12.2024,142,06.12.2024\142\rgb\15.26.41.702.png,06.12.2024\142\depth\15.26.41.702.png
2409,6646,3.0,06.12.2024,142,06.12.2024\142\rgb\15.26.41.794.png,06.12.2024\142\depth\15.26.41.794.png
2410,6646,3.0,06.12.2024,142,06.12.2024\142\rgb\15.26.41.892.png,06.12.2024\142\depth\15.26.41.892.png
2411,6646,3.0,06.12.2024,142,06.12.2024\142\rgb\15.26.41.979.png,06.12.2024\142\depth\15.26.41.979.png
2412,6646,3.0,06.12.2024,142,06.12.2024\142\rgb\15.26.42.074.png,06.12.2024\142\depth\15.26.42.074.png
2413,6646,3.0,06.12.2024,142,06.12.2024\142\rgb\15.26.42.162.png,06.12.2024\142\depth\15.26.42.162.png
2414,6646,3.0,06.12.2024,142,06.12.2024\142\rgb\15.26.42.259.png,06.12.2024\142\depth\15.26.42.259.png
2415,6646,3.0,06.12.2024,142,06.12.2024\142\rgb\15.26.42.350.png,06.12.2024\142\depth\15.26.42.350.png
2416,6646,3.0,06.12.2024,142,06.12.2024\142\rgb\15.26.42.444.png,06.12.2024\142\depth\15.26.42.444.png
2417,6646,3.0,06.12.2024,142,06.12.2024\142\rgb\15.26.42.536.png,06.12.2024\142\depth\15.26.42.536.png
2418,6646,3.0,06.12.2024,142,06.12.2024\142\rgb\15.26.42.628.png,06.12.2024\142\depth\15.26.42.628.png
2419,6646,3.0,06.12.2024,142,06.12.2024\142\rgb\15.26.42.724.png,06.12.2024\142\depth\15.26.42.724.png
2420,6646,3.0,06.12.2024,142,06.12.2024\142\rgb\15.26.42.813.png,06.12.2024\142\depth\15.26.42.813.png
2421,700902,3.0,06.12.2024,143,06.12.2024\143\rgb\15.26.57.563.png,06.12.2024\143\depth\15.26.57.563.png
2422,700902,3.0,06.12.2024,143,06.12.2024\143\rgb\15.26.57.662.png,06.12.2024\143\depth\15.26.57.662.png
2423,700902,3.0,06.12.2024,143,06.12.2024\143\rgb\15.26.57.758.png,06.12.2024\143\depth\15.26.57.758.png
2424,700902,3.0,06.12.2024,143,06.12.2024\143\rgb\15.26.57.851.png,06.12.2024\143\depth\15.26.57.851.png
2425,700902,3.0,06.12.2024,143,06.12.2024\143\rgb\15.26.57.942.png,06.12.2024\143\depth\15.26.57.942.png
2426,700902,3.0,06.12.2024,143,06.12.2024\143\rgb\15.26.58.031.png,06.12.2024\143\depth\15.26.58.031.png
2427,700902,3.0,06.12.2024,143,06.12.2024\143\rgb\15.26.58.126.png,06.12.2024\143\depth\15.26.58.126.png
2428,700902,3.0,06.12.2024,143,06.12.2024\143\rgb\15.26.58.223.png,06.12.2024\143\depth\15.26.58.223.png
2429,700902,3.0,06.12.2024,143,06.12.2024\143\rgb\15.26.58.311.png,06.12.2024\143\depth\15.26.58.311.png
2430,700902,3.0,06.12.2024,143,06.12.2024\143\rgb\15.26.58.406.png,06.12.2024\143\depth\15.26.58.406.png
2431,700902,3.0,06.12.2024,143,06.12.2024\143\rgb\15.26.58.496.png,06.12.2024\143\depth\15.26.58.496.png
2432,700902,3.0,06.12.2024,143,06.12.2024\143\rgb\15.26.58.590.png,06.12.2024\143\depth\15.26.58.590.png
2433,700902,3.0,06.12.2024,143,06.12.2024\143\rgb\15.26.58.684.png,06.12.2024\143\depth\15.26.58.684.png
2434,700902,3.0,06.12.2024,143,06.12.2024\143\rgb\15.26.58.773.png,06.12.2024\143\depth\15.26.58.773.png
2435,700902,3.0,06.12.2024,143,06.12.2024\143\rgb\15.26.58.871.png,06.12.2024\143\depth\15.26.58.871.png
2436,700902,3.0,06.12.2024,143,06.12.2024\143\rgb\15.26.58.960.png,06.12.2024\143\depth\15.26.58.960.png
2437,700902,3.0,06.12.2024,143,06.12.2024\143\rgb\15.26.59.056.png,06.12.2024\143\depth\15.26.59.056.png
2438,700902,3.0,06.12.2024,143,06.12.2024\143\rgb\15.26.59.146.png,06.12.2024\143\depth\15.26.59.146.png
2439,700902,3.0,06.12.2024,143,06.12.2024\143\rgb\15.26.59.238.png,06.12.2024\143\depth\15.26.59.238.png
2440,700902,3.0,06.12.2024,143,06.12.2024\143\rgb\15.26.59.330.png,06.12.2024\143\depth\15.26.59.330.png
2441,801111,3.25,06.12.2024,144,06.12.2024\144\rgb\15.27.14.871.png,06.12.2024\144\depth\15.27.14.871.png
2442,801111,3.25,06.12.2024,144,06.12.2024\144\rgb\15.27.14.958.png,06.12.2024\144\depth\15.27.14.958.png
2443,801111,3.25,06.12.2024,144,06.12.2024\144\rgb\15.27.15.051.png,06.12.2024\144\depth\15.27.15.051.png
2444,801111,3.25,06.12.2024,144,06.12.2024\144\rgb\15.27.15.137.png,06.12.2024\144\depth\15.27.15.137.png
2445,801111,3.25,06.12.2024,144,06.12.2024\144\rgb\15.27.15.231.png,06.12.2024\144\depth\15.27.15.231.png
2446,801111,3.25,06.12.2024,144,06.12.2024\144\rgb\15.27.15.322.png,06.12.2024\144\depth\15.27.15.322.png
2447,801111,3.25,06.12.2024,144,06.12.2024\144\rgb\15.27.15.417.png,06.12.2024\144\depth\15.27.15.417.png
2448,801111,3.25,06.12.2024,144,06.12.2024\144\rgb\15.27.15.507.png,06.12.2024\144\depth\15.27.15.507.png
2449,801111,3.25,06.12.2024,144,06.12.2024\144\rgb\15.27.15.600.png,06.12.2024\144\depth\15.27.15.600.png
2450,801111,3.25,06.12.2024,144,06.12.2024\144\rgb\15.27.15.693.png,06.12.2024\144\depth\15.27.15.693.png
2451,801111,3.25,06.12.2024,144,06.12.2024\144\rgb\15.27.15.786.png,06.12.2024\144\depth\15.27.15.786.png
2452,801111,3.25,06.12.2024,144,06.12.2024\144\rgb\15.27.15.877.png,06.12.2024\144\depth\15.27.15.877.png
2453,801111,3.25,06.12.2024,144,06.12.2024\144\rgb\15.27.15.968.png,06.12.2024\144\depth\15.27.15.968.png
2454,801111,3.25,06.12.2024,144,06.12.2024\144\rgb\15.27.16.059.png,06.12.2024\144\depth\15.27.16.059.png
2455,801111,3.25,06.12.2024,144,06.12.2024\144\rgb\15.27.16.153.png,06.12.2024\144\depth\15.27.16.153.png
2456,801111,3.25,06.12.2024,144,06.12.2024\144\rgb\15.27.16.245.png,06.12.2024\144\depth\15.27.16.245.png
2457,801111,3.25,06.12.2024,144,06.12.2024\144\rgb\15.27.16.337.png,06.12.2024\144\depth\15.27.16.337.png
2458,801111,3.25,06.12.2024,144,06.12.2024\144\rgb\15.27.16.429.png,06.12.2024\144\depth\15.27.16.429.png
2459,801111,3.25,06.12.2024,144,06.12.2024\144\rgb\15.27.16.523.png,06.12.2024\144\depth\15.27.16.523.png
2460,801111,3.25,06.12.2024,144,06.12.2024\144\rgb\15.27.16.617.png,06.12.2024\144\depth\15.27.16.617.png
2461,821125,3.0,06.12.2024,145,06.12.2024\145\rgb\15.27.32.356.png,06.12.2024\145\depth\15.27.32.356.png
2462,821125,3.0,06.12.2024,145,06.12.2024\145\rgb\15.27.32.444.png,06.12.2024\145\depth\15.27.32.444.png
2463,821125,3.0,06.12.2024,145,06.12.2024\145\rgb\15.27.32.532.png,06.12.2024\145\depth\15.27.32.532.png
2464,821125,3.0,06.12.2024,145,06.12.2024\145\rgb\15.27.32.628.png,06.12.2024\145\depth\15.27.32.628.png
2465,821125,3.0,06.12.2024,145,06.12.2024\145\rgb\15.27.32.717.png,06.12.2024\145\depth\15.27.32.717.png
2466,821125,3.0,06.12.2024,145,06.12.2024\145\rgb\15.27.32.805.png,06.12.2024\145\depth\15.27.32.805.png
2467,821125,3.0,06.12.2024,145,06.12.2024\145\rgb\15.27.32.898.png,06.12.2024\145\depth\15.27.32.898.png
2468,821125,3.0,06.12.2024,145,06.12.2024\145\rgb\15.27.32.991.png,06.12.2024\145\depth\15.27.32.991.png
2469,821125,3.0,06.12.2024,145,06.12.2024\145\rgb\15.27.33.082.png,06.12.2024\145\depth\15.27.33.082.png
2470,821125,3.0,06.12.2024,145,06.12.2024\145\rgb\15.27.33.176.png,06.12.2024\145\depth\15.27.33.176.png
2471,821125,3.0,06.12.2024,145,06.12.2024\145\rgb\15.27.33.266.png,06.12.2024\145\depth\15.27.33.266.png
2472,821125,3.0,06.12.2024,145,06.12.2024\145\rgb\15.27.33.363.png,06.12.2024\145\depth\15.27.33.363.png
2473,821125,3.0,06.12.2024,145,06.12.2024\145\rgb\15.27.33.453.png,06.12.2024\145\depth\15.27.33.453.png
2474,821125,3.0,06.12.2024,145,06.12.2024\145\rgb\15.27.33.547.png,06.12.2024\145\depth\15.27.33.547.png
2475,821125,3.0,06.12.2024,145,06.12.2024\145\rgb\15.27.33.637.png,06.12.2024\145\depth\15.27.33.637.png
2476,821125,3.0,06.12.2024,145,06.12.2024\145\rgb\15.27.33.730.png,06.12.2024\145\depth\15.27.33.730.png
2477,821125,3.0,06.12.2024,145,06.12.2024\145\rgb\15.27.33.820.png,06.12.2024\145\depth\15.27.33.820.png
2478,821125,3.0,06.12.2024,145,06.12.2024\145\rgb\15.27.33.914.png,06.12.2024\145\depth\15.27.33.914.png
2479,821125,3.0,06.12.2024,145,06.12.2024\145\rgb\15.27.34.011.png,06.12.2024\145\depth\15.27.34.011.png
2480,821125,3.0,06.12.2024,145,06.12.2024\145\rgb\15.27.34.099.png,06.12.2024\145\depth\15.27.34.099.png
2481,34337,3.0,06.12.2024,146,06.12.2024\146\rgb\15.28.07.085.png,06.12.2024\146\depth\15.28.07.085.png
2482,34337,3.0,06.12.2024,146,06.12.2024\146\rgb\15.28.07.165.png,06.12.2024\146\depth\15.28.07.165.png
2483,34337,3.0,06.12.2024,146,06.12.2024\146\rgb\15.28.07.251.png,06.12.2024\146\depth\15.28.07.251.png
2484,34337,3.0,06.12.2024,146,06.12.2024\146\rgb\15.28.07.342.png,06.12.2024\146\depth\15.28.07.342.png
2485,34337,3.0,06.12.2024,146,06.12.2024\146\rgb\15.28.07.433.png,06.12.2024\146\depth\15.28.07.433.png
2486,34337,3.0,06.12.2024,146,06.12.2024\146\rgb\15.28.07.516.png,06.12.2024\146\depth\15.28.07.516.png
2487,34337,3.0,06.12.2024,146,06.12.2024\146\rgb\15.28.07.603.png,06.12.2024\146\depth\15.28.07.603.png
2488,34337,3.0,06.12.2024,146,06.12.2024\146\rgb\15.28.07.696.png,06.12.2024\146\depth\15.28.07.696.png
2489,34337,3.0,06.12.2024,146,06.12.2024\146\rgb\15.28.07.793.png,06.12.2024\146\depth\15.28.07.793.png
2490,34337,3.0,06.12.2024,146,06.12.2024\146\rgb\15.28.07.880.png,06.12.2024\146\depth\15.28.07.880.png
2491,34337,3.0,06.12.2024,146,06.12.2024\146\rgb\15.28.07.973.png,06.12.2024\146\depth\15.28.07.973.png
2492,34337,3.0,06.12.2024,146,06.12.2024\146\rgb\15.28.08.065.png,06.12.2024\146\depth\15.28.08.065.png
2493,34337,3.0,06.12.2024,146,06.12.2024\146\rgb\15.28.08.160.png,06.12.2024\146\depth\15.28.08.160.png
2494,34337,3.0,06.12.2024,146,06.12.2024\146\rgb\15.28.08.255.png,06.12.2024\146\depth\15.28.08.255.png
2495,34337,3.0,06.12.2024,146,06.12.2024\146\rgb\15.28.08.346.png,06.12.2024\146\depth\15.28.08.346.png
2496,34337,3.0,06.12.2024,146,06.12.2024\146\rgb\15.28.08.438.png,06.12.2024\146\depth\15.28.08.438.png
2497,34337,3.0,06.12.2024,146,06.12.2024\146\rgb\15.28.08.531.png,06.12.2024\146\depth\15.28.08.531.png
2498,34337,3.0,06.12.2024,146,06.12.2024\146\rgb\15.28.08.624.png,06.12.2024\146\depth\15.28.08.624.png
2499,34337,3.0,06.12.2024,146,06.12.2024\146\rgb\15.28.08.720.png,06.12.2024\146\depth\15.28.08.720.png
2500,34337,3.0,06.12.2024,146,06.12.2024\146\rgb\15.28.08.807.png,06.12.2024\146\depth\15.28.08.807.png
2501,111125,3.25,06.12.2024,147,06.12.2024\147\rgb\15.28.23.962.png,06.12.2024\147\depth\15.28.23.962.png
2502,111125,3.25,06.12.2024,147,06.12.2024\147\rgb\15.28.24.047.png,06.12.2024\147\depth\15.28.24.047.png
2503,111125,3.25,06.12.2024,147,06.12.2024\147\rgb\15.28.24.138.png,06.12.2024\147\depth\15.28.24.138.png
2504,111125,3.25,06.12.2024,147,06.12.2024\147\rgb\15.28.24.231.png,06.12.2024\147\depth\15.28.24.231.png
2505,111125,3.25,06.12.2024,147,06.12.2024\147\rgb\15.28.24.324.png,06.12.2024\147\depth\15.28.24.324.png
2506,111125,3.25,06.12.2024,147,06.12.2024\147\rgb\15.28.24.420.png,06.12.2024\147\depth\15.28.24.420.png
2507,111125,3.25,06.12.2024,147,06.12.2024\147\rgb\15.28.24.506.png,06.12.2024\147\depth\15.28.24.506.png
2508,111125,3.25,06.12.2024,147,06.12.2024\147\rgb\15.28.24.598.png,06.12.2024\147\depth\15.28.24.598.png
2509,111125,3.25,06.12.2024,147,06.12.2024\147\rgb\15.28.24.698.png,06.12.2024\147\depth\15.28.24.698.png
2510,111125,3.25,06.12.2024,147,06.12.2024\147\rgb\15.28.24.787.png,06.12.2024\147\depth\15.28.24.787.png
2511,111125,3.25,06.12.2024,147,06.12.2024\147\rgb\15.28.24.880.png,06.12.2024\147\depth\15.28.24.880.png
2512,111125,3.25,06.12.2024,147,06.12.2024\147\rgb\15.28.24.969.png,06.12.2024\147\depth\15.28.24.969.png
2513,111125,3.25,06.12.2024,147,06.12.2024\147\rgb\15.28.25.065.png,06.12.2024\147\depth\15.28.25.065.png
2514,111125,3.25,06.12.2024,147,06.12.2024\147\rgb\15.28.25.155.png,06.12.2024\147\depth\15.28.25.155.png
2515,111125,3.25,06.12.2024,147,06.12.2024\147\rgb\15.28.25.249.png,06.12.2024\147\depth\15.28.25.249.png
2516,111125,3.25,06.12.2024,147,06.12.2024\147\rgb\15.28.25.340.png,06.12.2024\147\depth\15.28.25.340.png
2517,111125,3.25,06.12.2024,147,06.12.2024\147\rgb\15.28.25.433.png,06.12.2024\147\depth\15.28.25.433.png
2518,111125,3.25,06.12.2024,147,06.12.2024\147\rgb\15.28.25.526.png,06.12.2024\147\depth\15.28.25.526.png
2519,111125,3.25,06.12.2024,147,06.12.2024\147\rgb\15.28.25.617.png,06.12.2024\147\depth\15.28.25.617.png
2520,111125,3.25,06.12.2024,147,06.12.2024\147\rgb\15.28.25.712.png,06.12.2024\147\depth\15.28.25.712.png
2521,6675,3.0,06.12.2024,148,06.12.2024\148\rgb\15.28.40.296.png,06.12.2024\148\depth\15.28.40.296.png
2522,6675,3.0,06.12.2024,148,06.12.2024\148\rgb\15.28.40.385.png,06.12.2024\148\depth\15.28.40.385.png
2523,6675,3.0,06.12.2024,148,06.12.2024\148\rgb\15.28.40.480.png,06.12.2024\148\depth\15.28.40.480.png
2524,6675,3.0,06.12.2024,148,06.12.2024\148\rgb\15.28.40.569.png,06.12.2024\148\depth\15.28.40.569.png
2525,6675,3.0,06.12.2024,148,06.12.2024\148\rgb\15.28.40.664.png,06.12.2024\148\depth\15.28.40.664.png
2526,6675,3.0,06.12.2024,148,06.12.2024\148\rgb\15.28.40.757.png,06.12.2024\148\depth\15.28.40.757.png
2527,6675,3.0,06.12.2024,148,06.12.2024\148\rgb\15.28.40.847.png,06.12.2024\148\depth\15.28.40.847.png
2528,6675,3.0,06.12.2024,148,06.12.2024\148\rgb\15.28.40.940.png,06.12.2024\148\depth\15.28.40.940.png
2529,6675,3.0,06.12.2024,148,06.12.2024\148\rgb\15.28.41.031.png,06.12.2024\148\depth\15.28.41.031.png
2530,6675,3.0,06.12.2024,148,06.12.2024\148\rgb\15.28.41.124.png,06.12.2024\148\depth\15.28.41.124.png
2531,6675,3.0,06.12.2024,148,06.12.2024\148\rgb\15.28.41.216.png,06.12.2024\148\depth\15.28.41.216.png
2532,6675,3.0,06.12.2024,148,06.12.2024\148\rgb\15.28.41.308.png,06.12.2024\148\depth\15.28.41.308.png
2533,6675,3.0,06.12.2024,148,06.12.2024\148\rgb\15.28.41.402.png,06.12.2024\148\depth\15.28.41.402.png
2534,6675,3.0,06.12.2024,148,06.12.2024\148\rgb\15.28.41.494.png,06.12.2024\148\depth\15.28.41.494.png
2535,6675,3.0,06.12.2024,148,06.12.2024\148\rgb\15.28.41.586.png,06.12.2024\148\depth\15.28.41.586.png
2536,6675,3.0,06.12.2024,148,06.12.2024\148\rgb\15.28.41.679.png,06.12.2024\148\depth\15.28.41.679.png
2537,6675,3.0,06.12.2024,148,06.12.2024\148\rgb\15.28.41.771.png,06.12.2024\148\depth\15.28.41.771.png
2538,6675,3.0,06.12.2024,148,06.12.2024\148\rgb\15.28.41.863.png,06.12.2024\148\depth\15.28.41.863.png
2539,6675,3.0,06.12.2024,148,06.12.2024\148\rgb\15.28.41.958.png,06.12.2024\148\depth\15.28.41.958.png
2540,6675,3.0,06.12.2024,148,06.12.2024\148\rgb\15.28.42.050.png,06.12.2024\148\depth\15.28.42.050.png
2541,2590,3.0,06.12.2024,149,06.12.2024\149\rgb\15.28.56.707.png,06.12.2024\149\depth\15.28.56.707.png
2542,2590,3.0,06.12.2024,149,06.12.2024\149\rgb\15.28.56.793.png,06.12.2024\149\depth\15.28.56.793.png
2543,2590,3.0,06.12.2024,149,06.12.2024\149\rgb\15.28.56.884.png,06.12.2024\149\depth\15.28.56.884.png
2544,2590,3.0,06.12.2024,149,06.12.2024\149\rgb\15.28.56.978.png,06.12.2024\149\depth\15.28.56.978.png
2545,2590,3.0,06.12.2024,149,06.12.2024\149\rgb\15.28.57.073.png,06.12.2024\149\depth\15.28.57.073.png
2546,2590,3.0,06.12.2024,149,06.12.2024\149\rgb\15.28.57.163.png,06.12.2024\149\depth\15.28.57.163.png
2547,2590,3.0,06.12.2024,149,06.12.2024\149\rgb\15.28.57.258.png,06.12.2024\149\depth\15.28.57.258.png
2548,2590,3.0,06.12.2024,149,06.12.2024\149\rgb\15.28.57.341.png,06.12.2024\149\depth\15.28.57.341.png
2549,2590,3.0,06.12.2024,149,06.12.2024\149\rgb\15.28.57.425.png,06.12.2024\149\depth\15.28.57.425.png
2550,2590,3.0,06.12.2024,149,06.12.2024\149\rgb\15.28.57.517.png,06.12.2024\149\depth\15.28.57.517.png
2551,2590,3.0,06.12.2024,149,06.12.2024\149\rgb\15.28.57.610.png,06.12.2024\149\depth\15.28.57.610.png
2552,2590,3.0,06.12.2024,149,06.12.2024\149\rgb\15.28.57.702.png,06.12.2024\149\depth\15.28.57.702.png
2553,2590,3.0,06.12.2024,149,06.12.2024\149\rgb\15.28.57.794.png,06.12.2024\149\depth\15.28.57.794.png
2554,2590,3.0,06.12.2024,149,06.12.2024\149\rgb\15.28.57.891.png,06.12.2024\149\depth\15.28.57.891.png
2555,2590,3.0,06.12.2024,149,06.12.2024\149\rgb\15.28.57.981.png,06.12.2024\149\depth\15.28.57.981.png
2556,2590,3.0,06.12.2024,149,06.12.2024\149\rgb\15.28.58.073.png,06.12.2024\149\depth\15.28.58.073.png
2557,2590,3.0,06.12.2024,149,06.12.2024\149\rgb\15.28.58.165.png,06.12.2024\149\depth\15.28.58.165.png
2558,2590,3.0,06.12.2024,149,06.12.2024\149\rgb\15.28.58.261.png,06.12.2024\149\depth\15.28.58.261.png
2559,2590,3.0,06.12.2024,149,06.12.2024\149\rgb\15.28.58.354.png,06.12.2024\149\depth\15.28.58.354.png
2560,2590,3.0,06.12.2024,149,06.12.2024\149\rgb\15.28.58.443.png,06.12.2024\149\depth\15.28.58.443.png
2561,511031,3.5,06.12.2024,150,06.12.2024\150\rgb\15.29.13.757.png,06.12.2024\150\depth\15.29.13.757.png
2562,511031,3.5,06.12.2024,150,06.12.2024\150\rgb\15.29.13.846.png,06.12.2024\150\depth\15.29.13.846.png
2563,511031,3.5,06.12.2024,150,06.12.2024\150\rgb\15.29.13.938.png,06.12.2024\150\depth\15.29.13.938.png
2564,511031,3.5,06.12.2024,150,06.12.2024\150\rgb\15.29.14.030.png,06.12.2024\150\depth\15.29.14.030.png
2565,511031,3.5,06.12.2024,150,06.12.2024\150\rgb\15.29.14.123.png,06.12.2024\150\depth\15.29.14.123.png
2566,511031,3.5,06.12.2024,150,06.12.2024\150\rgb\15.29.14.218.png,06.12.2024\150\depth\15.29.14.218.png
2567,511031,3.5,06.12.2024,150,06.12.2024\150\rgb\15.29.14.306.png,06.12.2024\150\depth\15.29.14.306.png
2568,511031,3.5,06.12.2024,150,06.12.2024\150\rgb\15.29.14.400.png,06.12.2024\150\depth\15.29.14.400.png
2569,511031,3.5,06.12.2024,150,06.12.2024\150\rgb\15.29.14.494.png,06.12.2024\150\depth\15.29.14.494.png
2570,511031,3.5,06.12.2024,150,06.12.2024\150\rgb\15.29.14.586.png,06.12.2024\150\depth\15.29.14.586.png
2571,511031,3.5,06.12.2024,150,06.12.2024\150\rgb\15.29.14.678.png,06.12.2024\150\depth\15.29.14.678.png
2572,511031,3.5,06.12.2024,150,06.12.2024\150\rgb\15.29.14.771.png,06.12.2024\150\depth\15.29.14.771.png
2573,511031,3.5,06.12.2024,150,06.12.2024\150\rgb\15.29.14.866.png,06.12.2024\150\depth\15.29.14.866.png
2574,511031,3.5,06.12.2024,150,06.12.2024\150\rgb\15.29.14.955.png,06.12.2024\150\depth\15.29.14.955.png
2575,511031,3.5,06.12.2024,150,06.12.2024\150\rgb\15.29.15.053.png,06.12.2024\150\depth\15.29.15.053.png
2576,511031,3.5,06.12.2024,150,06.12.2024\150\rgb\15.29.15.143.png,06.12.2024\150\depth\15.29.15.143.png
2577,511031,3.5,06.12.2024,150,06.12.2024\150\rgb\15.29.15.236.png,06.12.2024\150\depth\15.29.15.236.png
2578,511031,3.5,06.12.2024,150,06.12.2024\150\rgb\15.29.15.327.png,06.12.2024\150\depth\15.29.15.327.png
2579,511031,3.5,06.12.2024,150,06.12.2024\150\rgb\15.29.15.423.png,06.12.2024\150\depth\15.29.15.423.png
2580,511031,3.5,06.12.2024,150,06.12.2024\150\rgb\15.29.15.515.png,06.12.2024\150\depth\15.29.15.515.png
2581,621113,3.25,06.12.2024,151,06.12.2024\151\rgb\15.29.29.345.png,06.12.2024\151\depth\15.29.29.345.png
2582,621113,3.25,06.12.2024,151,06.12.2024\151\rgb\15.29.29.429.png,06.12.2024\151\depth\15.29.29.429.png
2583,621113,3.25,06.12.2024,151,06.12.2024\151\rgb\15.29.29.527.png,06.12.2024\151\depth\15.29.29.527.png
2584,621113,3.25,06.12.2024,151,06.12.2024\151\rgb\15.29.29.621.png,06.12.2024\151\depth\15.29.29.621.png
2585,621113,3.25,06.12.2024,151,06.12.2024\151\rgb\15.29.29.709.png,06.12.2024\151\depth\15.29.29.709.png
2586,621113,3.25,06.12.2024,151,06.12.2024\151\rgb\15.29.29.801.png,06.12.2024\151\depth\15.29.29.801.png
2587,621113,3.25,06.12.2024,151,06.12.2024\151\rgb\15.29.29.898.png,06.12.2024\151\depth\15.29.29.898.png
2588,621113,3.25,06.12.2024,151,06.12.2024\151\rgb\15.29.29.993.png,06.12.2024\151\depth\15.29.29.993.png
2589,621113,3.25,06.12.2024,151,06.12.2024\151\rgb\15.29.30.085.png,06.12.2024\151\depth\15.29.30.085.png
2590,621113,3.25,06.12.2024,151,06.12.2024\151\rgb\15.29.30.176.png,06.12.2024\151\depth\15.29.30.176.png
2591,621113,3.25,06.12.2024,151,06.12.2024\151\rgb\15.29.30.266.png,06.12.2024\151\depth\15.29.30.266.png
2592,621113,3.25,06.12.2024,151,06.12.2024\151\rgb\15.29.30.362.png,06.12.2024\151\depth\15.29.30.362.png
2593,621113,3.25,06.12.2024,151,06.12.2024\151\rgb\15.29.30.454.png,06.12.2024\151\depth\15.29.30.454.png
2594,621113,3.25,06.12.2024,151,06.12.2024\151\rgb\15.29.30.548.png,06.12.2024\151\depth\15.29.30.548.png
2595,621113,3.25,06.12.2024,151,06.12.2024\151\rgb\15.29.30.640.png,06.12.2024\151\depth\15.29.30.640.png
2596,621113,3.25,06.12.2024,151,06.12.2024\151\rgb\15.29.30.733.png,06.12.2024\151\depth\15.29.30.733.png
2597,621113,3.25,06.12.2024,151,06.12.2024\151\rgb\15.29.30.827.png,06.12.2024\151\depth\15.29.30.827.png
2598,621113,3.25,06.12.2024,151,06.12.2024\151\rgb\15.29.30.919.png,06.12.2024\151\depth\15.29.30.919.png
2599,621113,3.25,06.12.2024,151,06.12.2024\151\rgb\15.29.31.011.png,06.12.2024\151\depth\15.29.31.011.png
2600,621113,3.25,06.12.2024,151,06.12.2024\151\rgb\15.29.31.103.png,06.12.2024\151\depth\15.29.31.103.png
2601,121115,3.25,06.12.2024,153,06.12.2024\153\rgb\15.30.05.094.png,06.12.2024\153\depth\15.30.05.094.png
2602,121115,3.25,06.12.2024,153,06.12.2024\153\rgb\15.30.05.194.png,06.12.2024\153\depth\15.30.05.194.png
2603,121115,3.25,06.12.2024,153,06.12.2024\153\rgb\15.30.05.291.png,06.12.2024\153\depth\15.30.05.291.png
2604,121115,3.25,06.12.2024,153,06.12.2024\153\rgb\15.30.05.382.png,06.12.2024\153\depth\15.30.05.382.png
2605,121115,3.25,06.12.2024,153,06.12.2024\153\rgb\15.30.05.472.png,06.12.2024\153\depth\15.30.05.472.png
2606,121115,3.25,06.12.2024,153,06.12.2024\153\rgb\15.30.05.564.png,06.12.2024\153\depth\15.30.05.564.png
2607,121115,3.25,06.12.2024,153,06.12.2024\153\rgb\15.30.05.656.png,06.12.2024\153\depth\15.30.05.656.png
2608,121115,3.25,06.12.2024,153,06.12.2024\153\rgb\15.30.05.746.png,06.12.2024\153\depth\15.30.05.746.png
2609,121115,3.25,06.12.2024,153,06.12.2024\153\rgb\15.30.05.842.png,06.12.2024\153\depth\15.30.05.842.png
2610,121115,3.25,06.12.2024,153,06.12.2024\153\rgb\15.30.05.930.png,06.12.2024\153\depth\15.30.05.930.png
2611,121115,3.25,06.12.2024,153,06.12.2024\153\rgb\15.30.06.025.png,06.12.2024\153\depth\15.30.06.025.png
2612,121115,3.25,06.12.2024,153,06.12.2024\153\rgb\15.30.06.117.png,06.12.2024\153\depth\15.30.06.117.png
2613,121115,3.25,06.12.2024,153,06.12.2024\153\rgb\15.30.06.208.png,06.12.2024\153\depth\15.30.06.208.png
2614,121115,3.25,06.12.2024,153,06.12.2024\153\rgb\15.30.06.299.png,06.12.2024\153\depth\15.30.06.299.png
2615,121115,3.25,06.12.2024,153,06.12.2024\153\rgb\15.30.06.392.png,06.12.2024\153\depth\15.30.06.392.png
2616,121115,3.25,06.12.2024,153,06.12.2024\153\rgb\15.30.06.485.png,06.12.2024\153\depth\15.30.06.485.png
2617,121115,3.25,06.12.2024,153,06.12.2024\153\rgb\15.30.06.575.png,06.12.2024\153\depth\15.30.06.575.png
2618,121115,3.25,06.12.2024,153,06.12.2024\153\rgb\15.30.06.670.png,06.12.2024\153\depth\15.30.06.670.png
2619,121115,3.25,06.12.2024,153,06.12.2024\153\rgb\15.30.06.761.png,06.12.2024\153\depth\15.30.06.761.png
2620,121115,3.25,06.12.2024,153,06.12.2024\153\rgb\15.30.06.857.png,06.12.2024\153\depth\15.30.06.857.png
2621,221108,3.5,06.12.2024,154,06.12.2024\154\rgb\15.30.20.891.png,06.12.2024\154\depth\15.30.20.891.png
2622,221108,3.5,06.12.2024,154,06.12.2024\154\rgb\15.30.20.992.png,06.12.2024\154\depth\15.30.20.992.png
2623,221108,3.5,06.12.2024,154,06.12.2024\154\rgb\15.30.21.084.png,06.12.2024\154\depth\15.30.21.084.png
2624,221108,3.5,06.12.2024,154,06.12.2024\154\rgb\15.30.21.173.png,06.12.2024\154\depth\15.30.21.173.png
2625,221108,3.5,06.12.2024,154,06.12.2024\154\rgb\15.30.21.266.png,06.12.2024\154\depth\15.30.21.266.png
2626,221108,3.5,06.12.2024,154,06.12.2024\154\rgb\15.30.21.358.png,06.12.2024\154\depth\15.30.21.358.png
2627,221108,3.5,06.12.2024,154,06.12.2024\154\rgb\15.30.21.457.png,06.12.2024\154\depth\15.30.21.457.png
2628,221108,3.5,06.12.2024,154,06.12.2024\154\rgb\15.30.21.558.png,06.12.2024\154\depth\15.30.21.558.png
2629,221108,3.5,06.12.2024,154,06.12.2024\154\rgb\15.30.21.651.png,06.12.2024\154\depth\15.30.21.651.png
2630,221108,3.5,06.12.2024,154,06.12.2024\154\rgb\15.30.21.743.png,06.12.2024\154\depth\15.30.21.743.png
2631,221108,3.5,06.12.2024,154,06.12.2024\154\rgb\15.30.21.830.png,06.12.2024\154\depth\15.30.21.830.png
2632,221108,3.5,06.12.2024,154,06.12.2024\154\rgb\15.30.21.920.png,06.12.2024\154\depth\15.30.21.920.png
2633,221108,3.5,06.12.2024,154,06.12.2024\154\rgb\15.30.22.017.png,06.12.2024\154\depth\15.30.22.017.png
2634,221108,3.5,06.12.2024,154,06.12.2024\154\rgb\15.30.22.104.png,06.12.2024\154\depth\15.30.22.104.png
2635,221108,3.5,06.12.2024,154,06.12.2024\154\rgb\15.30.22.199.png,06.12.2024\154\depth\15.30.22.199.png
2636,221108,3.5,06.12.2024,154,06.12.2024\154\rgb\15.30.22.291.png,06.12.2024\154\depth\15.30.22.291.png
2637,221108,3.5,06.12.2024,154,06.12.2024\154\rgb\15.30.22.387.png,06.12.2024\154\depth\15.30.22.387.png
2638,221108,3.5,06.12.2024,154,06.12.2024\154\rgb\15.30.22.472.png,06.12.2024\154\depth\15.30.22.472.png
2639,221108,3.5,06.12.2024,154,06.12.2024\154\rgb\15.30.22.560.png,06.12.2024\154\depth\15.30.22.560.png
2640,221108,3.5,06.12.2024,154,06.12.2024\154\rgb\15.30.22.652.png,06.12.2024\154\depth\15.30.22.652.png
2641,920902,3.0,06.12.2024,155,06.12.2024\155\rgb\15.30.37.247.png,06.12.2024\155\depth\15.30.37.247.png
2642,920902,3.0,06.12.2024,155,06.12.2024\155\rgb\15.30.37.341.png,06.12.2024\155\depth\15.30.37.341.png
2643,920902,3.0,06.12.2024,155,06.12.2024\155\rgb\15.30.37.433.png,06.12.2024\155\depth\15.30.37.433.png
2644,920902,3.0,06.12.2024,155,06.12.2024\155\rgb\15.30.37.524.png,06.12.2024\155\depth\15.30.37.524.png
2645,920902,3.0,06.12.2024,155,06.12.2024\155\rgb\15.30.37.623.png,06.12.2024\155\depth\15.30.37.623.png
2646,920902,3.0,06.12.2024,155,06.12.2024\155\rgb\15.30.37.717.png,06.12.2024\155\depth\15.30.37.717.png
2647,920902,3.0,06.12.2024,155,06.12.2024\155\rgb\15.30.37.807.png,06.12.2024\155\depth\15.30.37.807.png
2648,920902,3.0,06.12.2024,155,06.12.2024\155\rgb\15.30.37.901.png,06.12.2024\155\depth\15.30.37.901.png
2649,920902,3.0,06.12.2024,155,06.12.2024\155\rgb\15.30.37.998.png,06.12.2024\155\depth\15.30.37.998.png
2650,920902,3.0,06.12.2024,155,06.12.2024\155\rgb\15.30.38.090.png,06.12.2024\155\depth\15.30.38.090.png
2651,920902,3.0,06.12.2024,155,06.12.2024\155\rgb\15.30.38.184.png,06.12.2024\155\depth\15.30.38.184.png
2652,920902,3.0,06.12.2024,155,06.12.2024\155\rgb\15.30.38.271.png,06.12.2024\155\depth\15.30.38.271.png
2653,920902,3.0,06.12.2024,155,06.12.2024\155\rgb\15.30.38.365.png,06.12.2024\155\depth\15.30.38.365.png
2654,920902,3.0,06.12.2024,155,06.12.2024\155\rgb\15.30.38.459.png,06.12.2024\155\depth\15.30.38.459.png
2655,920902,3.0,06.12.2024,155,06.12.2024\155\rgb\15.30.38.552.png,06.12.2024\155\depth\15.30.38.552.png
2656,920902,3.0,06.12.2024,155,06.12.2024\155\rgb\15.30.38.647.png,06.12.2024\155\depth\15.30.38.647.png
2657,920902,3.0,06.12.2024,155,06.12.2024\155\rgb\15.30.38.736.png,06.12.2024\155\depth\15.30.38.736.png
2658,920902,3.0,06.12.2024,155,06.12.2024\155\rgb\15.30.38.830.png,06.12.2024\155\depth\15.30.38.830.png
2659,920902,3.0,06.12.2024,155,06.12.2024\155\rgb\15.30.38.923.png,06.12.2024\155\depth\15.30.38.923.png
2660,920902,3.0,06.12.2024,155,06.12.2024\155\rgb\15.30.39.017.png,06.12.2024\155\depth\15.30.39.017.png
2661,101229,2.75,06.12.2024,156,06.12.2024\156\rgb\15.30.55.929.png,06.12.2024\156\depth\15.30.55.929.png
2662,101229,2.75,06.12.2024,156,06.12.2024\156\rgb\15.30.56.029.png,06.12.2024\156\depth\15.30.56.029.png
2663,101229,2.75,06.12.2024,156,06.12.2024\156\rgb\15.30.56.119.png,06.12.2024\156\depth\15.30.56.119.png
2664,101229,2.75,06.12.2024,156,06.12.2024\156\rgb\15.30.56.213.png,06.12.2024\156\depth\15.30.56.213.png
2665,101229,2.75,06.12.2024,156,06.12.2024\156\rgb\15.30.56.306.png,06.12.2024\156\depth\15.30.56.306.png
2666,101229,2.75,06.12.2024,156,06.12.2024\156\rgb\15.30.56.399.png,06.12.2024\156\depth\15.30.56.399.png
2667,101229,2.75,06.12.2024,156,06.12.2024\156\rgb\15.30.56.493.png,06.12.2024\156\depth\15.30.56.493.png
2668,101229,2.75,06.12.2024,156,06.12.2024\156\rgb\15.30.56.583.png,06.12.2024\156\depth\15.30.56.583.png
2669,101229,2.75,06.12.2024,156,06.12.2024\156\rgb\15.30.56.675.png,06.12.2024\156\depth\15.30.56.675.png
2670,101229,2.75,06.12.2024,156,06.12.2024\156\rgb\15.30.56.766.png,06.12.2024\156\depth\15.30.56.766.png
2671,101229,2.75,06.12.2024,156,06.12.2024\156\rgb\15.30.56.861.png,06.12.2024\156\depth\15.30.56.861.png
2672,101229,2.75,06.12.2024,156,06.12.2024\156\rgb\15.30.56.954.png,06.12.2024\156\depth\15.30.56.954.png
2673,101229,2.75,06.12.2024,156,06.12.2024\156\rgb\15.30.57.046.png,06.12.2024\156\depth\15.30.57.046.png
2674,101229,2.75,06.12.2024,156,06.12.2024\156\rgb\15.30.57.139.png,06.12.2024\156\depth\15.30.57.139.png
2675,101229,2.75,06.12.2024,156,06.12.2024\156\rgb\15.30.57.232.png,06.12.2024\156\depth\15.30.57.232.png
2676,101229,2.75,06.12.2024,156,06.12.2024\156\rgb\15.30.57.325.png,06.12.2024\156\depth\15.30.57.325.png
2677,101229,2.75,06.12.2024,156,06.12.2024\156\rgb\15.30.57.417.png,06.12.2024\156\depth\15.30.57.417.png
2678,101229,2.75,06.12.2024,156,06.12.2024\156\rgb\15.30.57.504.png,06.12.2024\156\depth\15.30.57.504.png
2679,101229,2.75,06.12.2024,156,06.12.2024\156\rgb\15.30.57.592.png,06.12.2024\156\depth\15.30.57.592.png
2680,101229,2.75,06.12.2024,156,06.12.2024\156\rgb\15.30.57.696.png,06.12.2024\156\depth\15.30.57.696.png
2681,16558,3.0,06.12.2024,157,06.12.2024\157\rgb\15.31.12.929.png,06.12.2024\157\depth\15.31.12.929.png
2682,16558,3.0,06.12.2024,157,06.12.2024\157\rgb\15.31.13.027.png,06.12.2024\157\depth\15.31.13.027.png
2683,16558,3.0,06.12.2024,157,06.12.2024\157\rgb\15.31.13.122.png,06.12.2024\157\depth\15.31.13.122.png
2684,16558,3.0,06.12.2024,157,06.12.2024\157\rgb\15.31.13.216.png,06.12.2024\157\depth\15.31.13.216.png
2685,16558,3.0,06.12.2024,157,06.12.2024\157\rgb\15.31.13.305.png,06.12.2024\157\depth\15.31.13.305.png
2686,16558,3.0,06.12.2024,157,06.12.2024\157\rgb\15.31.13.394.png,06.12.2024\157\depth\15.31.13.394.png
2687,16558,3.0,06.12.2024,157,06.12.2024\157\rgb\15.31.13.490.png,06.12.2024\157\depth\15.31.13.490.png
2688,16558,3.0,06.12.2024,157,06.12.2024\157\rgb\15.31.13.581.png,06.12.2024\157\depth\15.31.13.581.png
2689,16558,3.0,06.12.2024,157,06.12.2024\157\rgb\15.31.13.674.png,06.12.2024\157\depth\15.31.13.674.png
2690,16558,3.0,06.12.2024,157,06.12.2024\157\rgb\15.31.13.766.png,06.12.2024\157\depth\15.31.13.766.png
2691,16558,3.0,06.12.2024,157,06.12.2024\157\rgb\15.31.13.859.png,06.12.2024\157\depth\15.31.13.859.png
2692,16558,3.0,06.12.2024,157,06.12.2024\157\rgb\15.31.13.952.png,06.12.2024\157\depth\15.31.13.952.png
2693,16558,3.0,06.12.2024,157,06.12.2024\157\rgb\15.31.14.046.png,06.12.2024\157\depth\15.31.14.046.png
2694,16558,3.0,06.12.2024,157,06.12.2024\157\rgb\15.31.14.138.png,06.12.2024\157\depth\15.31.14.138.png
2695,16558,3.0,06.12.2024,157,06.12.2024\157\rgb\15.31.14.229.png,06.12.2024\157\depth\15.31.14.229.png
2696,16558,3.0,06.12.2024,157,06.12.2024\157\rgb\15.31.14.324.png,06.12.2024\157\depth\15.31.14.324.png
2697,16558,3.0,06.12.2024,157,06.12.2024\157\rgb\15.31.14.415.png,06.12.2024\157\depth\15.31.14.415.png
2698,16558,3.0,06.12.2024,157,06.12.2024\157\rgb\15.31.14.509.png,06.12.2024\157\depth\15.31.14.509.png
2699,16558,3.0,06.12.2024,157,06.12.2024\157\rgb\15.31.14.597.png,06.12.2024\157\depth\15.31.14.597.png
2700,16558,3.0,06.12.2024,157,06.12.2024\157\rgb\15.31.14.692.png,06.12.2024\157\depth\15.31.14.692.png
2701,311025,3.0,06.12.2024,158,06.12.2024\158\rgb\15.31.29.988.png,06.12.2024\158\depth\15.31.29.988.png
2702,311025,3.0,06.12.2024,158,06.12.2024\158\rgb\15.31.30.074.png,06.12.2024\158\depth\15.31.30.074.png
2703,311025,3.0,06.12.2024,158,06.12.2024\158\rgb\15.31.30.166.png,06.12.2024\158\depth\15.31.30.166.png
2704,311025,3.0,06.12.2024,158,06.12.2024\158\rgb\15.31.30.257.png,06.12.2024\158\depth\15.31.30.257.png
2705,311025,3.0,06.12.2024,158,06.12.2024\158\rgb\15.31.30.350.png,06.12.2024\158\depth\15.31.30.350.png
2706,311025,3.0,06.12.2024,158,06.12.2024\158\rgb\15.31.30.441.png,06.12.2024\158\depth\15.31.30.441.png
2707,311025,3.0,06.12.2024,158,06.12.2024\158\rgb\15.31.30.536.png,06.12.2024\158\depth\15.31.30.536.png
2708,311025,3.0,06.12.2024,158,06.12.2024\158\rgb\15.31.30.627.png,06.12.2024\158\depth\15.31.30.627.png
2709,311025,3.0,06.12.2024,158,06.12.2024\158\rgb\15.31.30.724.png,06.12.2024\158\depth\15.31.30.724.png
2710,311025,3.0,06.12.2024,158,06.12.2024\158\rgb\15.31.30.817.png,06.12.2024\158\depth\15.31.30.817.png
2711,311025,3.0,06.12.2024,158,06.12.2024\158\rgb\15.31.30.910.png,06.12.2024\158\depth\15.31.30.910.png
2712,311025,3.0,06.12.2024,158,06.12.2024\158\rgb\15.31.31.000.png,06.12.2024\158\depth\15.31.31.000.png
2713,311025,3.0,06.12.2024,158,06.12.2024\158\rgb\15.31.31.094.png,06.12.2024\158\depth\15.31.31.094.png
2714,311025,3.0,06.12.2024,158,06.12.2024\158\rgb\15.31.31.187.png,06.12.2024\158\depth\15.31.31.187.png
2715,311025,3.0,06.12.2024,158,06.12.2024\158\rgb\15.31.31.283.png,06.12.2024\158\depth\15.31.31.283.png
2716,311025,3.0,06.12.2024,158,06.12.2024\158\rgb\15.31.31.372.png,06.12.2024\158\depth\15.31.31.372.png
2717,311025,3.0,06.12.2024,158,06.12.2024\158\rgb\15.31.31.469.png,06.12.2024\158\depth\15.31.31.469.png
2718,311025,3.0,06.12.2024,158,06.12.2024\158\rgb\15.31.31.583.png,06.12.2024\158\depth\15.31.31.583.png
2719,311025,3.0,06.12.2024,158,06.12.2024\158\rgb\15.31.31.668.png,06.12.2024\158\depth\15.31.31.668.png
2720,311025,3.0,06.12.2024,158,06.12.2024\158\rgb\15.31.31.747.png,06.12.2024\158\depth\15.31.31.747.png
2721,41189,3.0,06.12.2024,159,06.12.2024\159\rgb\15.31.44.800.png,06.12.2024\159\depth\15.31.44.800.png
2722,41189,3.0,06.12.2024,159,06.12.2024\159\rgb\15.31.44.891.png,06.12.2024\159\depth\15.31.44.891.png
2723,41189,3.0,06.12.2024,159,06.12.2024\159\rgb\15.31.44.977.png,06.12.2024\159\depth\15.31.44.977.png
2724,41189,3.0,06.12.2024,159,06.12.2024\159\rgb\15.31.45.068.png,06.12.2024\159\depth\15.31.45.068.png
2725,41189,3.0,06.12.2024,159,06.12.2024\159\rgb\15.31.45.165.png,06.12.2024\159\depth\15.31.45.165.png
2726,41189,3.0,06.12.2024,159,06.12.2024\159\rgb\15.31.45.257.png,06.12.2024\159\depth\15.31.45.257.png
2727,41189,3.0,06.12.2024,159,06.12.2024\159\rgb\15.31.45.349.png,06.12.2024\159\depth\15.31.45.349.png
2728,41189,3.0,06.12.2024,159,06.12.2024\159\rgb\15.31.45.439.png,06.12.2024\159\depth\15.31.45.439.png
2729,41189,3.0,06.12.2024,159,06.12.2024\159\rgb\15.31.45.532.png,06.12.2024\159\depth\15.31.45.532.png
2730,41189,3.0,06.12.2024,159,06.12.2024\159\rgb\15.31.45.626.png,06.12.2024\159\depth\15.31.45.626.png
2731,41189,3.0,06.12.2024,159,06.12.2024\159\rgb\15.31.45.719.png,06.12.2024\159\depth\15.31.45.719.png
2732,41189,3.0,06.12.2024,159,06.12.2024\159\rgb\15.31.45.813.png,06.12.2024\159\depth\15.31.45.813.png
2733,41189,3.0,06.12.2024,159,06.12.2024\159\rgb\15.31.45.906.png,06.12.2024\159\depth\15.31.45.906.png
2734,41189,3.0,06.12.2024,159,06.12.2024\159\rgb\15.31.45.997.png,06.12.2024\159\depth\15.31.45.997.png
2735,41189,3.0,06.12.2024,159,06.12.2024\159\rgb\15.31.46.089.png,06.12.2024\159\depth\15.31.46.089.png
2736,41189,3.0,06.12.2024,159,06.12.2024\159\rgb\15.31.46.182.png,06.12.2024\159\depth\15.31.46.182.png
2737,41189,3.0,06.12.2024,159,06.12.2024\159\rgb\15.31.46.271.png,06.12.2024\159\depth\15.31.46.271.png
2738,41189,3.0,06.12.2024,159,06.12.2024\159\rgb\15.31.46.365.png,06.12.2024\159\depth\15.31.46.365.png
2739,41189,3.0,06.12.2024,159,06.12.2024\159\rgb\15.31.46.460.png,06.12.2024\159\depth\15.31.46.460.png
2740,41189,3.0,06.12.2024,159,06.12.2024\159\rgb\15.31.46.552.png,06.12.2024\159\depth\15.31.46.552.png
2741,321127,3.25,06.12.2024,160,06.12.2024\160\rgb\15.32.02.709.png,06.12.2024\160\depth\15.32.02.709.png
2742,321127,3.25,06.12.2024,160,06.12.2024\160\rgb\15.32.02.791.png,06.12.2024\160\depth\15.32.02.791.png
2743,321127,3.25,06.12.2024,160,06.12.2024\160\rgb\15.32.02.881.png,06.12.2024\160\depth\15.32.02.881.png
2744,321127,3.25,06.12.2024,160,06.12.2024\160\rgb\15.32.02.974.png,06.12.2024\160\depth\15.32.02.974.png
2745,321127,3.25,06.12.2024,160,06.12.2024\160\rgb\15.32.03.063.png,06.12.2024\160\depth\15.32.03.063.png
2746,321127,3.25,06.12.2024,160,06.12.2024\160\rgb\15.32.03.159.png,06.12.2024\160\depth\15.32.03.159.png
2747,321127,3.25,06.12.2024,160,06.12.2024\160\rgb\15.32.03.250.png,06.12.2024\160\depth\15.32.03.250.png
2748,321127,3.25,06.12.2024,160,06.12.2024\160\rgb\15.32.03.341.png,06.12.2024\160\depth\15.32.03.341.png
2749,321127,3.25,06.12.2024,160,06.12.2024\160\rgb\15.32.03.434.png,06.12.2024\160\depth\15.32.03.434.png
2750,321127,3.25,06.12.2024,160,06.12.2024\160\rgb\15.32.03.529.png,06.12.2024\160\depth\15.32.03.529.png
2751,321127,3.25,06.12.2024,160,06.12.2024\160\rgb\15.32.03.620.png,06.12.2024\160\depth\15.32.03.620.png
2752,321127,3.25,06.12.2024,160,06.12.2024\160\rgb\15.32.03.709.png,06.12.2024\160\depth\15.32.03.709.png
2753,321127,3.25,06.12.2024,160,06.12.2024\160\rgb\15.32.03.805.png,06.12.2024\160\depth\15.32.03.805.png
2754,321127,3.25,06.12.2024,160,06.12.2024\160\rgb\15.32.03.893.png,06.12.2024\160\depth\15.32.03.893.png
2755,321127,3.25,06.12.2024,160,06.12.2024\160\rgb\15.32.03.994.png,06.12.2024\160\depth\15.32.03.994.png
2756,321127,3.25,06.12.2024,160,06.12.2024\160\rgb\15.32.04.081.png,06.12.2024\160\depth\15.32.04.081.png
2757,321127,3.25,06.12.2024,160,06.12.2024\160\rgb\15.32.04.176.png,06.12.2024\160\depth\15.32.04.176.png
2758,321127,3.25,06.12.2024,160,06.12.2024\160\rgb\15.32.04.268.png,06.12.2024\160\depth\15.32.04.268.png
2759,321127,3.25,06.12.2024,160,06.12.2024\160\rgb\15.32.04.358.png,06.12.2024\160\depth\15.32.04.358.png
2760,321127,3.25,06.12.2024,160,06.12.2024\160\rgb\15.32.04.453.png,06.12.2024\160\depth\15.32.04.453.png
2761,811025,3.25,06.12.2024,161,06.12.2024\161\rgb\15.32.19.173.png,06.12.2024\161\depth\15.32.19.173.png
2762,811025,3.25,06.12.2024,161,06.12.2024\161\rgb\15.32.19.262.png,06.12.2024\161\depth\15.32.19.262.png
2763,811025,3.25,06.12.2024,161,06.12.2024\161\rgb\15.32.19.347.png,06.12.2024\161\depth\15.32.19.347.png
2764,811025,3.25,06.12.2024,161,06.12.2024\161\rgb\15.32.19.441.png,06.12.2024\161\depth\15.32.19.441.png
2765,811025,3.25,06.12.2024,161,06.12.2024\161\rgb\15.32.19.537.png,06.12.2024\161\depth\15.32.19.537.png
2766,811025,3.25,06.12.2024,161,06.12.2024\161\rgb\15.32.19.627.png,06.12.2024\161\depth\15.32.19.627.png
2767,811025,3.25,06.12.2024,161,06.12.2024\161\rgb\15.32.19.725.png,06.12.2024\161\depth\15.32.19.725.png
2768,811025,3.25,06.12.2024,161,06.12.2024\161\rgb\15.32.19.813.png,06.12.2024\161\depth\15.32.19.813.png
2769,811025,3.25,06.12.2024,161,06.12.2024\161\rgb\15.32.19.906.png,06.12.2024\161\depth\15.32.19.906.png
2770,811025,3.25,06.12.2024,161,06.12.2024\161\rgb\15.32.19.996.png,06.12.2024\161\depth\15.32.19.996.png
2771,811025,3.25,06.12.2024,161,06.12.2024\161\rgb\15.32.20.092.png,06.12.2024\161\depth\15.32.20.092.png
2772,811025,3.25,06.12.2024,161,06.12.2024\161\rgb\15.32.20.182.png,06.12.2024\161\depth\15.32.20.182.png
2773,811025,3.25,06.12.2024,161,06.12.2024\161\rgb\15.32.20.272.png,06.12.2024\161\depth\15.32.20.272.png
2774,811025,3.25,06.12.2024,161,06.12.2024\161\rgb\15.32.20.365.png,06.12.2024\161\depth\15.32.20.365.png
2775,811025,3.25,06.12.2024,161,06.12.2024\161\rgb\15.32.20.459.png,06.12.2024\161\depth\15.32.20.459.png
2776,811025,3.25,06.12.2024,161,06.12.2024\161\rgb\15.32.20.553.png,06.12.2024\161\depth\15.32.20.553.png
2777,811025,3.25,06.12.2024,161,06.12.2024\161\rgb\15.32.20.643.png,06.12.2024\161\depth\15.32.20.643.png
2778,811025,3.25,06.12.2024,161,06.12.2024\161\rgb\15.32.20.734.png,06.12.2024\161\depth\15.32.20.734.png
2779,811025,3.25,06.12.2024,161,06.12.2024\161\rgb\15.32.20.828.png,06.12.2024\161\depth\15.32.20.828.png
2780,811025,3.25,06.12.2024,161,06.12.2024\161\rgb\15.32.20.923.png,06.12.2024\161\depth\15.32.20.923.png
2781,420825,3.25,06.12.2024,162,06.12.2024\162\rgb\15.32.36.553.png,06.12.2024\162\depth\15.32.36.553.png
2782,420825,3.25,06.12.2024,162,06.12.2024\162\rgb\15.32.36.639.png,06.12.2024\162\depth\15.32.36.639.png
2783,420825,3.25,06.12.2024,162,06.12.2024\162\rgb\15.32.36.731.png,06.12.2024\162\depth\15.32.36.731.png
2784,420825,3.25,06.12.2024,162,06.12.2024\162\rgb\15.32.36.825.png,06.12.2024\162\depth\15.32.36.825.png
2785,420825,3.25,06.12.2024,162,06.12.2024\162\rgb\15.32.36.918.png,06.12.2024\162\depth\15.32.36.918.png
2786,420825,3.25,06.12.2024,162,06.12.2024\162\rgb\15.32.37.015.png,06.12.2024\162\depth\15.32.37.015.png
2787,420825,3.25,06.12.2024,162,06.12.2024\162\rgb\15.32.37.105.png,06.12.2024\162\depth\15.32.37.105.png
2788,420825,3.25,06.12.2024,162,06.12.2024\162\rgb\15.32.37.196.png,06.12.2024\162\depth\15.32.37.196.png
2789,420825,3.25,06.12.2024,162,06.12.2024\162\rgb\15.32.37.290.png,06.12.2024\162\depth\15.32.37.290.png
2790,420825,3.25,06.12.2024,162,06.12.2024\162\rgb\15.32.37.384.png,06.12.2024\162\depth\15.32.37.384.png
2791,420825,3.25,06.12.2024,162,06.12.2024\162\rgb\15.32.37.477.png,06.12.2024\162\depth\15.32.37.477.png
2792,420825,3.25,06.12.2024,162,06.12.2024\162\rgb\15.32.37.567.png,06.12.2024\162\depth\15.32.37.567.png
2793,420825,3.25,06.12.2024,162,06.12.2024\162\rgb\15.32.37.643.png,06.12.2024\162\depth\15.32.37.643.png
2794,420825,3.25,06.12.2024,162,06.12.2024\162\rgb\15.32.37.738.png,06.12.2024\162\depth\15.32.37.738.png
2795,420825,3.25,06.12.2024,162,06.12.2024\162\rgb\15.32.37.830.png,06.12.2024\162\depth\15.32.37.830.png
2796,420825,3.25,06.12.2024,162,06.12.2024\162\rgb\15.32.37.928.png,06.12.2024\162\depth\15.32.37.928.png
2797,420825,3.25,06.12.2024,162,06.12.2024\162\rgb\15.32.38.022.png,06.12.2024\162\depth\15.32.38.022.png
2798,420825,3.25,06.12.2024,162,06.12.2024\162\rgb\15.32.38.113.png,06.12.2024\162\depth\15.32.38.113.png
2799,420825,3.25,06.12.2024,162,06.12.2024\162\rgb\15.32.38.201.png,06.12.2024\162\depth\15.32.38.201.png
2800,420825,3.25,06.12.2024,162,06.12.2024\162\rgb\15.32.38.300.png,06.12.2024\162\depth\15.32.38.300.png
2801,121109,3.25,06.12.2024,163,06.12.2024\163\rgb\15.32.54.521.png,06.12.2024\163\depth\15.32.54.521.png
2802,121109,3.25,06.12.2024,163,06.12.2024\163\rgb\15.32.54.611.png,06.12.2024\163\depth\15.32.54.611.png
2803,121109,3.25,06.12.2024,163,06.12.2024\163\rgb\15.32.54.700.png,06.12.2024\163\depth\15.32.54.700.png
2804,121109,3.25,06.12.2024,163,06.12.2024\163\rgb\15.32.54.792.png,06.12.2024\163\depth\15.32.54.792.png
2805,121109,3.25,06.12.2024,163,06.12.2024\163\rgb\15.32.54.887.png,06.12.2024\163\depth\15.32.54.887.png
2806,121109,3.25,06.12.2024,163,06.12.2024\163\rgb\15.32.54.982.png,06.12.2024\163\depth\15.32.54.982.png
2807,121109,3.25,06.12.2024,163,06.12.2024\163\rgb\15.32.55.074.png,06.12.2024\163\depth\15.32.55.074.png
2808,121109,3.25,06.12.2024,163,06.12.2024\163\rgb\15.32.55.164.png,06.12.2024\163\depth\15.32.55.164.png
2809,121109,3.25,06.12.2024,163,06.12.2024\163\rgb\15.32.55.260.png,06.12.2024\163\depth\15.32.55.260.png
2810,121109,3.25,06.12.2024,163,06.12.2024\163\rgb\15.32.55.353.png,06.12.2024\163\depth\15.32.55.353.png
2811,121109,3.25,06.12.2024,163,06.12.2024\163\rgb\15.32.55.449.png,06.12.2024\163\depth\15.32.55.449.png
2812,121109,3.25,06.12.2024,163,06.12.2024\163\rgb\15.32.55.541.png,06.12.2024\163\depth\15.32.55.541.png
2813,121109,3.25,06.12.2024,163,06.12.2024\163\rgb\15.32.55.629.png,06.12.2024\163\depth\15.32.55.629.png
2814,121109,3.25,06.12.2024,163,06.12.2024\163\rgb\15.32.55.726.png,06.12.2024\163\depth\15.32.55.726.png
2815,121109,3.25,06.12.2024,163,06.12.2024\163\rgb\15.32.55.817.png,06.12.2024\163\depth\15.32.55.817.png
2816,121109,3.25,06.12.2024,163,06.12.2024\163\rgb\15.32.55.911.png,06.12.2024\163\depth\15.32.55.911.png
2817,121109,3.25,06.12.2024,163,06.12.2024\163\rgb\15.32.56.000.png,06.12.2024\163\depth\15.32.56.000.png
2818,121109,3.25,06.12.2024,163,06.12.2024\163\rgb\15.32.56.094.png,06.12.2024\163\depth\15.32.56.094.png
2819,121109,3.25,06.12.2024,163,06.12.2024\163\rgb\15.32.56.189.png,06.12.2024\163\depth\15.32.56.189.png
2820,121109,3.25,06.12.2024,163,06.12.2024\163\rgb\15.32.56.282.png,06.12.2024\163\depth\15.32.56.282.png
2821,6592,3.0,06.12.2024,164,06.12.2024\164\rgb\15.33.10.479.png,06.12.2024\164\depth\15.33.10.479.png
2822,6592,3.0,06.12.2024,164,06.12.2024\164\rgb\15.33.10.566.png,06.12.2024\164\depth\15.33.10.566.png
2823,6592,3.0,06.12.2024,164,06.12.2024\164\rgb\15.33.10.659.png,06.12.2024\164\depth\15.33.10.659.png
2824,6592,3.0,06.12.2024,164,06.12.2024\164\rgb\15.33.10.750.png,06.12.2024\164\depth\15.33.10.750.png
2825,6592,3.0,06.12.2024,164,06.12.2024\164\rgb\15.33.10.842.png,06.12.2024\164\depth\15.33.10.842.png
2826,6592,3.0,06.12.2024,164,06.12.2024\164\rgb\15.33.10.939.png,06.12.2024\164\depth\15.33.10.939.png
2827,6592,3.0,06.12.2024,164,06.12.2024\164\rgb\15.33.11.028.png,06.12.2024\164\depth\15.33.11.028.png
2828,6592,3.0,06.12.2024,164,06.12.2024\164\rgb\15.33.11.123.png,06.12.2024\164\depth\15.33.11.123.png
2829,6592,3.0,06.12.2024,164,06.12.2024\164\rgb\15.33.11.212.png,06.12.2024\164\depth\15.33.11.212.png
2830,6592,3.0,06.12.2024,164,06.12.2024\164\rgb\15.33.11.306.png,06.12.2024\164\depth\15.33.11.306.png
2831,6592,3.0,06.12.2024,164,06.12.2024\164\rgb\15.33.11.399.png,06.12.2024\164\depth\15.33.11.399.png
2832,6592,3.0,06.12.2024,164,06.12.2024\164\rgb\15.33.11.494.png,06.12.2024\164\depth\15.33.11.494.png
2833,6592,3.0,06.12.2024,164,06.12.2024\164\rgb\15.33.11.584.png,06.12.2024\164\depth\15.33.11.584.png
2834,6592,3.0,06.12.2024,164,06.12.2024\164\rgb\15.33.11.682.png,06.12.2024\164\depth\15.33.11.682.png
2835,6592,3.0,06.12.2024,164,06.12.2024\164\rgb\15.33.11.771.png,06.12.2024\164\depth\15.33.11.771.png
2836,6592,3.0,06.12.2024,164,06.12.2024\164\rgb\15.33.11.861.png,06.12.2024\164\depth\15.33.11.861.png
2837,6592,3.0,06.12.2024,164,06.12.2024\164\rgb\15.33.11.956.png,06.12.2024\164\depth\15.33.11.956.png
2838,6592,3.0,06.12.2024,164,06.12.2024\164\rgb\15.33.12.050.png,06.12.2024\164\depth\15.33.12.050.png
2839,6592,3.0,06.12.2024,164,06.12.2024\164\rgb\15.33.12.141.png,06.12.2024\164\depth\15.33.12.141.png
2840,6592,3.0,06.12.2024,164,06.12.2024\164\rgb\15.33.12.234.png,06.12.2024\164\depth\15.33.12.234.png
