N,animal_id,BCS,data,frame,RGB_path,depth_path
2841,7444,3.5,20.02.2025,2,20.02.2025\2\rgb\14.05.14.681.png,20.02.2025\2\depth\14.05.14.681.png
2842,7444,3.5,20.02.2025,2,20.02.2025\2\rgb\14.05.14.758.png,20.02.2025\2\depth\14.05.14.758.png
2843,7444,3.5,20.02.2025,2,20.02.2025\2\rgb\14.05.14.853.png,20.02.2025\2\depth\14.05.14.853.png
2844,7444,3.5,20.02.2025,2,20.02.2025\2\rgb\14.05.14.945.png,20.02.2025\2\depth\14.05.14.945.png
2845,7444,3.5,20.02.2025,2,20.02.2025\2\rgb\14.05.15.032.png,20.02.2025\2\depth\14.05.15.032.png
2846,7444,3.5,20.02.2025,2,20.02.2025\2\rgb\14.05.15.117.png,20.02.2025\2\depth\14.05.15.117.png
2847,7444,3.5,20.02.2025,2,20.02.2025\2\rgb\14.05.15.207.png,20.02.2025\2\depth\14.05.15.207.png
2848,7444,3.5,20.02.2025,2,20.02.2025\2\rgb\14.05.15.299.png,20.02.2025\2\depth\14.05.15.299.png
2849,7444,3.5,20.02.2025,2,20.02.2025\2\rgb\14.05.15.400.png,20.02.2025\2\depth\14.05.15.400.png
2850,7444,3.5,20.02.2025,2,20.02.2025\2\rgb\14.05.15.487.png,20.02.2025\2\depth\14.05.15.487.png
2851,7444,3.5,20.02.2025,2,20.02.2025\2\rgb\14.05.15.579.png,20.02.2025\2\depth\14.05.15.579.png
2852,7444,3.5,20.02.2025,2,20.02.2025\2\rgb\14.05.15.671.png,20.02.2025\2\depth\14.05.15.671.png
2853,7444,3.5,20.02.2025,2,20.02.2025\2\rgb\14.05.15.762.png,20.02.2025\2\depth\14.05.15.762.png
2854,7444,3.5,20.02.2025,2,20.02.2025\2\rgb\14.05.15.859.png,20.02.2025\2\depth\14.05.15.859.png
2855,7444,3.5,20.02.2025,2,20.02.2025\2\rgb\14.05.15.947.png,20.02.2025\2\depth\14.05.15.947.png
2856,7444,3.5,20.02.2025,2,20.02.2025\2\rgb\14.05.16.041.png,20.02.2025\2\depth\14.05.16.041.png
2857,7444,3.5,20.02.2025,2,20.02.2025\2\rgb\14.05.16.130.png,20.02.2025\2\depth\14.05.16.130.png
2858,7444,3.5,20.02.2025,2,20.02.2025\2\rgb\14.05.16.222.png,20.02.2025\2\depth\14.05.16.222.png
2859,7444,3.5,20.02.2025,2,20.02.2025\2\rgb\14.05.16.316.png,20.02.2025\2\depth\14.05.16.316.png
2860,7444,3.5,20.02.2025,2,20.02.2025\2\rgb\14.05.16.409.png,20.02.2025\2\depth\14.05.16.409.png
2861,6952,3.25,20.02.2025,3,20.02.2025\3\rgb\14.05.25.397.png,20.02.2025\3\depth\14.05.25.397.png
2862,6952,3.25,20.02.2025,3,20.02.2025\3\rgb\14.05.25.487.png,20.02.2025\3\depth\14.05.25.487.png
2863,6952,3.25,20.02.2025,3,20.02.2025\3\rgb\14.05.25.581.png,20.02.2025\3\depth\14.05.25.581.png
2864,6952,3.25,20.02.2025,3,20.02.2025\3\rgb\14.05.25.673.png,20.02.2025\3\depth\14.05.25.673.png
2865,6952,3.25,20.02.2025,3,20.02.2025\3\rgb\14.05.25.772.png,20.02.2025\3\depth\14.05.25.772.png
2866,6952,3.25,20.02.2025,3,20.02.2025\3\rgb\14.05.25.858.png,20.02.2025\3\depth\14.05.25.858.png
2867,6952,3.25,20.02.2025,3,20.02.2025\3\rgb\14.05.25.950.png,20.02.2025\3\depth\14.05.25.950.png
2868,6952,3.25,20.02.2025,3,20.02.2025\3\rgb\14.05.26.042.png,20.02.2025\3\depth\14.05.26.042.png
2869,6952,3.25,20.02.2025,3,20.02.2025\3\rgb\14.05.26.133.png,20.02.2025\3\depth\14.05.26.133.png
2870,6952,3.25,20.02.2025,3,20.02.2025\3\rgb\14.05.26.225.png,20.02.2025\3\depth\14.05.26.225.png
2871,6952,3.25,20.02.2025,3,20.02.2025\3\rgb\14.05.26.320.png,20.02.2025\3\depth\14.05.26.320.png
2872,6952,3.25,20.02.2025,3,20.02.2025\3\rgb\14.05.26.411.png,20.02.2025\3\depth\14.05.26.411.png
2873,6952,3.25,20.02.2025,3,20.02.2025\3\rgb\14.05.26.504.png,20.02.2025\3\depth\14.05.26.504.png
2874,6952,3.25,20.02.2025,3,20.02.2025\3\rgb\14.05.26.598.png,20.02.2025\3\depth\14.05.26.598.png
2875,6952,3.25,20.02.2025,3,20.02.2025\3\rgb\14.05.26.689.png,20.02.2025\3\depth\14.05.26.689.png
2876,6952,3.25,20.02.2025,3,20.02.2025\3\rgb\14.05.26.783.png,20.02.2025\3\depth\14.05.26.783.png
2877,6952,3.25,20.02.2025,3,20.02.2025\3\rgb\14.05.26.875.png,20.02.2025\3\depth\14.05.26.875.png
2878,6952,3.25,20.02.2025,3,20.02.2025\3\rgb\14.05.26.963.png,20.02.2025\3\depth\14.05.26.963.png
2879,6952,3.25,20.02.2025,3,20.02.2025\3\rgb\14.05.27.057.png,20.02.2025\3\depth\14.05.27.057.png
2880,6952,3.25,20.02.2025,3,20.02.2025\3\rgb\14.05.27.150.png,20.02.2025\3\depth\14.05.27.150.png
2881,7535,3.0,20.02.2025,4,20.02.2025\4\rgb\14.05.43.149.png,20.02.2025\4\depth\14.05.43.149.png
2882,7535,3.0,20.02.2025,4,20.02.2025\4\rgb\14.05.43.240.png,20.02.2025\4\depth\14.05.43.240.png
2883,7535,3.0,20.02.2025,4,20.02.2025\4\rgb\14.05.43.332.png,20.02.2025\4\depth\14.05.43.332.png
2884,7535,3.0,20.02.2025,4,20.02.2025\4\rgb\14.05.43.425.png,20.02.2025\4\depth\14.05.43.425.png
2885,7535,3.0,20.02.2025,4,20.02.2025\4\rgb\14.05.43.523.png,20.02.2025\4\depth\14.05.43.523.png
2886,7535,3.0,20.02.2025,4,20.02.2025\4\rgb\14.05.43.611.png,20.02.2025\4\depth\14.05.43.611.png
2887,7535,3.0,20.02.2025,4,20.02.2025\4\rgb\14.05.43.703.png,20.02.2025\4\depth\14.05.43.703.png
2888,7535,3.0,20.02.2025,4,20.02.2025\4\rgb\14.05.43.795.png,20.02.2025\4\depth\14.05.43.795.png
2889,7535,3.0,20.02.2025,4,20.02.2025\4\rgb\14.05.43.891.png,20.02.2025\4\depth\14.05.43.891.png
2890,7535,3.0,20.02.2025,4,20.02.2025\4\rgb\14.05.43.990.png,20.02.2025\4\depth\14.05.43.990.png
2891,7535,3.0,20.02.2025,4,20.02.2025\4\rgb\14.05.44.076.png,20.02.2025\4\depth\14.05.44.076.png
2892,7535,3.0,20.02.2025,4,20.02.2025\4\rgb\14.05.44.168.png,20.02.2025\4\depth\14.05.44.168.png
2893,7535,3.0,20.02.2025,4,20.02.2025\4\rgb\14.05.44.258.png,20.02.2025\4\depth\14.05.44.258.png
2894,7535,3.0,20.02.2025,4,20.02.2025\4\rgb\14.05.44.353.png,20.02.2025\4\depth\14.05.44.353.png
2895,7535,3.0,20.02.2025,4,20.02.2025\4\rgb\14.05.44.446.png,20.02.2025\4\depth\14.05.44.446.png
2896,7535,3.0,20.02.2025,4,20.02.2025\4\rgb\14.05.44.537.png,20.02.2025\4\depth\14.05.44.537.png
2897,7535,3.0,20.02.2025,4,20.02.2025\4\rgb\14.05.44.629.png,20.02.2025\4\depth\14.05.44.629.png
2898,7535,3.0,20.02.2025,4,20.02.2025\4\rgb\14.05.44.724.png,20.02.2025\4\depth\14.05.44.724.png
2899,7535,3.0,20.02.2025,4,20.02.2025\4\rgb\14.05.44.818.png,20.02.2025\4\depth\14.05.44.818.png
2900,7535,3.0,20.02.2025,4,20.02.2025\4\rgb\14.05.44.914.png,20.02.2025\4\depth\14.05.44.914.png
2901,7008,3.25,20.02.2025,5,20.02.2025\5\rgb\14.05.58.731.png,20.02.2025\5\depth\14.05.58.731.png
2902,7008,3.25,20.02.2025,5,20.02.2025\5\rgb\14.05.58.829.png,20.02.2025\5\depth\14.05.58.829.png
2903,7008,3.25,20.02.2025,5,20.02.2025\5\rgb\14.05.58.924.png,20.02.2025\5\depth\14.05.58.924.png
2904,7008,3.25,20.02.2025,5,20.02.2025\5\rgb\14.05.59.016.png,20.02.2025\5\depth\14.05.59.016.png
2905,7008,3.25,20.02.2025,5,20.02.2025\5\rgb\14.05.59.106.png,20.02.2025\5\depth\14.05.59.106.png
2906,7008,3.25,20.02.2025,5,20.02.2025\5\rgb\14.05.59.198.png,20.02.2025\5\depth\14.05.59.198.png
2907,7008,3.25,20.02.2025,5,20.02.2025\5\rgb\14.05.59.290.png,20.02.2025\5\depth\14.05.59.290.png
2908,7008,3.25,20.02.2025,5,20.02.2025\5\rgb\14.05.59.384.png,20.02.2025\5\depth\14.05.59.384.png
2909,7008,3.25,20.02.2025,5,20.02.2025\5\rgb\14.05.59.475.png,20.02.2025\5\depth\14.05.59.475.png
2910,7008,3.25,20.02.2025,5,20.02.2025\5\rgb\14.05.59.566.png,20.02.2025\5\depth\14.05.59.566.png
2911,7008,3.25,20.02.2025,5,20.02.2025\5\rgb\14.05.59.660.png,20.02.2025\5\depth\14.05.59.660.png
2912,7008,3.25,20.02.2025,5,20.02.2025\5\rgb\14.05.59.754.png,20.02.2025\5\depth\14.05.59.754.png
2913,7008,3.25,20.02.2025,5,20.02.2025\5\rgb\14.05.59.848.png,20.02.2025\5\depth\14.05.59.848.png
2914,7008,3.25,20.02.2025,5,20.02.2025\5\rgb\14.05.59.946.png,20.02.2025\5\depth\14.05.59.946.png
2915,7008,3.25,20.02.2025,5,20.02.2025\5\rgb\14.06.00.032.png,20.02.2025\5\depth\14.06.00.032.png
2916,7008,3.25,20.02.2025,5,20.02.2025\5\rgb\14.06.00.118.png,20.02.2025\5\depth\14.06.00.118.png
2917,7008,3.25,20.02.2025,5,20.02.2025\5\rgb\14.06.00.216.png,20.02.2025\5\depth\14.06.00.216.png
2918,7008,3.25,20.02.2025,5,20.02.2025\5\rgb\14.06.00.308.png,20.02.2025\5\depth\14.06.00.308.png
2919,7008,3.25,20.02.2025,5,20.02.2025\5\rgb\14.06.00.400.png,20.02.2025\5\depth\14.06.00.400.png
2920,7008,3.25,20.02.2025,5,20.02.2025\5\rgb\14.06.00.492.png,20.02.2025\5\depth\14.06.00.492.png
2921,710331,3.25,20.02.2025,6,20.02.2025\6\rgb\14.06.16.248.png,20.02.2025\6\depth\14.06.16.248.png
2922,710331,3.25,20.02.2025,6,20.02.2025\6\rgb\14.06.16.340.png,20.02.2025\6\depth\14.06.16.340.png
2923,710331,3.25,20.02.2025,6,20.02.2025\6\rgb\14.06.16.434.png,20.02.2025\6\depth\14.06.16.434.png
2924,710331,3.25,20.02.2025,6,20.02.2025\6\rgb\14.06.16.524.png,20.02.2025\6\depth\14.06.16.524.png
2925,710331,3.25,20.02.2025,6,20.02.2025\6\rgb\14.06.16.624.png,20.02.2025\6\depth\14.06.16.624.png
2926,710331,3.25,20.02.2025,6,20.02.2025\6\rgb\14.06.16.711.png,20.02.2025\6\depth\14.06.16.711.png
2927,710331,3.25,20.02.2025,6,20.02.2025\6\rgb\14.06.16.806.png,20.02.2025\6\depth\14.06.16.806.png
2928,710331,3.25,20.02.2025,6,20.02.2025\6\rgb\14.06.16.898.png,20.02.2025\6\depth\14.06.16.898.png
2929,710331,3.25,20.02.2025,6,20.02.2025\6\rgb\14.06.16.989.png,20.02.2025\6\depth\14.06.16.989.png
2930,710331,3.25,20.02.2025,6,20.02.2025\6\rgb\14.06.17.082.png,20.02.2025\6\depth\14.06.17.082.png
2931,710331,3.25,20.02.2025,6,20.02.2025\6\rgb\14.06.17.174.png,20.02.2025\6\depth\14.06.17.174.png
2932,710331,3.25,20.02.2025,6,20.02.2025\6\rgb\14.06.17.267.png,20.02.2025\6\depth\14.06.17.267.png
2933,710331,3.25,20.02.2025,6,20.02.2025\6\rgb\14.06.17.358.png,20.02.2025\6\depth\14.06.17.358.png
2934,710331,3.25,20.02.2025,6,20.02.2025\6\rgb\14.06.17.450.png,20.02.2025\6\depth\14.06.17.450.png
2935,710331,3.25,20.02.2025,6,20.02.2025\6\rgb\14.06.17.549.png,20.02.2025\6\depth\14.06.17.549.png
2936,710331,3.25,20.02.2025,6,20.02.2025\6\rgb\14.06.17.636.png,20.02.2025\6\depth\14.06.17.636.png
2937,710331,3.25,20.02.2025,6,20.02.2025\6\rgb\14.06.17.732.png,20.02.2025\6\depth\14.06.17.732.png
2938,710331,3.25,20.02.2025,6,20.02.2025\6\rgb\14.06.17.821.png,20.02.2025\6\depth\14.06.17.821.png
2939,710331,3.25,20.02.2025,6,20.02.2025\6\rgb\14.06.17.913.png,20.02.2025\6\depth\14.06.17.913.png
2940,710331,3.25,20.02.2025,6,20.02.2025\6\rgb\14.06.18.010.png,20.02.2025\6\depth\14.06.18.010.png
2941,930317,3.25,20.02.2025,7,20.02.2025\7\rgb\14.06.32.374.png,20.02.2025\7\depth\14.06.32.374.png
2942,930317,3.25,20.02.2025,7,20.02.2025\7\rgb\14.06.32.473.png,20.02.2025\7\depth\14.06.32.473.png
2943,930317,3.25,20.02.2025,7,20.02.2025\7\rgb\14.06.32.564.png,20.02.2025\7\depth\14.06.32.564.png
2944,930317,3.25,20.02.2025,7,20.02.2025\7\rgb\14.06.32.664.png,20.02.2025\7\depth\14.06.32.664.png
2945,930317,3.25,20.02.2025,7,20.02.2025\7\rgb\14.06.32.761.png,20.02.2025\7\depth\14.06.32.761.png
2946,930317,3.25,20.02.2025,7,20.02.2025\7\rgb\14.06.32.855.png,20.02.2025\7\depth\14.06.32.855.png
2947,930317,3.25,20.02.2025,7,20.02.2025\7\rgb\14.06.32.949.png,20.02.2025\7\depth\14.06.32.949.png
2948,930317,3.25,20.02.2025,7,20.02.2025\7\rgb\14.06.33.041.png,20.02.2025\7\depth\14.06.33.041.png
2949,930317,3.25,20.02.2025,7,20.02.2025\7\rgb\14.06.33.139.png,20.02.2025\7\depth\14.06.33.139.png
2950,930317,3.25,20.02.2025,7,20.02.2025\7\rgb\14.06.33.238.png,20.02.2025\7\depth\14.06.33.238.png
2951,930317,3.25,20.02.2025,7,20.02.2025\7\rgb\14.06.33.329.png,20.02.2025\7\depth\14.06.33.329.png
2952,930317,3.25,20.02.2025,7,20.02.2025\7\rgb\14.06.33.424.png,20.02.2025\7\depth\14.06.33.424.png
2953,930317,3.25,20.02.2025,7,20.02.2025\7\rgb\14.06.33.518.png,20.02.2025\7\depth\14.06.33.518.png
2954,930317,3.25,20.02.2025,7,20.02.2025\7\rgb\14.06.33.607.png,20.02.2025\7\depth\14.06.33.607.png
2955,930317,3.25,20.02.2025,7,20.02.2025\7\rgb\14.06.33.697.png,20.02.2025\7\depth\14.06.33.697.png
2956,930317,3.25,20.02.2025,7,20.02.2025\7\rgb\14.06.33.788.png,20.02.2025\7\depth\14.06.33.788.png
2957,930317,3.25,20.02.2025,7,20.02.2025\7\rgb\14.06.33.883.png,20.02.2025\7\depth\14.06.33.883.png
2958,930317,3.25,20.02.2025,7,20.02.2025\7\rgb\14.06.33.972.png,20.02.2025\7\depth\14.06.33.972.png
2959,930317,3.25,20.02.2025,7,20.02.2025\7\rgb\14.06.34.063.png,20.02.2025\7\depth\14.06.34.063.png
2960,930317,3.25,20.02.2025,7,20.02.2025\7\rgb\14.06.34.157.png,20.02.2025\7\depth\14.06.34.157.png
2961,430221,3.25,20.02.2025,8,20.02.2025\8\rgb\14.06.49.144.png,20.02.2025\8\depth\14.06.49.144.png
2962,430221,3.25,20.02.2025,8,20.02.2025\8\rgb\14.06.49.234.png,20.02.2025\8\depth\14.06.49.234.png
2963,430221,3.25,20.02.2025,8,20.02.2025\8\rgb\14.06.49.326.png,20.02.2025\8\depth\14.06.49.326.png
2964,430221,3.25,20.02.2025,8,20.02.2025\8\rgb\14.06.49.418.png,20.02.2025\8\depth\14.06.49.418.png
2965,430221,3.25,20.02.2025,8,20.02.2025\8\rgb\14.06.49.518.png,20.02.2025\8\depth\14.06.49.518.png
2966,430221,3.25,20.02.2025,8,20.02.2025\8\rgb\14.06.49.604.png,20.02.2025\8\depth\14.06.49.604.png
2967,430221,3.25,20.02.2025,8,20.02.2025\8\rgb\14.06.49.696.png,20.02.2025\8\depth\14.06.49.696.png
2968,430221,3.25,20.02.2025,8,20.02.2025\8\rgb\14.06.49.787.png,20.02.2025\8\depth\14.06.49.787.png
2969,430221,3.25,20.02.2025,8,20.02.2025\8\rgb\14.06.49.883.png,20.02.2025\8\depth\14.06.49.883.png
2970,430221,3.25,20.02.2025,8,20.02.2025\8\rgb\14.06.49.981.png,20.02.2025\8\depth\14.06.49.981.png
2971,430221,3.25,20.02.2025,8,20.02.2025\8\rgb\14.06.50.082.png,20.02.2025\8\depth\14.06.50.082.png
2972,430221,3.25,20.02.2025,8,20.02.2025\8\rgb\14.06.50.174.png,20.02.2025\8\depth\14.06.50.174.png
2973,430221,3.25,20.02.2025,8,20.02.2025\8\rgb\14.06.50.261.png,20.02.2025\8\depth\14.06.50.261.png
2974,430221,3.25,20.02.2025,8,20.02.2025\8\rgb\14.06.50.359.png,20.02.2025\8\depth\14.06.50.359.png
2975,430221,3.25,20.02.2025,8,20.02.2025\8\rgb\14.06.50.453.png,20.02.2025\8\depth\14.06.50.453.png
2976,430221,3.25,20.02.2025,8,20.02.2025\8\rgb\14.06.50.548.png,20.02.2025\8\depth\14.06.50.548.png
2977,430221,3.25,20.02.2025,8,20.02.2025\8\rgb\14.06.50.638.png,20.02.2025\8\depth\14.06.50.638.png
2978,430221,3.25,20.02.2025,8,20.02.2025\8\rgb\14.06.50.730.png,20.02.2025\8\depth\14.06.50.730.png
2979,430221,3.25,20.02.2025,8,20.02.2025\8\rgb\14.06.50.828.png,20.02.2025\8\depth\14.06.50.828.png
2980,430221,3.25,20.02.2025,8,20.02.2025\8\rgb\14.06.50.916.png,20.02.2025\8\depth\14.06.50.916.png
2981,6889,3.25,20.02.2025,9,20.02.2025\9\rgb\14.07.08.483.png,20.02.2025\9\depth\14.07.08.483.png
2982,6889,3.25,20.02.2025,9,20.02.2025\9\rgb\14.07.08.584.png,20.02.2025\9\depth\14.07.08.584.png
2983,6889,3.25,20.02.2025,9,20.02.2025\9\rgb\14.07.08.679.png,20.02.2025\9\depth\14.07.08.679.png
2984,6889,3.25,20.02.2025,9,20.02.2025\9\rgb\14.07.08.770.png,20.02.2025\9\depth\14.07.08.770.png
2985,6889,3.25,20.02.2025,9,20.02.2025\9\rgb\14.07.08.869.png,20.02.2025\9\depth\14.07.08.869.png
2986,6889,3.25,20.02.2025,9,20.02.2025\9\rgb\14.07.08.956.png,20.02.2025\9\depth\14.07.08.956.png
2987,6889,3.25,20.02.2025,9,20.02.2025\9\rgb\14.07.09.049.png,20.02.2025\9\depth\14.07.09.049.png
2988,6889,3.25,20.02.2025,9,20.02.2025\9\rgb\14.07.09.138.png,20.02.2025\9\depth\14.07.09.138.png
2989,6889,3.25,20.02.2025,9,20.02.2025\9\rgb\14.07.09.230.png,20.02.2025\9\depth\14.07.09.230.png
2990,6889,3.25,20.02.2025,9,20.02.2025\9\rgb\14.07.09.329.png,20.02.2025\9\depth\14.07.09.329.png
2991,6889,3.25,20.02.2025,9,20.02.2025\9\rgb\14.07.09.417.png,20.02.2025\9\depth\14.07.09.417.png
2992,6889,3.25,20.02.2025,9,20.02.2025\9\rgb\14.07.09.511.png,20.02.2025\9\depth\14.07.09.511.png
2993,6889,3.25,20.02.2025,9,20.02.2025\9\rgb\14.07.09.604.png,20.02.2025\9\depth\14.07.09.604.png
2994,6889,3.25,20.02.2025,9,20.02.2025\9\rgb\14.07.09.696.png,20.02.2025\9\depth\14.07.09.696.png
2995,6889,3.25,20.02.2025,9,20.02.2025\9\rgb\14.07.09.788.png,20.02.2025\9\depth\14.07.09.788.png
2996,6889,3.25,20.02.2025,9,20.02.2025\9\rgb\14.07.09.883.png,20.02.2025\9\depth\14.07.09.883.png
2997,6889,3.25,20.02.2025,9,20.02.2025\9\rgb\14.07.09.973.png,20.02.2025\9\depth\14.07.09.973.png
2998,6889,3.25,20.02.2025,9,20.02.2025\9\rgb\14.07.10.062.png,20.02.2025\9\depth\14.07.10.062.png
2999,6889,3.25,20.02.2025,9,20.02.2025\9\rgb\14.07.10.154.png,20.02.2025\9\depth\14.07.10.154.png
3000,6889,3.25,20.02.2025,9,20.02.2025\9\rgb\14.07.10.241.png,20.02.2025\9\depth\14.07.10.241.png
3001,810328,3.75,20.02.2025,10,20.02.2025\10\rgb\14.07.22.665.png,20.02.2025\10\depth\14.07.22.665.png
3002,810328,3.75,20.02.2025,10,20.02.2025\10\rgb\14.07.22.762.png,20.02.2025\10\depth\14.07.22.762.png
3003,810328,3.75,20.02.2025,10,20.02.2025\10\rgb\14.07.22.857.png,20.02.2025\10\depth\14.07.22.857.png
3004,810328,3.75,20.02.2025,10,20.02.2025\10\rgb\14.07.22.957.png,20.02.2025\10\depth\14.07.22.957.png
3005,810328,3.75,20.02.2025,10,20.02.2025\10\rgb\14.07.23.057.png,20.02.2025\10\depth\14.07.23.057.png
3006,810328,3.75,20.02.2025,10,20.02.2025\10\rgb\14.07.23.151.png,20.02.2025\10\depth\14.07.23.151.png
3007,810328,3.75,20.02.2025,10,20.02.2025\10\rgb\14.07.23.243.png,20.02.2025\10\depth\14.07.23.243.png
3008,810328,3.75,20.02.2025,10,20.02.2025\10\rgb\14.07.23.336.png,20.02.2025\10\depth\14.07.23.336.png
3009,810328,3.75,20.02.2025,10,20.02.2025\10\rgb\14.07.23.435.png,20.02.2025\10\depth\14.07.23.435.png
3010,810328,3.75,20.02.2025,10,20.02.2025\10\rgb\14.07.23.536.png,20.02.2025\10\depth\14.07.23.536.png
3011,810328,3.75,20.02.2025,10,20.02.2025\10\rgb\14.07.23.628.png,20.02.2025\10\depth\14.07.23.628.png
3012,810328,3.75,20.02.2025,10,20.02.2025\10\rgb\14.07.23.721.png,20.02.2025\10\depth\14.07.23.721.png
3013,810328,3.75,20.02.2025,10,20.02.2025\10\rgb\14.07.23.812.png,20.02.2025\10\depth\14.07.23.812.png
3014,810328,3.75,20.02.2025,10,20.02.2025\10\rgb\14.07.23.916.png,20.02.2025\10\depth\14.07.23.916.png
3015,810328,3.75,20.02.2025,10,20.02.2025\10\rgb\14.07.24.016.png,20.02.2025\10\depth\14.07.24.016.png
3016,810328,3.75,20.02.2025,10,20.02.2025\10\rgb\14.07.24.107.png,20.02.2025\10\depth\14.07.24.107.png
3017,810328,3.75,20.02.2025,10,20.02.2025\10\rgb\14.07.24.198.png,20.02.2025\10\depth\14.07.24.198.png
3018,810328,3.75,20.02.2025,10,20.02.2025\10\rgb\14.07.24.289.png,20.02.2025\10\depth\14.07.24.289.png
3019,810328,3.75,20.02.2025,10,20.02.2025\10\rgb\14.07.24.389.png,20.02.2025\10\depth\14.07.24.389.png
3020,810328,3.75,20.02.2025,10,20.02.2025\10\rgb\14.07.24.489.png,20.02.2025\10\depth\14.07.24.489.png
3021,6859,3.25,20.02.2025,11,20.02.2025\11\rgb\14.07.56.101.png,20.02.2025\11\depth\14.07.56.101.png
3022,6859,3.25,20.02.2025,11,20.02.2025\11\rgb\14.07.56.199.png,20.02.2025\11\depth\14.07.56.199.png
3023,6859,3.25,20.02.2025,11,20.02.2025\11\rgb\14.07.56.291.png,20.02.2025\11\depth\14.07.56.291.png
3024,6859,3.25,20.02.2025,11,20.02.2025\11\rgb\14.07.56.390.png,20.02.2025\11\depth\14.07.56.390.png
3025,6859,3.25,20.02.2025,11,20.02.2025\11\rgb\14.07.56.493.png,20.02.2025\11\depth\14.07.56.493.png
3026,6859,3.25,20.02.2025,11,20.02.2025\11\rgb\14.07.56.585.png,20.02.2025\11\depth\14.07.56.585.png
3027,6859,3.25,20.02.2025,11,20.02.2025\11\rgb\14.07.56.675.png,20.02.2025\11\depth\14.07.56.675.png
3028,6859,3.25,20.02.2025,11,20.02.2025\11\rgb\14.07.56.769.png,20.02.2025\11\depth\14.07.56.769.png
3029,6859,3.25,20.02.2025,11,20.02.2025\11\rgb\14.07.56.865.png,20.02.2025\11\depth\14.07.56.865.png
3030,6859,3.25,20.02.2025,11,20.02.2025\11\rgb\14.07.56.954.png,20.02.2025\11\depth\14.07.56.954.png
3031,6859,3.25,20.02.2025,11,20.02.2025\11\rgb\14.07.57.046.png,20.02.2025\11\depth\14.07.57.046.png
3032,6859,3.25,20.02.2025,11,20.02.2025\11\rgb\14.07.57.139.png,20.02.2025\11\depth\14.07.57.139.png
3033,6859,3.25,20.02.2025,11,20.02.2025\11\rgb\14.07.57.232.png,20.02.2025\11\depth\14.07.57.232.png
3034,6859,3.25,20.02.2025,11,20.02.2025\11\rgb\14.07.57.326.png,20.02.2025\11\depth\14.07.57.326.png
3035,6859,3.25,20.02.2025,11,20.02.2025\11\rgb\14.07.57.421.png,20.02.2025\11\depth\14.07.57.421.png
3036,6859,3.25,20.02.2025,11,20.02.2025\11\rgb\14.07.57.515.png,20.02.2025\11\depth\14.07.57.515.png
3037,6859,3.25,20.02.2025,11,20.02.2025\11\rgb\14.07.57.607.png,20.02.2025\11\depth\14.07.57.607.png
3038,6859,3.25,20.02.2025,11,20.02.2025\11\rgb\14.07.57.700.png,20.02.2025\11\depth\14.07.57.700.png
3039,6859,3.25,20.02.2025,11,20.02.2025\11\rgb\14.07.57.792.png,20.02.2025\11\depth\14.07.57.792.png
3040,6859,3.25,20.02.2025,11,20.02.2025\11\rgb\14.07.57.909.png,20.02.2025\11\depth\14.07.57.909.png
3041,110227,3.0,20.02.2025,12,20.02.2025\12\rgb\14.08.13.589.png,20.02.2025\12\depth\14.08.13.589.png
3042,110227,3.0,20.02.2025,12,20.02.2025\12\rgb\14.08.13.685.png,20.02.2025\12\depth\14.08.13.685.png
3043,110227,3.0,20.02.2025,12,20.02.2025\12\rgb\14.08.13.778.png,20.02.2025\12\depth\14.08.13.778.png
3044,110227,3.0,20.02.2025,12,20.02.2025\12\rgb\14.08.13.874.png,20.02.2025\12\depth\14.08.13.874.png
3045,110227,3.0,20.02.2025,12,20.02.2025\12\rgb\14.08.13.962.png,20.02.2025\12\depth\14.08.13.962.png
3046,110227,3.0,20.02.2025,12,20.02.2025\12\rgb\14.08.14.055.png,20.02.2025\12\depth\14.08.14.055.png
3047,110227,3.0,20.02.2025,12,20.02.2025\12\rgb\14.08.14.148.png,20.02.2025\12\depth\14.08.14.148.png
3048,110227,3.0,20.02.2025,12,20.02.2025\12\rgb\14.08.14.238.png,20.02.2025\12\depth\14.08.14.238.png
3049,110227,3.0,20.02.2025,12,20.02.2025\12\rgb\14.08.14.329.png,20.02.2025\12\depth\14.08.14.329.png
3050,110227,3.0,20.02.2025,12,20.02.2025\12\rgb\14.08.14.424.png,20.02.2025\12\depth\14.08.14.424.png
3051,110227,3.0,20.02.2025,12,20.02.2025\12\rgb\14.08.14.514.png,20.02.2025\12\depth\14.08.14.514.png
3052,110227,3.0,20.02.2025,12,20.02.2025\12\rgb\14.08.14.605.png,20.02.2025\12\depth\14.08.14.605.png
3053,110227,3.0,20.02.2025,12,20.02.2025\12\rgb\14.08.14.696.png,20.02.2025\12\depth\14.08.14.696.png
3054,110227,3.0,20.02.2025,12,20.02.2025\12\rgb\14.08.14.789.png,20.02.2025\12\depth\14.08.14.789.png
3055,110227,3.0,20.02.2025,12,20.02.2025\12\rgb\14.08.14.884.png,20.02.2025\12\depth\14.08.14.884.png
3056,110227,3.0,20.02.2025,12,20.02.2025\12\rgb\14.08.14.988.png,20.02.2025\12\depth\14.08.14.988.png
3057,110227,3.0,20.02.2025,12,20.02.2025\12\rgb\14.08.15.082.png,20.02.2025\12\depth\14.08.15.082.png
3058,110227,3.0,20.02.2025,12,20.02.2025\12\rgb\14.08.15.176.png,20.02.2025\12\depth\14.08.15.176.png
3059,110227,3.0,20.02.2025,12,20.02.2025\12\rgb\14.08.15.271.png,20.02.2025\12\depth\14.08.15.271.png
3060,110227,3.0,20.02.2025,12,20.02.2025\12\rgb\14.08.15.357.png,20.02.2025\12\depth\14.08.15.357.png
3061,430317,3.5,20.02.2025,13,20.02.2025\13\rgb\14.08.32.189.png,20.02.2025\13\depth\14.08.32.189.png
3062,430317,3.5,20.02.2025,13,20.02.2025\13\rgb\14.08.32.286.png,20.02.2025\13\depth\14.08.32.286.png
3063,430317,3.5,20.02.2025,13,20.02.2025\13\rgb\14.08.32.376.png,20.02.2025\13\depth\14.08.32.376.png
3064,430317,3.5,20.02.2025,13,20.02.2025\13\rgb\14.08.32.470.png,20.02.2025\13\depth\14.08.32.470.png
3065,430317,3.5,20.02.2025,13,20.02.2025\13\rgb\14.08.32.562.png,20.02.2025\13\depth\14.08.32.562.png
3066,430317,3.5,20.02.2025,13,20.02.2025\13\rgb\14.08.32.662.png,20.02.2025\13\depth\14.08.32.662.png
3067,430317,3.5,20.02.2025,13,20.02.2025\13\rgb\14.08.32.748.png,20.02.2025\13\depth\14.08.32.748.png
3068,430317,3.5,20.02.2025,13,20.02.2025\13\rgb\14.08.32.839.png,20.02.2025\13\depth\14.08.32.839.png
3069,430317,3.5,20.02.2025,13,20.02.2025\13\rgb\14.08.32.933.png,20.02.2025\13\depth\14.08.32.933.png
3070,430317,3.5,20.02.2025,13,20.02.2025\13\rgb\14.08.33.023.png,20.02.2025\13\depth\14.08.33.023.png
3071,430317,3.5,20.02.2025,13,20.02.2025\13\rgb\14.08.33.122.png,20.02.2025\13\depth\14.08.33.122.png
3072,430317,3.5,20.02.2025,13,20.02.2025\13\rgb\14.08.33.223.png,20.02.2025\13\depth\14.08.33.223.png
3073,430317,3.5,20.02.2025,13,20.02.2025\13\rgb\14.08.33.316.png,20.02.2025\13\depth\14.08.33.316.png
3074,430317,3.5,20.02.2025,13,20.02.2025\13\rgb\14.08.33.409.png,20.02.2025\13\depth\14.08.33.409.png
3075,430317,3.5,20.02.2025,13,20.02.2025\13\rgb\14.08.33.500.png,20.02.2025\13\depth\14.08.33.500.png
3076,430317,3.5,20.02.2025,13,20.02.2025\13\rgb\14.08.33.595.png,20.02.2025\13\depth\14.08.33.595.png
3077,430317,3.5,20.02.2025,13,20.02.2025\13\rgb\14.08.33.683.png,20.02.2025\13\depth\14.08.33.683.png
3078,430317,3.5,20.02.2025,13,20.02.2025\13\rgb\14.08.33.774.png,20.02.2025\13\depth\14.08.33.774.png
3079,430317,3.5,20.02.2025,13,20.02.2025\13\rgb\14.08.33.865.png,20.02.2025\13\depth\14.08.33.865.png
3080,430317,3.5,20.02.2025,13,20.02.2025\13\rgb\14.08.33.955.png,20.02.2025\13\depth\14.08.33.955.png
3081,6688,3.25,20.02.2025,14,20.02.2025\14\rgb\14.08.47.196.png,20.02.2025\14\depth\14.08.47.196.png
3082,6688,3.25,20.02.2025,14,20.02.2025\14\rgb\14.08.47.296.png,20.02.2025\14\depth\14.08.47.296.png
3083,6688,3.25,20.02.2025,14,20.02.2025\14\rgb\14.08.47.389.png,20.02.2025\14\depth\14.08.47.389.png
3084,6688,3.25,20.02.2025,14,20.02.2025\14\rgb\14.08.47.483.png,20.02.2025\14\depth\14.08.47.483.png
3085,6688,3.25,20.02.2025,14,20.02.2025\14\rgb\14.08.47.575.png,20.02.2025\14\depth\14.08.47.575.png
3086,6688,3.25,20.02.2025,14,20.02.2025\14\rgb\14.08.47.667.png,20.02.2025\14\depth\14.08.47.667.png
3087,6688,3.25,20.02.2025,14,20.02.2025\14\rgb\14.08.47.761.png,20.02.2025\14\depth\14.08.47.761.png
3088,6688,3.25,20.02.2025,14,20.02.2025\14\rgb\14.08.47.853.png,20.02.2025\14\depth\14.08.47.853.png
3089,6688,3.25,20.02.2025,14,20.02.2025\14\rgb\14.08.47.955.png,20.02.2025\14\depth\14.08.47.955.png
3090,6688,3.25,20.02.2025,14,20.02.2025\14\rgb\14.08.48.055.png,20.02.2025\14\depth\14.08.48.055.png
3091,6688,3.25,20.02.2025,14,20.02.2025\14\rgb\14.08.48.146.png,20.02.2025\14\depth\14.08.48.146.png
3092,6688,3.25,20.02.2025,14,20.02.2025\14\rgb\14.08.48.239.png,20.02.2025\14\depth\14.08.48.239.png
3093,6688,3.25,20.02.2025,14,20.02.2025\14\rgb\14.08.48.332.png,20.02.2025\14\depth\14.08.48.332.png
3094,6688,3.25,20.02.2025,14,20.02.2025\14\rgb\14.08.48.429.png,20.02.2025\14\depth\14.08.48.429.png
3095,6688,3.25,20.02.2025,14,20.02.2025\14\rgb\14.08.48.517.png,20.02.2025\14\depth\14.08.48.517.png
3096,6688,3.25,20.02.2025,14,20.02.2025\14\rgb\14.08.48.607.png,20.02.2025\14\depth\14.08.48.607.png
3097,6688,3.25,20.02.2025,14,20.02.2025\14\rgb\14.08.48.701.png,20.02.2025\14\depth\14.08.48.701.png
3098,6688,3.25,20.02.2025,14,20.02.2025\14\rgb\14.08.48.795.png,20.02.2025\14\depth\14.08.48.795.png
3099,6688,3.25,20.02.2025,14,20.02.2025\14\rgb\14.08.48.895.png,20.02.2025\14\depth\14.08.48.895.png
3100,6688,3.25,20.02.2025,14,20.02.2025\14\rgb\14.08.48.985.png,20.02.2025\14\depth\14.08.48.985.png
3101,6612,3.5,20.02.2025,15,20.02.2025\15\rgb\14.09.02.671.png,20.02.2025\15\depth\14.09.02.671.png
3102,6612,3.5,20.02.2025,15,20.02.2025\15\rgb\14.09.02.781.png,20.02.2025\15\depth\14.09.02.781.png
3103,6612,3.5,20.02.2025,15,20.02.2025\15\rgb\14.09.02.882.png,20.02.2025\15\depth\14.09.02.882.png
3104,6612,3.5,20.02.2025,15,20.02.2025\15\rgb\14.09.02.973.png,20.02.2025\15\depth\14.09.02.973.png
3105,6612,3.5,20.02.2025,15,20.02.2025\15\rgb\14.09.03.064.png,20.02.2025\15\depth\14.09.03.064.png
3106,6612,3.5,20.02.2025,15,20.02.2025\15\rgb\14.09.03.155.png,20.02.2025\15\depth\14.09.03.155.png
3107,6612,3.5,20.02.2025,15,20.02.2025\15\rgb\14.09.03.247.png,20.02.2025\15\depth\14.09.03.247.png
3108,6612,3.5,20.02.2025,15,20.02.2025\15\rgb\14.09.03.343.png,20.02.2025\15\depth\14.09.03.343.png
3109,6612,3.5,20.02.2025,15,20.02.2025\15\rgb\14.09.03.432.png,20.02.2025\15\depth\14.09.03.432.png
3110,6612,3.5,20.02.2025,15,20.02.2025\15\rgb\14.09.03.525.png,20.02.2025\15\depth\14.09.03.525.png
3111,6612,3.5,20.02.2025,15,20.02.2025\15\rgb\14.09.03.621.png,20.02.2025\15\depth\14.09.03.621.png
3112,6612,3.5,20.02.2025,15,20.02.2025\15\rgb\14.09.03.723.png,20.02.2025\15\depth\14.09.03.723.png
3113,6612,3.5,20.02.2025,15,20.02.2025\15\rgb\14.09.03.820.png,20.02.2025\15\depth\14.09.03.820.png
3114,6612,3.5,20.02.2025,15,20.02.2025\15\rgb\14.09.03.911.png,20.02.2025\15\depth\14.09.03.911.png
3115,6612,3.5,20.02.2025,15,20.02.2025\15\rgb\14.09.04.002.png,20.02.2025\15\depth\14.09.04.002.png
3116,6612,3.5,20.02.2025,15,20.02.2025\15\rgb\14.09.04.095.png,20.02.2025\15\depth\14.09.04.095.png
3117,6612,3.5,20.02.2025,15,20.02.2025\15\rgb\14.09.04.197.png,20.02.2025\15\depth\14.09.04.197.png
3118,6612,3.5,20.02.2025,15,20.02.2025\15\rgb\14.09.04.293.png,20.02.2025\15\depth\14.09.04.293.png
3119,6612,3.5,20.02.2025,15,20.02.2025\15\rgb\14.09.04.388.png,20.02.2025\15\depth\14.09.04.388.png
3120,6612,3.5,20.02.2025,15,20.02.2025\15\rgb\14.09.04.481.png,20.02.2025\15\depth\14.09.04.481.png
3121,7539,3.25,20.02.2025,16,20.02.2025\16\rgb\14.09.21.252.png,20.02.2025\16\depth\14.09.21.252.png
3122,7539,3.25,20.02.2025,16,20.02.2025\16\rgb\14.09.21.339.png,20.02.2025\16\depth\14.09.21.339.png
3123,7539,3.25,20.02.2025,16,20.02.2025\16\rgb\14.09.21.429.png,20.02.2025\16\depth\14.09.21.429.png
3124,7539,3.25,20.02.2025,16,20.02.2025\16\rgb\14.09.21.537.png,20.02.2025\16\depth\14.09.21.537.png
3125,7539,3.25,20.02.2025,16,20.02.2025\16\rgb\14.09.21.630.png,20.02.2025\16\depth\14.09.21.630.png
3126,7539,3.25,20.02.2025,16,20.02.2025\16\rgb\14.09.21.723.png,20.02.2025\16\depth\14.09.21.723.png
3127,7539,3.25,20.02.2025,16,20.02.2025\16\rgb\14.09.21.816.png,20.02.2025\16\depth\14.09.21.816.png
3128,7539,3.25,20.02.2025,16,20.02.2025\16\rgb\14.09.21.911.png,20.02.2025\16\depth\14.09.21.911.png
3129,7539,3.25,20.02.2025,16,20.02.2025\16\rgb\14.09.22.015.png,20.02.2025\16\depth\14.09.22.015.png
3130,7539,3.25,20.02.2025,16,20.02.2025\16\rgb\14.09.22.109.png,20.02.2025\16\depth\14.09.22.109.png
3131,7539,3.25,20.02.2025,16,20.02.2025\16\rgb\14.09.22.201.png,20.02.2025\16\depth\14.09.22.201.png
3132,7539,3.25,20.02.2025,16,20.02.2025\16\rgb\14.09.22.293.png,20.02.2025\16\depth\14.09.22.293.png
3133,7539,3.25,20.02.2025,16,20.02.2025\16\rgb\14.09.22.388.png,20.02.2025\16\depth\14.09.22.388.png
3134,7539,3.25,20.02.2025,16,20.02.2025\16\rgb\14.09.22.480.png,20.02.2025\16\depth\14.09.22.480.png
3135,7539,3.25,20.02.2025,16,20.02.2025\16\rgb\14.09.22.574.png,20.02.2025\16\depth\14.09.22.574.png
3136,7539,3.25,20.02.2025,16,20.02.2025\16\rgb\14.09.22.662.png,20.02.2025\16\depth\14.09.22.662.png
3137,7539,3.25,20.02.2025,16,20.02.2025\16\rgb\14.09.22.757.png,20.02.2025\16\depth\14.09.22.757.png
3138,7539,3.25,20.02.2025,16,20.02.2025\16\rgb\14.09.22.850.png,20.02.2025\16\depth\14.09.22.850.png
3139,7539,3.25,20.02.2025,16,20.02.2025\16\rgb\14.09.22.960.png,20.02.2025\16\depth\14.09.22.960.png
3140,7539,3.25,20.02.2025,16,20.02.2025\16\rgb\14.09.23.051.png,20.02.2025\16\depth\14.09.23.051.png
3141,7442,3.0,20.02.2025,17,20.02.2025\17\rgb\14.09.38.638.png,20.02.2025\17\depth\14.09.38.638.png
3142,7442,3.0,20.02.2025,17,20.02.2025\17\rgb\14.09.38.740.png,20.02.2025\17\depth\14.09.38.740.png
3143,7442,3.0,20.02.2025,17,20.02.2025\17\rgb\14.09.38.833.png,20.02.2025\17\depth\14.09.38.833.png
3144,7442,3.0,20.02.2025,17,20.02.2025\17\rgb\14.09.38.922.png,20.02.2025\17\depth\14.09.38.922.png
3145,7442,3.0,20.02.2025,17,20.02.2025\17\rgb\14.09.39.023.png,20.02.2025\17\depth\14.09.39.023.png
3146,7442,3.0,20.02.2025,17,20.02.2025\17\rgb\14.09.39.110.png,20.02.2025\17\depth\14.09.39.110.png
3147,7442,3.0,20.02.2025,17,20.02.2025\17\rgb\14.09.39.201.png,20.02.2025\17\depth\14.09.39.201.png
3148,7442,3.0,20.02.2025,17,20.02.2025\17\rgb\14.09.39.292.png,20.02.2025\17\depth\14.09.39.292.png
3149,7442,3.0,20.02.2025,17,20.02.2025\17\rgb\14.09.39.387.png,20.02.2025\17\depth\14.09.39.387.png
3150,7442,3.0,20.02.2025,17,20.02.2025\17\rgb\14.09.39.478.png,20.02.2025\17\depth\14.09.39.478.png
3151,7442,3.0,20.02.2025,17,20.02.2025\17\rgb\14.09.39.572.png,20.02.2025\17\depth\14.09.39.572.png
3152,7442,3.0,20.02.2025,17,20.02.2025\17\rgb\14.09.39.662.png,20.02.2025\17\depth\14.09.39.662.png
3153,7442,3.0,20.02.2025,17,20.02.2025\17\rgb\14.09.39.755.png,20.02.2025\17\depth\14.09.39.755.png
3154,7442,3.0,20.02.2025,17,20.02.2025\17\rgb\14.09.39.847.png,20.02.2025\17\depth\14.09.39.847.png
3155,7442,3.0,20.02.2025,17,20.02.2025\17\rgb\14.09.39.947.png,20.02.2025\17\depth\14.09.39.947.png
3156,7442,3.0,20.02.2025,17,20.02.2025\17\rgb\14.09.40.047.png,20.02.2025\17\depth\14.09.40.047.png
3157,7442,3.0,20.02.2025,17,20.02.2025\17\rgb\14.09.40.141.png,20.02.2025\17\depth\14.09.40.141.png
3158,7442,3.0,20.02.2025,17,20.02.2025\17\rgb\14.09.40.230.png,20.02.2025\17\depth\14.09.40.230.png
3159,7442,3.0,20.02.2025,17,20.02.2025\17\rgb\14.09.40.321.png,20.02.2025\17\depth\14.09.40.321.png
3160,7442,3.0,20.02.2025,17,20.02.2025\17\rgb\14.09.40.420.png,20.02.2025\17\depth\14.09.40.420.png
3161,930327,3.25,20.02.2025,18,20.02.2025\18\rgb\14.09.55.545.png,20.02.2025\18\depth\14.09.55.545.png
3162,930327,3.25,20.02.2025,18,20.02.2025\18\rgb\14.09.55.643.png,20.02.2025\18\depth\14.09.55.643.png
3163,930327,3.25,20.02.2025,18,20.02.2025\18\rgb\14.09.55.733.png,20.02.2025\18\depth\14.09.55.733.png
3164,930327,3.25,20.02.2025,18,20.02.2025\18\rgb\14.09.55.832.png,20.02.2025\18\depth\14.09.55.832.png
3165,930327,3.25,20.02.2025,18,20.02.2025\18\rgb\14.09.55.918.png,20.02.2025\18\depth\14.09.55.918.png
3166,930327,3.25,20.02.2025,18,20.02.2025\18\rgb\14.09.56.014.png,20.02.2025\18\depth\14.09.56.014.png
3167,930327,3.25,20.02.2025,18,20.02.2025\18\rgb\14.09.56.106.png,20.02.2025\18\depth\14.09.56.106.png
3168,930327,3.25,20.02.2025,18,20.02.2025\18\rgb\14.09.56.196.png,20.02.2025\18\depth\14.09.56.196.png
3169,930327,3.25,20.02.2025,18,20.02.2025\18\rgb\14.09.56.296.png,20.02.2025\18\depth\14.09.56.296.png
3170,930327,3.25,20.02.2025,18,20.02.2025\18\rgb\14.09.56.386.png,20.02.2025\18\depth\14.09.56.386.png
3171,930327,3.25,20.02.2025,18,20.02.2025\18\rgb\14.09.56.479.png,20.02.2025\18\depth\14.09.56.479.png
3172,930327,3.25,20.02.2025,18,20.02.2025\18\rgb\14.09.56.585.png,20.02.2025\18\depth\14.09.56.585.png
3173,930327,3.25,20.02.2025,18,20.02.2025\18\rgb\14.09.56.679.png,20.02.2025\18\depth\14.09.56.679.png
3174,930327,3.25,20.02.2025,18,20.02.2025\18\rgb\14.09.56.777.png,20.02.2025\18\depth\14.09.56.777.png
3175,930327,3.25,20.02.2025,18,20.02.2025\18\rgb\14.09.56.878.png,20.02.2025\18\depth\14.09.56.878.png
3176,930327,3.25,20.02.2025,18,20.02.2025\18\rgb\14.09.56.971.png,20.02.2025\18\depth\14.09.56.971.png
3177,930327,3.25,20.02.2025,18,20.02.2025\18\rgb\14.09.57.064.png,20.02.2025\18\depth\14.09.57.064.png
3178,930327,3.25,20.02.2025,18,20.02.2025\18\rgb\14.09.57.155.png,20.02.2025\18\depth\14.09.57.155.png
3179,930327,3.25,20.02.2025,18,20.02.2025\18\rgb\14.09.57.257.png,20.02.2025\18\depth\14.09.57.257.png
3180,930327,3.25,20.02.2025,18,20.02.2025\18\rgb\14.09.57.354.png,20.02.2025\18\depth\14.09.57.354.png
3181,410122,3.25,20.02.2025,19,20.02.2025\19\rgb\14.10.10.098.png,20.02.2025\19\depth\14.10.10.098.png
3182,410122,3.25,20.02.2025,19,20.02.2025\19\rgb\14.10.10.196.png,20.02.2025\19\depth\14.10.10.196.png
3183,410122,3.25,20.02.2025,19,20.02.2025\19\rgb\14.10.10.290.png,20.02.2025\19\depth\14.10.10.290.png
3184,410122,3.25,20.02.2025,19,20.02.2025\19\rgb\14.10.10.383.png,20.02.2025\19\depth\14.10.10.383.png
3185,410122,3.25,20.02.2025,19,20.02.2025\19\rgb\14.10.10.475.png,20.02.2025\19\depth\14.10.10.475.png
3186,410122,3.25,20.02.2025,19,20.02.2025\19\rgb\14.10.10.564.png,20.02.2025\19\depth\14.10.10.564.png
3187,410122,3.25,20.02.2025,19,20.02.2025\19\rgb\14.10.10.655.png,20.02.2025\19\depth\14.10.10.655.png
3188,410122,3.25,20.02.2025,19,20.02.2025\19\rgb\14.10.10.748.png,20.02.2025\19\depth\14.10.10.748.png
3189,410122,3.25,20.02.2025,19,20.02.2025\19\rgb\14.10.10.840.png,20.02.2025\19\depth\14.10.10.840.png
3190,410122,3.25,20.02.2025,19,20.02.2025\19\rgb\14.10.10.934.png,20.02.2025\19\depth\14.10.10.934.png
3191,410122,3.25,20.02.2025,19,20.02.2025\19\rgb\14.10.11.027.png,20.02.2025\19\depth\14.10.11.027.png
3192,410122,3.25,20.02.2025,19,20.02.2025\19\rgb\14.10.11.119.png,20.02.2025\19\depth\14.10.11.119.png
3193,410122,3.25,20.02.2025,19,20.02.2025\19\rgb\14.10.11.210.png,20.02.2025\19\depth\14.10.11.210.png
3194,410122,3.25,20.02.2025,19,20.02.2025\19\rgb\14.10.11.301.png,20.02.2025\19\depth\14.10.11.301.png
3195,410122,3.25,20.02.2025,19,20.02.2025\19\rgb\14.10.11.406.png,20.02.2025\19\depth\14.10.11.406.png
3196,410122,3.25,20.02.2025,19,20.02.2025\19\rgb\14.10.11.503.png,20.02.2025\19\depth\14.10.11.503.png
3197,410122,3.25,20.02.2025,19,20.02.2025\19\rgb\14.10.11.594.png,20.02.2025\19\depth\14.10.11.594.png
3198,410122,3.25,20.02.2025,19,20.02.2025\19\rgb\14.10.11.690.png,20.02.2025\19\depth\14.10.11.690.png
3199,410122,3.25,20.02.2025,19,20.02.2025\19\rgb\14.10.11.782.png,20.02.2025\19\depth\14.10.11.782.png
3200,410122,3.25,20.02.2025,19,20.02.2025\19\rgb\14.10.11.891.png,20.02.2025\19\depth\14.10.11.891.png
3201,130413,3.25,20.02.2025,20,20.02.2025\20\rgb\14.10.44.721.png,20.02.2025\20\depth\14.10.44.721.png
3202,130413,3.25,20.02.2025,20,20.02.2025\20\rgb\14.10.44.823.png,20.02.2025\20\depth\14.10.44.823.png
3203,130413,3.25,20.02.2025,20,20.02.2025\20\rgb\14.10.44.919.png,20.02.2025\20\depth\14.10.44.919.png
3204,130413,3.25,20.02.2025,20,20.02.2025\20\rgb\14.10.45.022.png,20.02.2025\20\depth\14.10.45.022.png
3205,130413,3.25,20.02.2025,20,20.02.2025\20\rgb\14.10.45.114.png,20.02.2025\20\depth\14.10.45.114.png
3206,130413,3.25,20.02.2025,20,20.02.2025\20\rgb\14.10.45.204.png,20.02.2025\20\depth\14.10.45.204.png
3207,130413,3.25,20.02.2025,20,20.02.2025\20\rgb\14.10.45.297.png,20.02.2025\20\depth\14.10.45.297.png
3208,130413,3.25,20.02.2025,20,20.02.2025\20\rgb\14.10.45.397.png,20.02.2025\20\depth\14.10.45.397.png
3209,130413,3.25,20.02.2025,20,20.02.2025\20\rgb\14.10.45.481.png,20.02.2025\20\depth\14.10.45.481.png
3210,130413,3.25,20.02.2025,20,20.02.2025\20\rgb\14.10.45.567.png,20.02.2025\20\depth\14.10.45.567.png
3211,130413,3.25,20.02.2025,20,20.02.2025\20\rgb\14.10.45.665.png,20.02.2025\20\depth\14.10.45.665.png
3212,130413,3.25,20.02.2025,20,20.02.2025\20\rgb\14.10.45.757.png,20.02.2025\20\depth\14.10.45.757.png
3213,130413,3.25,20.02.2025,20,20.02.2025\20\rgb\14.10.45.850.png,20.02.2025\20\depth\14.10.45.850.png
3214,130413,3.25,20.02.2025,20,20.02.2025\20\rgb\14.10.45.942.png,20.02.2025\20\depth\14.10.45.942.png
3215,130413,3.25,20.02.2025,20,20.02.2025\20\rgb\14.10.46.035.png,20.02.2025\20\depth\14.10.46.035.png
3216,130413,3.25,20.02.2025,20,20.02.2025\20\rgb\14.10.46.127.png,20.02.2025\20\depth\14.10.46.127.png
3217,130413,3.25,20.02.2025,20,20.02.2025\20\rgb\14.10.46.229.png,20.02.2025\20\depth\14.10.46.229.png
3218,130413,3.25,20.02.2025,20,20.02.2025\20\rgb\14.10.46.328.png,20.02.2025\20\depth\14.10.46.328.png
3219,130413,3.25,20.02.2025,20,20.02.2025\20\rgb\14.10.46.422.png,20.02.2025\20\depth\14.10.46.422.png
3220,130413,3.25,20.02.2025,20,20.02.2025\20\rgb\14.10.46.514.png,20.02.2025\20\depth\14.10.46.514.png
3221,5160,3.25,20.02.2025,21,20.02.2025\21\rgb\14.11.02.880.png,20.02.2025\21\depth\14.11.02.880.png
3222,5160,3.25,20.02.2025,21,20.02.2025\21\rgb\14.11.02.970.png,20.02.2025\21\depth\14.11.02.970.png
3223,5160,3.25,20.02.2025,21,20.02.2025\21\rgb\14.11.03.064.png,20.02.2025\21\depth\14.11.03.064.png
3224,5160,3.25,20.02.2025,21,20.02.2025\21\rgb\14.11.03.153.png,20.02.2025\21\depth\14.11.03.153.png
3225,5160,3.25,20.02.2025,21,20.02.2025\21\rgb\14.11.03.249.png,20.02.2025\21\depth\14.11.03.249.png
3226,5160,3.25,20.02.2025,21,20.02.2025\21\rgb\14.11.03.348.png,20.02.2025\21\depth\14.11.03.348.png
3227,5160,3.25,20.02.2025,21,20.02.2025\21\rgb\14.11.03.447.png,20.02.2025\21\depth\14.11.03.447.png
3228,5160,3.25,20.02.2025,21,20.02.2025\21\rgb\14.11.03.535.png,20.02.2025\21\depth\14.11.03.535.png
3229,5160,3.25,20.02.2025,21,20.02.2025\21\rgb\14.11.03.629.png,20.02.2025\21\depth\14.11.03.629.png
3230,5160,3.25,20.02.2025,21,20.02.2025\21\rgb\14.11.03.723.png,20.02.2025\21\depth\14.11.03.723.png
3231,5160,3.25,20.02.2025,21,20.02.2025\21\rgb\14.11.03.823.png,20.02.2025\21\depth\14.11.03.823.png
3232,5160,3.25,20.02.2025,21,20.02.2025\21\rgb\14.11.03.921.png,20.02.2025\21\depth\14.11.03.921.png
3233,5160,3.25,20.02.2025,21,20.02.2025\21\rgb\14.11.04.016.png,20.02.2025\21\depth\14.11.04.016.png
3234,5160,3.25,20.02.2025,21,20.02.2025\21\rgb\14.11.04.107.png,20.02.2025\21\depth\14.11.04.107.png
3235,5160,3.25,20.02.2025,21,20.02.2025\21\rgb\14.11.04.197.png,20.02.2025\21\depth\14.11.04.197.png
3236,5160,3.25,20.02.2025,21,20.02.2025\21\rgb\14.11.04.296.png,20.02.2025\21\depth\14.11.04.296.png
3237,5160,3.25,20.02.2025,21,20.02.2025\21\rgb\14.11.04.383.png,20.02.2025\21\depth\14.11.04.383.png
3238,5160,3.25,20.02.2025,21,20.02.2025\21\rgb\14.11.04.462.png,20.02.2025\21\depth\14.11.04.462.png
3239,5160,3.25,20.02.2025,21,20.02.2025\21\rgb\14.11.04.552.png,20.02.2025\21\depth\14.11.04.552.png
3240,5160,3.25,20.02.2025,21,20.02.2025\21\rgb\14.11.04.644.png,20.02.2025\21\depth\14.11.04.644.png
3241,410407,3.25,20.02.2025,22,20.02.2025\22\rgb\14.11.19.550.png,20.02.2025\22\depth\14.11.19.550.png
3242,410407,3.25,20.02.2025,22,20.02.2025\22\rgb\14.11.19.644.png,20.02.2025\22\depth\14.11.19.644.png
3243,410407,3.25,20.02.2025,22,20.02.2025\22\rgb\14.11.19.735.png,20.02.2025\22\depth\14.11.19.735.png
3244,410407,3.25,20.02.2025,22,20.02.2025\22\rgb\14.11.19.829.png,20.02.2025\22\depth\14.11.19.829.png
3245,410407,3.25,20.02.2025,22,20.02.2025\22\rgb\14.11.19.921.png,20.02.2025\22\depth\14.11.19.921.png
3246,410407,3.25,20.02.2025,22,20.02.2025\22\rgb\14.11.20.024.png,20.02.2025\22\depth\14.11.20.024.png
3247,410407,3.25,20.02.2025,22,20.02.2025\22\rgb\14.11.20.120.png,20.02.2025\22\depth\14.11.20.120.png
3248,410407,3.25,20.02.2025,22,20.02.2025\22\rgb\14.11.20.213.png,20.02.2025\22\depth\14.11.20.213.png
3249,410407,3.25,20.02.2025,22,20.02.2025\22\rgb\14.11.20.306.png,20.02.2025\22\depth\14.11.20.306.png
3250,410407,3.25,20.02.2025,22,20.02.2025\22\rgb\14.11.20.413.png,20.02.2025\22\depth\14.11.20.413.png
3251,410407,3.25,20.02.2025,22,20.02.2025\22\rgb\14.11.20.507.png,20.02.2025\22\depth\14.11.20.507.png
3252,410407,3.25,20.02.2025,22,20.02.2025\22\rgb\14.11.20.599.png,20.02.2025\22\depth\14.11.20.599.png
3253,410407,3.25,20.02.2025,22,20.02.2025\22\rgb\14.11.20.693.png,20.02.2025\22\depth\14.11.20.693.png
3254,410407,3.25,20.02.2025,22,20.02.2025\22\rgb\14.11.20.786.png,20.02.2025\22\depth\14.11.20.786.png
3255,410407,3.25,20.02.2025,22,20.02.2025\22\rgb\14.11.20.891.png,20.02.2025\22\depth\14.11.20.891.png
3256,410407,3.25,20.02.2025,22,20.02.2025\22\rgb\14.11.20.990.png,20.02.2025\22\depth\14.11.20.990.png
3257,410407,3.25,20.02.2025,22,20.02.2025\22\rgb\14.11.21.078.png,20.02.2025\22\depth\14.11.21.078.png
3258,410407,3.25,20.02.2025,22,20.02.2025\22\rgb\14.11.21.170.png,20.02.2025\22\depth\14.11.21.170.png
3259,410407,3.25,20.02.2025,22,20.02.2025\22\rgb\14.11.21.263.png,20.02.2025\22\depth\14.11.21.263.png
3260,410407,3.25,20.02.2025,22,20.02.2025\22\rgb\14.11.21.368.png,20.02.2025\22\depth\14.11.21.368.png
3261,5024,3.25,20.02.2025,23,20.02.2025\23\rgb\14.11.33.931.png,20.02.2025\23\depth\14.11.33.931.png
3262,5024,3.25,20.02.2025,23,20.02.2025\23\rgb\14.11.34.020.png,20.02.2025\23\depth\14.11.34.020.png
3263,5024,3.25,20.02.2025,23,20.02.2025\23\rgb\14.11.34.111.png,20.02.2025\23\depth\14.11.34.111.png
3264,5024,3.25,20.02.2025,23,20.02.2025\23\rgb\14.11.34.203.png,20.02.2025\23\depth\14.11.34.203.png
3265,5024,3.25,20.02.2025,23,20.02.2025\23\rgb\14.11.34.310.png,20.02.2025\23\depth\14.11.34.310.png
3266,5024,3.25,20.02.2025,23,20.02.2025\23\rgb\14.11.34.405.png,20.02.2025\23\depth\14.11.34.405.png
3267,5024,3.25,20.02.2025,23,20.02.2025\23\rgb\14.11.34.499.png,20.02.2025\23\depth\14.11.34.499.png
3268,5024,3.25,20.02.2025,23,20.02.2025\23\rgb\14.11.34.590.png,20.02.2025\23\depth\14.11.34.590.png
3269,5024,3.25,20.02.2025,23,20.02.2025\23\rgb\14.11.34.682.png,20.02.2025\23\depth\14.11.34.682.png
3270,5024,3.25,20.02.2025,23,20.02.2025\23\rgb\14.11.34.776.png,20.02.2025\23\depth\14.11.34.776.png
3271,5024,3.25,20.02.2025,23,20.02.2025\23\rgb\14.11.34.864.png,20.02.2025\23\depth\14.11.34.864.png
3272,5024,3.25,20.02.2025,23,20.02.2025\23\rgb\14.11.34.958.png,20.02.2025\23\depth\14.11.34.958.png
3273,5024,3.25,20.02.2025,23,20.02.2025\23\rgb\14.11.35.051.png,20.02.2025\23\depth\14.11.35.051.png
3274,5024,3.25,20.02.2025,23,20.02.2025\23\rgb\14.11.35.142.png,20.02.2025\23\depth\14.11.35.142.png
3275,5024,3.25,20.02.2025,23,20.02.2025\23\rgb\14.11.35.236.png,20.02.2025\23\depth\14.11.35.236.png
3276,5024,3.25,20.02.2025,23,20.02.2025\23\rgb\14.11.35.329.png,20.02.2025\23\depth\14.11.35.329.png
3277,5024,3.25,20.02.2025,23,20.02.2025\23\rgb\14.11.35.423.png,20.02.2025\23\depth\14.11.35.423.png
3278,5024,3.25,20.02.2025,23,20.02.2025\23\rgb\14.11.35.513.png,20.02.2025\23\depth\14.11.35.513.png
3279,5024,3.25,20.02.2025,23,20.02.2025\23\rgb\14.11.35.605.png,20.02.2025\23\depth\14.11.35.605.png
3280,5024,3.25,20.02.2025,23,20.02.2025\23\rgb\14.11.35.698.png,20.02.2025\23\depth\14.11.35.698.png
3281,610329,3.25,20.02.2025,24,20.02.2025\24\rgb\14.11.50.737.png,20.02.2025\24\depth\14.11.50.737.png
3282,610329,3.25,20.02.2025,24,20.02.2025\24\rgb\14.11.50.826.png,20.02.2025\24\depth\14.11.50.826.png
3283,610329,3.25,20.02.2025,24,20.02.2025\24\rgb\14.11.50.920.png,20.02.2025\24\depth\14.11.50.920.png
3284,610329,3.25,20.02.2025,24,20.02.2025\24\rgb\14.11.51.009.png,20.02.2025\24\depth\14.11.51.009.png
3285,610329,3.25,20.02.2025,24,20.02.2025\24\rgb\14.11.51.105.png,20.02.2025\24\depth\14.11.51.105.png
3286,610329,3.25,20.02.2025,24,20.02.2025\24\rgb\14.11.51.207.png,20.02.2025\24\depth\14.11.51.207.png
3287,610329,3.25,20.02.2025,24,20.02.2025\24\rgb\14.11.51.305.png,20.02.2025\24\depth\14.11.51.305.png
3288,610329,3.25,20.02.2025,24,20.02.2025\24\rgb\14.11.51.400.png,20.02.2025\24\depth\14.11.51.400.png
3289,610329,3.25,20.02.2025,24,20.02.2025\24\rgb\14.11.51.492.png,20.02.2025\24\depth\14.11.51.492.png
3290,610329,3.25,20.02.2025,24,20.02.2025\24\rgb\14.11.51.584.png,20.02.2025\24\depth\14.11.51.584.png
3291,610329,3.25,20.02.2025,24,20.02.2025\24\rgb\14.11.51.675.png,20.02.2025\24\depth\14.11.51.675.png
3292,610329,3.25,20.02.2025,24,20.02.2025\24\rgb\14.11.51.768.png,20.02.2025\24\depth\14.11.51.768.png
3293,610329,3.25,20.02.2025,24,20.02.2025\24\rgb\14.11.51.860.png,20.02.2025\24\depth\14.11.51.860.png
3294,610329,3.25,20.02.2025,24,20.02.2025\24\rgb\14.11.51.955.png,20.02.2025\24\depth\14.11.51.955.png
3295,610329,3.25,20.02.2025,24,20.02.2025\24\rgb\14.11.52.046.png,20.02.2025\24\depth\14.11.52.046.png
3296,610329,3.25,20.02.2025,24,20.02.2025\24\rgb\14.11.52.149.png,20.02.2025\24\depth\14.11.52.149.png
3297,610329,3.25,20.02.2025,24,20.02.2025\24\rgb\14.11.52.245.png,20.02.2025\24\depth\14.11.52.245.png
3298,610329,3.25,20.02.2025,24,20.02.2025\24\rgb\14.11.52.335.png,20.02.2025\24\depth\14.11.52.335.png
3299,610329,3.25,20.02.2025,24,20.02.2025\24\rgb\14.11.52.426.png,20.02.2025\24\depth\14.11.52.426.png
3300,610329,3.25,20.02.2025,24,20.02.2025\24\rgb\14.11.52.520.png,20.02.2025\24\depth\14.11.52.520.png
3301,5017,3.25,20.02.2025,25,20.02.2025\25\rgb\14.12.10.316.png,20.02.2025\25\depth\14.12.10.316.png
3302,5017,3.25,20.02.2025,25,20.02.2025\25\rgb\14.12.10.416.png,20.02.2025\25\depth\14.12.10.416.png
3303,5017,3.25,20.02.2025,25,20.02.2025\25\rgb\14.12.10.520.png,20.02.2025\25\depth\14.12.10.520.png
3304,5017,3.25,20.02.2025,25,20.02.2025\25\rgb\14.12.10.615.png,20.02.2025\25\depth\14.12.10.615.png
3305,5017,3.25,20.02.2025,25,20.02.2025\25\rgb\14.12.10.698.png,20.02.2025\25\depth\14.12.10.698.png
3306,5017,3.25,20.02.2025,25,20.02.2025\25\rgb\14.12.10.797.png,20.02.2025\25\depth\14.12.10.797.png
3307,5017,3.25,20.02.2025,25,20.02.2025\25\rgb\14.12.10.891.png,20.02.2025\25\depth\14.12.10.891.png
3308,5017,3.25,20.02.2025,25,20.02.2025\25\rgb\14.12.10.992.png,20.02.2025\25\depth\14.12.10.992.png
3309,5017,3.25,20.02.2025,25,20.02.2025\25\rgb\14.12.11.090.png,20.02.2025\25\depth\14.12.11.090.png
3310,5017,3.25,20.02.2025,25,20.02.2025\25\rgb\14.12.11.184.png,20.02.2025\25\depth\14.12.11.184.png
3311,5017,3.25,20.02.2025,25,20.02.2025\25\rgb\14.12.11.278.png,20.02.2025\25\depth\14.12.11.278.png
3312,5017,3.25,20.02.2025,25,20.02.2025\25\rgb\14.12.11.367.png,20.02.2025\25\depth\14.12.11.367.png
3313,5017,3.25,20.02.2025,25,20.02.2025\25\rgb\14.12.11.467.png,20.02.2025\25\depth\14.12.11.467.png
3314,5017,3.25,20.02.2025,25,20.02.2025\25\rgb\14.12.11.556.png,20.02.2025\25\depth\14.12.11.556.png
3315,5017,3.25,20.02.2025,25,20.02.2025\25\rgb\14.12.11.648.png,20.02.2025\25\depth\14.12.11.648.png
3316,5017,3.25,20.02.2025,25,20.02.2025\25\rgb\14.12.11.739.png,20.02.2025\25\depth\14.12.11.739.png
3317,5017,3.25,20.02.2025,25,20.02.2025\25\rgb\14.12.11.829.png,20.02.2025\25\depth\14.12.11.829.png
3318,5017,3.25,20.02.2025,25,20.02.2025\25\rgb\14.12.11.923.png,20.02.2025\25\depth\14.12.11.923.png
3319,5017,3.25,20.02.2025,25,20.02.2025\25\rgb\14.12.12.016.png,20.02.2025\25\depth\14.12.12.016.png
3320,5017,3.25,20.02.2025,25,20.02.2025\25\rgb\14.12.12.110.png,20.02.2025\25\depth\14.12.12.110.png
3321,7380,3.25,20.02.2025,26,20.02.2025\26\rgb\14.12.25.573.png,20.02.2025\26\depth\14.12.25.573.png
3322,7380,3.25,20.02.2025,26,20.02.2025\26\rgb\14.12.25.672.png,20.02.2025\26\depth\14.12.25.672.png
3323,7380,3.25,20.02.2025,26,20.02.2025\26\rgb\14.12.25.759.png,20.02.2025\26\depth\14.12.25.759.png
3324,7380,3.25,20.02.2025,26,20.02.2025\26\rgb\14.12.25.856.png,20.02.2025\26\depth\14.12.25.856.png
3325,7380,3.25,20.02.2025,26,20.02.2025\26\rgb\14.12.25.950.png,20.02.2025\26\depth\14.12.25.950.png
3326,7380,3.25,20.02.2025,26,20.02.2025\26\rgb\14.12.26.042.png,20.02.2025\26\depth\14.12.26.042.png
3327,7380,3.25,20.02.2025,26,20.02.2025\26\rgb\14.12.26.134.png,20.02.2025\26\depth\14.12.26.134.png
3328,7380,3.25,20.02.2025,26,20.02.2025\26\rgb\14.12.26.232.png,20.02.2025\26\depth\14.12.26.232.png
3329,7380,3.25,20.02.2025,26,20.02.2025\26\rgb\14.12.26.319.png,20.02.2025\26\depth\14.12.26.319.png
3330,7380,3.25,20.02.2025,26,20.02.2025\26\rgb\14.12.26.414.png,20.02.2025\26\depth\14.12.26.414.png
3331,7380,3.25,20.02.2025,26,20.02.2025\26\rgb\14.12.26.504.png,20.02.2025\26\depth\14.12.26.504.png
3332,7380,3.25,20.02.2025,26,20.02.2025\26\rgb\14.12.26.595.png,20.02.2025\26\depth\14.12.26.595.png
3333,7380,3.25,20.02.2025,26,20.02.2025\26\rgb\14.12.26.690.png,20.02.2025\26\depth\14.12.26.690.png
3334,7380,3.25,20.02.2025,26,20.02.2025\26\rgb\14.12.26.784.png,20.02.2025\26\depth\14.12.26.784.png
3335,7380,3.25,20.02.2025,26,20.02.2025\26\rgb\14.12.26.878.png,20.02.2025\26\depth\14.12.26.878.png
3336,7380,3.25,20.02.2025,26,20.02.2025\26\rgb\14.12.26.966.png,20.02.2025\26\depth\14.12.26.966.png
3337,7380,3.25,20.02.2025,26,20.02.2025\26\rgb\14.12.27.059.png,20.02.2025\26\depth\14.12.27.059.png
3338,7380,3.25,20.02.2025,26,20.02.2025\26\rgb\14.12.27.156.png,20.02.2025\26\depth\14.12.27.156.png
3339,7380,3.25,20.02.2025,26,20.02.2025\26\rgb\14.12.27.249.png,20.02.2025\26\depth\14.12.27.249.png
3340,7380,3.25,20.02.2025,26,20.02.2025\26\rgb\14.12.27.339.png,20.02.2025\26\depth\14.12.27.339.png
3341,6760,3.25,20.02.2025,27,20.02.2025\27\rgb\14.12.42.388.png,20.02.2025\27\depth\14.12.42.388.png
3342,6760,3.25,20.02.2025,27,20.02.2025\27\rgb\14.12.42.476.png,20.02.2025\27\depth\14.12.42.476.png
3343,6760,3.25,20.02.2025,27,20.02.2025\27\rgb\14.12.42.566.png,20.02.2025\27\depth\14.12.42.566.png
3344,6760,3.25,20.02.2025,27,20.02.2025\27\rgb\14.12.42.658.png,20.02.2025\27\depth\14.12.42.658.png
3345,6760,3.25,20.02.2025,27,20.02.2025\27\rgb\14.12.42.755.png,20.02.2025\27\depth\14.12.42.755.png
3346,6760,3.25,20.02.2025,27,20.02.2025\27\rgb\14.12.42.855.png,20.02.2025\27\depth\14.12.42.855.png
3347,6760,3.25,20.02.2025,27,20.02.2025\27\rgb\14.12.42.955.png,20.02.2025\27\depth\14.12.42.955.png
3348,6760,3.25,20.02.2025,27,20.02.2025\27\rgb\14.12.43.046.png,20.02.2025\27\depth\14.12.43.046.png
3349,6760,3.25,20.02.2025,27,20.02.2025\27\rgb\14.12.43.138.png,20.02.2025\27\depth\14.12.43.138.png
3350,6760,3.25,20.02.2025,27,20.02.2025\27\rgb\14.12.43.231.png,20.02.2025\27\depth\14.12.43.231.png
3351,6760,3.25,20.02.2025,27,20.02.2025\27\rgb\14.12.43.331.png,20.02.2025\27\depth\14.12.43.331.png
3352,6760,3.25,20.02.2025,27,20.02.2025\27\rgb\14.12.43.430.png,20.02.2025\27\depth\14.12.43.430.png
3353,6760,3.25,20.02.2025,27,20.02.2025\27\rgb\14.12.43.523.png,20.02.2025\27\depth\14.12.43.523.png
3354,6760,3.25,20.02.2025,27,20.02.2025\27\rgb\14.12.43.615.png,20.02.2025\27\depth\14.12.43.615.png
3355,6760,3.25,20.02.2025,27,20.02.2025\27\rgb\14.12.43.708.png,20.02.2025\27\depth\14.12.43.708.png
3356,6760,3.25,20.02.2025,27,20.02.2025\27\rgb\14.12.43.803.png,20.02.2025\27\depth\14.12.43.803.png
3357,6760,3.25,20.02.2025,27,20.02.2025\27\rgb\14.12.43.890.png,20.02.2025\27\depth\14.12.43.890.png
3358,6760,3.25,20.02.2025,27,20.02.2025\27\rgb\14.12.43.985.png,20.02.2025\27\depth\14.12.43.985.png
3359,6760,3.25,20.02.2025,27,20.02.2025\27\rgb\14.12.44.078.png,20.02.2025\27\depth\14.12.44.078.png
3360,6760,3.25,20.02.2025,27,20.02.2025\27\rgb\14.12.44.172.png,20.02.2025\27\depth\14.12.44.172.png
3361,6760,3.75,20.02.2025,28,20.02.2025\28\rgb\14.12.59.762.png,20.02.2025\28\depth\14.12.59.762.png
3362,6760,3.75,20.02.2025,28,20.02.2025\28\rgb\14.12.59.862.png,20.02.2025\28\depth\14.12.59.862.png
3363,6760,3.75,20.02.2025,28,20.02.2025\28\rgb\14.12.59.953.png,20.02.2025\28\depth\14.12.59.953.png
3364,6760,3.75,20.02.2025,28,20.02.2025\28\rgb\14.13.00.051.png,20.02.2025\28\depth\14.13.00.051.png
3365,6760,3.75,20.02.2025,28,20.02.2025\28\rgb\14.13.00.138.png,20.02.2025\28\depth\14.13.00.138.png
3366,6760,3.75,20.02.2025,28,20.02.2025\28\rgb\14.13.00.235.png,20.02.2025\28\depth\14.13.00.235.png
3367,6760,3.75,20.02.2025,28,20.02.2025\28\rgb\14.13.00.323.png,20.02.2025\28\depth\14.13.00.323.png
3368,6760,3.75,20.02.2025,28,20.02.2025\28\rgb\14.13.00.418.png,20.02.2025\28\depth\14.13.00.418.png
3369,6760,3.75,20.02.2025,28,20.02.2025\28\rgb\14.13.00.510.png,20.02.2025\28\depth\14.13.00.510.png
3370,6760,3.75,20.02.2025,28,20.02.2025\28\rgb\14.13.00.602.png,20.02.2025\28\depth\14.13.00.602.png
3371,6760,3.75,20.02.2025,28,20.02.2025\28\rgb\14.13.00.698.png,20.02.2025\28\depth\14.13.00.698.png
3372,6760,3.75,20.02.2025,28,20.02.2025\28\rgb\14.13.00.796.png,20.02.2025\28\depth\14.13.00.796.png
3373,6760,3.75,20.02.2025,28,20.02.2025\28\rgb\14.13.00.891.png,20.02.2025\28\depth\14.13.00.891.png
3374,6760,3.75,20.02.2025,28,20.02.2025\28\rgb\14.13.00.984.png,20.02.2025\28\depth\14.13.00.984.png
3375,6760,3.75,20.02.2025,28,20.02.2025\28\rgb\14.13.01.082.png,20.02.2025\28\depth\14.13.01.082.png
3376,6760,3.75,20.02.2025,28,20.02.2025\28\rgb\14.13.01.167.png,20.02.2025\28\depth\14.13.01.167.png
3377,6760,3.75,20.02.2025,28,20.02.2025\28\rgb\14.13.01.262.png,20.02.2025\28\depth\14.13.01.262.png
3378,6760,3.75,20.02.2025,28,20.02.2025\28\rgb\14.13.01.353.png,20.02.2025\28\depth\14.13.01.353.png
3379,6760,3.75,20.02.2025,28,20.02.2025\28\rgb\14.13.01.448.png,20.02.2025\28\depth\14.13.01.448.png
3380,6760,3.75,20.02.2025,28,20.02.2025\28\rgb\14.13.01.545.png,20.02.2025\28\depth\14.13.01.545.png
3381,6978,3.5,20.02.2025,29,20.02.2025\29\rgb\14.13.16.669.png,20.02.2025\29\depth\14.13.16.669.png
3382,6978,3.5,20.02.2025,29,20.02.2025\29\rgb\14.13.16.764.png,20.02.2025\29\depth\14.13.16.764.png
3383,6978,3.5,20.02.2025,29,20.02.2025\29\rgb\14.13.16.862.png,20.02.2025\29\depth\14.13.16.862.png
3384,6978,3.5,20.02.2025,29,20.02.2025\29\rgb\14.13.16.951.png,20.02.2025\29\depth\14.13.16.951.png
3385,6978,3.5,20.02.2025,29,20.02.2025\29\rgb\14.13.17.043.png,20.02.2025\29\depth\14.13.17.043.png
3386,6978,3.5,20.02.2025,29,20.02.2025\29\rgb\14.13.17.135.png,20.02.2025\29\depth\14.13.17.135.png
3387,6978,3.5,20.02.2025,29,20.02.2025\29\rgb\14.13.17.227.png,20.02.2025\29\depth\14.13.17.227.png
3388,6978,3.5,20.02.2025,29,20.02.2025\29\rgb\14.13.17.327.png,20.02.2025\29\depth\14.13.17.327.png
3389,6978,3.5,20.02.2025,29,20.02.2025\29\rgb\14.13.17.413.png,20.02.2025\29\depth\14.13.17.413.png
3390,6978,3.5,20.02.2025,29,20.02.2025\29\rgb\14.13.17.507.png,20.02.2025\29\depth\14.13.17.507.png
3391,6978,3.5,20.02.2025,29,20.02.2025\29\rgb\14.13.17.598.png,20.02.2025\29\depth\14.13.17.598.png
3392,6978,3.5,20.02.2025,29,20.02.2025\29\rgb\14.13.17.691.png,20.02.2025\29\depth\14.13.17.691.png
3393,6978,3.5,20.02.2025,29,20.02.2025\29\rgb\14.13.17.790.png,20.02.2025\29\depth\14.13.17.790.png
3394,6978,3.5,20.02.2025,29,20.02.2025\29\rgb\14.13.17.877.png,20.02.2025\29\depth\14.13.17.877.png
3395,6978,3.5,20.02.2025,29,20.02.2025\29\rgb\14.13.17.970.png,20.02.2025\29\depth\14.13.17.970.png
3396,6978,3.5,20.02.2025,29,20.02.2025\29\rgb\14.13.18.062.png,20.02.2025\29\depth\14.13.18.062.png
3397,6978,3.5,20.02.2025,29,20.02.2025\29\rgb\14.13.18.154.png,20.02.2025\29\depth\14.13.18.154.png
3398,6978,3.5,20.02.2025,29,20.02.2025\29\rgb\14.13.18.250.png,20.02.2025\29\depth\14.13.18.250.png
3399,6978,3.5,20.02.2025,29,20.02.2025\29\rgb\14.13.18.347.png,20.02.2025\29\depth\14.13.18.347.png
3400,6978,3.5,20.02.2025,29,20.02.2025\29\rgb\14.13.18.436.png,20.02.2025\29\depth\14.13.18.436.png
3401,6866,3.25,20.02.2025,30,20.02.2025\30\rgb\14.13.32.652.png,20.02.2025\30\depth\14.13.32.652.png
3402,6866,3.25,20.02.2025,30,20.02.2025\30\rgb\14.13.32.744.png,20.02.2025\30\depth\14.13.32.744.png
3403,6866,3.25,20.02.2025,30,20.02.2025\30\rgb\14.13.32.842.png,20.02.2025\30\depth\14.13.32.842.png
3404,6866,3.25,20.02.2025,30,20.02.2025\30\rgb\14.13.32.926.png,20.02.2025\30\depth\14.13.32.926.png
3405,6866,3.25,20.02.2025,30,20.02.2025\30\rgb\14.13.33.019.png,20.02.2025\30\depth\14.13.33.019.png
3406,6866,3.25,20.02.2025,30,20.02.2025\30\rgb\14.13.33.112.png,20.02.2025\30\depth\14.13.33.112.png
3407,6866,3.25,20.02.2025,30,20.02.2025\30\rgb\14.13.33.205.png,20.02.2025\30\depth\14.13.33.205.png
3408,6866,3.25,20.02.2025,30,20.02.2025\30\rgb\14.13.33.301.png,20.02.2025\30\depth\14.13.33.301.png
3409,6866,3.25,20.02.2025,30,20.02.2025\30\rgb\14.13.33.388.png,20.02.2025\30\depth\14.13.33.388.png
3410,6866,3.25,20.02.2025,30,20.02.2025\30\rgb\14.13.33.478.png,20.02.2025\30\depth\14.13.33.478.png
3411,6866,3.25,20.02.2025,30,20.02.2025\30\rgb\14.13.33.573.png,20.02.2025\30\depth\14.13.33.573.png
3412,6866,3.25,20.02.2025,30,20.02.2025\30\rgb\14.13.33.664.png,20.02.2025\30\depth\14.13.33.664.png
3413,6866,3.25,20.02.2025,30,20.02.2025\30\rgb\14.13.33.762.png,20.02.2025\30\depth\14.13.33.762.png
3414,6866,3.25,20.02.2025,30,20.02.2025\30\rgb\14.13.33.864.png,20.02.2025\30\depth\14.13.33.864.png
3415,6866,3.25,20.02.2025,30,20.02.2025\30\rgb\14.13.33.958.png,20.02.2025\30\depth\14.13.33.958.png
3416,6866,3.25,20.02.2025,30,20.02.2025\30\rgb\14.13.34.050.png,20.02.2025\30\depth\14.13.34.050.png
3417,6866,3.25,20.02.2025,30,20.02.2025\30\rgb\14.13.34.143.png,20.02.2025\30\depth\14.13.34.143.png
3418,6866,3.25,20.02.2025,30,20.02.2025\30\rgb\14.13.34.232.png,20.02.2025\30\depth\14.13.34.232.png
3419,6866,3.25,20.02.2025,30,20.02.2025\30\rgb\14.13.34.329.png,20.02.2025\30\depth\14.13.34.329.png
3420,6866,3.25,20.02.2025,30,20.02.2025\30\rgb\14.13.34.418.png,20.02.2025\30\depth\14.13.34.418.png
3421,330404,3.25,20.02.2025,31,20.02.2025\31\rgb\14.14.34.029.png,20.02.2025\31\depth\14.14.34.029.png
3422,330404,3.25,20.02.2025,31,20.02.2025\31\rgb\14.14.34.129.png,20.02.2025\31\depth\14.14.34.129.png
3423,330404,3.25,20.02.2025,31,20.02.2025\31\rgb\14.14.34.223.png,20.02.2025\31\depth\14.14.34.223.png
3424,330404,3.25,20.02.2025,31,20.02.2025\31\rgb\14.14.34.321.png,20.02.2025\31\depth\14.14.34.321.png
3425,330404,3.25,20.02.2025,31,20.02.2025\31\rgb\14.14.34.409.png,20.02.2025\31\depth\14.14.34.409.png
3426,330404,3.25,20.02.2025,31,20.02.2025\31\rgb\14.14.34.497.png,20.02.2025\31\depth\14.14.34.497.png
3427,330404,3.25,20.02.2025,31,20.02.2025\31\rgb\14.14.34.589.png,20.02.2025\31\depth\14.14.34.589.png
3428,330404,3.25,20.02.2025,31,20.02.2025\31\rgb\14.14.34.683.png,20.02.2025\31\depth\14.14.34.683.png
3429,330404,3.25,20.02.2025,31,20.02.2025\31\rgb\14.14.34.785.png,20.02.2025\31\depth\14.14.34.785.png
3430,330404,3.25,20.02.2025,31,20.02.2025\31\rgb\14.14.34.882.png,20.02.2025\31\depth\14.14.34.882.png
3431,330404,3.25,20.02.2025,31,20.02.2025\31\rgb\14.14.34.977.png,20.02.2025\31\depth\14.14.34.977.png
3432,330404,3.25,20.02.2025,31,20.02.2025\31\rgb\14.14.35.069.png,20.02.2025\31\depth\14.14.35.069.png
3433,330404,3.25,20.02.2025,31,20.02.2025\31\rgb\14.14.35.160.png,20.02.2025\31\depth\14.14.35.160.png
3434,330404,3.25,20.02.2025,31,20.02.2025\31\rgb\14.14.35.261.png,20.02.2025\31\depth\14.14.35.261.png
3435,330404,3.25,20.02.2025,31,20.02.2025\31\rgb\14.14.35.362.png,20.02.2025\31\depth\14.14.35.362.png
3436,330404,3.25,20.02.2025,31,20.02.2025\31\rgb\14.14.35.455.png,20.02.2025\31\depth\14.14.35.455.png
3437,330404,3.25,20.02.2025,31,20.02.2025\31\rgb\14.14.35.549.png,20.02.2025\31\depth\14.14.35.549.png
3438,330404,3.25,20.02.2025,31,20.02.2025\31\rgb\14.14.35.638.png,20.02.2025\31\depth\14.14.35.638.png
3439,330404,3.25,20.02.2025,31,20.02.2025\31\rgb\14.14.35.731.png,20.02.2025\31\depth\14.14.35.731.png
3440,330404,3.25,20.02.2025,31,20.02.2025\31\rgb\14.14.35.824.png,20.02.2025\31\depth\14.14.35.824.png
3441,6944,3.5,20.02.2025,32,20.02.2025\32\rgb\14.15.26.546.png,20.02.2025\32\depth\14.15.26.546.png
3442,6944,3.5,20.02.2025,32,20.02.2025\32\rgb\14.15.26.645.png,20.02.2025\32\depth\14.15.26.645.png
3443,6944,3.5,20.02.2025,32,20.02.2025\32\rgb\14.15.26.735.png,20.02.2025\32\depth\14.15.26.735.png
3444,6944,3.5,20.02.2025,32,20.02.2025\32\rgb\14.15.26.841.png,20.02.2025\32\depth\14.15.26.841.png
3445,6944,3.5,20.02.2025,32,20.02.2025\32\rgb\14.15.26.936.png,20.02.2025\32\depth\14.15.26.936.png
3446,6944,3.5,20.02.2025,32,20.02.2025\32\rgb\14.15.27.028.png,20.02.2025\32\depth\14.15.27.028.png
3447,6944,3.5,20.02.2025,32,20.02.2025\32\rgb\14.15.27.120.png,20.02.2025\32\depth\14.15.27.120.png
3448,6944,3.5,20.02.2025,32,20.02.2025\32\rgb\14.15.27.211.png,20.02.2025\32\depth\14.15.27.211.png
3449,6944,3.5,20.02.2025,32,20.02.2025\32\rgb\14.15.27.309.png,20.02.2025\32\depth\14.15.27.309.png
3450,6944,3.5,20.02.2025,32,20.02.2025\32\rgb\14.15.27.410.png,20.02.2025\32\depth\14.15.27.410.png
3451,6944,3.5,20.02.2025,32,20.02.2025\32\rgb\14.15.27.502.png,20.02.2025\32\depth\14.15.27.502.png
3452,6944,3.5,20.02.2025,32,20.02.2025\32\rgb\14.15.27.594.png,20.02.2025\32\depth\14.15.27.594.png
3453,6944,3.5,20.02.2025,32,20.02.2025\32\rgb\14.15.27.686.png,20.02.2025\32\depth\14.15.27.686.png
3454,6944,3.5,20.02.2025,32,20.02.2025\32\rgb\14.15.27.778.png,20.02.2025\32\depth\14.15.27.778.png
3455,6944,3.5,20.02.2025,32,20.02.2025\32\rgb\14.15.27.868.png,20.02.2025\32\depth\14.15.27.868.png
3456,6944,3.5,20.02.2025,32,20.02.2025\32\rgb\14.15.27.962.png,20.02.2025\32\depth\14.15.27.962.png
3457,6944,3.5,20.02.2025,32,20.02.2025\32\rgb\14.15.28.052.png,20.02.2025\32\depth\14.15.28.052.png
3458,6944,3.5,20.02.2025,32,20.02.2025\32\rgb\14.15.28.146.png,20.02.2025\32\depth\14.15.28.146.png
3459,6944,3.5,20.02.2025,32,20.02.2025\32\rgb\14.15.28.256.png,20.02.2025\32\depth\14.15.28.256.png
3460,6944,3.5,20.02.2025,32,20.02.2025\32\rgb\14.15.28.347.png,20.02.2025\32\depth\14.15.28.347.png
3461,7620,3.25,20.02.2025,33,20.02.2025\33\rgb\14.15.43.739.png,20.02.2025\33\depth\14.15.43.739.png
3462,7620,3.25,20.02.2025,33,20.02.2025\33\rgb\14.15.43.824.png,20.02.2025\33\depth\14.15.43.824.png
3463,7620,3.25,20.02.2025,33,20.02.2025\33\rgb\14.15.43.914.png,20.02.2025\33\depth\14.15.43.914.png
3464,7620,3.25,20.02.2025,33,20.02.2025\33\rgb\14.15.44.006.png,20.02.2025\33\depth\14.15.44.006.png
3465,7620,3.25,20.02.2025,33,20.02.2025\33\rgb\14.15.44.094.png,20.02.2025\33\depth\14.15.44.094.png
3466,7620,3.25,20.02.2025,33,20.02.2025\33\rgb\14.15.44.188.png,20.02.2025\33\depth\14.15.44.188.png
3467,7620,3.25,20.02.2025,33,20.02.2025\33\rgb\14.15.44.279.png,20.02.2025\33\depth\14.15.44.279.png
3468,7620,3.25,20.02.2025,33,20.02.2025\33\rgb\14.15.44.372.png,20.02.2025\33\depth\14.15.44.372.png
3469,7620,3.25,20.02.2025,33,20.02.2025\33\rgb\14.15.44.464.png,20.02.2025\33\depth\14.15.44.464.png
3470,7620,3.25,20.02.2025,33,20.02.2025\33\rgb\14.15.44.557.png,20.02.2025\33\depth\14.15.44.557.png
3471,7620,3.25,20.02.2025,33,20.02.2025\33\rgb\14.15.44.665.png,20.02.2025\33\depth\14.15.44.665.png
3472,7620,3.25,20.02.2025,33,20.02.2025\33\rgb\14.15.44.756.png,20.02.2025\33\depth\14.15.44.756.png
3473,7620,3.25,20.02.2025,33,20.02.2025\33\rgb\14.15.44.850.png,20.02.2025\33\depth\14.15.44.850.png
3474,7620,3.25,20.02.2025,33,20.02.2025\33\rgb\14.15.44.942.png,20.02.2025\33\depth\14.15.44.942.png
3475,7620,3.25,20.02.2025,33,20.02.2025\33\rgb\14.15.45.036.png,20.02.2025\33\depth\14.15.45.036.png
3476,7620,3.25,20.02.2025,33,20.02.2025\33\rgb\14.15.45.141.png,20.02.2025\33\depth\14.15.45.141.png
3477,7620,3.25,20.02.2025,33,20.02.2025\33\rgb\14.15.45.237.png,20.02.2025\33\depth\14.15.45.237.png
3478,7620,3.25,20.02.2025,33,20.02.2025\33\rgb\14.15.45.330.png,20.02.2025\33\depth\14.15.45.330.png
3479,7620,3.25,20.02.2025,33,20.02.2025\33\rgb\14.15.45.423.png,20.02.2025\33\depth\14.15.45.423.png
3480,7620,3.25,20.02.2025,33,20.02.2025\33\rgb\14.15.45.517.png,20.02.2025\33\depth\14.15.45.517.png
3481,6887,3.25,20.02.2025,34,20.02.2025\34\rgb\14.16.00.386.png,20.02.2025\34\depth\14.16.00.386.png
3482,6887,3.25,20.02.2025,34,20.02.2025\34\rgb\14.16.00.476.png,20.02.2025\34\depth\14.16.00.476.png
3483,6887,3.25,20.02.2025,34,20.02.2025\34\rgb\14.16.00.570.png,20.02.2025\34\depth\14.16.00.570.png
3484,6887,3.25,20.02.2025,34,20.02.2025\34\rgb\14.16.00.660.png,20.02.2025\34\depth\14.16.00.660.png
3485,6887,3.25,20.02.2025,34,20.02.2025\34\rgb\14.16.00.759.png,20.02.2025\34\depth\14.16.00.759.png
3486,6887,3.25,20.02.2025,34,20.02.2025\34\rgb\14.16.00.845.png,20.02.2025\34\depth\14.16.00.845.png
3487,6887,3.25,20.02.2025,34,20.02.2025\34\rgb\14.16.00.939.png,20.02.2025\34\depth\14.16.00.939.png
3488,6887,3.25,20.02.2025,34,20.02.2025\34\rgb\14.16.01.030.png,20.02.2025\34\depth\14.16.01.030.png
3489,6887,3.25,20.02.2025,34,20.02.2025\34\rgb\14.16.01.120.png,20.02.2025\34\depth\14.16.01.120.png
3490,6887,3.25,20.02.2025,34,20.02.2025\34\rgb\14.16.01.216.png,20.02.2025\34\depth\14.16.01.216.png
3491,6887,3.25,20.02.2025,34,20.02.2025\34\rgb\14.16.01.310.png,20.02.2025\34\depth\14.16.01.310.png
3492,6887,3.25,20.02.2025,34,20.02.2025\34\rgb\14.16.01.403.png,20.02.2025\34\depth\14.16.01.403.png
3493,6887,3.25,20.02.2025,34,20.02.2025\34\rgb\14.16.01.496.png,20.02.2025\34\depth\14.16.01.496.png
3494,6887,3.25,20.02.2025,34,20.02.2025\34\rgb\14.16.01.588.png,20.02.2025\34\depth\14.16.01.588.png
3495,6887,3.25,20.02.2025,34,20.02.2025\34\rgb\14.16.01.682.png,20.02.2025\34\depth\14.16.01.682.png
3496,6887,3.25,20.02.2025,34,20.02.2025\34\rgb\14.16.01.774.png,20.02.2025\34\depth\14.16.01.774.png
3497,6887,3.25,20.02.2025,34,20.02.2025\34\rgb\14.16.01.853.png,20.02.2025\34\depth\14.16.01.853.png
3498,6887,3.25,20.02.2025,34,20.02.2025\34\rgb\14.16.01.957.png,20.02.2025\34\depth\14.16.01.957.png
3499,6887,3.25,20.02.2025,34,20.02.2025\34\rgb\14.16.02.058.png,20.02.2025\34\depth\14.16.02.058.png
3500,6887,3.25,20.02.2025,34,20.02.2025\34\rgb\14.16.02.145.png,20.02.2025\34\depth\14.16.02.145.png
3501,7018,3.75,20.02.2025,35,20.02.2025\35\rgb\14.16.17.758.png,20.02.2025\35\depth\14.16.17.758.png
3502,7018,3.75,20.02.2025,35,20.02.2025\35\rgb\14.16.17.854.png,20.02.2025\35\depth\14.16.17.854.png
3503,7018,3.75,20.02.2025,35,20.02.2025\35\rgb\14.16.17.949.png,20.02.2025\35\depth\14.16.17.949.png
3504,7018,3.75,20.02.2025,35,20.02.2025\35\rgb\14.16.18.042.png,20.02.2025\35\depth\14.16.18.042.png
3505,7018,3.75,20.02.2025,35,20.02.2025\35\rgb\14.16.18.132.png,20.02.2025\35\depth\14.16.18.132.png
3506,7018,3.75,20.02.2025,35,20.02.2025\35\rgb\14.16.18.232.png,20.02.2025\35\depth\14.16.18.232.png
3507,7018,3.75,20.02.2025,35,20.02.2025\35\rgb\14.16.18.318.png,20.02.2025\35\depth\14.16.18.318.png
3508,7018,3.75,20.02.2025,35,20.02.2025\35\rgb\14.16.18.416.png,20.02.2025\35\depth\14.16.18.416.png
3509,7018,3.75,20.02.2025,35,20.02.2025\35\rgb\14.16.18.505.png,20.02.2025\35\depth\14.16.18.505.png
3510,7018,3.75,20.02.2025,35,20.02.2025\35\rgb\14.16.18.602.png,20.02.2025\35\depth\14.16.18.602.png
3511,7018,3.75,20.02.2025,35,20.02.2025\35\rgb\14.16.18.700.png,20.02.2025\35\depth\14.16.18.700.png
3512,7018,3.75,20.02.2025,35,20.02.2025\35\rgb\14.16.18.801.png,20.02.2025\35\depth\14.16.18.801.png
3513,7018,3.75,20.02.2025,35,20.02.2025\35\rgb\14.16.18.893.png,20.02.2025\35\depth\14.16.18.893.png
3514,7018,3.75,20.02.2025,35,20.02.2025\35\rgb\14.16.18.988.png,20.02.2025\35\depth\14.16.18.988.png
3515,7018,3.75,20.02.2025,35,20.02.2025\35\rgb\14.16.19.084.png,20.02.2025\35\depth\14.16.19.084.png
3516,7018,3.75,20.02.2025,35,20.02.2025\35\rgb\14.16.19.182.png,20.02.2025\35\depth\14.16.19.182.png
3517,7018,3.75,20.02.2025,35,20.02.2025\35\rgb\14.16.19.267.png,20.02.2025\35\depth\14.16.19.267.png
3518,7018,3.75,20.02.2025,35,20.02.2025\35\rgb\14.16.19.359.png,20.02.2025\35\depth\14.16.19.359.png
3519,7018,3.75,20.02.2025,35,20.02.2025\35\rgb\14.16.19.452.png,20.02.2025\35\depth\14.16.19.452.png
3520,7018,3.75,20.02.2025,35,20.02.2025\35\rgb\14.16.19.544.png,20.02.2025\35\depth\14.16.19.544.png
3521,7495,3.25,20.02.2025,36,20.02.2025\36\rgb\14.16.35.158.png,20.02.2025\36\depth\14.16.35.158.png
3522,7495,3.25,20.02.2025,36,20.02.2025\36\rgb\14.16.35.244.png,20.02.2025\36\depth\14.16.35.244.png
3523,7495,3.25,20.02.2025,36,20.02.2025\36\rgb\14.16.35.332.png,20.02.2025\36\depth\14.16.35.332.png
3524,7495,3.25,20.02.2025,36,20.02.2025\36\rgb\14.16.35.425.png,20.02.2025\36\depth\14.16.35.425.png
3525,7495,3.25,20.02.2025,36,20.02.2025\36\rgb\14.16.35.521.png,20.02.2025\36\depth\14.16.35.521.png
3526,7495,3.25,20.02.2025,36,20.02.2025\36\rgb\14.16.35.611.png,20.02.2025\36\depth\14.16.35.611.png
3527,7495,3.25,20.02.2025,36,20.02.2025\36\rgb\14.16.35.704.png,20.02.2025\36\depth\14.16.35.704.png
3528,7495,3.25,20.02.2025,36,20.02.2025\36\rgb\14.16.35.796.png,20.02.2025\36\depth\14.16.35.796.png
3529,7495,3.25,20.02.2025,36,20.02.2025\36\rgb\14.16.35.889.png,20.02.2025\36\depth\14.16.35.889.png
3530,7495,3.25,20.02.2025,36,20.02.2025\36\rgb\14.16.35.983.png,20.02.2025\36\depth\14.16.35.983.png
3531,7495,3.25,20.02.2025,36,20.02.2025\36\rgb\14.16.36.079.png,20.02.2025\36\depth\14.16.36.079.png
3532,7495,3.25,20.02.2025,36,20.02.2025\36\rgb\14.16.36.169.png,20.02.2025\36\depth\14.16.36.169.png
3533,7495,3.25,20.02.2025,36,20.02.2025\36\rgb\14.16.36.256.png,20.02.2025\36\depth\14.16.36.256.png
3534,7495,3.25,20.02.2025,36,20.02.2025\36\rgb\14.16.36.356.png,20.02.2025\36\depth\14.16.36.356.png
3535,7495,3.25,20.02.2025,36,20.02.2025\36\rgb\14.16.36.446.png,20.02.2025\36\depth\14.16.36.446.png
3536,7495,3.25,20.02.2025,36,20.02.2025\36\rgb\14.16.36.537.png,20.02.2025\36\depth\14.16.36.537.png
3537,7495,3.25,20.02.2025,36,20.02.2025\36\rgb\14.16.36.629.png,20.02.2025\36\depth\14.16.36.629.png
3538,7495,3.25,20.02.2025,36,20.02.2025\36\rgb\14.16.36.722.png,20.02.2025\36\depth\14.16.36.722.png
3539,7495,3.25,20.02.2025,36,20.02.2025\36\rgb\14.16.36.815.png,20.02.2025\36\depth\14.16.36.815.png
3540,7495,3.25,20.02.2025,36,20.02.2025\36\rgb\14.16.36.906.png,20.02.2025\36\depth\14.16.36.906.png
3541,110413,3.5,20.02.2025,37,20.02.2025\37\rgb\14.16.52.187.png,20.02.2025\37\depth\14.16.52.187.png
3542,110413,3.5,20.02.2025,37,20.02.2025\37\rgb\14.16.52.277.png,20.02.2025\37\depth\14.16.52.277.png
3543,110413,3.5,20.02.2025,37,20.02.2025\37\rgb\14.16.52.369.png,20.02.2025\37\depth\14.16.52.369.png
3544,110413,3.5,20.02.2025,37,20.02.2025\37\rgb\14.16.52.457.png,20.02.2025\37\depth\14.16.52.457.png
3545,110413,3.5,20.02.2025,37,20.02.2025\37\rgb\14.16.52.552.png,20.02.2025\37\depth\14.16.52.552.png
3546,110413,3.5,20.02.2025,37,20.02.2025\37\rgb\14.16.52.649.png,20.02.2025\37\depth\14.16.52.649.png
3547,110413,3.5,20.02.2025,37,20.02.2025\37\rgb\14.16.52.737.png,20.02.2025\37\depth\14.16.52.737.png
3548,110413,3.5,20.02.2025,37,20.02.2025\37\rgb\14.16.52.828.png,20.02.2025\37\depth\14.16.52.828.png
3549,110413,3.5,20.02.2025,37,20.02.2025\37\rgb\14.16.52.924.png,20.02.2025\37\depth\14.16.52.924.png
3550,110413,3.5,20.02.2025,37,20.02.2025\37\rgb\14.16.53.017.png,20.02.2025\37\depth\14.16.53.017.png
3551,110413,3.5,20.02.2025,37,20.02.2025\37\rgb\14.16.53.109.png,20.02.2025\37\depth\14.16.53.109.png
3552,110413,3.5,20.02.2025,37,20.02.2025\37\rgb\14.16.53.201.png,20.02.2025\37\depth\14.16.53.201.png
3553,110413,3.5,20.02.2025,37,20.02.2025\37\rgb\14.16.53.292.png,20.02.2025\37\depth\14.16.53.292.png
3554,110413,3.5,20.02.2025,37,20.02.2025\37\rgb\14.16.53.386.png,20.02.2025\37\depth\14.16.53.386.png
3555,110413,3.5,20.02.2025,37,20.02.2025\37\rgb\14.16.53.476.png,20.02.2025\37\depth\14.16.53.476.png
3556,110413,3.5,20.02.2025,37,20.02.2025\37\rgb\14.16.53.581.png,20.02.2025\37\depth\14.16.53.581.png
3557,110413,3.5,20.02.2025,37,20.02.2025\37\rgb\14.16.53.676.png,20.02.2025\37\depth\14.16.53.676.png
3558,110413,3.5,20.02.2025,37,20.02.2025\37\rgb\14.16.53.769.png,20.02.2025\37\depth\14.16.53.769.png
3559,110413,3.5,20.02.2025,37,20.02.2025\37\rgb\14.16.53.860.png,20.02.2025\37\depth\14.16.53.860.png
3560,110413,3.5,20.02.2025,37,20.02.2025\37\rgb\14.16.53.955.png,20.02.2025\37\depth\14.16.53.955.png
3561,7041,3.5,20.02.2025,38,20.02.2025\38\rgb\14.17.10.229.png,20.02.2025\38\depth\14.17.10.229.png
3562,7041,3.5,20.02.2025,38,20.02.2025\38\rgb\14.17.10.325.png,20.02.2025\38\depth\14.17.10.325.png
3563,7041,3.5,20.02.2025,38,20.02.2025\38\rgb\14.17.10.433.png,20.02.2025\38\depth\14.17.10.433.png
3564,7041,3.5,20.02.2025,38,20.02.2025\38\rgb\14.17.10.529.png,20.02.2025\38\depth\14.17.10.529.png
3565,7041,3.5,20.02.2025,38,20.02.2025\38\rgb\14.17.10.623.png,20.02.2025\38\depth\14.17.10.623.png
3566,7041,3.5,20.02.2025,38,20.02.2025\38\rgb\14.17.10.714.png,20.02.2025\38\depth\14.17.10.714.png
3567,7041,3.5,20.02.2025,38,20.02.2025\38\rgb\14.17.10.808.png,20.02.2025\38\depth\14.17.10.808.png
3568,7041,3.5,20.02.2025,38,20.02.2025\38\rgb\14.17.10.912.png,20.02.2025\38\depth\14.17.10.912.png
3569,7041,3.5,20.02.2025,38,20.02.2025\38\rgb\14.17.11.011.png,20.02.2025\38\depth\14.17.11.011.png
3570,7041,3.5,20.02.2025,38,20.02.2025\38\rgb\14.17.11.108.png,20.02.2025\38\depth\14.17.11.108.png
3571,7041,3.5,20.02.2025,38,20.02.2025\38\rgb\14.17.11.210.png,20.02.2025\38\depth\14.17.11.210.png
3572,7041,3.5,20.02.2025,38,20.02.2025\38\rgb\14.17.11.313.png,20.02.2025\38\depth\14.17.11.313.png
3573,7041,3.5,20.02.2025,38,20.02.2025\38\rgb\14.17.11.411.png,20.02.2025\38\depth\14.17.11.411.png
3574,7041,3.5,20.02.2025,38,20.02.2025\38\rgb\14.17.11.501.png,20.02.2025\38\depth\14.17.11.501.png
3575,7041,3.5,20.02.2025,38,20.02.2025\38\rgb\14.17.11.596.png,20.02.2025\38\depth\14.17.11.596.png
3576,7041,3.5,20.02.2025,38,20.02.2025\38\rgb\14.17.11.687.png,20.02.2025\38\depth\14.17.11.687.png
3577,7041,3.5,20.02.2025,38,20.02.2025\38\rgb\14.17.11.792.png,20.02.2025\38\depth\14.17.11.792.png
3578,7041,3.5,20.02.2025,38,20.02.2025\38\rgb\14.17.11.886.png,20.02.2025\38\depth\14.17.11.886.png
3579,7041,3.5,20.02.2025,38,20.02.2025\38\rgb\14.17.11.979.png,20.02.2025\38\depth\14.17.11.979.png
3580,7041,3.5,20.02.2025,38,20.02.2025\38\rgb\14.17.12.073.png,20.02.2025\38\depth\14.17.12.073.png
3581,910223,3.5,20.02.2025,39,20.02.2025\39\rgb\14.17.24.839.png,20.02.2025\39\depth\14.17.24.839.png
3582,910223,3.5,20.02.2025,39,20.02.2025\39\rgb\14.17.24.939.png,20.02.2025\39\depth\14.17.24.939.png
3583,910223,3.5,20.02.2025,39,20.02.2025\39\rgb\14.17.25.033.png,20.02.2025\39\depth\14.17.25.033.png
3584,910223,3.5,20.02.2025,39,20.02.2025\39\rgb\14.17.25.132.png,20.02.2025\39\depth\14.17.25.132.png
3585,910223,3.5,20.02.2025,39,20.02.2025\39\rgb\14.17.25.233.png,20.02.2025\39\depth\14.17.25.233.png
3586,910223,3.5,20.02.2025,39,20.02.2025\39\rgb\14.17.25.325.png,20.02.2025\39\depth\14.17.25.325.png
3587,910223,3.5,20.02.2025,39,20.02.2025\39\rgb\14.17.25.420.png,20.02.2025\39\depth\14.17.25.420.png
3588,910223,3.5,20.02.2025,39,20.02.2025\39\rgb\14.17.25.511.png,20.02.2025\39\depth\14.17.25.511.png
3589,910223,3.5,20.02.2025,39,20.02.2025\39\rgb\14.17.25.612.png,20.02.2025\39\depth\14.17.25.612.png
3590,910223,3.5,20.02.2025,39,20.02.2025\39\rgb\14.17.25.711.png,20.02.2025\39\depth\14.17.25.711.png
3591,910223,3.5,20.02.2025,39,20.02.2025\39\rgb\14.17.25.804.png,20.02.2025\39\depth\14.17.25.804.png
3592,910223,3.5,20.02.2025,39,20.02.2025\39\rgb\14.17.25.896.png,20.02.2025\39\depth\14.17.25.896.png
3593,910223,3.5,20.02.2025,39,20.02.2025\39\rgb\14.17.25.990.png,20.02.2025\39\depth\14.17.25.990.png
3594,910223,3.5,20.02.2025,39,20.02.2025\39\rgb\14.17.26.091.png,20.02.2025\39\depth\14.17.26.091.png
3595,910223,3.5,20.02.2025,39,20.02.2025\39\rgb\14.17.26.192.png,20.02.2025\39\depth\14.17.26.192.png
3596,910223,3.5,20.02.2025,39,20.02.2025\39\rgb\14.17.26.278.png,20.02.2025\39\depth\14.17.26.278.png
3597,910223,3.5,20.02.2025,39,20.02.2025\39\rgb\14.17.26.382.png,20.02.2025\39\depth\14.17.26.382.png
3598,910223,3.5,20.02.2025,39,20.02.2025\39\rgb\14.17.26.471.png,20.02.2025\39\depth\14.17.26.471.png
3599,910223,3.5,20.02.2025,39,20.02.2025\39\rgb\14.17.26.564.png,20.02.2025\39\depth\14.17.26.564.png
3600,910223,3.5,20.02.2025,39,20.02.2025\39\rgb\14.17.26.654.png,20.02.2025\39\depth\14.17.26.654.png
3601,901220,3.5,20.02.2025,40,20.02.2025\40\rgb\14.17.42.312.png,20.02.2025\40\depth\14.17.42.312.png
3602,901220,3.5,20.02.2025,40,20.02.2025\40\rgb\14.17.42.403.png,20.02.2025\40\depth\14.17.42.403.png
3603,901220,3.5,20.02.2025,40,20.02.2025\40\rgb\14.17.42.494.png,20.02.2025\40\depth\14.17.42.494.png
3604,901220,3.5,20.02.2025,40,20.02.2025\40\rgb\14.17.42.587.png,20.02.2025\40\depth\14.17.42.587.png
3605,901220,3.5,20.02.2025,40,20.02.2025\40\rgb\14.17.42.684.png,20.02.2025\40\depth\14.17.42.684.png
3606,901220,3.5,20.02.2025,40,20.02.2025\40\rgb\14.17.42.777.png,20.02.2025\40\depth\14.17.42.777.png
3607,901220,3.5,20.02.2025,40,20.02.2025\40\rgb\14.17.42.865.png,20.02.2025\40\depth\14.17.42.865.png
3608,901220,3.5,20.02.2025,40,20.02.2025\40\rgb\14.17.42.957.png,20.02.2025\40\depth\14.17.42.957.png
3609,901220,3.5,20.02.2025,40,20.02.2025\40\rgb\14.17.43.049.png,20.02.2025\40\depth\14.17.43.049.png
3610,901220,3.5,20.02.2025,40,20.02.2025\40\rgb\14.17.43.149.png,20.02.2025\40\depth\14.17.43.149.png
3611,901220,3.5,20.02.2025,40,20.02.2025\40\rgb\14.17.43.237.png,20.02.2025\40\depth\14.17.43.237.png
3612,901220,3.5,20.02.2025,40,20.02.2025\40\rgb\14.17.43.330.png,20.02.2025\40\depth\14.17.43.330.png
3613,901220,3.5,20.02.2025,40,20.02.2025\40\rgb\14.17.43.425.png,20.02.2025\40\depth\14.17.43.425.png
3614,901220,3.5,20.02.2025,40,20.02.2025\40\rgb\14.17.43.516.png,20.02.2025\40\depth\14.17.43.516.png
3615,901220,3.5,20.02.2025,40,20.02.2025\40\rgb\14.17.43.619.png,20.02.2025\40\depth\14.17.43.619.png
3616,901220,3.5,20.02.2025,40,20.02.2025\40\rgb\14.17.43.718.png,20.02.2025\40\depth\14.17.43.718.png
3617,901220,3.5,20.02.2025,40,20.02.2025\40\rgb\14.17.43.810.png,20.02.2025\40\depth\14.17.43.810.png
3618,901220,3.5,20.02.2025,40,20.02.2025\40\rgb\14.17.43.901.png,20.02.2025\40\depth\14.17.43.901.png
3619,901220,3.5,20.02.2025,40,20.02.2025\40\rgb\14.17.43.995.png,20.02.2025\40\depth\14.17.43.995.png
3620,901220,3.5,20.02.2025,40,20.02.2025\40\rgb\14.17.44.091.png,20.02.2025\40\depth\14.17.44.091.png
3621,330414,3.25,20.02.2025,41,20.02.2025\41\rgb\14.18.00.942.png,20.02.2025\41\depth\14.18.00.942.png
3622,330414,3.25,20.02.2025,41,20.02.2025\41\rgb\14.18.01.050.png,20.02.2025\41\depth\14.18.01.050.png
3623,330414,3.25,20.02.2025,41,20.02.2025\41\rgb\14.18.01.159.png,20.02.2025\41\depth\14.18.01.159.png
3624,330414,3.25,20.02.2025,41,20.02.2025\41\rgb\14.18.01.274.png,20.02.2025\41\depth\14.18.01.274.png
3625,330414,3.25,20.02.2025,41,20.02.2025\41\rgb\14.18.01.367.png,20.02.2025\41\depth\14.18.01.367.png
3626,330414,3.25,20.02.2025,41,20.02.2025\41\rgb\14.18.01.463.png,20.02.2025\41\depth\14.18.01.463.png
3627,330414,3.25,20.02.2025,41,20.02.2025\41\rgb\14.18.01.558.png,20.02.2025\41\depth\14.18.01.558.png
3628,330414,3.25,20.02.2025,41,20.02.2025\41\rgb\14.18.01.666.png,20.02.2025\41\depth\14.18.01.666.png
3629,330414,3.25,20.02.2025,41,20.02.2025\41\rgb\14.18.01.766.png,20.02.2025\41\depth\14.18.01.766.png
3630,330414,3.25,20.02.2025,41,20.02.2025\41\rgb\14.18.01.855.png,20.02.2025\41\depth\14.18.01.855.png
3631,330414,3.25,20.02.2025,41,20.02.2025\41\rgb\14.18.01.959.png,20.02.2025\41\depth\14.18.01.959.png
3632,330414,3.25,20.02.2025,41,20.02.2025\41\rgb\14.18.02.051.png,20.02.2025\41\depth\14.18.02.051.png
3633,330414,3.25,20.02.2025,41,20.02.2025\41\rgb\14.18.02.150.png,20.02.2025\41\depth\14.18.02.150.png
3634,330414,3.25,20.02.2025,41,20.02.2025\41\rgb\14.18.02.240.png,20.02.2025\41\depth\14.18.02.240.png
3635,330414,3.25,20.02.2025,41,20.02.2025\41\rgb\14.18.02.327.png,20.02.2025\41\depth\14.18.02.327.png
3636,330414,3.25,20.02.2025,41,20.02.2025\41\rgb\14.18.02.422.png,20.02.2025\41\depth\14.18.02.422.png
3637,330414,3.25,20.02.2025,41,20.02.2025\41\rgb\14.18.02.513.png,20.02.2025\41\depth\14.18.02.513.png
3638,330414,3.25,20.02.2025,41,20.02.2025\41\rgb\14.18.02.616.png,20.02.2025\41\depth\14.18.02.616.png
3639,330414,3.25,20.02.2025,41,20.02.2025\41\rgb\14.18.02.712.png,20.02.2025\41\depth\14.18.02.712.png
3640,330414,3.25,20.02.2025,41,20.02.2025\41\rgb\14.18.02.805.png,20.02.2025\41\depth\14.18.02.805.png
3641,1910,3.5,20.02.2025,42,20.02.2025\42\rgb\14.18.21.431.png,20.02.2025\42\depth\14.18.21.431.png
3642,1910,3.5,20.02.2025,42,20.02.2025\42\rgb\14.18.21.530.png,20.02.2025\42\depth\14.18.21.530.png
3643,1910,3.5,20.02.2025,42,20.02.2025\42\rgb\14.18.21.622.png,20.02.2025\42\depth\14.18.21.622.png
3644,1910,3.5,20.02.2025,42,20.02.2025\42\rgb\14.18.21.717.png,20.02.2025\42\depth\14.18.21.717.png
3645,1910,3.5,20.02.2025,42,20.02.2025\42\rgb\14.18.21.807.png,20.02.2025\42\depth\14.18.21.807.png
3646,1910,3.5,20.02.2025,42,20.02.2025\42\rgb\14.18.21.897.png,20.02.2025\42\depth\14.18.21.897.png
3647,1910,3.5,20.02.2025,42,20.02.2025\42\rgb\14.18.21.991.png,20.02.2025\42\depth\14.18.21.991.png
3648,1910,3.5,20.02.2025,42,20.02.2025\42\rgb\14.18.22.087.png,20.02.2025\42\depth\14.18.22.087.png
3649,1910,3.5,20.02.2025,42,20.02.2025\42\rgb\14.18.22.175.png,20.02.2025\42\depth\14.18.22.175.png
3650,1910,3.5,20.02.2025,42,20.02.2025\42\rgb\14.18.22.269.png,20.02.2025\42\depth\14.18.22.269.png
3651,1910,3.5,20.02.2025,42,20.02.2025\42\rgb\14.18.22.362.png,20.02.2025\42\depth\14.18.22.362.png
3652,1910,3.5,20.02.2025,42,20.02.2025\42\rgb\14.18.22.454.png,20.02.2025\42\depth\14.18.22.454.png
3653,1910,3.5,20.02.2025,42,20.02.2025\42\rgb\14.18.22.546.png,20.02.2025\42\depth\14.18.22.546.png
3654,1910,3.5,20.02.2025,42,20.02.2025\42\rgb\14.18.22.639.png,20.02.2025\42\depth\14.18.22.639.png
3655,1910,3.5,20.02.2025,42,20.02.2025\42\rgb\14.18.22.737.png,20.02.2025\42\depth\14.18.22.737.png
3656,1910,3.5,20.02.2025,42,20.02.2025\42\rgb\14.18.22.826.png,20.02.2025\42\depth\14.18.22.826.png
3657,1910,3.5,20.02.2025,42,20.02.2025\42\rgb\14.18.22.918.png,20.02.2025\42\depth\14.18.22.918.png
3658,1910,3.5,20.02.2025,42,20.02.2025\42\rgb\14.18.23.010.png,20.02.2025\42\depth\14.18.23.010.png
3659,1910,3.5,20.02.2025,42,20.02.2025\42\rgb\14.18.23.102.png,20.02.2025\42\depth\14.18.23.102.png
3660,1910,3.5,20.02.2025,42,20.02.2025\42\rgb\14.18.23.196.png,20.02.2025\42\depth\14.18.23.196.png
3661,7038,3.5,20.02.2025,43,20.02.2025\43\rgb\14.18.32.159.png,20.02.2025\43\depth\14.18.32.159.png
3662,7038,3.5,20.02.2025,43,20.02.2025\43\rgb\14.18.32.250.png,20.02.2025\43\depth\14.18.32.250.png
3663,7038,3.5,20.02.2025,43,20.02.2025\43\rgb\14.18.32.351.png,20.02.2025\43\depth\14.18.32.351.png
3664,7038,3.5,20.02.2025,43,20.02.2025\43\rgb\14.18.32.437.png,20.02.2025\43\depth\14.18.32.437.png
3665,7038,3.5,20.02.2025,43,20.02.2025\43\rgb\14.18.32.531.png,20.02.2025\43\depth\14.18.32.531.png
3666,7038,3.5,20.02.2025,43,20.02.2025\43\rgb\14.18.32.622.png,20.02.2025\43\depth\14.18.32.622.png
3667,7038,3.5,20.02.2025,43,20.02.2025\43\rgb\14.18.32.715.png,20.02.2025\43\depth\14.18.32.715.png
3668,7038,3.5,20.02.2025,43,20.02.2025\43\rgb\14.18.32.816.png,20.02.2025\43\depth\14.18.32.816.png
3669,7038,3.5,20.02.2025,43,20.02.2025\43\rgb\14.18.32.917.png,20.02.2025\43\depth\14.18.32.917.png
3670,7038,3.5,20.02.2025,43,20.02.2025\43\rgb\14.18.33.022.png,20.02.2025\43\depth\14.18.33.022.png
3671,7038,3.5,20.02.2025,43,20.02.2025\43\rgb\14.18.33.117.png,20.02.2025\43\depth\14.18.33.117.png
3672,7038,3.5,20.02.2025,43,20.02.2025\43\rgb\14.18.33.209.png,20.02.2025\43\depth\14.18.33.209.png
3673,7038,3.5,20.02.2025,43,20.02.2025\43\rgb\14.18.33.297.png,20.02.2025\43\depth\14.18.33.297.png
3674,7038,3.5,20.02.2025,43,20.02.2025\43\rgb\14.18.33.390.png,20.02.2025\43\depth\14.18.33.390.png
3675,7038,3.5,20.02.2025,43,20.02.2025\43\rgb\14.18.33.484.png,20.02.2025\43\depth\14.18.33.484.png
3676,7038,3.5,20.02.2025,43,20.02.2025\43\rgb\14.18.33.575.png,20.02.2025\43\depth\14.18.33.575.png
3677,7038,3.5,20.02.2025,43,20.02.2025\43\rgb\14.18.33.667.png,20.02.2025\43\depth\14.18.33.667.png
3678,7038,3.5,20.02.2025,43,20.02.2025\43\rgb\14.18.33.771.png,20.02.2025\43\depth\14.18.33.771.png
3679,7038,3.5,20.02.2025,43,20.02.2025\43\rgb\14.18.33.863.png,20.02.2025\43\depth\14.18.33.863.png
3680,7038,3.5,20.02.2025,43,20.02.2025\43\rgb\14.18.33.956.png,20.02.2025\43\depth\14.18.33.956.png
3681,834118,3.5,20.02.2025,44,20.02.2025\44\rgb\14.18.48.557.png,20.02.2025\44\depth\14.18.48.557.png
3682,834118,3.5,20.02.2025,44,20.02.2025\44\rgb\14.18.48.656.png,20.02.2025\44\depth\14.18.48.656.png
3683,834118,3.5,20.02.2025,44,20.02.2025\44\rgb\14.18.48.748.png,20.02.2025\44\depth\14.18.48.748.png
3684,834118,3.5,20.02.2025,44,20.02.2025\44\rgb\14.18.48.847.png,20.02.2025\44\depth\14.18.48.847.png
3685,834118,3.5,20.02.2025,44,20.02.2025\44\rgb\14.18.48.936.png,20.02.2025\44\depth\14.18.48.936.png
3686,834118,3.5,20.02.2025,44,20.02.2025\44\rgb\14.18.49.024.png,20.02.2025\44\depth\14.18.49.024.png
3687,834118,3.5,20.02.2025,44,20.02.2025\44\rgb\14.18.49.117.png,20.02.2025\44\depth\14.18.49.117.png
3688,834118,3.5,20.02.2025,44,20.02.2025\44\rgb\14.18.49.213.png,20.02.2025\44\depth\14.18.49.213.png
3689,834118,3.5,20.02.2025,44,20.02.2025\44\rgb\14.18.49.305.png,20.02.2025\44\depth\14.18.49.305.png
3690,834118,3.5,20.02.2025,44,20.02.2025\44\rgb\14.18.49.395.png,20.02.2025\44\depth\14.18.49.395.png
3691,834118,3.5,20.02.2025,44,20.02.2025\44\rgb\14.18.49.489.png,20.02.2025\44\depth\14.18.49.489.png
3692,834118,3.5,20.02.2025,44,20.02.2025\44\rgb\14.18.49.585.png,20.02.2025\44\depth\14.18.49.585.png
3693,834118,3.5,20.02.2025,44,20.02.2025\44\rgb\14.18.49.678.png,20.02.2025\44\depth\14.18.49.678.png
3694,834118,3.5,20.02.2025,44,20.02.2025\44\rgb\14.18.49.770.png,20.02.2025\44\depth\14.18.49.770.png
3695,834118,3.5,20.02.2025,44,20.02.2025\44\rgb\14.18.49.868.png,20.02.2025\44\depth\14.18.49.868.png
3696,834118,3.5,20.02.2025,44,20.02.2025\44\rgb\14.18.49.954.png,20.02.2025\44\depth\14.18.49.954.png
3697,834118,3.5,20.02.2025,44,20.02.2025\44\rgb\14.18.50.048.png,20.02.2025\44\depth\14.18.50.048.png
3698,834118,3.5,20.02.2025,44,20.02.2025\44\rgb\14.18.50.139.png,20.02.2025\44\depth\14.18.50.139.png
3699,834118,3.5,20.02.2025,44,20.02.2025\44\rgb\14.18.50.230.png,20.02.2025\44\depth\14.18.50.230.png
3700,834118,3.5,20.02.2025,44,20.02.2025\44\rgb\14.18.50.322.png,20.02.2025\44\depth\14.18.50.322.png
3701,7480,3.25,20.02.2025,45,20.02.2025\45\rgb\14.19.07.436.png,20.02.2025\45\depth\14.19.07.436.png
3702,7480,3.25,20.02.2025,45,20.02.2025\45\rgb\14.19.07.530.png,20.02.2025\45\depth\14.19.07.530.png
3703,7480,3.25,20.02.2025,45,20.02.2025\45\rgb\14.19.07.620.png,20.02.2025\45\depth\14.19.07.620.png
3704,7480,3.25,20.02.2025,45,20.02.2025\45\rgb\14.19.07.711.png,20.02.2025\45\depth\14.19.07.711.png
3705,7480,3.25,20.02.2025,45,20.02.2025\45\rgb\14.19.07.804.png,20.02.2025\45\depth\14.19.07.804.png
3706,7480,3.25,20.02.2025,45,20.02.2025\45\rgb\14.19.07.898.png,20.02.2025\45\depth\14.19.07.898.png
3707,7480,3.25,20.02.2025,45,20.02.2025\45\rgb\14.19.07.994.png,20.02.2025\45\depth\14.19.07.994.png
3708,7480,3.25,20.02.2025,45,20.02.2025\45\rgb\14.19.08.083.png,20.02.2025\45\depth\14.19.08.083.png
3709,7480,3.25,20.02.2025,45,20.02.2025\45\rgb\14.19.08.172.png,20.02.2025\45\depth\14.19.08.172.png
3710,7480,3.25,20.02.2025,45,20.02.2025\45\rgb\14.19.08.267.png,20.02.2025\45\depth\14.19.08.267.png
3711,7480,3.25,20.02.2025,45,20.02.2025\45\rgb\14.19.08.359.png,20.02.2025\45\depth\14.19.08.359.png
3712,7480,3.25,20.02.2025,45,20.02.2025\45\rgb\14.19.08.459.png,20.02.2025\45\depth\14.19.08.459.png
3713,7480,3.25,20.02.2025,45,20.02.2025\45\rgb\14.19.08.545.png,20.02.2025\45\depth\14.19.08.545.png
3714,7480,3.25,20.02.2025,45,20.02.2025\45\rgb\14.19.08.636.png,20.02.2025\45\depth\14.19.08.636.png
3715,7480,3.25,20.02.2025,45,20.02.2025\45\rgb\14.19.08.726.png,20.02.2025\45\depth\14.19.08.726.png
3716,7480,3.25,20.02.2025,45,20.02.2025\45\rgb\14.19.08.821.png,20.02.2025\45\depth\14.19.08.821.png
3717,7480,3.25,20.02.2025,45,20.02.2025\45\rgb\14.19.08.915.png,20.02.2025\45\depth\14.19.08.915.png
3718,7480,3.25,20.02.2025,45,20.02.2025\45\rgb\14.19.09.008.png,20.02.2025\45\depth\14.19.09.008.png
3719,7480,3.25,20.02.2025,45,20.02.2025\45\rgb\14.19.09.097.png,20.02.2025\45\depth\14.19.09.097.png
3720,7480,3.25,20.02.2025,45,20.02.2025\45\rgb\14.19.09.190.png,20.02.2025\45\depth\14.19.09.190.png
3721,930206,3.25,20.02.2025,46,20.02.2025\46\rgb\14.19.25.059.png,20.02.2025\46\depth\14.19.25.059.png
3722,930206,3.25,20.02.2025,46,20.02.2025\46\rgb\14.19.25.151.png,20.02.2025\46\depth\14.19.25.151.png
3723,930206,3.25,20.02.2025,46,20.02.2025\46\rgb\14.19.25.245.png,20.02.2025\46\depth\14.19.25.245.png
3724,930206,3.25,20.02.2025,46,20.02.2025\46\rgb\14.19.25.338.png,20.02.2025\46\depth\14.19.25.338.png
3725,930206,3.25,20.02.2025,46,20.02.2025\46\rgb\14.19.25.429.png,20.02.2025\46\depth\14.19.25.429.png
3726,930206,3.25,20.02.2025,46,20.02.2025\46\rgb\14.19.25.526.png,20.02.2025\46\depth\14.19.25.526.png
3727,930206,3.25,20.02.2025,46,20.02.2025\46\rgb\14.19.25.629.png,20.02.2025\46\depth\14.19.25.629.png
3728,930206,3.25,20.02.2025,46,20.02.2025\46\rgb\14.19.25.720.png,20.02.2025\46\depth\14.19.25.720.png
3729,930206,3.25,20.02.2025,46,20.02.2025\46\rgb\14.19.25.816.png,20.02.2025\46\depth\14.19.25.816.png
3730,930206,3.25,20.02.2025,46,20.02.2025\46\rgb\14.19.25.904.png,20.02.2025\46\depth\14.19.25.904.png
3731,930206,3.25,20.02.2025,46,20.02.2025\46\rgb\14.19.26.002.png,20.02.2025\46\depth\14.19.26.002.png
3732,930206,3.25,20.02.2025,46,20.02.2025\46\rgb\14.19.26.087.png,20.02.2025\46\depth\14.19.26.087.png
3733,930206,3.25,20.02.2025,46,20.02.2025\46\rgb\14.19.26.177.png,20.02.2025\46\depth\14.19.26.177.png
3734,930206,3.25,20.02.2025,46,20.02.2025\46\rgb\14.19.26.269.png,20.02.2025\46\depth\14.19.26.269.png
3735,930206,3.25,20.02.2025,46,20.02.2025\46\rgb\14.19.26.359.png,20.02.2025\46\depth\14.19.26.359.png
3736,930206,3.25,20.02.2025,46,20.02.2025\46\rgb\14.19.26.445.png,20.02.2025\46\depth\14.19.26.445.png
3737,930206,3.25,20.02.2025,46,20.02.2025\46\rgb\14.19.26.530.png,20.02.2025\46\depth\14.19.26.530.png
3738,930206,3.25,20.02.2025,46,20.02.2025\46\rgb\14.19.26.622.png,20.02.2025\46\depth\14.19.26.622.png
3739,930206,3.25,20.02.2025,46,20.02.2025\46\rgb\14.19.26.719.png,20.02.2025\46\depth\14.19.26.719.png
3740,930206,3.25,20.02.2025,46,20.02.2025\46\rgb\14.19.26.807.png,20.02.2025\46\depth\14.19.26.807.png
3741,7622,3.25,20.02.2025,47,20.02.2025\47\rgb\14.19.42.367.png,20.02.2025\47\depth\14.19.42.367.png
3742,7622,3.25,20.02.2025,47,20.02.2025\47\rgb\14.19.42.461.png,20.02.2025\47\depth\14.19.42.461.png
3743,7622,3.25,20.02.2025,47,20.02.2025\47\rgb\14.19.42.570.png,20.02.2025\47\depth\14.19.42.570.png
3744,7622,3.25,20.02.2025,47,20.02.2025\47\rgb\14.19.42.666.png,20.02.2025\47\depth\14.19.42.666.png
3745,7622,3.25,20.02.2025,47,20.02.2025\47\rgb\14.19.42.757.png,20.02.2025\47\depth\14.19.42.757.png
3746,7622,3.25,20.02.2025,47,20.02.2025\47\rgb\14.19.42.851.png,20.02.2025\47\depth\14.19.42.851.png
3747,7622,3.25,20.02.2025,47,20.02.2025\47\rgb\14.19.42.945.png,20.02.2025\47\depth\14.19.42.945.png
3748,7622,3.25,20.02.2025,47,20.02.2025\47\rgb\14.19.43.048.png,20.02.2025\47\depth\14.19.43.048.png
3749,7622,3.25,20.02.2025,47,20.02.2025\47\rgb\14.19.43.145.png,20.02.2025\47\depth\14.19.43.145.png
3750,7622,3.25,20.02.2025,47,20.02.2025\47\rgb\14.19.43.235.png,20.02.2025\47\depth\14.19.43.235.png
3751,7622,3.25,20.02.2025,47,20.02.2025\47\rgb\14.19.43.325.png,20.02.2025\47\depth\14.19.43.325.png
3752,7622,3.25,20.02.2025,47,20.02.2025\47\rgb\14.19.43.421.png,20.02.2025\47\depth\14.19.43.421.png
3753,7622,3.25,20.02.2025,47,20.02.2025\47\rgb\14.19.43.526.png,20.02.2025\47\depth\14.19.43.526.png
3754,7622,3.25,20.02.2025,47,20.02.2025\47\rgb\14.19.43.620.png,20.02.2025\47\depth\14.19.43.620.png
3755,7622,3.25,20.02.2025,47,20.02.2025\47\rgb\14.19.43.713.png,20.02.2025\47\depth\14.19.43.713.png
3756,7622,3.25,20.02.2025,47,20.02.2025\47\rgb\14.19.43.805.png,20.02.2025\47\depth\14.19.43.805.png
3757,7622,3.25,20.02.2025,47,20.02.2025\47\rgb\14.19.43.898.png,20.02.2025\47\depth\14.19.43.898.png
3758,7622,3.25,20.02.2025,47,20.02.2025\47\rgb\14.19.44.002.png,20.02.2025\47\depth\14.19.44.002.png
3759,7622,3.25,20.02.2025,47,20.02.2025\47\rgb\14.19.44.099.png,20.02.2025\47\depth\14.19.44.099.png
3760,7622,3.25,20.02.2025,47,20.02.2025\47\rgb\14.19.44.190.png,20.02.2025\47\depth\14.19.44.190.png
3761,6768,3.25,20.02.2025,48,20.02.2025\48\rgb\14.19.57.352.png,20.02.2025\48\depth\14.19.57.352.png
3762,6768,3.25,20.02.2025,48,20.02.2025\48\rgb\14.19.57.443.png,20.02.2025\48\depth\14.19.57.443.png
3763,6768,3.25,20.02.2025,48,20.02.2025\48\rgb\14.19.57.534.png,20.02.2025\48\depth\14.19.57.534.png
3764,6768,3.25,20.02.2025,48,20.02.2025\48\rgb\14.19.57.625.png,20.02.2025\48\depth\14.19.57.625.png
3765,6768,3.25,20.02.2025,48,20.02.2025\48\rgb\14.19.57.725.png,20.02.2025\48\depth\14.19.57.725.png
3766,6768,3.25,20.02.2025,48,20.02.2025\48\rgb\14.19.57.816.png,20.02.2025\48\depth\14.19.57.816.png
3767,6768,3.25,20.02.2025,48,20.02.2025\48\rgb\14.19.57.905.png,20.02.2025\48\depth\14.19.57.905.png
3768,6768,3.25,20.02.2025,48,20.02.2025\48\rgb\14.19.57.999.png,20.02.2025\48\depth\14.19.57.999.png
3769,6768,3.25,20.02.2025,48,20.02.2025\48\rgb\14.19.58.093.png,20.02.2025\48\depth\14.19.58.093.png
3770,6768,3.25,20.02.2025,48,20.02.2025\48\rgb\14.19.58.190.png,20.02.2025\48\depth\14.19.58.190.png
3771,6768,3.25,20.02.2025,48,20.02.2025\48\rgb\14.19.58.275.png,20.02.2025\48\depth\14.19.58.275.png
3772,6768,3.25,20.02.2025,48,20.02.2025\48\rgb\14.19.58.368.png,20.02.2025\48\depth\14.19.58.368.png
3773,6768,3.25,20.02.2025,48,20.02.2025\48\rgb\14.19.58.463.png,20.02.2025\48\depth\14.19.58.463.png
3774,6768,3.25,20.02.2025,48,20.02.2025\48\rgb\14.19.58.555.png,20.02.2025\48\depth\14.19.58.555.png
3775,6768,3.25,20.02.2025,48,20.02.2025\48\rgb\14.19.58.650.png,20.02.2025\48\depth\14.19.58.650.png
3776,6768,3.25,20.02.2025,48,20.02.2025\48\rgb\14.19.58.754.png,20.02.2025\48\depth\14.19.58.754.png
3777,6768,3.25,20.02.2025,48,20.02.2025\48\rgb\14.19.58.848.png,20.02.2025\48\depth\14.19.58.848.png
3778,6768,3.25,20.02.2025,48,20.02.2025\48\rgb\14.19.58.942.png,20.02.2025\48\depth\14.19.58.942.png
3779,6768,3.25,20.02.2025,48,20.02.2025\48\rgb\14.19.59.032.png,20.02.2025\48\depth\14.19.59.032.png
3780,6768,3.25,20.02.2025,48,20.02.2025\48\rgb\14.19.59.129.png,20.02.2025\48\depth\14.19.59.129.png
3781,101221,3.5,20.02.2025,49,20.02.2025\49\rgb\14.20.15.037.png,20.02.2025\49\depth\14.20.15.037.png
3782,101221,3.5,20.02.2025,49,20.02.2025\49\rgb\14.20.15.124.png,20.02.2025\49\depth\14.20.15.124.png
3783,101221,3.5,20.02.2025,49,20.02.2025\49\rgb\14.20.15.218.png,20.02.2025\49\depth\14.20.15.218.png
3784,101221,3.5,20.02.2025,49,20.02.2025\49\rgb\14.20.15.313.png,20.02.2025\49\depth\14.20.15.313.png
3785,101221,3.5,20.02.2025,49,20.02.2025\49\rgb\14.20.15.404.png,20.02.2025\49\depth\14.20.15.404.png
3786,101221,3.5,20.02.2025,49,20.02.2025\49\rgb\14.20.15.498.png,20.02.2025\49\depth\14.20.15.498.png
3787,101221,3.5,20.02.2025,49,20.02.2025\49\rgb\14.20.15.590.png,20.02.2025\49\depth\14.20.15.590.png
3788,101221,3.5,20.02.2025,49,20.02.2025\49\rgb\14.20.15.684.png,20.02.2025\49\depth\14.20.15.684.png
3789,101221,3.5,20.02.2025,49,20.02.2025\49\rgb\14.20.15.782.png,20.02.2025\49\depth\14.20.15.782.png
3790,101221,3.5,20.02.2025,49,20.02.2025\49\rgb\14.20.15.869.png,20.02.2025\49\depth\14.20.15.869.png
3791,101221,3.5,20.02.2025,49,20.02.2025\49\rgb\14.20.15.962.png,20.02.2025\49\depth\14.20.15.962.png
3792,101221,3.5,20.02.2025,49,20.02.2025\49\rgb\14.20.16.053.png,20.02.2025\49\depth\14.20.16.053.png
3793,101221,3.5,20.02.2025,49,20.02.2025\49\rgb\14.20.16.148.png,20.02.2025\49\depth\14.20.16.148.png
3794,101221,3.5,20.02.2025,49,20.02.2025\49\rgb\14.20.16.249.png,20.02.2025\49\depth\14.20.16.249.png
3795,101221,3.5,20.02.2025,49,20.02.2025\49\rgb\14.20.16.349.png,20.02.2025\49\depth\14.20.16.349.png
3796,101221,3.5,20.02.2025,49,20.02.2025\49\rgb\14.20.16.438.png,20.02.2025\49\depth\14.20.16.438.png
3797,101221,3.5,20.02.2025,49,20.02.2025\49\rgb\14.20.16.523.png,20.02.2025\49\depth\14.20.16.523.png
3798,101221,3.5,20.02.2025,49,20.02.2025\49\rgb\14.20.16.615.png,20.02.2025\49\depth\14.20.16.615.png
3799,101221,3.5,20.02.2025,49,20.02.2025\49\rgb\14.20.16.716.png,20.02.2025\49\depth\14.20.16.716.png
3800,101221,3.5,20.02.2025,49,20.02.2025\49\rgb\14.20.16.806.png,20.02.2025\49\depth\14.20.16.806.png
3801,6969,3.25,20.02.2025,50,20.02.2025\50\rgb\14.20.31.025.png,20.02.2025\50\depth\14.20.31.025.png
3802,6969,3.25,20.02.2025,50,20.02.2025\50\rgb\14.20.31.125.png,20.02.2025\50\depth\14.20.31.125.png
3803,6969,3.25,20.02.2025,50,20.02.2025\50\rgb\14.20.31.218.png,20.02.2025\50\depth\14.20.31.218.png
3804,6969,3.25,20.02.2025,50,20.02.2025\50\rgb\14.20.31.317.png,20.02.2025\50\depth\14.20.31.317.png
3805,6969,3.25,20.02.2025,50,20.02.2025\50\rgb\14.20.31.418.png,20.02.2025\50\depth\14.20.31.418.png
3806,6969,3.25,20.02.2025,50,20.02.2025\50\rgb\14.20.31.511.png,20.02.2025\50\depth\14.20.31.511.png
3807,6969,3.25,20.02.2025,50,20.02.2025\50\rgb\14.20.31.598.png,20.02.2025\50\depth\14.20.31.598.png
3808,6969,3.25,20.02.2025,50,20.02.2025\50\rgb\14.20.31.695.png,20.02.2025\50\depth\14.20.31.695.png
3809,6969,3.25,20.02.2025,50,20.02.2025\50\rgb\14.20.31.789.png,20.02.2025\50\depth\14.20.31.789.png
3810,6969,3.25,20.02.2025,50,20.02.2025\50\rgb\14.20.31.881.png,20.02.2025\50\depth\14.20.31.881.png
3811,6969,3.25,20.02.2025,50,20.02.2025\50\rgb\14.20.31.973.png,20.02.2025\50\depth\14.20.31.973.png
3812,6969,3.25,20.02.2025,50,20.02.2025\50\rgb\14.20.32.066.png,20.02.2025\50\depth\14.20.32.066.png
3813,6969,3.25,20.02.2025,50,20.02.2025\50\rgb\14.20.32.163.png,20.02.2025\50\depth\14.20.32.163.png
3814,6969,3.25,20.02.2025,50,20.02.2025\50\rgb\14.20.32.250.png,20.02.2025\50\depth\14.20.32.250.png
3815,6969,3.25,20.02.2025,50,20.02.2025\50\rgb\14.20.32.344.png,20.02.2025\50\depth\14.20.32.344.png
3816,6969,3.25,20.02.2025,50,20.02.2025\50\rgb\14.20.32.436.png,20.02.2025\50\depth\14.20.32.436.png
3817,6969,3.25,20.02.2025,50,20.02.2025\50\rgb\14.20.32.526.png,20.02.2025\50\depth\14.20.32.526.png
3818,6969,3.25,20.02.2025,50,20.02.2025\50\rgb\14.20.32.626.png,20.02.2025\50\depth\14.20.32.626.png
3819,6969,3.25,20.02.2025,50,20.02.2025\50\rgb\14.20.32.716.png,20.02.2025\50\depth\14.20.32.716.png
3820,6969,3.25,20.02.2025,50,20.02.2025\50\rgb\14.20.32.805.png,20.02.2025\50\depth\14.20.32.805.png
3821,230410,3.25,20.02.2025,51,20.02.2025\51\rgb\14.20.47.702.png,20.02.2025\51\depth\14.20.47.702.png
3822,230410,3.25,20.02.2025,51,20.02.2025\51\rgb\14.20.47.799.png,20.02.2025\51\depth\14.20.47.799.png
3823,230410,3.25,20.02.2025,51,20.02.2025\51\rgb\14.20.47.888.png,20.02.2025\51\depth\14.20.47.888.png
3824,230410,3.25,20.02.2025,51,20.02.2025\51\rgb\14.20.47.982.png,20.02.2025\51\depth\14.20.47.982.png
3825,230410,3.25,20.02.2025,51,20.02.2025\51\rgb\14.20.48.075.png,20.02.2025\51\depth\14.20.48.075.png
3826,230410,3.25,20.02.2025,51,20.02.2025\51\rgb\14.20.48.167.png,20.02.2025\51\depth\14.20.48.167.png
3827,230410,3.25,20.02.2025,51,20.02.2025\51\rgb\14.20.48.256.png,20.02.2025\51\depth\14.20.48.256.png
3828,230410,3.25,20.02.2025,51,20.02.2025\51\rgb\14.20.48.350.png,20.02.2025\51\depth\14.20.48.350.png
3829,230410,3.25,20.02.2025,51,20.02.2025\51\rgb\14.20.48.444.png,20.02.2025\51\depth\14.20.48.444.png
3830,230410,3.25,20.02.2025,51,20.02.2025\51\rgb\14.20.48.536.png,20.02.2025\51\depth\14.20.48.536.png
3831,230410,3.25,20.02.2025,51,20.02.2025\51\rgb\14.20.48.628.png,20.02.2025\51\depth\14.20.48.628.png
3832,230410,3.25,20.02.2025,51,20.02.2025\51\rgb\14.20.48.728.png,20.02.2025\51\depth\14.20.48.728.png
3833,230410,3.25,20.02.2025,51,20.02.2025\51\rgb\14.20.48.816.png,20.02.2025\51\depth\14.20.48.816.png
3834,230410,3.25,20.02.2025,51,20.02.2025\51\rgb\14.20.48.908.png,20.02.2025\51\depth\14.20.48.908.png
3835,230410,3.25,20.02.2025,51,20.02.2025\51\rgb\14.20.49.003.png,20.02.2025\51\depth\14.20.49.003.png
3836,230410,3.25,20.02.2025,51,20.02.2025\51\rgb\14.20.49.091.png,20.02.2025\51\depth\14.20.49.091.png
3837,230410,3.25,20.02.2025,51,20.02.2025\51\rgb\14.20.49.190.png,20.02.2025\51\depth\14.20.49.190.png
3838,230410,3.25,20.02.2025,51,20.02.2025\51\rgb\14.20.49.278.png,20.02.2025\51\depth\14.20.49.278.png
3839,230410,3.25,20.02.2025,51,20.02.2025\51\rgb\14.20.49.372.png,20.02.2025\51\depth\14.20.49.372.png
3840,230410,3.25,20.02.2025,51,20.02.2025\51\rgb\14.20.49.463.png,20.02.2025\51\depth\14.20.49.463.png
3841,230405,3.25,20.02.2025,52,20.02.2025\52\rgb\14.21.08.824.png,20.02.2025\52\depth\14.21.08.824.png
3842,230405,3.25,20.02.2025,52,20.02.2025\52\rgb\14.21.08.923.png,20.02.2025\52\depth\14.21.08.923.png
3843,230405,3.25,20.02.2025,52,20.02.2025\52\rgb\14.21.09.022.png,20.02.2025\52\depth\14.21.09.022.png
3844,230405,3.25,20.02.2025,52,20.02.2025\52\rgb\14.21.09.110.png,20.02.2025\52\depth\14.21.09.110.png
3845,230405,3.25,20.02.2025,52,20.02.2025\52\rgb\14.21.09.202.png,20.02.2025\52\depth\14.21.09.202.png
3846,230405,3.25,20.02.2025,52,20.02.2025\52\rgb\14.21.09.292.png,20.02.2025\52\depth\14.21.09.292.png
3847,230405,3.25,20.02.2025,52,20.02.2025\52\rgb\14.21.09.387.png,20.02.2025\52\depth\14.21.09.387.png
3848,230405,3.25,20.02.2025,52,20.02.2025\52\rgb\14.21.09.481.png,20.02.2025\52\depth\14.21.09.481.png
3849,230405,3.25,20.02.2025,52,20.02.2025\52\rgb\14.21.09.575.png,20.02.2025\52\depth\14.21.09.575.png
3850,230405,3.25,20.02.2025,52,20.02.2025\52\rgb\14.21.09.669.png,20.02.2025\52\depth\14.21.09.669.png
3851,230405,3.25,20.02.2025,52,20.02.2025\52\rgb\14.21.09.760.png,20.02.2025\52\depth\14.21.09.760.png
3852,230405,3.25,20.02.2025,52,20.02.2025\52\rgb\14.21.09.853.png,20.02.2025\52\depth\14.21.09.853.png
3853,230405,3.25,20.02.2025,52,20.02.2025\52\rgb\14.21.09.947.png,20.02.2025\52\depth\14.21.09.947.png
3854,230405,3.25,20.02.2025,52,20.02.2025\52\rgb\14.21.10.048.png,20.02.2025\52\depth\14.21.10.048.png
3855,230405,3.25,20.02.2025,52,20.02.2025\52\rgb\14.21.10.148.png,20.02.2025\52\depth\14.21.10.148.png
3856,230405,3.25,20.02.2025,52,20.02.2025\52\rgb\14.21.10.241.png,20.02.2025\52\depth\14.21.10.241.png
3857,230405,3.25,20.02.2025,52,20.02.2025\52\rgb\14.21.10.330.png,20.02.2025\52\depth\14.21.10.330.png
3858,230405,3.25,20.02.2025,52,20.02.2025\52\rgb\14.21.10.423.png,20.02.2025\52\depth\14.21.10.423.png
3859,230405,3.25,20.02.2025,52,20.02.2025\52\rgb\14.21.10.521.png,20.02.2025\52\depth\14.21.10.521.png
3860,230405,3.25,20.02.2025,52,20.02.2025\52\rgb\14.21.10.608.png,20.02.2025\52\depth\14.21.10.608.png
3861,7034,3.5,20.02.2025,53,20.02.2025\53\rgb\14.21.25.955.png,20.02.2025\53\depth\14.21.25.955.png
3862,7034,3.5,20.02.2025,53,20.02.2025\53\rgb\14.21.26.047.png,20.02.2025\53\depth\14.21.26.047.png
3863,7034,3.5,20.02.2025,53,20.02.2025\53\rgb\14.21.26.139.png,20.02.2025\53\depth\14.21.26.139.png
3864,7034,3.5,20.02.2025,53,20.02.2025\53\rgb\14.21.26.233.png,20.02.2025\53\depth\14.21.26.233.png
3865,7034,3.5,20.02.2025,53,20.02.2025\53\rgb\14.21.26.326.png,20.02.2025\53\depth\14.21.26.326.png
3866,7034,3.5,20.02.2025,53,20.02.2025\53\rgb\14.21.26.417.png,20.02.2025\53\depth\14.21.26.417.png
3867,7034,3.5,20.02.2025,53,20.02.2025\53\rgb\14.21.26.508.png,20.02.2025\53\depth\14.21.26.508.png
3868,7034,3.5,20.02.2025,53,20.02.2025\53\rgb\14.21.26.601.png,20.02.2025\53\depth\14.21.26.601.png
3869,7034,3.5,20.02.2025,53,20.02.2025\53\rgb\14.21.26.690.png,20.02.2025\53\depth\14.21.26.690.png
3870,7034,3.5,20.02.2025,53,20.02.2025\53\rgb\14.21.26.785.png,20.02.2025\53\depth\14.21.26.785.png
3871,7034,3.5,20.02.2025,53,20.02.2025\53\rgb\14.21.26.879.png,20.02.2025\53\depth\14.21.26.879.png
3872,7034,3.5,20.02.2025,53,20.02.2025\53\rgb\14.21.26.968.png,20.02.2025\53\depth\14.21.26.968.png
3873,7034,3.5,20.02.2025,53,20.02.2025\53\rgb\14.21.27.062.png,20.02.2025\53\depth\14.21.27.062.png
3874,7034,3.5,20.02.2025,53,20.02.2025\53\rgb\14.21.27.161.png,20.02.2025\53\depth\14.21.27.161.png
3875,7034,3.5,20.02.2025,53,20.02.2025\53\rgb\14.21.27.247.png,20.02.2025\53\depth\14.21.27.247.png
3876,7034,3.5,20.02.2025,53,20.02.2025\53\rgb\14.21.27.338.png,20.02.2025\53\depth\14.21.27.338.png
3877,7034,3.5,20.02.2025,53,20.02.2025\53\rgb\14.21.27.429.png,20.02.2025\53\depth\14.21.27.429.png
3878,7034,3.5,20.02.2025,53,20.02.2025\53\rgb\14.21.27.523.png,20.02.2025\53\depth\14.21.27.523.png
3879,7034,3.5,20.02.2025,53,20.02.2025\53\rgb\14.21.27.619.png,20.02.2025\53\depth\14.21.27.619.png
3880,7034,3.5,20.02.2025,53,20.02.2025\53\rgb\14.21.27.710.png,20.02.2025\53\depth\14.21.27.710.png
3881,6937,3.25,20.02.2025,54,20.02.2025\54\rgb\14.21.43.001.png,20.02.2025\54\depth\14.21.43.001.png
3882,6937,3.25,20.02.2025,54,20.02.2025\54\rgb\14.21.43.085.png,20.02.2025\54\depth\14.21.43.085.png
3883,6937,3.25,20.02.2025,54,20.02.2025\54\rgb\14.21.43.179.png,20.02.2025\54\depth\14.21.43.179.png
3884,6937,3.25,20.02.2025,54,20.02.2025\54\rgb\14.21.43.268.png,20.02.2025\54\depth\14.21.43.268.png
3885,6937,3.25,20.02.2025,54,20.02.2025\54\rgb\14.21.43.362.png,20.02.2025\54\depth\14.21.43.362.png
3886,6937,3.25,20.02.2025,54,20.02.2025\54\rgb\14.21.43.453.png,20.02.2025\54\depth\14.21.43.453.png
3887,6937,3.25,20.02.2025,54,20.02.2025\54\rgb\14.21.43.554.png,20.02.2025\54\depth\14.21.43.554.png
3888,6937,3.25,20.02.2025,54,20.02.2025\54\rgb\14.21.43.638.png,20.02.2025\54\depth\14.21.43.638.png
3889,6937,3.25,20.02.2025,54,20.02.2025\54\rgb\14.21.43.730.png,20.02.2025\54\depth\14.21.43.730.png
3890,6937,3.25,20.02.2025,54,20.02.2025\54\rgb\14.21.43.823.png,20.02.2025\54\depth\14.21.43.823.png
3891,6937,3.25,20.02.2025,54,20.02.2025\54\rgb\14.21.43.917.png,20.02.2025\54\depth\14.21.43.917.png
3892,6937,3.25,20.02.2025,54,20.02.2025\54\rgb\14.21.44.011.png,20.02.2025\54\depth\14.21.44.011.png
3893,6937,3.25,20.02.2025,54,20.02.2025\54\rgb\14.21.44.103.png,20.02.2025\54\depth\14.21.44.103.png
3894,6937,3.25,20.02.2025,54,20.02.2025\54\rgb\14.21.44.194.png,20.02.2025\54\depth\14.21.44.194.png
3895,6937,3.25,20.02.2025,54,20.02.2025\54\rgb\14.21.44.288.png,20.02.2025\54\depth\14.21.44.288.png
3896,6937,3.25,20.02.2025,54,20.02.2025\54\rgb\14.21.44.384.png,20.02.2025\54\depth\14.21.44.384.png
3897,6937,3.25,20.02.2025,54,20.02.2025\54\rgb\14.21.44.481.png,20.02.2025\54\depth\14.21.44.481.png
3898,6937,3.25,20.02.2025,54,20.02.2025\54\rgb\14.21.44.582.png,20.02.2025\54\depth\14.21.44.582.png
3899,6937,3.25,20.02.2025,54,20.02.2025\54\rgb\14.21.44.675.png,20.02.2025\54\depth\14.21.44.675.png
3900,6937,3.25,20.02.2025,54,20.02.2025\54\rgb\14.21.44.766.png,20.02.2025\54\depth\14.21.44.766.png
3901,6918,3.25,20.02.2025,55,20.02.2025\55\rgb\14.21.58.846.png,20.02.2025\55\depth\14.21.58.846.png
3902,6918,3.25,20.02.2025,55,20.02.2025\55\rgb\14.21.58.937.png,20.02.2025\55\depth\14.21.58.937.png
3903,6918,3.25,20.02.2025,55,20.02.2025\55\rgb\14.21.59.032.png,20.02.2025\55\depth\14.21.59.032.png
3904,6918,3.25,20.02.2025,55,20.02.2025\55\rgb\14.21.59.124.png,20.02.2025\55\depth\14.21.59.124.png
3905,6918,3.25,20.02.2025,55,20.02.2025\55\rgb\14.21.59.213.png,20.02.2025\55\depth\14.21.59.213.png
3906,6918,3.25,20.02.2025,55,20.02.2025\55\rgb\14.21.59.309.png,20.02.2025\55\depth\14.21.59.309.png
3907,6918,3.25,20.02.2025,55,20.02.2025\55\rgb\14.21.59.397.png,20.02.2025\55\depth\14.21.59.397.png
3908,6918,3.25,20.02.2025,55,20.02.2025\55\rgb\14.21.59.490.png,20.02.2025\55\depth\14.21.59.490.png
3909,6918,3.25,20.02.2025,55,20.02.2025\55\rgb\14.21.59.584.png,20.02.2025\55\depth\14.21.59.584.png
3910,6918,3.25,20.02.2025,55,20.02.2025\55\rgb\14.21.59.677.png,20.02.2025\55\depth\14.21.59.677.png
3911,6918,3.25,20.02.2025,55,20.02.2025\55\rgb\14.21.59.767.png,20.02.2025\55\depth\14.21.59.767.png
3912,6918,3.25,20.02.2025,55,20.02.2025\55\rgb\14.21.59.860.png,20.02.2025\55\depth\14.21.59.860.png
3913,6918,3.25,20.02.2025,55,20.02.2025\55\rgb\14.21.59.955.png,20.02.2025\55\depth\14.21.59.955.png
3914,6918,3.25,20.02.2025,55,20.02.2025\55\rgb\14.22.00.050.png,20.02.2025\55\depth\14.22.00.050.png
3915,6918,3.25,20.02.2025,55,20.02.2025\55\rgb\14.22.00.142.png,20.02.2025\55\depth\14.22.00.142.png
3916,6918,3.25,20.02.2025,55,20.02.2025\55\rgb\14.22.00.232.png,20.02.2025\55\depth\14.22.00.232.png
3917,6918,3.25,20.02.2025,55,20.02.2025\55\rgb\14.22.00.325.png,20.02.2025\55\depth\14.22.00.325.png
3918,6918,3.25,20.02.2025,55,20.02.2025\55\rgb\14.22.00.418.png,20.02.2025\55\depth\14.22.00.418.png
3919,6918,3.25,20.02.2025,55,20.02.2025\55\rgb\14.22.00.517.png,20.02.2025\55\depth\14.22.00.517.png
3920,6918,3.25,20.02.2025,55,20.02.2025\55\rgb\14.22.00.618.png,20.02.2025\55\depth\14.22.00.618.png
3921,830407,3.25,20.02.2025,56,20.02.2025\56\rgb\14.22.52.207.png,20.02.2025\56\depth\14.22.52.207.png
3922,830407,3.25,20.02.2025,56,20.02.2025\56\rgb\14.22.52.296.png,20.02.2025\56\depth\14.22.52.296.png
3923,830407,3.25,20.02.2025,56,20.02.2025\56\rgb\14.22.52.389.png,20.02.2025\56\depth\14.22.52.389.png
3924,830407,3.25,20.02.2025,56,20.02.2025\56\rgb\14.22.52.489.png,20.02.2025\56\depth\14.22.52.489.png
3925,830407,3.25,20.02.2025,56,20.02.2025\56\rgb\14.22.52.573.png,20.02.2025\56\depth\14.22.52.573.png
3926,830407,3.25,20.02.2025,56,20.02.2025\56\rgb\14.22.52.665.png,20.02.2025\56\depth\14.22.52.665.png
3927,830407,3.25,20.02.2025,56,20.02.2025\56\rgb\14.22.52.758.png,20.02.2025\56\depth\14.22.52.758.png
3928,830407,3.25,20.02.2025,56,20.02.2025\56\rgb\14.22.52.850.png,20.02.2025\56\depth\14.22.52.850.png
3929,830407,3.25,20.02.2025,56,20.02.2025\56\rgb\14.22.52.941.png,20.02.2025\56\depth\14.22.52.941.png
3930,830407,3.25,20.02.2025,56,20.02.2025\56\rgb\14.22.53.033.png,20.02.2025\56\depth\14.22.53.033.png
3931,830407,3.25,20.02.2025,56,20.02.2025\56\rgb\14.22.53.125.png,20.02.2025\56\depth\14.22.53.125.png
3932,830407,3.25,20.02.2025,56,20.02.2025\56\rgb\14.22.53.219.png,20.02.2025\56\depth\14.22.53.219.png
3933,830407,3.25,20.02.2025,56,20.02.2025\56\rgb\14.22.53.311.png,20.02.2025\56\depth\14.22.53.311.png
3934,830407,3.25,20.02.2025,56,20.02.2025\56\rgb\14.22.53.410.png,20.02.2025\56\depth\14.22.53.410.png
3935,830407,3.25,20.02.2025,56,20.02.2025\56\rgb\14.22.53.509.png,20.02.2025\56\depth\14.22.53.509.png
3936,830407,3.25,20.02.2025,56,20.02.2025\56\rgb\14.22.53.602.png,20.02.2025\56\depth\14.22.53.602.png
3937,830407,3.25,20.02.2025,56,20.02.2025\56\rgb\14.22.53.695.png,20.02.2025\56\depth\14.22.53.695.png
3938,830407,3.25,20.02.2025,56,20.02.2025\56\rgb\14.22.53.788.png,20.02.2025\56\depth\14.22.53.788.png
3939,830407,3.25,20.02.2025,56,20.02.2025\56\rgb\14.22.53.879.png,20.02.2025\56\depth\14.22.53.879.png
3940,830407,3.25,20.02.2025,56,20.02.2025\56\rgb\14.22.53.972.png,20.02.2025\56\depth\14.22.53.972.png
3941,7521,3.0,20.02.2025,57,20.02.2025\57\rgb\14.23.08.430.png,20.02.2025\57\depth\14.23.08.430.png
3942,7521,3.0,20.02.2025,57,20.02.2025\57\rgb\14.23.08.530.png,20.02.2025\57\depth\14.23.08.530.png
3943,7521,3.0,20.02.2025,57,20.02.2025\57\rgb\14.23.08.621.png,20.02.2025\57\depth\14.23.08.621.png
3944,7521,3.0,20.02.2025,57,20.02.2025\57\rgb\14.23.08.712.png,20.02.2025\57\depth\14.23.08.712.png
3945,7521,3.0,20.02.2025,57,20.02.2025\57\rgb\14.23.08.804.png,20.02.2025\57\depth\14.23.08.804.png
3946,7521,3.0,20.02.2025,57,20.02.2025\57\rgb\14.23.08.911.png,20.02.2025\57\depth\14.23.08.911.png
3947,7521,3.0,20.02.2025,57,20.02.2025\57\rgb\14.23.09.008.png,20.02.2025\57\depth\14.23.09.008.png
3948,7521,3.0,20.02.2025,57,20.02.2025\57\rgb\14.23.09.099.png,20.02.2025\57\depth\14.23.09.099.png
3949,7521,3.0,20.02.2025,57,20.02.2025\57\rgb\14.23.09.191.png,20.02.2025\57\depth\14.23.09.191.png
3950,7521,3.0,20.02.2025,57,20.02.2025\57\rgb\14.23.09.280.png,20.02.2025\57\depth\14.23.09.280.png
3951,7521,3.0,20.02.2025,57,20.02.2025\57\rgb\14.23.09.395.png,20.02.2025\57\depth\14.23.09.395.png
3952,7521,3.0,20.02.2025,57,20.02.2025\57\rgb\14.23.09.485.png,20.02.2025\57\depth\14.23.09.485.png
3953,7521,3.0,20.02.2025,57,20.02.2025\57\rgb\14.23.09.576.png,20.02.2025\57\depth\14.23.09.576.png
3954,7521,3.0,20.02.2025,57,20.02.2025\57\rgb\14.23.09.669.png,20.02.2025\57\depth\14.23.09.669.png
3955,7521,3.0,20.02.2025,57,20.02.2025\57\rgb\14.23.09.758.png,20.02.2025\57\depth\14.23.09.758.png
3956,7521,3.0,20.02.2025,57,20.02.2025\57\rgb\14.23.09.869.png,20.02.2025\57\depth\14.23.09.869.png
3957,7521,3.0,20.02.2025,57,20.02.2025\57\rgb\14.23.09.961.png,20.02.2025\57\depth\14.23.09.961.png
3958,7521,3.0,20.02.2025,57,20.02.2025\57\rgb\14.23.10.057.png,20.02.2025\57\depth\14.23.10.057.png
3959,7521,3.0,20.02.2025,57,20.02.2025\57\rgb\14.23.10.150.png,20.02.2025\57\depth\14.23.10.150.png
3960,7521,3.0,20.02.2025,57,20.02.2025\57\rgb\14.23.10.242.png,20.02.2025\57\depth\14.23.10.242.png
3961,7577,3.25,20.02.2025,57,20.02.2025\57\rgb\14.23.08.430.png,20.02.2025\57\depth\14.23.08.430.png
3962,7577,3.25,20.02.2025,57,20.02.2025\57\rgb\14.23.08.530.png,20.02.2025\57\depth\14.23.08.530.png
3963,7577,3.25,20.02.2025,57,20.02.2025\57\rgb\14.23.08.621.png,20.02.2025\57\depth\14.23.08.621.png
3964,7577,3.25,20.02.2025,57,20.02.2025\57\rgb\14.23.08.712.png,20.02.2025\57\depth\14.23.08.712.png
3965,7577,3.25,20.02.2025,57,20.02.2025\57\rgb\14.23.08.804.png,20.02.2025\57\depth\14.23.08.804.png
3966,7577,3.25,20.02.2025,57,20.02.2025\57\rgb\14.23.08.911.png,20.02.2025\57\depth\14.23.08.911.png
3967,7577,3.25,20.02.2025,57,20.02.2025\57\rgb\14.23.09.008.png,20.02.2025\57\depth\14.23.09.008.png
3968,7577,3.25,20.02.2025,57,20.02.2025\57\rgb\14.23.09.099.png,20.02.2025\57\depth\14.23.09.099.png
3969,7577,3.25,20.02.2025,57,20.02.2025\57\rgb\14.23.09.191.png,20.02.2025\57\depth\14.23.09.191.png
3970,7577,3.25,20.02.2025,57,20.02.2025\57\rgb\14.23.09.280.png,20.02.2025\57\depth\14.23.09.280.png
3971,7577,3.25,20.02.2025,57,20.02.2025\57\rgb\14.23.09.395.png,20.02.2025\57\depth\14.23.09.395.png
3972,7577,3.25,20.02.2025,57,20.02.2025\57\rgb\14.23.09.485.png,20.02.2025\57\depth\14.23.09.485.png
3973,7577,3.25,20.02.2025,57,20.02.2025\57\rgb\14.23.09.576.png,20.02.2025\57\depth\14.23.09.576.png
3974,7577,3.25,20.02.2025,57,20.02.2025\57\rgb\14.23.09.669.png,20.02.2025\57\depth\14.23.09.669.png
3975,7577,3.25,20.02.2025,57,20.02.2025\57\rgb\14.23.09.758.png,20.02.2025\57\depth\14.23.09.758.png
3976,7577,3.25,20.02.2025,57,20.02.2025\57\rgb\14.23.09.869.png,20.02.2025\57\depth\14.23.09.869.png
3977,7577,3.25,20.02.2025,57,20.02.2025\57\rgb\14.23.09.961.png,20.02.2025\57\depth\14.23.09.961.png
3978,7577,3.25,20.02.2025,57,20.02.2025\57\rgb\14.23.10.057.png,20.02.2025\57\depth\14.23.10.057.png
3979,7577,3.25,20.02.2025,57,20.02.2025\57\rgb\14.23.10.150.png,20.02.2025\57\depth\14.23.10.150.png
3980,7577,3.25,20.02.2025,57,20.02.2025\57\rgb\14.23.10.242.png,20.02.2025\57\depth\14.23.10.242.png
3981,5010,3.25,20.02.2025,59,20.02.2025\59\rgb\14.23.41.512.png,20.02.2025\59\depth\14.23.41.512.png
3982,5010,3.25,20.02.2025,59,20.02.2025\59\rgb\14.23.41.611.png,20.02.2025\59\depth\14.23.41.611.png
3983,5010,3.25,20.02.2025,59,20.02.2025\59\rgb\14.23.41.702.png,20.02.2025\59\depth\14.23.41.702.png
3984,5010,3.25,20.02.2025,59,20.02.2025\59\rgb\14.23.41.795.png,20.02.2025\59\depth\14.23.41.795.png
3985,5010,3.25,20.02.2025,59,20.02.2025\59\rgb\14.23.41.884.png,20.02.2025\59\depth\14.23.41.884.png
3986,5010,3.25,20.02.2025,59,20.02.2025\59\rgb\14.23.41.982.png,20.02.2025\59\depth\14.23.41.982.png
3987,5010,3.25,20.02.2025,59,20.02.2025\59\rgb\14.23.42.072.png,20.02.2025\59\depth\14.23.42.072.png
3988,5010,3.25,20.02.2025,59,20.02.2025\59\rgb\14.23.42.164.png,20.02.2025\59\depth\14.23.42.164.png
3989,5010,3.25,20.02.2025,59,20.02.2025\59\rgb\14.23.42.261.png,20.02.2025\59\depth\14.23.42.261.png
3990,5010,3.25,20.02.2025,59,20.02.2025\59\rgb\14.23.42.363.png,20.02.2025\59\depth\14.23.42.363.png
3991,5010,3.25,20.02.2025,59,20.02.2025\59\rgb\14.23.42.455.png,20.02.2025\59\depth\14.23.42.455.png
3992,5010,3.25,20.02.2025,59,20.02.2025\59\rgb\14.23.42.549.png,20.02.2025\59\depth\14.23.42.549.png
3993,5010,3.25,20.02.2025,59,20.02.2025\59\rgb\14.23.42.642.png,20.02.2025\59\depth\14.23.42.642.png
3994,5010,3.25,20.02.2025,59,20.02.2025\59\rgb\14.23.42.741.png,20.02.2025\59\depth\14.23.42.741.png
3995,5010,3.25,20.02.2025,59,20.02.2025\59\rgb\14.23.42.825.png,20.02.2025\59\depth\14.23.42.825.png
3996,5010,3.25,20.02.2025,59,20.02.2025\59\rgb\14.23.42.919.png,20.02.2025\59\depth\14.23.42.919.png
3997,5010,3.25,20.02.2025,59,20.02.2025\59\rgb\14.23.43.016.png,20.02.2025\59\depth\14.23.43.016.png
3998,5010,3.25,20.02.2025,59,20.02.2025\59\rgb\14.23.43.106.png,20.02.2025\59\depth\14.23.43.106.png
3999,5010,3.25,20.02.2025,59,20.02.2025\59\rgb\14.23.43.204.png,20.02.2025\59\depth\14.23.43.204.png
4000,5010,3.25,20.02.2025,59,20.02.2025\59\rgb\14.23.43.290.png,20.02.2025\59\depth\14.23.43.290.png
4001,630307,3.25,20.02.2025,60,20.02.2025\60\rgb\14.23.56.773.png,20.02.2025\60\depth\14.23.56.773.png
4002,630307,3.25,20.02.2025,60,20.02.2025\60\rgb\14.23.56.869.png,20.02.2025\60\depth\14.23.56.869.png
4003,630307,3.25,20.02.2025,60,20.02.2025\60\rgb\14.23.56.966.png,20.02.2025\60\depth\14.23.56.966.png
4004,630307,3.25,20.02.2025,60,20.02.2025\60\rgb\14.23.57.058.png,20.02.2025\60\depth\14.23.57.058.png
4005,630307,3.25,20.02.2025,60,20.02.2025\60\rgb\14.23.57.163.png,20.02.2025\60\depth\14.23.57.163.png
4006,630307,3.25,20.02.2025,60,20.02.2025\60\rgb\14.23.57.255.png,20.02.2025\60\depth\14.23.57.255.png
4007,630307,3.25,20.02.2025,60,20.02.2025\60\rgb\14.23.57.349.png,20.02.2025\60\depth\14.23.57.349.png
4008,630307,3.25,20.02.2025,60,20.02.2025\60\rgb\14.23.57.440.png,20.02.2025\60\depth\14.23.57.440.png
4009,630307,3.25,20.02.2025,60,20.02.2025\60\rgb\14.23.57.537.png,20.02.2025\60\depth\14.23.57.537.png
4010,630307,3.25,20.02.2025,60,20.02.2025\60\rgb\14.23.57.623.png,20.02.2025\60\depth\14.23.57.623.png
4011,630307,3.25,20.02.2025,60,20.02.2025\60\rgb\14.23.57.719.png,20.02.2025\60\depth\14.23.57.719.png
4012,630307,3.25,20.02.2025,60,20.02.2025\60\rgb\14.23.57.812.png,20.02.2025\60\depth\14.23.57.812.png
4013,630307,3.25,20.02.2025,60,20.02.2025\60\rgb\14.23.57.901.png,20.02.2025\60\depth\14.23.57.901.png
4014,630307,3.25,20.02.2025,60,20.02.2025\60\rgb\14.23.57.993.png,20.02.2025\60\depth\14.23.57.993.png
4015,630307,3.25,20.02.2025,60,20.02.2025\60\rgb\14.23.58.086.png,20.02.2025\60\depth\14.23.58.086.png
4016,630307,3.25,20.02.2025,60,20.02.2025\60\rgb\14.23.58.177.png,20.02.2025\60\depth\14.23.58.177.png
4017,630307,3.25,20.02.2025,60,20.02.2025\60\rgb\14.23.58.268.png,20.02.2025\60\depth\14.23.58.268.png
4018,630307,3.25,20.02.2025,60,20.02.2025\60\rgb\14.23.58.362.png,20.02.2025\60\depth\14.23.58.362.png
4019,630307,3.25,20.02.2025,60,20.02.2025\60\rgb\14.23.58.459.png,20.02.2025\60\depth\14.23.58.459.png
4020,630307,3.25,20.02.2025,60,20.02.2025\60\rgb\14.23.58.549.png,20.02.2025\60\depth\14.23.58.549.png
4021,610330,3.25,20.02.2025,61,20.02.2025\61\rgb\14.24.16.970.png,20.02.2025\61\depth\14.24.16.970.png
4022,610330,3.25,20.02.2025,61,20.02.2025\61\rgb\14.24.17.054.png,20.02.2025\61\depth\14.24.17.054.png
4023,610330,3.25,20.02.2025,61,20.02.2025\61\rgb\14.24.17.154.png,20.02.2025\61\depth\14.24.17.154.png
4024,610330,3.25,20.02.2025,61,20.02.2025\61\rgb\14.24.17.244.png,20.02.2025\61\depth\14.24.17.244.png
4025,610330,3.25,20.02.2025,61,20.02.2025\61\rgb\14.24.17.339.png,20.02.2025\61\depth\14.24.17.339.png
4026,610330,3.25,20.02.2025,61,20.02.2025\61\rgb\14.24.17.430.png,20.02.2025\61\depth\14.24.17.430.png
4027,610330,3.25,20.02.2025,61,20.02.2025\61\rgb\14.24.17.524.png,20.02.2025\61\depth\14.24.17.524.png
4028,610330,3.25,20.02.2025,61,20.02.2025\61\rgb\14.24.17.618.png,20.02.2025\61\depth\14.24.17.618.png
4029,610330,3.25,20.02.2025,61,20.02.2025\61\rgb\14.24.17.724.png,20.02.2025\61\depth\14.24.17.724.png
4030,610330,3.25,20.02.2025,61,20.02.2025\61\rgb\14.24.17.820.png,20.02.2025\61\depth\14.24.17.820.png
4031,610330,3.25,20.02.2025,61,20.02.2025\61\rgb\14.24.17.910.png,20.02.2025\61\depth\14.24.17.910.png
4032,610330,3.25,20.02.2025,61,20.02.2025\61\rgb\14.24.18.003.png,20.02.2025\61\depth\14.24.18.003.png
4033,610330,3.25,20.02.2025,61,20.02.2025\61\rgb\14.24.18.096.png,20.02.2025\61\depth\14.24.18.096.png
4034,610330,3.25,20.02.2025,61,20.02.2025\61\rgb\14.24.18.196.png,20.02.2025\61\depth\14.24.18.196.png
4035,610330,3.25,20.02.2025,61,20.02.2025\61\rgb\14.24.18.292.png,20.02.2025\61\depth\14.24.18.292.png
4036,610330,3.25,20.02.2025,61,20.02.2025\61\rgb\14.24.18.386.png,20.02.2025\61\depth\14.24.18.386.png
4037,610330,3.25,20.02.2025,61,20.02.2025\61\rgb\14.24.18.480.png,20.02.2025\61\depth\14.24.18.480.png
4038,610330,3.25,20.02.2025,61,20.02.2025\61\rgb\14.24.18.574.png,20.02.2025\61\depth\14.24.18.574.png
4039,610330,3.25,20.02.2025,61,20.02.2025\61\rgb\14.24.18.670.png,20.02.2025\61\depth\14.24.18.670.png
4040,610330,3.25,20.02.2025,61,20.02.2025\61\rgb\14.24.18.757.png,20.02.2025\61\depth\14.24.18.757.png
4041,701125,3.25,20.02.2025,62,20.02.2025\62\rgb\14.24.32.125.png,20.02.2025\62\depth\14.24.32.125.png
4042,701125,3.25,20.02.2025,62,20.02.2025\62\rgb\14.24.32.226.png,20.02.2025\62\depth\14.24.32.226.png
4043,701125,3.25,20.02.2025,62,20.02.2025\62\rgb\14.24.32.321.png,20.02.2025\62\depth\14.24.32.321.png
4044,701125,3.25,20.02.2025,62,20.02.2025\62\rgb\14.24.32.413.png,20.02.2025\62\depth\14.24.32.413.png
4045,701125,3.25,20.02.2025,62,20.02.2025\62\rgb\14.24.32.507.png,20.02.2025\62\depth\14.24.32.507.png
4046,701125,3.25,20.02.2025,62,20.02.2025\62\rgb\14.24.32.596.png,20.02.2025\62\depth\14.24.32.596.png
4047,701125,3.25,20.02.2025,62,20.02.2025\62\rgb\14.24.32.688.png,20.02.2025\62\depth\14.24.32.688.png
4048,701125,3.25,20.02.2025,62,20.02.2025\62\rgb\14.24.32.780.png,20.02.2025\62\depth\14.24.32.780.png
4049,701125,3.25,20.02.2025,62,20.02.2025\62\rgb\14.24.32.872.png,20.02.2025\62\depth\14.24.32.872.png
4050,701125,3.25,20.02.2025,62,20.02.2025\62\rgb\14.24.32.975.png,20.02.2025\62\depth\14.24.32.975.png
4051,701125,3.25,20.02.2025,62,20.02.2025\62\rgb\14.24.33.070.png,20.02.2025\62\depth\14.24.33.070.png
4052,701125,3.25,20.02.2025,62,20.02.2025\62\rgb\14.24.33.159.png,20.02.2025\62\depth\14.24.33.159.png
4053,701125,3.25,20.02.2025,62,20.02.2025\62\rgb\14.24.33.252.png,20.02.2025\62\depth\14.24.33.252.png
4054,701125,3.25,20.02.2025,62,20.02.2025\62\rgb\14.24.33.343.png,20.02.2025\62\depth\14.24.33.343.png
4055,701125,3.25,20.02.2025,62,20.02.2025\62\rgb\14.24.33.439.png,20.02.2025\62\depth\14.24.33.439.png
4056,701125,3.25,20.02.2025,62,20.02.2025\62\rgb\14.24.33.524.png,20.02.2025\62\depth\14.24.33.524.png
4057,701125,3.25,20.02.2025,62,20.02.2025\62\rgb\14.24.33.619.png,20.02.2025\62\depth\14.24.33.619.png
4058,701125,3.25,20.02.2025,62,20.02.2025\62\rgb\14.24.33.724.png,20.02.2025\62\depth\14.24.33.724.png
4059,701125,3.25,20.02.2025,62,20.02.2025\62\rgb\14.24.33.816.png,20.02.2025\62\depth\14.24.33.816.png
4060,701125,3.25,20.02.2025,62,20.02.2025\62\rgb\14.24.33.912.png,20.02.2025\62\depth\14.24.33.912.png
4061,510203,3.25,20.02.2025,63,20.02.2025\63\rgb\14.24.49.335.png,20.02.2025\63\depth\14.24.49.335.png
4062,510203,3.25,20.02.2025,63,20.02.2025\63\rgb\14.24.49.421.png,20.02.2025\63\depth\14.24.49.421.png
4063,510203,3.25,20.02.2025,63,20.02.2025\63\rgb\14.24.49.517.png,20.02.2025\63\depth\14.24.49.517.png
4064,510203,3.25,20.02.2025,63,20.02.2025\63\rgb\14.24.49.607.png,20.02.2025\63\depth\14.24.49.607.png
4065,510203,3.25,20.02.2025,63,20.02.2025\63\rgb\14.24.49.699.png,20.02.2025\63\depth\14.24.49.699.png
4066,510203,3.25,20.02.2025,63,20.02.2025\63\rgb\14.24.49.791.png,20.02.2025\63\depth\14.24.49.791.png
4067,510203,3.25,20.02.2025,63,20.02.2025\63\rgb\14.24.49.884.png,20.02.2025\63\depth\14.24.49.884.png
4068,510203,3.25,20.02.2025,63,20.02.2025\63\rgb\14.24.49.977.png,20.02.2025\63\depth\14.24.49.977.png
4069,510203,3.25,20.02.2025,63,20.02.2025\63\rgb\14.24.50.069.png,20.02.2025\63\depth\14.24.50.069.png
4070,510203,3.25,20.02.2025,63,20.02.2025\63\rgb\14.24.50.161.png,20.02.2025\63\depth\14.24.50.161.png
4071,510203,3.25,20.02.2025,63,20.02.2025\63\rgb\14.24.50.266.png,20.02.2025\63\depth\14.24.50.266.png
4072,510203,3.25,20.02.2025,63,20.02.2025\63\rgb\14.24.50.362.png,20.02.2025\63\depth\14.24.50.362.png
4073,510203,3.25,20.02.2025,63,20.02.2025\63\rgb\14.24.50.471.png,20.02.2025\63\depth\14.24.50.471.png
4074,510203,3.25,20.02.2025,63,20.02.2025\63\rgb\14.24.50.565.png,20.02.2025\63\depth\14.24.50.565.png
4075,510203,3.25,20.02.2025,63,20.02.2025\63\rgb\14.24.50.658.png,20.02.2025\63\depth\14.24.50.658.png
4076,510203,3.25,20.02.2025,63,20.02.2025\63\rgb\14.24.50.761.png,20.02.2025\63\depth\14.24.50.761.png
4077,510203,3.25,20.02.2025,63,20.02.2025\63\rgb\14.24.50.858.png,20.02.2025\63\depth\14.24.50.858.png
4078,510203,3.25,20.02.2025,63,20.02.2025\63\rgb\14.24.50.945.png,20.02.2025\63\depth\14.24.50.945.png
4079,510203,3.25,20.02.2025,63,20.02.2025\63\rgb\14.24.51.026.png,20.02.2025\63\depth\14.24.51.026.png
4080,510203,3.25,20.02.2025,63,20.02.2025\63\rgb\14.24.51.122.png,20.02.2025\63\depth\14.24.51.122.png
4081,970407,3.5,20.02.2025,64,20.02.2025\64\rgb\14.26.01.616.png,20.02.2025\64\depth\14.26.01.616.png
4082,970407,3.5,20.02.2025,64,20.02.2025\64\rgb\14.26.01.701.png,20.02.2025\64\depth\14.26.01.701.png
4083,970407,3.5,20.02.2025,64,20.02.2025\64\rgb\14.26.01.792.png,20.02.2025\64\depth\14.26.01.792.png
4084,970407,3.5,20.02.2025,64,20.02.2025\64\rgb\14.26.01.886.png,20.02.2025\64\depth\14.26.01.886.png
4085,970407,3.5,20.02.2025,64,20.02.2025\64\rgb\14.26.01.979.png,20.02.2025\64\depth\14.26.01.979.png
4086,970407,3.5,20.02.2025,64,20.02.2025\64\rgb\14.26.02.069.png,20.02.2025\64\depth\14.26.02.069.png
4087,970407,3.5,20.02.2025,64,20.02.2025\64\rgb\14.26.02.159.png,20.02.2025\64\depth\14.26.02.159.png
4088,970407,3.5,20.02.2025,64,20.02.2025\64\rgb\14.26.02.244.png,20.02.2025\64\depth\14.26.02.244.png
4089,970407,3.5,20.02.2025,64,20.02.2025\64\rgb\14.26.02.332.png,20.02.2025\64\depth\14.26.02.332.png
4090,970407,3.5,20.02.2025,64,20.02.2025\64\rgb\14.26.02.435.png,20.02.2025\64\depth\14.26.02.435.png
4091,970407,3.5,20.02.2025,64,20.02.2025\64\rgb\14.26.02.520.png,20.02.2025\64\depth\14.26.02.520.png
4092,970407,3.5,20.02.2025,64,20.02.2025\64\rgb\14.26.02.610.png,20.02.2025\64\depth\14.26.02.610.png
4093,970407,3.5,20.02.2025,64,20.02.2025\64\rgb\14.26.02.702.png,20.02.2025\64\depth\14.26.02.702.png
4094,970407,3.5,20.02.2025,64,20.02.2025\64\rgb\14.26.02.795.png,20.02.2025\64\depth\14.26.02.795.png
4095,970407,3.5,20.02.2025,64,20.02.2025\64\rgb\14.26.02.899.png,20.02.2025\64\depth\14.26.02.899.png
4096,970407,3.5,20.02.2025,64,20.02.2025\64\rgb\14.26.02.991.png,20.02.2025\64\depth\14.26.02.991.png
4097,970407,3.5,20.02.2025,64,20.02.2025\64\rgb\14.26.03.087.png,20.02.2025\64\depth\14.26.03.087.png
4098,970407,3.5,20.02.2025,64,20.02.2025\64\rgb\14.26.03.178.png,20.02.2025\64\depth\14.26.03.178.png
4099,970407,3.5,20.02.2025,64,20.02.2025\64\rgb\14.26.03.269.png,20.02.2025\64\depth\14.26.03.269.png
4100,970407,3.5,20.02.2025,64,20.02.2025\64\rgb\14.26.03.371.png,20.02.2025\64\depth\14.26.03.371.png
4101,6881,3.25,20.02.2025,65,20.02.2025\65\rgb\14.26.51.107.png,20.02.2025\65\depth\14.26.51.107.png
4102,6881,3.25,20.02.2025,65,20.02.2025\65\rgb\14.26.51.206.png,20.02.2025\65\depth\14.26.51.206.png
4103,6881,3.25,20.02.2025,65,20.02.2025\65\rgb\14.26.51.297.png,20.02.2025\65\depth\14.26.51.297.png
4104,6881,3.25,20.02.2025,65,20.02.2025\65\rgb\14.26.51.390.png,20.02.2025\65\depth\14.26.51.390.png
4105,6881,3.25,20.02.2025,65,20.02.2025\65\rgb\14.26.51.481.png,20.02.2025\65\depth\14.26.51.481.png
4106,6881,3.25,20.02.2025,65,20.02.2025\65\rgb\14.26.51.574.png,20.02.2025\65\depth\14.26.51.574.png
4107,6881,3.25,20.02.2025,65,20.02.2025\65\rgb\14.26.51.665.png,20.02.2025\65\depth\14.26.51.665.png
4108,6881,3.25,20.02.2025,65,20.02.2025\65\rgb\14.26.51.762.png,20.02.2025\65\depth\14.26.51.762.png
4109,6881,3.25,20.02.2025,65,20.02.2025\65\rgb\14.26.51.863.png,20.02.2025\65\depth\14.26.51.863.png
4110,6881,3.25,20.02.2025,65,20.02.2025\65\rgb\14.26.51.958.png,20.02.2025\65\depth\14.26.51.958.png
4111,6881,3.25,20.02.2025,65,20.02.2025\65\rgb\14.26.52.050.png,20.02.2025\65\depth\14.26.52.050.png
4112,6881,3.25,20.02.2025,65,20.02.2025\65\rgb\14.26.52.141.png,20.02.2025\65\depth\14.26.52.141.png
4113,6881,3.25,20.02.2025,65,20.02.2025\65\rgb\14.26.52.241.png,20.02.2025\65\depth\14.26.52.241.png
4114,6881,3.25,20.02.2025,65,20.02.2025\65\rgb\14.26.52.324.png,20.02.2025\65\depth\14.26.52.324.png
4115,6881,3.25,20.02.2025,65,20.02.2025\65\rgb\14.26.52.418.png,20.02.2025\65\depth\14.26.52.418.png
4116,6881,3.25,20.02.2025,65,20.02.2025\65\rgb\14.26.52.512.png,20.02.2025\65\depth\14.26.52.512.png
4117,6881,3.25,20.02.2025,65,20.02.2025\65\rgb\14.26.52.615.png,20.02.2025\65\depth\14.26.52.615.png
4118,6881,3.25,20.02.2025,65,20.02.2025\65\rgb\14.26.52.711.png,20.02.2025\65\depth\14.26.52.711.png
4119,6881,3.25,20.02.2025,65,20.02.2025\65\rgb\14.26.52.802.png,20.02.2025\65\depth\14.26.52.802.png
4120,6881,3.25,20.02.2025,65,20.02.2025\65\rgb\14.26.52.895.png,20.02.2025\65\depth\14.26.52.895.png
4121,7580,3.25,20.02.2025,66,20.02.2025\66\rgb\14.27.09.600.png,20.02.2025\66\depth\14.27.09.600.png
4122,7580,3.25,20.02.2025,66,20.02.2025\66\rgb\14.27.09.695.png,20.02.2025\66\depth\14.27.09.695.png
4123,7580,3.25,20.02.2025,66,20.02.2025\66\rgb\14.27.09.782.png,20.02.2025\66\depth\14.27.09.782.png
4124,7580,3.25,20.02.2025,66,20.02.2025\66\rgb\14.27.09.874.png,20.02.2025\66\depth\14.27.09.874.png
4125,7580,3.25,20.02.2025,66,20.02.2025\66\rgb\14.27.09.962.png,20.02.2025\66\depth\14.27.09.962.png
4126,7580,3.25,20.02.2025,66,20.02.2025\66\rgb\14.27.10.057.png,20.02.2025\66\depth\14.27.10.057.png
4127,7580,3.25,20.02.2025,66,20.02.2025\66\rgb\14.27.10.153.png,20.02.2025\66\depth\14.27.10.153.png
4128,7580,3.25,20.02.2025,66,20.02.2025\66\rgb\14.27.10.244.png,20.02.2025\66\depth\14.27.10.244.png
4129,7580,3.25,20.02.2025,66,20.02.2025\66\rgb\14.27.10.332.png,20.02.2025\66\depth\14.27.10.332.png
4130,7580,3.25,20.02.2025,66,20.02.2025\66\rgb\14.27.10.424.png,20.02.2025\66\depth\14.27.10.424.png
4131,7580,3.25,20.02.2025,66,20.02.2025\66\rgb\14.27.10.518.png,20.02.2025\66\depth\14.27.10.518.png
4132,7580,3.25,20.02.2025,66,20.02.2025\66\rgb\14.27.10.615.png,20.02.2025\66\depth\14.27.10.615.png
4133,7580,3.25,20.02.2025,66,20.02.2025\66\rgb\14.27.10.700.png,20.02.2025\66\depth\14.27.10.700.png
4134,7580,3.25,20.02.2025,66,20.02.2025\66\rgb\14.27.10.792.png,20.02.2025\66\depth\14.27.10.792.png
4135,7580,3.25,20.02.2025,66,20.02.2025\66\rgb\14.27.10.885.png,20.02.2025\66\depth\14.27.10.885.png
4136,7580,3.25,20.02.2025,66,20.02.2025\66\rgb\14.27.10.979.png,20.02.2025\66\depth\14.27.10.979.png
4137,7580,3.25,20.02.2025,66,20.02.2025\66\rgb\14.27.11.081.png,20.02.2025\66\depth\14.27.11.081.png
4138,7580,3.25,20.02.2025,66,20.02.2025\66\rgb\14.27.11.163.png,20.02.2025\66\depth\14.27.11.163.png
4139,7580,3.25,20.02.2025,66,20.02.2025\66\rgb\14.27.11.255.png,20.02.2025\66\depth\14.27.11.255.png
4140,7580,3.25,20.02.2025,66,20.02.2025\66\rgb\14.27.11.348.png,20.02.2025\66\depth\14.27.11.348.png
4141,5145,3.25,20.02.2025,67,20.02.2025\67\rgb\14.27.26.615.png,20.02.2025\67\depth\14.27.26.615.png
4142,5145,3.25,20.02.2025,67,20.02.2025\67\rgb\14.27.26.699.png,20.02.2025\67\depth\14.27.26.699.png
4143,5145,3.25,20.02.2025,67,20.02.2025\67\rgb\14.27.26.798.png,20.02.2025\67\depth\14.27.26.798.png
4144,5145,3.25,20.02.2025,67,20.02.2025\67\rgb\14.27.26.883.png,20.02.2025\67\depth\14.27.26.883.png
4145,5145,3.25,20.02.2025,67,20.02.2025\67\rgb\14.27.26.976.png,20.02.2025\67\depth\14.27.26.976.png
4146,5145,3.25,20.02.2025,67,20.02.2025\67\rgb\14.27.27.067.png,20.02.2025\67\depth\14.27.27.067.png
4147,5145,3.25,20.02.2025,67,20.02.2025\67\rgb\14.27.27.160.png,20.02.2025\67\depth\14.27.27.160.png
4148,5145,3.25,20.02.2025,67,20.02.2025\67\rgb\14.27.27.261.png,20.02.2025\67\depth\14.27.27.261.png
4149,5145,3.25,20.02.2025,67,20.02.2025\67\rgb\14.27.27.352.png,20.02.2025\67\depth\14.27.27.352.png
4150,5145,3.25,20.02.2025,67,20.02.2025\67\rgb\14.27.27.437.png,20.02.2025\67\depth\14.27.27.437.png
4151,5145,3.25,20.02.2025,67,20.02.2025\67\rgb\14.27.27.528.png,20.02.2025\67\depth\14.27.27.528.png
4152,5145,3.25,20.02.2025,67,20.02.2025\67\rgb\14.27.27.630.png,20.02.2025\67\depth\14.27.27.630.png
4153,5145,3.25,20.02.2025,67,20.02.2025\67\rgb\14.27.27.728.png,20.02.2025\67\depth\14.27.27.728.png
4154,5145,3.25,20.02.2025,67,20.02.2025\67\rgb\14.27.27.819.png,20.02.2025\67\depth\14.27.27.819.png
4155,5145,3.25,20.02.2025,67,20.02.2025\67\rgb\14.27.27.911.png,20.02.2025\67\depth\14.27.27.911.png
4156,5145,3.25,20.02.2025,67,20.02.2025\67\rgb\14.27.28.004.png,20.02.2025\67\depth\14.27.28.004.png
4157,5145,3.25,20.02.2025,67,20.02.2025\67\rgb\14.27.28.100.png,20.02.2025\67\depth\14.27.28.100.png
4158,5145,3.25,20.02.2025,67,20.02.2025\67\rgb\14.27.28.189.png,20.02.2025\67\depth\14.27.28.189.png
4159,5145,3.25,20.02.2025,67,20.02.2025\67\rgb\14.27.28.281.png,20.02.2025\67\depth\14.27.28.281.png
4160,5145,3.25,20.02.2025,67,20.02.2025\67\rgb\14.27.28.371.png,20.02.2025\67\depth\14.27.28.371.png
4161,5135,3.25,20.02.2025,68,20.02.2025\68\rgb\14.28.04.284.png,20.02.2025\68\depth\14.28.04.284.png
4162,5135,3.25,20.02.2025,68,20.02.2025\68\rgb\14.28.04.379.png,20.02.2025\68\depth\14.28.04.379.png
4163,5135,3.25,20.02.2025,68,20.02.2025\68\rgb\14.28.04.480.png,20.02.2025\68\depth\14.28.04.480.png
4164,5135,3.25,20.02.2025,68,20.02.2025\68\rgb\14.28.04.581.png,20.02.2025\68\depth\14.28.04.581.png
4165,5135,3.25,20.02.2025,68,20.02.2025\68\rgb\14.28.04.670.png,20.02.2025\68\depth\14.28.04.670.png
4166,5135,3.25,20.02.2025,68,20.02.2025\68\rgb\14.28.04.759.png,20.02.2025\68\depth\14.28.04.759.png
4167,5135,3.25,20.02.2025,68,20.02.2025\68\rgb\14.28.04.853.png,20.02.2025\68\depth\14.28.04.853.png
4168,5135,3.25,20.02.2025,68,20.02.2025\68\rgb\14.28.04.953.png,20.02.2025\68\depth\14.28.04.953.png
4169,5135,3.25,20.02.2025,68,20.02.2025\68\rgb\14.28.05.039.png,20.02.2025\68\depth\14.28.05.039.png
4170,5135,3.25,20.02.2025,68,20.02.2025\68\rgb\14.28.05.136.png,20.02.2025\68\depth\14.28.05.136.png
4171,5135,3.25,20.02.2025,68,20.02.2025\68\rgb\14.28.05.224.png,20.02.2025\68\depth\14.28.05.224.png
4172,5135,3.25,20.02.2025,68,20.02.2025\68\rgb\14.28.05.316.png,20.02.2025\68\depth\14.28.05.316.png
4173,5135,3.25,20.02.2025,68,20.02.2025\68\rgb\14.28.05.414.png,20.02.2025\68\depth\14.28.05.414.png
4174,5135,3.25,20.02.2025,68,20.02.2025\68\rgb\14.28.05.500.png,20.02.2025\68\depth\14.28.05.500.png
4175,5135,3.25,20.02.2025,68,20.02.2025\68\rgb\14.28.05.592.png,20.02.2025\68\depth\14.28.05.592.png
4176,5135,3.25,20.02.2025,68,20.02.2025\68\rgb\14.28.05.682.png,20.02.2025\68\depth\14.28.05.682.png
4177,5135,3.25,20.02.2025,68,20.02.2025\68\rgb\14.28.05.776.png,20.02.2025\68\depth\14.28.05.776.png
4178,5135,3.25,20.02.2025,68,20.02.2025\68\rgb\14.28.05.871.png,20.02.2025\68\depth\14.28.05.871.png
4179,5135,3.25,20.02.2025,68,20.02.2025\68\rgb\14.28.05.960.png,20.02.2025\68\depth\14.28.05.960.png
4180,5135,3.25,20.02.2025,68,20.02.2025\68\rgb\14.28.06.054.png,20.02.2025\68\depth\14.28.06.054.png
4181,6564,3.5,20.02.2025,69,20.02.2025\69\rgb\14.28.18.632.png,20.02.2025\69\depth\14.28.18.632.png
4182,6564,3.5,20.02.2025,69,20.02.2025\69\rgb\14.28.18.722.png,20.02.2025\69\depth\14.28.18.722.png
4183,6564,3.5,20.02.2025,69,20.02.2025\69\rgb\14.28.18.814.png,20.02.2025\69\depth\14.28.18.814.png
4184,6564,3.5,20.02.2025,69,20.02.2025\69\rgb\14.28.18.907.png,20.02.2025\69\depth\14.28.18.907.png
4185,6564,3.5,20.02.2025,69,20.02.2025\69\rgb\14.28.19.003.png,20.02.2025\69\depth\14.28.19.003.png
4186,6564,3.5,20.02.2025,69,20.02.2025\69\rgb\14.28.19.090.png,20.02.2025\69\depth\14.28.19.090.png
4187,6564,3.5,20.02.2025,69,20.02.2025\69\rgb\14.28.19.183.png,20.02.2025\69\depth\14.28.19.183.png
4188,6564,3.5,20.02.2025,69,20.02.2025\69\rgb\14.28.19.275.png,20.02.2025\69\depth\14.28.19.275.png
4189,6564,3.5,20.02.2025,69,20.02.2025\69\rgb\14.28.19.369.png,20.02.2025\69\depth\14.28.19.369.png
4190,6564,3.5,20.02.2025,69,20.02.2025\69\rgb\14.28.19.466.png,20.02.2025\69\depth\14.28.19.466.png
4191,6564,3.5,20.02.2025,69,20.02.2025\69\rgb\14.28.19.557.png,20.02.2025\69\depth\14.28.19.557.png
4192,6564,3.5,20.02.2025,69,20.02.2025\69\rgb\14.28.19.644.png,20.02.2025\69\depth\14.28.19.644.png
4193,6564,3.5,20.02.2025,69,20.02.2025\69\rgb\14.28.19.737.png,20.02.2025\69\depth\14.28.19.737.png
4194,6564,3.5,20.02.2025,69,20.02.2025\69\rgb\14.28.19.828.png,20.02.2025\69\depth\14.28.19.828.png
4195,6564,3.5,20.02.2025,69,20.02.2025\69\rgb\14.28.19.926.png,20.02.2025\69\depth\14.28.19.926.png
4196,6564,3.5,20.02.2025,69,20.02.2025\69\rgb\14.28.20.016.png,20.02.2025\69\depth\14.28.20.016.png
4197,6564,3.5,20.02.2025,69,20.02.2025\69\rgb\14.28.20.106.png,20.02.2025\69\depth\14.28.20.106.png
4198,6564,3.5,20.02.2025,69,20.02.2025\69\rgb\14.28.20.198.png,20.02.2025\69\depth\14.28.20.198.png
4199,6564,3.5,20.02.2025,69,20.02.2025\69\rgb\14.28.20.290.png,20.02.2025\69\depth\14.28.20.290.png
4200,6564,3.5,20.02.2025,69,20.02.2025\69\rgb\14.28.20.385.png,20.02.2025\69\depth\14.28.20.385.png
4201,6767,3.25,20.02.2025,70,20.02.2025\70\rgb\14.28.34.609.png,20.02.2025\70\depth\14.28.34.609.png
4202,6767,3.25,20.02.2025,70,20.02.2025\70\rgb\14.28.34.704.png,20.02.2025\70\depth\14.28.34.704.png
4203,6767,3.25,20.02.2025,70,20.02.2025\70\rgb\14.28.34.794.png,20.02.2025\70\depth\14.28.34.794.png
4204,6767,3.25,20.02.2025,70,20.02.2025\70\rgb\14.28.34.887.png,20.02.2025\70\depth\14.28.34.887.png
4205,6767,3.25,20.02.2025,70,20.02.2025\70\rgb\14.28.34.979.png,20.02.2025\70\depth\14.28.34.979.png
4206,6767,3.25,20.02.2025,70,20.02.2025\70\rgb\14.28.35.083.png,20.02.2025\70\depth\14.28.35.083.png
4207,6767,3.25,20.02.2025,70,20.02.2025\70\rgb\14.28.35.179.png,20.02.2025\70\depth\14.28.35.179.png
4208,6767,3.25,20.02.2025,70,20.02.2025\70\rgb\14.28.35.270.png,20.02.2025\70\depth\14.28.35.270.png
4209,6767,3.25,20.02.2025,70,20.02.2025\70\rgb\14.28.35.364.png,20.02.2025\70\depth\14.28.35.364.png
4210,6767,3.25,20.02.2025,70,20.02.2025\70\rgb\14.28.35.457.png,20.02.2025\70\depth\14.28.35.457.png
4211,6767,3.25,20.02.2025,70,20.02.2025\70\rgb\14.28.35.562.png,20.02.2025\70\depth\14.28.35.562.png
4212,6767,3.25,20.02.2025,70,20.02.2025\70\rgb\14.28.35.660.png,20.02.2025\70\depth\14.28.35.660.png
4213,6767,3.25,20.02.2025,70,20.02.2025\70\rgb\14.28.35.753.png,20.02.2025\70\depth\14.28.35.753.png
4214,6767,3.25,20.02.2025,70,20.02.2025\70\rgb\14.28.35.845.png,20.02.2025\70\depth\14.28.35.845.png
4215,6767,3.25,20.02.2025,70,20.02.2025\70\rgb\14.28.35.938.png,20.02.2025\70\depth\14.28.35.938.png
4216,6767,3.25,20.02.2025,70,20.02.2025\70\rgb\14.28.36.039.png,20.02.2025\70\depth\14.28.36.039.png
4217,6767,3.25,20.02.2025,70,20.02.2025\70\rgb\14.28.36.139.png,20.02.2025\70\depth\14.28.36.139.png
4218,6767,3.25,20.02.2025,70,20.02.2025\70\rgb\14.28.36.231.png,20.02.2025\70\depth\14.28.36.231.png
4219,6767,3.25,20.02.2025,70,20.02.2025\70\rgb\14.28.36.325.png,20.02.2025\70\depth\14.28.36.325.png
4220,6767,3.25,20.02.2025,70,20.02.2025\70\rgb\14.28.36.417.png,20.02.2025\70\depth\14.28.36.417.png
4221,330411,3.25,20.02.2025,71,20.02.2025\71\rgb\14.28.52.473.png,20.02.2025\71\depth\14.28.52.473.png
4222,330411,3.25,20.02.2025,71,20.02.2025\71\rgb\14.28.52.556.png,20.02.2025\71\depth\14.28.52.556.png
4223,330411,3.25,20.02.2025,71,20.02.2025\71\rgb\14.28.52.654.png,20.02.2025\71\depth\14.28.52.654.png
4224,330411,3.25,20.02.2025,71,20.02.2025\71\rgb\14.28.52.742.png,20.02.2025\71\depth\14.28.52.742.png
4225,330411,3.25,20.02.2025,71,20.02.2025\71\rgb\14.28.52.832.png,20.02.2025\71\depth\14.28.52.832.png
4226,330411,3.25,20.02.2025,71,20.02.2025\71\rgb\14.28.52.925.png,20.02.2025\71\depth\14.28.52.925.png
4227,330411,3.25,20.02.2025,71,20.02.2025\71\rgb\14.28.53.017.png,20.02.2025\71\depth\14.28.53.017.png
4228,330411,3.25,20.02.2025,71,20.02.2025\71\rgb\14.28.53.118.png,20.02.2025\71\depth\14.28.53.118.png
4229,330411,3.25,20.02.2025,71,20.02.2025\71\rgb\14.28.53.203.png,20.02.2025\71\depth\14.28.53.203.png
4230,330411,3.25,20.02.2025,71,20.02.2025\71\rgb\14.28.53.296.png,20.02.2025\71\depth\14.28.53.296.png
4231,330411,3.25,20.02.2025,71,20.02.2025\71\rgb\14.28.53.390.png,20.02.2025\71\depth\14.28.53.390.png
4232,330411,3.25,20.02.2025,71,20.02.2025\71\rgb\14.28.53.480.png,20.02.2025\71\depth\14.28.53.480.png
4233,330411,3.25,20.02.2025,71,20.02.2025\71\rgb\14.28.53.570.png,20.02.2025\71\depth\14.28.53.570.png
4234,330411,3.25,20.02.2025,71,20.02.2025\71\rgb\14.28.53.665.png,20.02.2025\71\depth\14.28.53.665.png
4235,330411,3.25,20.02.2025,71,20.02.2025\71\rgb\14.28.53.756.png,20.02.2025\71\depth\14.28.53.756.png
4236,330411,3.25,20.02.2025,71,20.02.2025\71\rgb\14.28.53.851.png,20.02.2025\71\depth\14.28.53.851.png
4237,330411,3.25,20.02.2025,71,20.02.2025\71\rgb\14.28.53.945.png,20.02.2025\71\depth\14.28.53.945.png
4238,330411,3.25,20.02.2025,71,20.02.2025\71\rgb\14.28.54.037.png,20.02.2025\71\depth\14.28.54.037.png
4239,330411,3.25,20.02.2025,71,20.02.2025\71\rgb\14.28.54.127.png,20.02.2025\71\depth\14.28.54.127.png
4240,330411,3.25,20.02.2025,71,20.02.2025\71\rgb\14.28.54.218.png,20.02.2025\71\depth\14.28.54.218.png
4241,6940,3.25,20.02.2025,72,20.02.2025\72\rgb\14.29.08.123.png,20.02.2025\72\depth\14.29.08.123.png
4242,6940,3.25,20.02.2025,72,20.02.2025\72\rgb\14.29.08.221.png,20.02.2025\72\depth\14.29.08.221.png
4243,6940,3.25,20.02.2025,72,20.02.2025\72\rgb\14.29.08.317.png,20.02.2025\72\depth\14.29.08.317.png
4244,6940,3.25,20.02.2025,72,20.02.2025\72\rgb\14.29.08.409.png,20.02.2025\72\depth\14.29.08.409.png
4245,6940,3.25,20.02.2025,72,20.02.2025\72\rgb\14.29.08.499.png,20.02.2025\72\depth\14.29.08.499.png
4246,6940,3.25,20.02.2025,72,20.02.2025\72\rgb\14.29.08.595.png,20.02.2025\72\depth\14.29.08.595.png
4247,6940,3.25,20.02.2025,72,20.02.2025\72\rgb\14.29.08.685.png,20.02.2025\72\depth\14.29.08.685.png
4248,6940,3.25,20.02.2025,72,20.02.2025\72\rgb\14.29.08.779.png,20.02.2025\72\depth\14.29.08.779.png
4249,6940,3.25,20.02.2025,72,20.02.2025\72\rgb\14.29.08.870.png,20.02.2025\72\depth\14.29.08.870.png
4250,6940,3.25,20.02.2025,72,20.02.2025\72\rgb\14.29.08.962.png,20.02.2025\72\depth\14.29.08.962.png
4251,6940,3.25,20.02.2025,72,20.02.2025\72\rgb\14.29.09.058.png,20.02.2025\72\depth\14.29.09.058.png
4252,6940,3.25,20.02.2025,72,20.02.2025\72\rgb\14.29.09.150.png,20.02.2025\72\depth\14.29.09.150.png
4253,6940,3.25,20.02.2025,72,20.02.2025\72\rgb\14.29.09.243.png,20.02.2025\72\depth\14.29.09.243.png
4254,6940,3.25,20.02.2025,72,20.02.2025\72\rgb\14.29.09.333.png,20.02.2025\72\depth\14.29.09.333.png
4255,6940,3.25,20.02.2025,72,20.02.2025\72\rgb\14.29.09.425.png,20.02.2025\72\depth\14.29.09.425.png
4256,6940,3.25,20.02.2025,72,20.02.2025\72\rgb\14.29.09.523.png,20.02.2025\72\depth\14.29.09.523.png
4257,6940,3.25,20.02.2025,72,20.02.2025\72\rgb\14.29.09.617.png,20.02.2025\72\depth\14.29.09.617.png
4258,6940,3.25,20.02.2025,72,20.02.2025\72\rgb\14.29.09.707.png,20.02.2025\72\depth\14.29.09.707.png
4259,6940,3.25,20.02.2025,72,20.02.2025\72\rgb\14.29.09.798.png,20.02.2025\72\depth\14.29.09.798.png
4260,6940,3.25,20.02.2025,72,20.02.2025\72\rgb\14.29.09.888.png,20.02.2025\72\depth\14.29.09.888.png
4261,330409,3.0,20.02.2025,73,20.02.2025\73\rgb\14.29.43.514.png,20.02.2025\73\depth\14.29.43.514.png
4262,330409,3.0,20.02.2025,73,20.02.2025\73\rgb\14.29.43.602.png,20.02.2025\73\depth\14.29.43.602.png
4263,330409,3.0,20.02.2025,73,20.02.2025\73\rgb\14.29.43.696.png,20.02.2025\73\depth\14.29.43.696.png
4264,330409,3.0,20.02.2025,73,20.02.2025\73\rgb\14.29.43.789.png,20.02.2025\73\depth\14.29.43.789.png
4265,330409,3.0,20.02.2025,73,20.02.2025\73\rgb\14.29.43.889.png,20.02.2025\73\depth\14.29.43.889.png
4266,330409,3.0,20.02.2025,73,20.02.2025\73\rgb\14.29.43.990.png,20.02.2025\73\depth\14.29.43.990.png
4267,330409,3.0,20.02.2025,73,20.02.2025\73\rgb\14.29.44.081.png,20.02.2025\73\depth\14.29.44.081.png
4268,330409,3.0,20.02.2025,73,20.02.2025\73\rgb\14.29.44.175.png,20.02.2025\73\depth\14.29.44.175.png
4269,330409,3.0,20.02.2025,73,20.02.2025\73\rgb\14.29.44.268.png,20.02.2025\73\depth\14.29.44.268.png
4270,330409,3.0,20.02.2025,73,20.02.2025\73\rgb\14.29.44.367.png,20.02.2025\73\depth\14.29.44.367.png
4271,330409,3.0,20.02.2025,73,20.02.2025\73\rgb\14.29.44.453.png,20.02.2025\73\depth\14.29.44.453.png
4272,330409,3.0,20.02.2025,73,20.02.2025\73\rgb\14.29.44.546.png,20.02.2025\73\depth\14.29.44.546.png
4273,330409,3.0,20.02.2025,73,20.02.2025\73\rgb\14.29.44.636.png,20.02.2025\73\depth\14.29.44.636.png
4274,330409,3.0,20.02.2025,73,20.02.2025\73\rgb\14.29.44.732.png,20.02.2025\73\depth\14.29.44.732.png
4275,330409,3.0,20.02.2025,73,20.02.2025\73\rgb\14.29.44.823.png,20.02.2025\73\depth\14.29.44.823.png
4276,330409,3.0,20.02.2025,73,20.02.2025\73\rgb\14.29.44.916.png,20.02.2025\73\depth\14.29.44.916.png
4277,330409,3.0,20.02.2025,73,20.02.2025\73\rgb\14.29.45.008.png,20.02.2025\73\depth\14.29.45.008.png
4278,330409,3.0,20.02.2025,73,20.02.2025\73\rgb\14.29.45.101.png,20.02.2025\73\depth\14.29.45.101.png
4279,330409,3.0,20.02.2025,73,20.02.2025\73\rgb\14.29.45.192.png,20.02.2025\73\depth\14.29.45.192.png
4280,330409,3.0,20.02.2025,73,20.02.2025\73\rgb\14.29.45.296.png,20.02.2025\73\depth\14.29.45.296.png
4281,901113,3.25,20.02.2025,74,20.02.2025\74\rgb\14.30.03.627.png,20.02.2025\74\depth\14.30.03.627.png
4282,901113,3.25,20.02.2025,74,20.02.2025\74\rgb\14.30.03.719.png,20.02.2025\74\depth\14.30.03.719.png
4283,901113,3.25,20.02.2025,74,20.02.2025\74\rgb\14.30.03.811.png,20.02.2025\74\depth\14.30.03.811.png
4284,901113,3.25,20.02.2025,74,20.02.2025\74\rgb\14.30.03.910.png,20.02.2025\74\depth\14.30.03.910.png
4285,901113,3.25,20.02.2025,74,20.02.2025\74\rgb\14.30.04.010.png,20.02.2025\74\depth\14.30.04.010.png
4286,901113,3.25,20.02.2025,74,20.02.2025\74\rgb\14.30.04.102.png,20.02.2025\74\depth\14.30.04.102.png
4287,901113,3.25,20.02.2025,74,20.02.2025\74\rgb\14.30.04.195.png,20.02.2025\74\depth\14.30.04.195.png
4288,901113,3.25,20.02.2025,74,20.02.2025\74\rgb\14.30.04.288.png,20.02.2025\74\depth\14.30.04.288.png
4289,901113,3.25,20.02.2025,74,20.02.2025\74\rgb\14.30.04.389.png,20.02.2025\74\depth\14.30.04.389.png
4290,901113,3.25,20.02.2025,74,20.02.2025\74\rgb\14.30.04.489.png,20.02.2025\74\depth\14.30.04.489.png
4291,901113,3.25,20.02.2025,74,20.02.2025\74\rgb\14.30.04.582.png,20.02.2025\74\depth\14.30.04.582.png
4292,901113,3.25,20.02.2025,74,20.02.2025\74\rgb\14.30.04.672.png,20.02.2025\74\depth\14.30.04.672.png
4293,901113,3.25,20.02.2025,74,20.02.2025\74\rgb\14.30.04.764.png,20.02.2025\74\depth\14.30.04.764.png
4294,901113,3.25,20.02.2025,74,20.02.2025\74\rgb\14.30.04.866.png,20.02.2025\74\depth\14.30.04.866.png
4295,901113,3.25,20.02.2025,74,20.02.2025\74\rgb\14.30.04.964.png,20.02.2025\74\depth\14.30.04.964.png
4296,901113,3.25,20.02.2025,74,20.02.2025\74\rgb\14.30.05.057.png,20.02.2025\74\depth\14.30.05.057.png
4297,901113,3.25,20.02.2025,74,20.02.2025\74\rgb\14.30.05.149.png,20.02.2025\74\depth\14.30.05.149.png
4298,901113,3.25,20.02.2025,74,20.02.2025\74\rgb\14.30.05.241.png,20.02.2025\74\depth\14.30.05.241.png
4299,901113,3.25,20.02.2025,74,20.02.2025\74\rgb\14.30.05.334.png,20.02.2025\74\depth\14.30.05.334.png
4300,901113,3.25,20.02.2025,74,20.02.2025\74\rgb\14.30.05.425.png,20.02.2025\74\depth\14.30.05.425.png
4301,7489,3.5,20.02.2025,75,20.02.2025\75\rgb\14.30.58.602.png,20.02.2025\75\depth\14.30.58.602.png
4302,7489,3.5,20.02.2025,75,20.02.2025\75\rgb\14.30.58.688.png,20.02.2025\75\depth\14.30.58.688.png
4303,7489,3.5,20.02.2025,75,20.02.2025\75\rgb\14.30.58.796.png,20.02.2025\75\depth\14.30.58.796.png
4304,7489,3.5,20.02.2025,75,20.02.2025\75\rgb\14.30.58.888.png,20.02.2025\75\depth\14.30.58.888.png
4305,7489,3.5,20.02.2025,75,20.02.2025\75\rgb\14.30.58.980.png,20.02.2025\75\depth\14.30.58.980.png
4306,7489,3.5,20.02.2025,75,20.02.2025\75\rgb\14.30.59.074.png,20.02.2025\75\depth\14.30.59.074.png
4307,7489,3.5,20.02.2025,75,20.02.2025\75\rgb\14.30.59.163.png,20.02.2025\75\depth\14.30.59.163.png
4308,7489,3.5,20.02.2025,75,20.02.2025\75\rgb\14.30.59.270.png,20.02.2025\75\depth\14.30.59.270.png
4309,7489,3.5,20.02.2025,75,20.02.2025\75\rgb\14.30.59.363.png,20.02.2025\75\depth\14.30.59.363.png
4310,7489,3.5,20.02.2025,75,20.02.2025\75\rgb\14.30.59.457.png,20.02.2025\75\depth\14.30.59.457.png
4311,7489,3.5,20.02.2025,75,20.02.2025\75\rgb\14.30.59.550.png,20.02.2025\75\depth\14.30.59.550.png
4312,7489,3.5,20.02.2025,75,20.02.2025\75\rgb\14.30.59.643.png,20.02.2025\75\depth\14.30.59.643.png
4313,7489,3.5,20.02.2025,75,20.02.2025\75\rgb\14.30.59.740.png,20.02.2025\75\depth\14.30.59.740.png
4314,7489,3.5,20.02.2025,75,20.02.2025\75\rgb\14.30.59.830.png,20.02.2025\75\depth\14.30.59.830.png
4315,7489,3.5,20.02.2025,75,20.02.2025\75\rgb\14.30.59.922.png,20.02.2025\75\depth\14.30.59.922.png
4316,7489,3.5,20.02.2025,75,20.02.2025\75\rgb\14.31.00.021.png,20.02.2025\75\depth\14.31.00.021.png
4317,7489,3.5,20.02.2025,75,20.02.2025\75\rgb\14.31.00.110.png,20.02.2025\75\depth\14.31.00.110.png
4318,7489,3.5,20.02.2025,75,20.02.2025\75\rgb\14.31.00.201.png,20.02.2025\75\depth\14.31.00.201.png
4319,7489,3.5,20.02.2025,75,20.02.2025\75\rgb\14.31.00.291.png,20.02.2025\75\depth\14.31.00.291.png
4320,7489,3.5,20.02.2025,75,20.02.2025\75\rgb\14.31.00.386.png,20.02.2025\75\depth\14.31.00.386.png
4321,830418,3.25,20.02.2025,76,20.02.2025\76\rgb\14.31.33.010.png,20.02.2025\76\depth\14.31.33.010.png
4322,830418,3.25,20.02.2025,76,20.02.2025\76\rgb\14.31.33.119.png,20.02.2025\76\depth\14.31.33.119.png
4323,830418,3.25,20.02.2025,76,20.02.2025\76\rgb\14.31.33.224.png,20.02.2025\76\depth\14.31.33.224.png
4324,830418,3.25,20.02.2025,76,20.02.2025\76\rgb\14.31.33.327.png,20.02.2025\76\depth\14.31.33.327.png
4325,830418,3.25,20.02.2025,76,20.02.2025\76\rgb\14.31.33.418.png,20.02.2025\76\depth\14.31.33.418.png
4326,830418,3.25,20.02.2025,76,20.02.2025\76\rgb\14.31.33.514.png,20.02.2025\76\depth\14.31.33.514.png
4327,830418,3.25,20.02.2025,76,20.02.2025\76\rgb\14.31.33.609.png,20.02.2025\76\depth\14.31.33.609.png
4328,830418,3.25,20.02.2025,76,20.02.2025\76\rgb\14.31.33.717.png,20.02.2025\76\depth\14.31.33.717.png
4329,830418,3.25,20.02.2025,76,20.02.2025\76\rgb\14.31.33.825.png,20.02.2025\76\depth\14.31.33.825.png
4330,830418,3.25,20.02.2025,76,20.02.2025\76\rgb\14.31.33.925.png,20.02.2025\76\depth\14.31.33.925.png
4331,830418,3.25,20.02.2025,76,20.02.2025\76\rgb\14.31.34.018.png,20.02.2025\76\depth\14.31.34.018.png
4332,830418,3.25,20.02.2025,76,20.02.2025\76\rgb\14.31.34.117.png,20.02.2025\76\depth\14.31.34.117.png
4333,830418,3.25,20.02.2025,76,20.02.2025\76\rgb\14.31.34.222.png,20.02.2025\76\depth\14.31.34.222.png
4334,830418,3.25,20.02.2025,76,20.02.2025\76\rgb\14.31.34.326.png,20.02.2025\76\depth\14.31.34.326.png
4335,830418,3.25,20.02.2025,76,20.02.2025\76\rgb\14.31.34.414.png,20.02.2025\76\depth\14.31.34.414.png
4336,830418,3.25,20.02.2025,76,20.02.2025\76\rgb\14.31.34.507.png,20.02.2025\76\depth\14.31.34.507.png
4337,830418,3.25,20.02.2025,76,20.02.2025\76\rgb\14.31.34.593.png,20.02.2025\76\depth\14.31.34.593.png
4338,830418,3.25,20.02.2025,76,20.02.2025\76\rgb\14.31.34.687.png,20.02.2025\76\depth\14.31.34.687.png
4339,830418,3.25,20.02.2025,76,20.02.2025\76\rgb\14.31.34.785.png,20.02.2025\76\depth\14.31.34.785.png
4340,830418,3.25,20.02.2025,76,20.02.2025\76\rgb\14.31.34.870.png,20.02.2025\76\depth\14.31.34.870.png
4341,6928,3.5,20.02.2025,77,20.02.2025\77\rgb\14.32.40.683.png,20.02.2025\77\depth\14.32.40.683.png
4342,6928,3.5,20.02.2025,77,20.02.2025\77\rgb\14.32.40.772.png,20.02.2025\77\depth\14.32.40.772.png
4343,6928,3.5,20.02.2025,77,20.02.2025\77\rgb\14.32.40.864.png,20.02.2025\77\depth\14.32.40.864.png
4344,6928,3.5,20.02.2025,77,20.02.2025\77\rgb\14.32.40.959.png,20.02.2025\77\depth\14.32.40.959.png
4345,6928,3.5,20.02.2025,77,20.02.2025\77\rgb\14.32.41.050.png,20.02.2025\77\depth\14.32.41.050.png
4346,6928,3.5,20.02.2025,77,20.02.2025\77\rgb\14.32.41.142.png,20.02.2025\77\depth\14.32.41.142.png
4347,6928,3.5,20.02.2025,77,20.02.2025\77\rgb\14.32.41.235.png,20.02.2025\77\depth\14.32.41.235.png
4348,6928,3.5,20.02.2025,77,20.02.2025\77\rgb\14.32.41.331.png,20.02.2025\77\depth\14.32.41.331.png
4349,6928,3.5,20.02.2025,77,20.02.2025\77\rgb\14.32.41.417.png,20.02.2025\77\depth\14.32.41.417.png
4350,6928,3.5,20.02.2025,77,20.02.2025\77\rgb\14.32.41.509.png,20.02.2025\77\depth\14.32.41.509.png
4351,6928,3.5,20.02.2025,77,20.02.2025\77\rgb\14.32.41.601.png,20.02.2025\77\depth\14.32.41.601.png
4352,6928,3.5,20.02.2025,77,20.02.2025\77\rgb\14.32.41.692.png,20.02.2025\77\depth\14.32.41.692.png
4353,6928,3.5,20.02.2025,77,20.02.2025\77\rgb\14.32.41.791.png,20.02.2025\77\depth\14.32.41.791.png
4354,6928,3.5,20.02.2025,77,20.02.2025\77\rgb\14.32.41.891.png,20.02.2025\77\depth\14.32.41.891.png
4355,6928,3.5,20.02.2025,77,20.02.2025\77\rgb\14.32.41.985.png,20.02.2025\77\depth\14.32.41.985.png
4356,6928,3.5,20.02.2025,77,20.02.2025\77\rgb\14.32.42.079.png,20.02.2025\77\depth\14.32.42.079.png
4357,6928,3.5,20.02.2025,77,20.02.2025\77\rgb\14.32.42.170.png,20.02.2025\77\depth\14.32.42.170.png
4358,6928,3.5,20.02.2025,77,20.02.2025\77\rgb\14.32.42.258.png,20.02.2025\77\depth\14.32.42.258.png
4359,6928,3.5,20.02.2025,77,20.02.2025\77\rgb\14.32.42.353.png,20.02.2025\77\depth\14.32.42.353.png
4360,6928,3.5,20.02.2025,77,20.02.2025\77\rgb\14.32.42.447.png,20.02.2025\77\depth\14.32.42.447.png
4361,6221,3.5,20.02.2025,78,20.02.2025\78\rgb\14.33.19.737.png,20.02.2025\78\depth\14.33.19.737.png
4362,6221,3.5,20.02.2025,78,20.02.2025\78\rgb\14.33.19.833.png,20.02.2025\78\depth\14.33.19.833.png
4363,6221,3.5,20.02.2025,78,20.02.2025\78\rgb\14.33.19.938.png,20.02.2025\78\depth\14.33.19.938.png
4364,6221,3.5,20.02.2025,78,20.02.2025\78\rgb\14.33.20.022.png,20.02.2025\78\depth\14.33.20.022.png
4365,6221,3.5,20.02.2025,78,20.02.2025\78\rgb\14.33.20.113.png,20.02.2025\78\depth\14.33.20.113.png
4366,6221,3.5,20.02.2025,78,20.02.2025\78\rgb\14.33.20.203.png,20.02.2025\78\depth\14.33.20.203.png
4367,6221,3.5,20.02.2025,78,20.02.2025\78\rgb\14.33.20.294.png,20.02.2025\78\depth\14.33.20.294.png
4368,6221,3.5,20.02.2025,78,20.02.2025\78\rgb\14.33.20.395.png,20.02.2025\78\depth\14.33.20.395.png
4369,6221,3.5,20.02.2025,78,20.02.2025\78\rgb\14.33.20.484.png,20.02.2025\78\depth\14.33.20.484.png
4370,6221,3.5,20.02.2025,78,20.02.2025\78\rgb\14.33.20.573.png,20.02.2025\78\depth\14.33.20.573.png
4371,6221,3.5,20.02.2025,78,20.02.2025\78\rgb\14.33.20.666.png,20.02.2025\78\depth\14.33.20.666.png
4372,6221,3.5,20.02.2025,78,20.02.2025\78\rgb\14.33.20.758.png,20.02.2025\78\depth\14.33.20.758.png
4373,6221,3.5,20.02.2025,78,20.02.2025\78\rgb\14.33.20.852.png,20.02.2025\78\depth\14.33.20.852.png
4374,6221,3.5,20.02.2025,78,20.02.2025\78\rgb\14.33.20.948.png,20.02.2025\78\depth\14.33.20.948.png
4375,6221,3.5,20.02.2025,78,20.02.2025\78\rgb\14.33.21.038.png,20.02.2025\78\depth\14.33.21.038.png
4376,6221,3.5,20.02.2025,78,20.02.2025\78\rgb\14.33.21.130.png,20.02.2025\78\depth\14.33.21.130.png
4377,6221,3.5,20.02.2025,78,20.02.2025\78\rgb\14.33.21.223.png,20.02.2025\78\depth\14.33.21.223.png
4378,6221,3.5,20.02.2025,78,20.02.2025\78\rgb\14.33.21.322.png,20.02.2025\78\depth\14.33.21.322.png
4379,6221,3.5,20.02.2025,78,20.02.2025\78\rgb\14.33.21.415.png,20.02.2025\78\depth\14.33.21.415.png
4380,6221,3.5,20.02.2025,78,20.02.2025\78\rgb\14.33.21.504.png,20.02.2025\78\depth\14.33.21.504.png
4381,630418,3.25,20.02.2025,79,20.02.2025\79\rgb\14.33.29.526.png,20.02.2025\79\depth\14.33.29.526.png
4382,630418,3.25,20.02.2025,79,20.02.2025\79\rgb\14.33.29.628.png,20.02.2025\79\depth\14.33.29.628.png
4383,630418,3.25,20.02.2025,79,20.02.2025\79\rgb\14.33.29.725.png,20.02.2025\79\depth\14.33.29.725.png
4384,630418,3.25,20.02.2025,79,20.02.2025\79\rgb\14.33.29.813.png,20.02.2025\79\depth\14.33.29.813.png
4385,630418,3.25,20.02.2025,79,20.02.2025\79\rgb\14.33.29.906.png,20.02.2025\79\depth\14.33.29.906.png
4386,630418,3.25,20.02.2025,79,20.02.2025\79\rgb\14.33.29.996.png,20.02.2025\79\depth\14.33.29.996.png
4387,630418,3.25,20.02.2025,79,20.02.2025\79\rgb\14.33.30.089.png,20.02.2025\79\depth\14.33.30.089.png
4388,630418,3.25,20.02.2025,79,20.02.2025\79\rgb\14.33.30.187.png,20.02.2025\79\depth\14.33.30.187.png
4389,630418,3.25,20.02.2025,79,20.02.2025\79\rgb\14.33.30.274.png,20.02.2025\79\depth\14.33.30.274.png
4390,630418,3.25,20.02.2025,79,20.02.2025\79\rgb\14.33.30.351.png,20.02.2025\79\depth\14.33.30.351.png
4391,630418,3.25,20.02.2025,79,20.02.2025\79\rgb\14.33.30.443.png,20.02.2025\79\depth\14.33.30.443.png
4392,630418,3.25,20.02.2025,79,20.02.2025\79\rgb\14.33.30.535.png,20.02.2025\79\depth\14.33.30.535.png
4393,630418,3.25,20.02.2025,79,20.02.2025\79\rgb\14.33.30.631.png,20.02.2025\79\depth\14.33.30.631.png
4394,630418,3.25,20.02.2025,79,20.02.2025\79\rgb\14.33.30.718.png,20.02.2025\79\depth\14.33.30.718.png
4395,630418,3.25,20.02.2025,79,20.02.2025\79\rgb\14.33.30.810.png,20.02.2025\79\depth\14.33.30.810.png
4396,630418,3.25,20.02.2025,79,20.02.2025\79\rgb\14.33.30.901.png,20.02.2025\79\depth\14.33.30.901.png
4397,630418,3.25,20.02.2025,79,20.02.2025\79\rgb\14.33.30.994.png,20.02.2025\79\depth\14.33.30.994.png
4398,630418,3.25,20.02.2025,79,20.02.2025\79\rgb\14.33.31.096.png,20.02.2025\79\depth\14.33.31.096.png
4399,630418,3.25,20.02.2025,79,20.02.2025\79\rgb\14.33.31.183.png,20.02.2025\79\depth\14.33.31.183.png
4400,630418,3.25,20.02.2025,79,20.02.2025\79\rgb\14.33.31.275.png,20.02.2025\79\depth\14.33.31.275.png
4401,7581,3.25,20.02.2025,80,20.02.2025\80\rgb\14.33.47.186.png,20.02.2025\80\depth\14.33.47.186.png
4402,7581,3.25,20.02.2025,80,20.02.2025\80\rgb\14.33.47.286.png,20.02.2025\80\depth\14.33.47.286.png
4403,7581,3.25,20.02.2025,80,20.02.2025\80\rgb\14.33.47.378.png,20.02.2025\80\depth\14.33.47.378.png
4404,7581,3.25,20.02.2025,80,20.02.2025\80\rgb\14.33.47.475.png,20.02.2025\80\depth\14.33.47.475.png
4405,7581,3.25,20.02.2025,80,20.02.2025\80\rgb\14.33.47.562.png,20.02.2025\80\depth\14.33.47.562.png
4406,7581,3.25,20.02.2025,80,20.02.2025\80\rgb\14.33.47.654.png,20.02.2025\80\depth\14.33.47.654.png
4407,7581,3.25,20.02.2025,80,20.02.2025\80\rgb\14.33.47.745.png,20.02.2025\80\depth\14.33.47.745.png
4408,7581,3.25,20.02.2025,80,20.02.2025\80\rgb\14.33.47.837.png,20.02.2025\80\depth\14.33.47.837.png
4409,7581,3.25,20.02.2025,80,20.02.2025\80\rgb\14.33.47.922.png,20.02.2025\80\depth\14.33.47.922.png
4410,7581,3.25,20.02.2025,80,20.02.2025\80\rgb\14.33.48.022.png,20.02.2025\80\depth\14.33.48.022.png
4411,7581,3.25,20.02.2025,80,20.02.2025\80\rgb\14.33.48.116.png,20.02.2025\80\depth\14.33.48.116.png
4412,7581,3.25,20.02.2025,80,20.02.2025\80\rgb\14.33.48.205.png,20.02.2025\80\depth\14.33.48.205.png
4413,7581,3.25,20.02.2025,80,20.02.2025\80\rgb\14.33.48.301.png,20.02.2025\80\depth\14.33.48.301.png
4414,7581,3.25,20.02.2025,80,20.02.2025\80\rgb\14.33.48.389.png,20.02.2025\80\depth\14.33.48.389.png
4415,7581,3.25,20.02.2025,80,20.02.2025\80\rgb\14.33.48.482.png,20.02.2025\80\depth\14.33.48.482.png
4416,7581,3.25,20.02.2025,80,20.02.2025\80\rgb\14.33.48.576.png,20.02.2025\80\depth\14.33.48.576.png
4417,7581,3.25,20.02.2025,80,20.02.2025\80\rgb\14.33.48.667.png,20.02.2025\80\depth\14.33.48.667.png
4418,7581,3.25,20.02.2025,80,20.02.2025\80\rgb\14.33.48.764.png,20.02.2025\80\depth\14.33.48.764.png
4419,7581,3.25,20.02.2025,80,20.02.2025\80\rgb\14.33.48.853.png,20.02.2025\80\depth\14.33.48.853.png
4420,7581,3.25,20.02.2025,80,20.02.2025\80\rgb\14.33.48.946.png,20.02.2025\80\depth\14.33.48.946.png
4421,890406,3.25,20.02.2025,81,20.02.2025\81\rgb\14.34.10.088.png,20.02.2025\81\depth\14.34.10.088.png
4422,890406,3.25,20.02.2025,81,20.02.2025\81\rgb\14.34.10.171.png,20.02.2025\81\depth\14.34.10.171.png
4423,890406,3.25,20.02.2025,81,20.02.2025\81\rgb\14.34.10.270.png,20.02.2025\81\depth\14.34.10.270.png
4424,890406,3.25,20.02.2025,81,20.02.2025\81\rgb\14.34.10.360.png,20.02.2025\81\depth\14.34.10.360.png
4425,890406,3.25,20.02.2025,81,20.02.2025\81\rgb\14.34.10.452.png,20.02.2025\81\depth\14.34.10.452.png
4426,890406,3.25,20.02.2025,81,20.02.2025\81\rgb\14.34.10.545.png,20.02.2025\81\depth\14.34.10.545.png
4427,890406,3.25,20.02.2025,81,20.02.2025\81\rgb\14.34.10.641.png,20.02.2025\81\depth\14.34.10.641.png
4428,890406,3.25,20.02.2025,81,20.02.2025\81\rgb\14.34.10.732.png,20.02.2025\81\depth\14.34.10.732.png
4429,890406,3.25,20.02.2025,81,20.02.2025\81\rgb\14.34.10.820.png,20.02.2025\81\depth\14.34.10.820.png
4430,890406,3.25,20.02.2025,81,20.02.2025\81\rgb\14.34.10.912.png,20.02.2025\81\depth\14.34.10.912.png
4431,890406,3.25,20.02.2025,81,20.02.2025\81\rgb\14.34.11.004.png,20.02.2025\81\depth\14.34.11.004.png
4432,890406,3.25,20.02.2025,81,20.02.2025\81\rgb\14.34.11.104.png,20.02.2025\81\depth\14.34.11.104.png
4433,890406,3.25,20.02.2025,81,20.02.2025\81\rgb\14.34.11.204.png,20.02.2025\81\depth\14.34.11.204.png
4434,890406,3.25,20.02.2025,81,20.02.2025\81\rgb\14.34.11.297.png,20.02.2025\81\depth\14.34.11.297.png
4435,890406,3.25,20.02.2025,81,20.02.2025\81\rgb\14.34.11.388.png,20.02.2025\81\depth\14.34.11.388.png
4436,890406,3.25,20.02.2025,81,20.02.2025\81\rgb\14.34.11.483.png,20.02.2025\81\depth\14.34.11.483.png
4437,890406,3.25,20.02.2025,81,20.02.2025\81\rgb\14.34.11.574.png,20.02.2025\81\depth\14.34.11.574.png
4438,890406,3.25,20.02.2025,81,20.02.2025\81\rgb\14.34.11.666.png,20.02.2025\81\depth\14.34.11.666.png
4439,890406,3.25,20.02.2025,81,20.02.2025\81\rgb\14.34.11.761.png,20.02.2025\81\depth\14.34.11.761.png
4440,890406,3.25,20.02.2025,81,20.02.2025\81\rgb\14.34.11.853.png,20.02.2025\81\depth\14.34.11.853.png
4441,7331,3.25,20.02.2025,82,20.02.2025\82\rgb\14.34.26.518.png,20.02.2025\82\depth\14.34.26.518.png
4442,7331,3.25,20.02.2025,82,20.02.2025\82\rgb\14.34.26.606.png,20.02.2025\82\depth\14.34.26.606.png
4443,7331,3.25,20.02.2025,82,20.02.2025\82\rgb\14.34.26.699.png,20.02.2025\82\depth\14.34.26.699.png
4444,7331,3.25,20.02.2025,82,20.02.2025\82\rgb\14.34.26.792.png,20.02.2025\82\depth\14.34.26.792.png
4445,7331,3.25,20.02.2025,82,20.02.2025\82\rgb\14.34.26.885.png,20.02.2025\82\depth\14.34.26.885.png
4446,7331,3.25,20.02.2025,82,20.02.2025\82\rgb\14.34.26.978.png,20.02.2025\82\depth\14.34.26.978.png
4447,7331,3.25,20.02.2025,82,20.02.2025\82\rgb\14.34.27.070.png,20.02.2025\82\depth\14.34.27.070.png
4448,7331,3.25,20.02.2025,82,20.02.2025\82\rgb\14.34.27.163.png,20.02.2025\82\depth\14.34.27.163.png
4449,7331,3.25,20.02.2025,82,20.02.2025\82\rgb\14.34.27.257.png,20.02.2025\82\depth\14.34.27.257.png
4450,7331,3.25,20.02.2025,82,20.02.2025\82\rgb\14.34.27.347.png,20.02.2025\82\depth\14.34.27.347.png
4451,7331,3.25,20.02.2025,82,20.02.2025\82\rgb\14.34.27.444.png,20.02.2025\82\depth\14.34.27.444.png
4452,7331,3.25,20.02.2025,82,20.02.2025\82\rgb\14.34.27.530.png,20.02.2025\82\depth\14.34.27.530.png
4453,7331,3.25,20.02.2025,82,20.02.2025\82\rgb\14.34.27.625.png,20.02.2025\82\depth\14.34.27.625.png
4454,7331,3.25,20.02.2025,82,20.02.2025\82\rgb\14.34.27.715.png,20.02.2025\82\depth\14.34.27.715.png
4455,7331,3.25,20.02.2025,82,20.02.2025\82\rgb\14.34.27.809.png,20.02.2025\82\depth\14.34.27.809.png
4456,7331,3.25,20.02.2025,82,20.02.2025\82\rgb\14.34.27.895.png,20.02.2025\82\depth\14.34.27.895.png
4457,7331,3.25,20.02.2025,82,20.02.2025\82\rgb\14.34.27.977.png,20.02.2025\82\depth\14.34.27.977.png
4458,7331,3.25,20.02.2025,82,20.02.2025\82\rgb\14.34.28.071.png,20.02.2025\82\depth\14.34.28.071.png
4459,7331,3.25,20.02.2025,82,20.02.2025\82\rgb\14.34.28.164.png,20.02.2025\82\depth\14.34.28.164.png
4460,7331,3.25,20.02.2025,82,20.02.2025\82\rgb\14.34.28.259.png,20.02.2025\82\depth\14.34.28.259.png
4461,230414,3.25,20.02.2025,83,20.02.2025\83\rgb\14.34.43.230.png,20.02.2025\83\depth\14.34.43.230.png
4462,230414,3.25,20.02.2025,83,20.02.2025\83\rgb\14.34.43.328.png,20.02.2025\83\depth\14.34.43.328.png
4463,230414,3.25,20.02.2025,83,20.02.2025\83\rgb\14.34.43.423.png,20.02.2025\83\depth\14.34.43.423.png
4464,230414,3.25,20.02.2025,83,20.02.2025\83\rgb\14.34.43.512.png,20.02.2025\83\depth\14.34.43.512.png
4465,230414,3.25,20.02.2025,83,20.02.2025\83\rgb\14.34.43.605.png,20.02.2025\83\depth\14.34.43.605.png
4466,230414,3.25,20.02.2025,83,20.02.2025\83\rgb\14.34.43.699.png,20.02.2025\83\depth\14.34.43.699.png
4467,230414,3.25,20.02.2025,83,20.02.2025\83\rgb\14.34.43.792.png,20.02.2025\83\depth\14.34.43.792.png
4468,230414,3.25,20.02.2025,83,20.02.2025\83\rgb\14.34.43.882.png,20.02.2025\83\depth\14.34.43.882.png
4469,230414,3.25,20.02.2025,83,20.02.2025\83\rgb\14.34.43.974.png,20.02.2025\83\depth\14.34.43.974.png
4470,230414,3.25,20.02.2025,83,20.02.2025\83\rgb\14.34.44.066.png,20.02.2025\83\depth\14.34.44.066.png
4471,230414,3.25,20.02.2025,83,20.02.2025\83\rgb\14.34.44.159.png,20.02.2025\83\depth\14.34.44.159.png
4472,230414,3.25,20.02.2025,83,20.02.2025\83\rgb\14.34.44.255.png,20.02.2025\83\depth\14.34.44.255.png
4473,230414,3.25,20.02.2025,83,20.02.2025\83\rgb\14.34.44.344.png,20.02.2025\83\depth\14.34.44.344.png
4474,230414,3.25,20.02.2025,83,20.02.2025\83\rgb\14.34.44.435.png,20.02.2025\83\depth\14.34.44.435.png
4475,230414,3.25,20.02.2025,83,20.02.2025\83\rgb\14.34.44.528.png,20.02.2025\83\depth\14.34.44.528.png
4476,230414,3.25,20.02.2025,83,20.02.2025\83\rgb\14.34.44.621.png,20.02.2025\83\depth\14.34.44.621.png
4477,230414,3.25,20.02.2025,83,20.02.2025\83\rgb\14.34.44.710.png,20.02.2025\83\depth\14.34.44.710.png
4478,230414,3.25,20.02.2025,83,20.02.2025\83\rgb\14.34.44.804.png,20.02.2025\83\depth\14.34.44.804.png
4479,230414,3.25,20.02.2025,83,20.02.2025\83\rgb\14.34.44.898.png,20.02.2025\83\depth\14.34.44.898.png
4480,230414,3.25,20.02.2025,83,20.02.2025\83\rgb\14.34.44.998.png,20.02.2025\83\depth\14.34.44.998.png
4481,7007,3.25,20.02.2025,84,20.02.2025\84\rgb\14.35.00.345.png,20.02.2025\84\depth\14.35.00.345.png
4482,7007,3.25,20.02.2025,84,20.02.2025\84\rgb\14.35.00.454.png,20.02.2025\84\depth\14.35.00.454.png
4483,7007,3.25,20.02.2025,84,20.02.2025\84\rgb\14.35.00.550.png,20.02.2025\84\depth\14.35.00.550.png
4484,7007,3.25,20.02.2025,84,20.02.2025\84\rgb\14.35.00.642.png,20.02.2025\84\depth\14.35.00.642.png
4485,7007,3.25,20.02.2025,84,20.02.2025\84\rgb\14.35.00.737.png,20.02.2025\84\depth\14.35.00.737.png
4486,7007,3.25,20.02.2025,84,20.02.2025\84\rgb\14.35.00.828.png,20.02.2025\84\depth\14.35.00.828.png
4487,7007,3.25,20.02.2025,84,20.02.2025\84\rgb\14.35.00.919.png,20.02.2025\84\depth\14.35.00.919.png
4488,7007,3.25,20.02.2025,84,20.02.2025\84\rgb\14.35.01.011.png,20.02.2025\84\depth\14.35.01.011.png
4489,7007,3.25,20.02.2025,84,20.02.2025\84\rgb\14.35.01.104.png,20.02.2025\84\depth\14.35.01.104.png
4490,7007,3.25,20.02.2025,84,20.02.2025\84\rgb\14.35.01.194.png,20.02.2025\84\depth\14.35.01.194.png
4491,7007,3.25,20.02.2025,84,20.02.2025\84\rgb\14.35.01.288.png,20.02.2025\84\depth\14.35.01.288.png
4492,7007,3.25,20.02.2025,84,20.02.2025\84\rgb\14.35.01.380.png,20.02.2025\84\depth\14.35.01.380.png
4493,7007,3.25,20.02.2025,84,20.02.2025\84\rgb\14.35.01.473.png,20.02.2025\84\depth\14.35.01.473.png
4494,7007,3.25,20.02.2025,84,20.02.2025\84\rgb\14.35.01.563.png,20.02.2025\84\depth\14.35.01.563.png
4495,7007,3.25,20.02.2025,84,20.02.2025\84\rgb\14.35.01.656.png,20.02.2025\84\depth\14.35.01.656.png
4496,7007,3.25,20.02.2025,84,20.02.2025\84\rgb\14.35.01.745.png,20.02.2025\84\depth\14.35.01.745.png
4497,7007,3.25,20.02.2025,84,20.02.2025\84\rgb\14.35.01.851.png,20.02.2025\84\depth\14.35.01.851.png
4498,7007,3.25,20.02.2025,84,20.02.2025\84\rgb\14.35.01.945.png,20.02.2025\84\depth\14.35.01.945.png
4499,7007,3.25,20.02.2025,84,20.02.2025\84\rgb\14.35.02.025.png,20.02.2025\84\depth\14.35.02.025.png
4500,7007,3.25,20.02.2025,84,20.02.2025\84\rgb\14.35.02.116.png,20.02.2025\84\depth\14.35.02.116.png
4501,7472,3.5,20.02.2025,85,20.02.2025\85\rgb\14.35.17.203.png,20.02.2025\85\depth\14.35.17.203.png
4502,7472,3.5,20.02.2025,85,20.02.2025\85\rgb\14.35.17.297.png,20.02.2025\85\depth\14.35.17.297.png
4503,7472,3.5,20.02.2025,85,20.02.2025\85\rgb\14.35.17.388.png,20.02.2025\85\depth\14.35.17.388.png
4504,7472,3.5,20.02.2025,85,20.02.2025\85\rgb\14.35.17.481.png,20.02.2025\85\depth\14.35.17.481.png
4505,7472,3.5,20.02.2025,85,20.02.2025\85\rgb\14.35.17.573.png,20.02.2025\85\depth\14.35.17.573.png
4506,7472,3.5,20.02.2025,85,20.02.2025\85\rgb\14.35.17.667.png,20.02.2025\85\depth\14.35.17.667.png
4507,7472,3.5,20.02.2025,85,20.02.2025\85\rgb\14.35.17.759.png,20.02.2025\85\depth\14.35.17.759.png
4508,7472,3.5,20.02.2025,85,20.02.2025\85\rgb\14.35.17.853.png,20.02.2025\85\depth\14.35.17.853.png
4509,7472,3.5,20.02.2025,85,20.02.2025\85\rgb\14.35.17.945.png,20.02.2025\85\depth\14.35.17.945.png
4510,7472,3.5,20.02.2025,85,20.02.2025\85\rgb\14.35.18.032.png,20.02.2025\85\depth\14.35.18.032.png
4511,7472,3.5,20.02.2025,85,20.02.2025\85\rgb\14.35.18.134.png,20.02.2025\85\depth\14.35.18.134.png
4512,7472,3.5,20.02.2025,85,20.02.2025\85\rgb\14.35.18.226.png,20.02.2025\85\depth\14.35.18.226.png
4513,7472,3.5,20.02.2025,85,20.02.2025\85\rgb\14.35.18.318.png,20.02.2025\85\depth\14.35.18.318.png
4514,7472,3.5,20.02.2025,85,20.02.2025\85\rgb\14.35.18.412.png,20.02.2025\85\depth\14.35.18.412.png
4515,7472,3.5,20.02.2025,85,20.02.2025\85\rgb\14.35.18.505.png,20.02.2025\85\depth\14.35.18.505.png
4516,7472,3.5,20.02.2025,85,20.02.2025\85\rgb\14.35.18.596.png,20.02.2025\85\depth\14.35.18.596.png
4517,7472,3.5,20.02.2025,85,20.02.2025\85\rgb\14.35.18.691.png,20.02.2025\85\depth\14.35.18.691.png
4518,7472,3.5,20.02.2025,85,20.02.2025\85\rgb\14.35.18.783.png,20.02.2025\85\depth\14.35.18.783.png
4519,7472,3.5,20.02.2025,85,20.02.2025\85\rgb\14.35.18.878.png,20.02.2025\85\depth\14.35.18.878.png
4520,7472,3.5,20.02.2025,85,20.02.2025\85\rgb\14.35.18.966.png,20.02.2025\85\depth\14.35.18.966.png
4521,730411,3.0,20.02.2025,86,20.02.2025\86\rgb\14.35.36.013.png,20.02.2025\86\depth\14.35.36.013.png
4522,730411,3.0,20.02.2025,86,20.02.2025\86\rgb\14.35.36.120.png,20.02.2025\86\depth\14.35.36.120.png
4523,730411,3.0,20.02.2025,86,20.02.2025\86\rgb\14.35.36.225.png,20.02.2025\86\depth\14.35.36.225.png
4524,730411,3.0,20.02.2025,86,20.02.2025\86\rgb\14.35.36.316.png,20.02.2025\86\depth\14.35.36.316.png
4525,730411,3.0,20.02.2025,86,20.02.2025\86\rgb\14.35.36.407.png,20.02.2025\86\depth\14.35.36.407.png
4526,730411,3.0,20.02.2025,86,20.02.2025\86\rgb\14.35.36.501.png,20.02.2025\86\depth\14.35.36.501.png
4527,730411,3.0,20.02.2025,86,20.02.2025\86\rgb\14.35.36.603.png,20.02.2025\86\depth\14.35.36.603.png
4528,730411,3.0,20.02.2025,86,20.02.2025\86\rgb\14.35.36.693.png,20.02.2025\86\depth\14.35.36.693.png
4529,730411,3.0,20.02.2025,86,20.02.2025\86\rgb\14.35.36.795.png,20.02.2025\86\depth\14.35.36.795.png
4530,730411,3.0,20.02.2025,86,20.02.2025\86\rgb\14.35.36.886.png,20.02.2025\86\depth\14.35.36.886.png
4531,730411,3.0,20.02.2025,86,20.02.2025\86\rgb\14.35.36.981.png,20.02.2025\86\depth\14.35.36.981.png
4532,730411,3.0,20.02.2025,86,20.02.2025\86\rgb\14.35.37.077.png,20.02.2025\86\depth\14.35.37.077.png
4533,730411,3.0,20.02.2025,86,20.02.2025\86\rgb\14.35.37.166.png,20.02.2025\86\depth\14.35.37.166.png
4534,730411,3.0,20.02.2025,86,20.02.2025\86\rgb\14.35.37.259.png,20.02.2025\86\depth\14.35.37.259.png
4535,730411,3.0,20.02.2025,86,20.02.2025\86\rgb\14.35.37.352.png,20.02.2025\86\depth\14.35.37.352.png
4536,730411,3.0,20.02.2025,86,20.02.2025\86\rgb\14.35.37.445.png,20.02.2025\86\depth\14.35.37.445.png
4537,730411,3.0,20.02.2025,86,20.02.2025\86\rgb\14.35.37.538.png,20.02.2025\86\depth\14.35.37.538.png
4538,730411,3.0,20.02.2025,86,20.02.2025\86\rgb\14.35.37.628.png,20.02.2025\86\depth\14.35.37.628.png
4539,730411,3.0,20.02.2025,86,20.02.2025\86\rgb\14.35.37.721.png,20.02.2025\86\depth\14.35.37.721.png
4540,730411,3.0,20.02.2025,86,20.02.2025\86\rgb\14.35.37.814.png,20.02.2025\86\depth\14.35.37.814.png
4541,530411,3.25,20.02.2025,87,20.02.2025\87\rgb\14.36.06.339.png,20.02.2025\87\depth\14.36.06.339.png
4542,530411,3.25,20.02.2025,87,20.02.2025\87\rgb\14.36.06.433.png,20.02.2025\87\depth\14.36.06.433.png
4543,530411,3.25,20.02.2025,87,20.02.2025\87\rgb\14.36.06.526.png,20.02.2025\87\depth\14.36.06.526.png
4544,530411,3.25,20.02.2025,87,20.02.2025\87\rgb\14.36.06.620.png,20.02.2025\87\depth\14.36.06.620.png
4545,530411,3.25,20.02.2025,87,20.02.2025\87\rgb\14.36.06.706.png,20.02.2025\87\depth\14.36.06.706.png
4546,530411,3.25,20.02.2025,87,20.02.2025\87\rgb\14.36.06.801.png,20.02.2025\87\depth\14.36.06.801.png
4547,530411,3.25,20.02.2025,87,20.02.2025\87\rgb\14.36.06.893.png,20.02.2025\87\depth\14.36.06.893.png
4548,530411,3.25,20.02.2025,87,20.02.2025\87\rgb\14.36.06.988.png,20.02.2025\87\depth\14.36.06.988.png
4549,530411,3.25,20.02.2025,87,20.02.2025\87\rgb\14.36.07.091.png,20.02.2025\87\depth\14.36.07.091.png
4550,530411,3.25,20.02.2025,87,20.02.2025\87\rgb\14.36.07.187.png,20.02.2025\87\depth\14.36.07.187.png
4551,530411,3.25,20.02.2025,87,20.02.2025\87\rgb\14.36.07.279.png,20.02.2025\87\depth\14.36.07.279.png
4552,530411,3.25,20.02.2025,87,20.02.2025\87\rgb\14.36.07.372.png,20.02.2025\87\depth\14.36.07.372.png
4553,530411,3.25,20.02.2025,87,20.02.2025\87\rgb\14.36.07.463.png,20.02.2025\87\depth\14.36.07.463.png
4554,530411,3.25,20.02.2025,87,20.02.2025\87\rgb\14.36.07.570.png,20.02.2025\87\depth\14.36.07.570.png
4555,530411,3.25,20.02.2025,87,20.02.2025\87\rgb\14.36.07.661.png,20.02.2025\87\depth\14.36.07.661.png
4556,530411,3.25,20.02.2025,87,20.02.2025\87\rgb\14.36.07.754.png,20.02.2025\87\depth\14.36.07.754.png
4557,530411,3.25,20.02.2025,87,20.02.2025\87\rgb\14.36.07.847.png,20.02.2025\87\depth\14.36.07.847.png
4558,530411,3.25,20.02.2025,87,20.02.2025\87\rgb\14.36.07.942.png,20.02.2025\87\depth\14.36.07.942.png
4559,530411,3.25,20.02.2025,87,20.02.2025\87\rgb\14.36.08.033.png,20.02.2025\87\depth\14.36.08.033.png
4560,530411,3.25,20.02.2025,87,20.02.2025\87\rgb\14.36.08.125.png,20.02.2025\87\depth\14.36.08.125.png
4561,7533,3.25,20.02.2025,88,20.02.2025\88\rgb\14.36.22.607.png,20.02.2025\88\depth\14.36.22.607.png
4562,7533,3.25,20.02.2025,88,20.02.2025\88\rgb\14.36.22.717.png,20.02.2025\88\depth\14.36.22.717.png
4563,7533,3.25,20.02.2025,88,20.02.2025\88\rgb\14.36.22.814.png,20.02.2025\88\depth\14.36.22.814.png
4564,7533,3.25,20.02.2025,88,20.02.2025\88\rgb\14.36.22.905.png,20.02.2025\88\depth\14.36.22.905.png
4565,7533,3.25,20.02.2025,88,20.02.2025\88\rgb\14.36.22.996.png,20.02.2025\88\depth\14.36.22.996.png
4566,7533,3.25,20.02.2025,88,20.02.2025\88\rgb\14.36.23.092.png,20.02.2025\88\depth\14.36.23.092.png
4567,7533,3.25,20.02.2025,88,20.02.2025\88\rgb\14.36.23.184.png,20.02.2025\88\depth\14.36.23.184.png
4568,7533,3.25,20.02.2025,88,20.02.2025\88\rgb\14.36.23.276.png,20.02.2025\88\depth\14.36.23.276.png
4569,7533,3.25,20.02.2025,88,20.02.2025\88\rgb\14.36.23.366.png,20.02.2025\88\depth\14.36.23.366.png
4570,7533,3.25,20.02.2025,88,20.02.2025\88\rgb\14.36.23.460.png,20.02.2025\88\depth\14.36.23.460.png
4571,7533,3.25,20.02.2025,88,20.02.2025\88\rgb\14.36.23.564.png,20.02.2025\88\depth\14.36.23.564.png
4572,7533,3.25,20.02.2025,88,20.02.2025\88\rgb\14.36.23.662.png,20.02.2025\88\depth\14.36.23.662.png
4573,7533,3.25,20.02.2025,88,20.02.2025\88\rgb\14.36.23.754.png,20.02.2025\88\depth\14.36.23.754.png
4574,7533,3.25,20.02.2025,88,20.02.2025\88\rgb\14.36.23.846.png,20.02.2025\88\depth\14.36.23.846.png
4575,7533,3.25,20.02.2025,88,20.02.2025\88\rgb\14.36.23.937.png,20.02.2025\88\depth\14.36.23.937.png
4576,7533,3.25,20.02.2025,88,20.02.2025\88\rgb\14.36.24.039.png,20.02.2025\88\depth\14.36.24.039.png
4577,7533,3.25,20.02.2025,88,20.02.2025\88\rgb\14.36.24.138.png,20.02.2025\88\depth\14.36.24.138.png
4578,7533,3.25,20.02.2025,88,20.02.2025\88\rgb\14.36.24.228.png,20.02.2025\88\depth\14.36.24.228.png
4579,7533,3.25,20.02.2025,88,20.02.2025\88\rgb\14.36.24.321.png,20.02.2025\88\depth\14.36.24.321.png
4580,7533,3.25,20.02.2025,88,20.02.2025\88\rgb\14.36.24.413.png,20.02.2025\88\depth\14.36.24.413.png
4581,5179,3.25,20.02.2025,89,20.02.2025\89\rgb\14.36.41.271.png,20.02.2025\89\depth\14.36.41.271.png
4582,5179,3.25,20.02.2025,89,20.02.2025\89\rgb\14.36.41.358.png,20.02.2025\89\depth\14.36.41.358.png
4583,5179,3.25,20.02.2025,89,20.02.2025\89\rgb\14.36.41.449.png,20.02.2025\89\depth\14.36.41.449.png
4584,5179,3.25,20.02.2025,89,20.02.2025\89\rgb\14.36.41.540.png,20.02.2025\89\depth\14.36.41.540.png
4585,5179,3.25,20.02.2025,89,20.02.2025\89\rgb\14.36.41.632.png,20.02.2025\89\depth\14.36.41.632.png
4586,5179,3.25,20.02.2025,89,20.02.2025\89\rgb\14.36.41.727.png,20.02.2025\89\depth\14.36.41.727.png
4587,5179,3.25,20.02.2025,89,20.02.2025\89\rgb\14.36.41.804.png,20.02.2025\89\depth\14.36.41.804.png
4588,5179,3.25,20.02.2025,89,20.02.2025\89\rgb\14.36.41.894.png,20.02.2025\89\depth\14.36.41.894.png
4589,5179,3.25,20.02.2025,89,20.02.2025\89\rgb\14.36.41.987.png,20.02.2025\89\depth\14.36.41.987.png
4590,5179,3.25,20.02.2025,89,20.02.2025\89\rgb\14.36.42.079.png,20.02.2025\89\depth\14.36.42.079.png
4591,5179,3.25,20.02.2025,89,20.02.2025\89\rgb\14.36.42.172.png,20.02.2025\89\depth\14.36.42.172.png
4592,5179,3.25,20.02.2025,89,20.02.2025\89\rgb\14.36.42.262.png,20.02.2025\89\depth\14.36.42.262.png
4593,5179,3.25,20.02.2025,89,20.02.2025\89\rgb\14.36.42.368.png,20.02.2025\89\depth\14.36.42.368.png
4594,5179,3.25,20.02.2025,89,20.02.2025\89\rgb\14.36.42.463.png,20.02.2025\89\depth\14.36.42.463.png
4595,5179,3.25,20.02.2025,89,20.02.2025\89\rgb\14.36.42.554.png,20.02.2025\89\depth\14.36.42.554.png
4596,5179,3.25,20.02.2025,89,20.02.2025\89\rgb\14.36.42.643.png,20.02.2025\89\depth\14.36.42.643.png
4597,5179,3.25,20.02.2025,89,20.02.2025\89\rgb\14.36.42.737.png,20.02.2025\89\depth\14.36.42.737.png
4598,5179,3.25,20.02.2025,89,20.02.2025\89\rgb\14.36.42.842.png,20.02.2025\89\depth\14.36.42.842.png
4599,5179,3.25,20.02.2025,89,20.02.2025\89\rgb\14.36.42.938.png,20.02.2025\89\depth\14.36.42.938.png
4600,5179,3.25,20.02.2025,89,20.02.2025\89\rgb\14.36.43.030.png,20.02.2025\89\depth\14.36.43.030.png
4601,610330,3.25,20.02.2025,90,20.02.2025\90\rgb\14.36.58.084.png,20.02.2025\90\depth\14.36.58.084.png
4602,610330,3.25,20.02.2025,90,20.02.2025\90\rgb\14.36.58.175.png,20.02.2025\90\depth\14.36.58.175.png
4603,610330,3.25,20.02.2025,90,20.02.2025\90\rgb\14.36.58.272.png,20.02.2025\90\depth\14.36.58.272.png
4604,610330,3.25,20.02.2025,90,20.02.2025\90\rgb\14.36.58.361.png,20.02.2025\90\depth\14.36.58.361.png
4605,610330,3.25,20.02.2025,90,20.02.2025\90\rgb\14.36.58.464.png,20.02.2025\90\depth\14.36.58.464.png
4606,610330,3.25,20.02.2025,90,20.02.2025\90\rgb\14.36.58.562.png,20.02.2025\90\depth\14.36.58.562.png
4607,610330,3.25,20.02.2025,90,20.02.2025\90\rgb\14.36.58.651.png,20.02.2025\90\depth\14.36.58.651.png
4608,610330,3.25,20.02.2025,90,20.02.2025\90\rgb\14.36.58.742.png,20.02.2025\90\depth\14.36.58.742.png
4609,610330,3.25,20.02.2025,90,20.02.2025\90\rgb\14.36.58.836.png,20.02.2025\90\depth\14.36.58.836.png
4610,610330,3.25,20.02.2025,90,20.02.2025\90\rgb\14.36.58.925.png,20.02.2025\90\depth\14.36.58.925.png
4611,610330,3.25,20.02.2025,90,20.02.2025\90\rgb\14.36.59.022.png,20.02.2025\90\depth\14.36.59.022.png
4612,610330,3.25,20.02.2025,90,20.02.2025\90\rgb\14.36.59.114.png,20.02.2025\90\depth\14.36.59.114.png
4613,610330,3.25,20.02.2025,90,20.02.2025\90\rgb\14.36.59.207.png,20.02.2025\90\depth\14.36.59.207.png
4614,610330,3.25,20.02.2025,90,20.02.2025\90\rgb\14.36.59.298.png,20.02.2025\90\depth\14.36.59.298.png
4615,610330,3.25,20.02.2025,90,20.02.2025\90\rgb\14.36.59.399.png,20.02.2025\90\depth\14.36.59.399.png
4616,610330,3.25,20.02.2025,90,20.02.2025\90\rgb\14.36.59.499.png,20.02.2025\90\depth\14.36.59.499.png
4617,610330,3.25,20.02.2025,90,20.02.2025\90\rgb\14.36.59.593.png,20.02.2025\90\depth\14.36.59.593.png
4618,610330,3.25,20.02.2025,90,20.02.2025\90\rgb\14.36.59.684.png,20.02.2025\90\depth\14.36.59.684.png
4619,610330,3.25,20.02.2025,90,20.02.2025\90\rgb\14.36.59.778.png,20.02.2025\90\depth\14.36.59.778.png
4620,610330,3.25,20.02.2025,90,20.02.2025\90\rgb\14.36.59.882.png,20.02.2025\90\depth\14.36.59.882.png
4621,330412,3.25,20.02.2025,91,20.02.2025\91\rgb\14.37.13.778.png,20.02.2025\91\depth\14.37.13.778.png
4622,330412,3.25,20.02.2025,91,20.02.2025\91\rgb\14.37.13.867.png,20.02.2025\91\depth\14.37.13.867.png
4623,330412,3.25,20.02.2025,91,20.02.2025\91\rgb\14.37.13.960.png,20.02.2025\91\depth\14.37.13.960.png
4624,330412,3.25,20.02.2025,91,20.02.2025\91\rgb\14.37.14.052.png,20.02.2025\91\depth\14.37.14.052.png
4625,330412,3.25,20.02.2025,91,20.02.2025\91\rgb\14.37.14.139.png,20.02.2025\91\depth\14.37.14.139.png
4626,330412,3.25,20.02.2025,91,20.02.2025\91\rgb\14.37.14.244.png,20.02.2025\91\depth\14.37.14.244.png
4627,330412,3.25,20.02.2025,91,20.02.2025\91\rgb\14.37.14.342.png,20.02.2025\91\depth\14.37.14.342.png
4628,330412,3.25,20.02.2025,91,20.02.2025\91\rgb\14.37.14.433.png,20.02.2025\91\depth\14.37.14.433.png
4629,330412,3.25,20.02.2025,91,20.02.2025\91\rgb\14.37.14.526.png,20.02.2025\91\depth\14.37.14.526.png
4630,330412,3.25,20.02.2025,91,20.02.2025\91\rgb\14.37.14.619.png,20.02.2025\91\depth\14.37.14.619.png
4631,330412,3.25,20.02.2025,91,20.02.2025\91\rgb\14.37.14.710.png,20.02.2025\91\depth\14.37.14.710.png
4632,330412,3.25,20.02.2025,91,20.02.2025\91\rgb\14.37.14.802.png,20.02.2025\91\depth\14.37.14.802.png
4633,330412,3.25,20.02.2025,91,20.02.2025\91\rgb\14.37.14.895.png,20.02.2025\91\depth\14.37.14.895.png
4634,330412,3.25,20.02.2025,91,20.02.2025\91\rgb\14.37.14.989.png,20.02.2025\91\depth\14.37.14.989.png
4635,330412,3.25,20.02.2025,91,20.02.2025\91\rgb\14.37.15.078.png,20.02.2025\91\depth\14.37.15.078.png
4636,330412,3.25,20.02.2025,91,20.02.2025\91\rgb\14.37.15.167.png,20.02.2025\91\depth\14.37.15.167.png
4637,330412,3.25,20.02.2025,91,20.02.2025\91\rgb\14.37.15.264.png,20.02.2025\91\depth\14.37.15.264.png
4638,330412,3.25,20.02.2025,91,20.02.2025\91\rgb\14.37.15.354.png,20.02.2025\91\depth\14.37.15.354.png
4639,330412,3.25,20.02.2025,91,20.02.2025\91\rgb\14.37.15.447.png,20.02.2025\91\depth\14.37.15.447.png
4640,330412,3.25,20.02.2025,91,20.02.2025\91\rgb\14.37.15.536.png,20.02.2025\91\depth\14.37.15.536.png
4641,7636,3.25,20.02.2025,92,20.02.2025\92\rgb\14.37.30.037.png,20.02.2025\92\depth\14.37.30.037.png
4642,7636,3.25,20.02.2025,92,20.02.2025\92\rgb\14.37.30.122.png,20.02.2025\92\depth\14.37.30.122.png
4643,7636,3.25,20.02.2025,92,20.02.2025\92\rgb\14.37.30.212.png,20.02.2025\92\depth\14.37.30.212.png
4644,7636,3.25,20.02.2025,92,20.02.2025\92\rgb\14.37.30.306.png,20.02.2025\92\depth\14.37.30.306.png
4645,7636,3.25,20.02.2025,92,20.02.2025\92\rgb\14.37.30.397.png,20.02.2025\92\depth\14.37.30.397.png
4646,7636,3.25,20.02.2025,92,20.02.2025\92\rgb\14.37.30.491.png,20.02.2025\92\depth\14.37.30.491.png
4647,7636,3.25,20.02.2025,92,20.02.2025\92\rgb\14.37.30.597.png,20.02.2025\92\depth\14.37.30.597.png
4648,7636,3.25,20.02.2025,92,20.02.2025\92\rgb\14.37.30.695.png,20.02.2025\92\depth\14.37.30.695.png
4649,7636,3.25,20.02.2025,92,20.02.2025\92\rgb\14.37.30.788.png,20.02.2025\92\depth\14.37.30.788.png
4650,7636,3.25,20.02.2025,92,20.02.2025\92\rgb\14.37.30.878.png,20.02.2025\92\depth\14.37.30.878.png
4651,7636,3.25,20.02.2025,92,20.02.2025\92\rgb\14.37.30.971.png,20.02.2025\92\depth\14.37.30.971.png
4652,7636,3.25,20.02.2025,92,20.02.2025\92\rgb\14.37.31.063.png,20.02.2025\92\depth\14.37.31.063.png
4653,7636,3.25,20.02.2025,92,20.02.2025\92\rgb\14.37.31.157.png,20.02.2025\92\depth\14.37.31.157.png
4654,7636,3.25,20.02.2025,92,20.02.2025\92\rgb\14.37.31.249.png,20.02.2025\92\depth\14.37.31.249.png
4655,7636,3.25,20.02.2025,92,20.02.2025\92\rgb\14.37.31.342.png,20.02.2025\92\depth\14.37.31.342.png
4656,7636,3.25,20.02.2025,92,20.02.2025\92\rgb\14.37.31.434.png,20.02.2025\92\depth\14.37.31.434.png
4657,7636,3.25,20.02.2025,92,20.02.2025\92\rgb\14.37.31.531.png,20.02.2025\92\depth\14.37.31.531.png
4658,7636,3.25,20.02.2025,92,20.02.2025\92\rgb\14.37.31.620.png,20.02.2025\92\depth\14.37.31.620.png
4659,7636,3.25,20.02.2025,92,20.02.2025\92\rgb\14.37.31.711.png,20.02.2025\92\depth\14.37.31.711.png
4660,7636,3.25,20.02.2025,92,20.02.2025\92\rgb\14.37.31.800.png,20.02.2025\92\depth\14.37.31.800.png
4661,6893,3.5,20.02.2025,93,20.02.2025\93\rgb\14.37.50.055.png,20.02.2025\93\depth\14.37.50.055.png
4662,6893,3.5,20.02.2025,93,20.02.2025\93\rgb\14.37.50.154.png,20.02.2025\93\depth\14.37.50.154.png
4663,6893,3.5,20.02.2025,93,20.02.2025\93\rgb\14.37.50.246.png,20.02.2025\93\depth\14.37.50.246.png
4664,6893,3.5,20.02.2025,93,20.02.2025\93\rgb\14.37.50.339.png,20.02.2025\93\depth\14.37.50.339.png
4665,6893,3.5,20.02.2025,93,20.02.2025\93\rgb\14.37.50.432.png,20.02.2025\93\depth\14.37.50.432.png
4666,6893,3.5,20.02.2025,93,20.02.2025\93\rgb\14.37.50.526.png,20.02.2025\93\depth\14.37.50.526.png
4667,6893,3.5,20.02.2025,93,20.02.2025\93\rgb\14.37.50.616.png,20.02.2025\93\depth\14.37.50.616.png
4668,6893,3.5,20.02.2025,93,20.02.2025\93\rgb\14.37.50.707.png,20.02.2025\93\depth\14.37.50.707.png
4669,6893,3.5,20.02.2025,93,20.02.2025\93\rgb\14.37.50.801.png,20.02.2025\93\depth\14.37.50.801.png
4670,6893,3.5,20.02.2025,93,20.02.2025\93\rgb\14.37.50.894.png,20.02.2025\93\depth\14.37.50.894.png
4671,6893,3.5,20.02.2025,93,20.02.2025\93\rgb\14.37.50.984.png,20.02.2025\93\depth\14.37.50.984.png
4672,6893,3.5,20.02.2025,93,20.02.2025\93\rgb\14.37.51.076.png,20.02.2025\93\depth\14.37.51.076.png
4673,6893,3.5,20.02.2025,93,20.02.2025\93\rgb\14.37.51.167.png,20.02.2025\93\depth\14.37.51.167.png
4674,6893,3.5,20.02.2025,93,20.02.2025\93\rgb\14.37.51.261.png,20.02.2025\93\depth\14.37.51.261.png
4675,6893,3.5,20.02.2025,93,20.02.2025\93\rgb\14.37.51.352.png,20.02.2025\93\depth\14.37.51.352.png
4676,6893,3.5,20.02.2025,93,20.02.2025\93\rgb\14.37.51.444.png,20.02.2025\93\depth\14.37.51.444.png
4677,6893,3.5,20.02.2025,93,20.02.2025\93\rgb\14.37.51.536.png,20.02.2025\93\depth\14.37.51.536.png
4678,6893,3.5,20.02.2025,93,20.02.2025\93\rgb\14.37.51.629.png,20.02.2025\93\depth\14.37.51.629.png
4679,6893,3.5,20.02.2025,93,20.02.2025\93\rgb\14.37.51.723.png,20.02.2025\93\depth\14.37.51.723.png
4680,6893,3.5,20.02.2025,93,20.02.2025\93\rgb\14.37.51.834.png,20.02.2025\93\depth\14.37.51.834.png
4681,7627,3.0,20.02.2025,94,20.02.2025\94\rgb\14.38.06.150.png,20.02.2025\94\depth\14.38.06.150.png
4682,7627,3.0,20.02.2025,94,20.02.2025\94\rgb\14.38.06.252.png,20.02.2025\94\depth\14.38.06.252.png
4683,7627,3.0,20.02.2025,94,20.02.2025\94\rgb\14.38.06.347.png,20.02.2025\94\depth\14.38.06.347.png
4684,7627,3.0,20.02.2025,94,20.02.2025\94\rgb\14.38.06.432.png,20.02.2025\94\depth\14.38.06.432.png
4685,7627,3.0,20.02.2025,94,20.02.2025\94\rgb\14.38.06.528.png,20.02.2025\94\depth\14.38.06.528.png
4686,7627,3.0,20.02.2025,94,20.02.2025\94\rgb\14.38.06.641.png,20.02.2025\94\depth\14.38.06.641.png
4687,7627,3.0,20.02.2025,94,20.02.2025\94\rgb\14.38.06.739.png,20.02.2025\94\depth\14.38.06.739.png
4688,7627,3.0,20.02.2025,94,20.02.2025\94\rgb\14.38.06.831.png,20.02.2025\94\depth\14.38.06.831.png
4689,7627,3.0,20.02.2025,94,20.02.2025\94\rgb\14.38.06.926.png,20.02.2025\94\depth\14.38.06.926.png
4690,7627,3.0,20.02.2025,94,20.02.2025\94\rgb\14.38.07.015.png,20.02.2025\94\depth\14.38.07.015.png
4691,7627,3.0,20.02.2025,94,20.02.2025\94\rgb\14.38.07.116.png,20.02.2025\94\depth\14.38.07.116.png
4692,7627,3.0,20.02.2025,94,20.02.2025\94\rgb\14.38.07.214.png,20.02.2025\94\depth\14.38.07.214.png
4693,7627,3.0,20.02.2025,94,20.02.2025\94\rgb\14.38.07.307.png,20.02.2025\94\depth\14.38.07.307.png
4694,7627,3.0,20.02.2025,94,20.02.2025\94\rgb\14.38.07.402.png,20.02.2025\94\depth\14.38.07.402.png
4695,7627,3.0,20.02.2025,94,20.02.2025\94\rgb\14.38.07.495.png,20.02.2025\94\depth\14.38.07.495.png
4696,7627,3.0,20.02.2025,94,20.02.2025\94\rgb\14.38.07.601.png,20.02.2025\94\depth\14.38.07.601.png
4697,7627,3.0,20.02.2025,94,20.02.2025\94\rgb\14.38.07.695.png,20.02.2025\94\depth\14.38.07.695.png
4698,7627,3.0,20.02.2025,94,20.02.2025\94\rgb\14.38.07.786.png,20.02.2025\94\depth\14.38.07.786.png
4699,7627,3.0,20.02.2025,94,20.02.2025\94\rgb\14.38.07.878.png,20.02.2025\94\depth\14.38.07.878.png
4700,7627,3.0,20.02.2025,94,20.02.2025\94\rgb\14.38.07.968.png,20.02.2025\94\depth\14.38.07.968.png
4701,730319,3.25,20.02.2025,95,20.02.2025\95\rgb\14.38.29.419.png,20.02.2025\95\depth\14.38.29.419.png
4702,730319,3.25,20.02.2025,95,20.02.2025\95\rgb\14.38.29.537.png,20.02.2025\95\depth\14.38.29.537.png
4703,730319,3.25,20.02.2025,95,20.02.2025\95\rgb\14.38.29.627.png,20.02.2025\95\depth\14.38.29.627.png
4704,730319,3.25,20.02.2025,95,20.02.2025\95\rgb\14.38.29.721.png,20.02.2025\95\depth\14.38.29.721.png
4705,730319,3.25,20.02.2025,95,20.02.2025\95\rgb\14.38.29.812.png,20.02.2025\95\depth\14.38.29.812.png
4706,730319,3.25,20.02.2025,95,20.02.2025\95\rgb\14.38.29.905.png,20.02.2025\95\depth\14.38.29.905.png
4707,730319,3.25,20.02.2025,95,20.02.2025\95\rgb\14.38.30.011.png,20.02.2025\95\depth\14.38.30.011.png
4708,730319,3.25,20.02.2025,95,20.02.2025\95\rgb\14.38.30.103.png,20.02.2025\95\depth\14.38.30.103.png
4709,730319,3.25,20.02.2025,95,20.02.2025\95\rgb\14.38.30.197.png,20.02.2025\95\depth\14.38.30.197.png
4710,730319,3.25,20.02.2025,95,20.02.2025\95\rgb\14.38.30.294.png,20.02.2025\95\depth\14.38.30.294.png
4711,730319,3.25,20.02.2025,95,20.02.2025\95\rgb\14.38.30.384.png,20.02.2025\95\depth\14.38.30.384.png
4712,730319,3.25,20.02.2025,95,20.02.2025\95\rgb\14.38.30.492.png,20.02.2025\95\depth\14.38.30.492.png
4713,730319,3.25,20.02.2025,95,20.02.2025\95\rgb\14.38.30.586.png,20.02.2025\95\depth\14.38.30.586.png
4714,730319,3.25,20.02.2025,95,20.02.2025\95\rgb\14.38.30.680.png,20.02.2025\95\depth\14.38.30.680.png
4715,730319,3.25,20.02.2025,95,20.02.2025\95\rgb\14.38.30.770.png,20.02.2025\95\depth\14.38.30.770.png
4716,730319,3.25,20.02.2025,95,20.02.2025\95\rgb\14.38.30.863.png,20.02.2025\95\depth\14.38.30.863.png
4717,730319,3.25,20.02.2025,95,20.02.2025\95\rgb\14.38.30.970.png,20.02.2025\95\depth\14.38.30.970.png
4718,730319,3.25,20.02.2025,95,20.02.2025\95\rgb\14.38.31.064.png,20.02.2025\95\depth\14.38.31.064.png
4719,730319,3.25,20.02.2025,95,20.02.2025\95\rgb\14.38.31.155.png,20.02.2025\95\depth\14.38.31.155.png
4720,730319,3.25,20.02.2025,95,20.02.2025\95\rgb\14.38.31.249.png,20.02.2025\95\depth\14.38.31.249.png
4721,7629,3.25,20.02.2025,96,20.02.2025\96\rgb\14.38.46.286.png,20.02.2025\96\depth\14.38.46.286.png
4722,7629,3.25,20.02.2025,96,20.02.2025\96\rgb\14.38.46.381.png,20.02.2025\96\depth\14.38.46.381.png
4723,7629,3.25,20.02.2025,96,20.02.2025\96\rgb\14.38.46.479.png,20.02.2025\96\depth\14.38.46.479.png
4724,7629,3.25,20.02.2025,96,20.02.2025\96\rgb\14.38.46.568.png,20.02.2025\96\depth\14.38.46.568.png
4725,7629,3.25,20.02.2025,96,20.02.2025\96\rgb\14.38.46.662.png,20.02.2025\96\depth\14.38.46.662.png
4726,7629,3.25,20.02.2025,96,20.02.2025\96\rgb\14.38.46.755.png,20.02.2025\96\depth\14.38.46.755.png
4727,7629,3.25,20.02.2025,96,20.02.2025\96\rgb\14.38.46.866.png,20.02.2025\96\depth\14.38.46.866.png
4728,7629,3.25,20.02.2025,96,20.02.2025\96\rgb\14.38.46.954.png,20.02.2025\96\depth\14.38.46.954.png
4729,7629,3.25,20.02.2025,96,20.02.2025\96\rgb\14.38.47.045.png,20.02.2025\96\depth\14.38.47.045.png
4730,7629,3.25,20.02.2025,96,20.02.2025\96\rgb\14.38.47.141.png,20.02.2025\96\depth\14.38.47.141.png
4731,7629,3.25,20.02.2025,96,20.02.2025\96\rgb\14.38.47.233.png,20.02.2025\96\depth\14.38.47.233.png
4732,7629,3.25,20.02.2025,96,20.02.2025\96\rgb\14.38.47.336.png,20.02.2025\96\depth\14.38.47.336.png
4733,7629,3.25,20.02.2025,96,20.02.2025\96\rgb\14.38.47.434.png,20.02.2025\96\depth\14.38.47.434.png
4734,7629,3.25,20.02.2025,96,20.02.2025\96\rgb\14.38.47.525.png,20.02.2025\96\depth\14.38.47.525.png
4735,7629,3.25,20.02.2025,96,20.02.2025\96\rgb\14.38.47.618.png,20.02.2025\96\depth\14.38.47.618.png
4736,7629,3.25,20.02.2025,96,20.02.2025\96\rgb\14.38.47.711.png,20.02.2025\96\depth\14.38.47.711.png
4737,7629,3.25,20.02.2025,96,20.02.2025\96\rgb\14.38.47.810.png,20.02.2025\96\depth\14.38.47.810.png
4738,7629,3.25,20.02.2025,96,20.02.2025\96\rgb\14.38.47.909.png,20.02.2025\96\depth\14.38.47.909.png
4739,7629,3.25,20.02.2025,96,20.02.2025\96\rgb\14.38.48.001.png,20.02.2025\96\depth\14.38.48.001.png
4740,7629,3.25,20.02.2025,96,20.02.2025\96\rgb\14.38.48.094.png,20.02.2025\96\depth\14.38.48.094.png
4741,5186,3.0,20.02.2025,97,20.02.2025\97\rgb\14.39.05.171.png,20.02.2025\97\depth\14.39.05.171.png
4742,5186,3.0,20.02.2025,97,20.02.2025\97\rgb\14.39.05.261.png,20.02.2025\97\depth\14.39.05.261.png
4743,5186,3.0,20.02.2025,97,20.02.2025\97\rgb\14.39.05.369.png,20.02.2025\97\depth\14.39.05.369.png
4744,5186,3.0,20.02.2025,97,20.02.2025\97\rgb\14.39.05.460.png,20.02.2025\97\depth\14.39.05.460.png
4745,5186,3.0,20.02.2025,97,20.02.2025\97\rgb\14.39.05.552.png,20.02.2025\97\depth\14.39.05.552.png
4746,5186,3.0,20.02.2025,97,20.02.2025\97\rgb\14.39.05.643.png,20.02.2025\97\depth\14.39.05.643.png
4747,5186,3.0,20.02.2025,97,20.02.2025\97\rgb\14.39.05.733.png,20.02.2025\97\depth\14.39.05.733.png
4748,5186,3.0,20.02.2025,97,20.02.2025\97\rgb\14.39.05.841.png,20.02.2025\97\depth\14.39.05.841.png
4749,5186,3.0,20.02.2025,97,20.02.2025\97\rgb\14.39.05.932.png,20.02.2025\97\depth\14.39.05.932.png
4750,5186,3.0,20.02.2025,97,20.02.2025\97\rgb\14.39.06.026.png,20.02.2025\97\depth\14.39.06.026.png
4751,5186,3.0,20.02.2025,97,20.02.2025\97\rgb\14.39.06.118.png,20.02.2025\97\depth\14.39.06.118.png
4752,5186,3.0,20.02.2025,97,20.02.2025\97\rgb\14.39.06.210.png,20.02.2025\97\depth\14.39.06.210.png
4753,5186,3.0,20.02.2025,97,20.02.2025\97\rgb\14.39.06.314.png,20.02.2025\97\depth\14.39.06.314.png
4754,5186,3.0,20.02.2025,97,20.02.2025\97\rgb\14.39.06.410.png,20.02.2025\97\depth\14.39.06.410.png
4755,5186,3.0,20.02.2025,97,20.02.2025\97\rgb\14.39.06.501.png,20.02.2025\97\depth\14.39.06.501.png
4756,5186,3.0,20.02.2025,97,20.02.2025\97\rgb\14.39.06.595.png,20.02.2025\97\depth\14.39.06.595.png
4757,5186,3.0,20.02.2025,97,20.02.2025\97\rgb\14.39.06.687.png,20.02.2025\97\depth\14.39.06.687.png
4758,5186,3.0,20.02.2025,97,20.02.2025\97\rgb\14.39.06.791.png,20.02.2025\97\depth\14.39.06.791.png
4759,5186,3.0,20.02.2025,97,20.02.2025\97\rgb\14.39.06.884.png,20.02.2025\97\depth\14.39.06.884.png
4760,5186,3.0,20.02.2025,97,20.02.2025\97\rgb\14.39.06.978.png,20.02.2025\97\depth\14.39.06.978.png
4761,7513,3.0,20.02.2025,98,20.02.2025\98\rgb\14.39.19.180.png,20.02.2025\98\depth\14.39.19.180.png
4762,7513,3.0,20.02.2025,98,20.02.2025\98\rgb\14.39.19.271.png,20.02.2025\98\depth\14.39.19.271.png
4763,7513,3.0,20.02.2025,98,20.02.2025\98\rgb\14.39.19.368.png,20.02.2025\98\depth\14.39.19.368.png
4764,7513,3.0,20.02.2025,98,20.02.2025\98\rgb\14.39.19.458.png,20.02.2025\98\depth\14.39.19.458.png
4765,7513,3.0,20.02.2025,98,20.02.2025\98\rgb\14.39.19.551.png,20.02.2025\98\depth\14.39.19.551.png
4766,7513,3.0,20.02.2025,98,20.02.2025\98\rgb\14.39.19.652.png,20.02.2025\98\depth\14.39.19.652.png
4767,7513,3.0,20.02.2025,98,20.02.2025\98\rgb\14.39.19.752.png,20.02.2025\98\depth\14.39.19.752.png
4768,7513,3.0,20.02.2025,98,20.02.2025\98\rgb\14.39.19.847.png,20.02.2025\98\depth\14.39.19.847.png
4769,7513,3.0,20.02.2025,98,20.02.2025\98\rgb\14.39.19.941.png,20.02.2025\98\depth\14.39.19.941.png
4770,7513,3.0,20.02.2025,98,20.02.2025\98\rgb\14.39.20.032.png,20.02.2025\98\depth\14.39.20.032.png
4771,7513,3.0,20.02.2025,98,20.02.2025\98\rgb\14.39.20.125.png,20.02.2025\98\depth\14.39.20.125.png
4772,7513,3.0,20.02.2025,98,20.02.2025\98\rgb\14.39.20.216.png,20.02.2025\98\depth\14.39.20.216.png
4773,7513,3.0,20.02.2025,98,20.02.2025\98\rgb\14.39.20.305.png,20.02.2025\98\depth\14.39.20.305.png
4774,7513,3.0,20.02.2025,98,20.02.2025\98\rgb\14.39.20.398.png,20.02.2025\98\depth\14.39.20.398.png
4775,7513,3.0,20.02.2025,98,20.02.2025\98\rgb\14.39.20.492.png,20.02.2025\98\depth\14.39.20.492.png
4776,7513,3.0,20.02.2025,98,20.02.2025\98\rgb\14.39.20.584.png,20.02.2025\98\depth\14.39.20.584.png
4777,7513,3.0,20.02.2025,98,20.02.2025\98\rgb\14.39.20.673.png,20.02.2025\98\depth\14.39.20.673.png
4778,7513,3.0,20.02.2025,98,20.02.2025\98\rgb\14.39.20.767.png,20.02.2025\98\depth\14.39.20.767.png
4779,7513,3.0,20.02.2025,98,20.02.2025\98\rgb\14.39.20.862.png,20.02.2025\98\depth\14.39.20.862.png
4780,7513,3.0,20.02.2025,98,20.02.2025\98\rgb\14.39.20.951.png,20.02.2025\98\depth\14.39.20.951.png
4781,7486,3.25,20.02.2025,99,20.02.2025\99\rgb\14.39.36.077.png,20.02.2025\99\depth\14.39.36.077.png
4782,7486,3.25,20.02.2025,99,20.02.2025\99\rgb\14.39.36.166.png,20.02.2025\99\depth\14.39.36.166.png
4783,7486,3.25,20.02.2025,99,20.02.2025\99\rgb\14.39.36.261.png,20.02.2025\99\depth\14.39.36.261.png
4784,7486,3.25,20.02.2025,99,20.02.2025\99\rgb\14.39.36.353.png,20.02.2025\99\depth\14.39.36.353.png
4785,7486,3.25,20.02.2025,99,20.02.2025\99\rgb\14.39.36.453.png,20.02.2025\99\depth\14.39.36.453.png
4786,7486,3.25,20.02.2025,99,20.02.2025\99\rgb\14.39.36.551.png,20.02.2025\99\depth\14.39.36.551.png
4787,7486,3.25,20.02.2025,99,20.02.2025\99\rgb\14.39.36.644.png,20.02.2025\99\depth\14.39.36.644.png
4788,7486,3.25,20.02.2025,99,20.02.2025\99\rgb\14.39.36.735.png,20.02.2025\99\depth\14.39.36.735.png
4789,7486,3.25,20.02.2025,99,20.02.2025\99\rgb\14.39.36.829.png,20.02.2025\99\depth\14.39.36.829.png
4790,7486,3.25,20.02.2025,99,20.02.2025\99\rgb\14.39.36.926.png,20.02.2025\99\depth\14.39.36.926.png
4791,7486,3.25,20.02.2025,99,20.02.2025\99\rgb\14.39.37.012.png,20.02.2025\99\depth\14.39.37.012.png
4792,7486,3.25,20.02.2025,99,20.02.2025\99\rgb\14.39.37.105.png,20.02.2025\99\depth\14.39.37.105.png
4793,7486,3.25,20.02.2025,99,20.02.2025\99\rgb\14.39.37.199.png,20.02.2025\99\depth\14.39.37.199.png
4794,7486,3.25,20.02.2025,99,20.02.2025\99\rgb\14.39.37.292.png,20.02.2025\99\depth\14.39.37.292.png
4795,7486,3.25,20.02.2025,99,20.02.2025\99\rgb\14.39.37.386.png,20.02.2025\99\depth\14.39.37.386.png
4796,7486,3.25,20.02.2025,99,20.02.2025\99\rgb\14.39.37.476.png,20.02.2025\99\depth\14.39.37.476.png
4797,7486,3.25,20.02.2025,99,20.02.2025\99\rgb\14.39.37.565.png,20.02.2025\99\depth\14.39.37.565.png
4798,7486,3.25,20.02.2025,99,20.02.2025\99\rgb\14.39.37.661.png,20.02.2025\99\depth\14.39.37.661.png
4799,7486,3.25,20.02.2025,99,20.02.2025\99\rgb\14.39.37.752.png,20.02.2025\99\depth\14.39.37.752.png
4800,7486,3.25,20.02.2025,99,20.02.2025\99\rgb\14.39.37.856.png,20.02.2025\99\depth\14.39.37.856.png
4801,7623,3.25,20.02.2025,100,20.02.2025\100\rgb\14.39.53.516.png,20.02.2025\100\depth\14.39.53.516.png
4802,7623,3.25,20.02.2025,100,20.02.2025\100\rgb\14.39.53.615.png,20.02.2025\100\depth\14.39.53.615.png
4803,7623,3.25,20.02.2025,100,20.02.2025\100\rgb\14.39.53.708.png,20.02.2025\100\depth\14.39.53.708.png
4804,7623,3.25,20.02.2025,100,20.02.2025\100\rgb\14.39.53.798.png,20.02.2025\100\depth\14.39.53.798.png
4805,7623,3.25,20.02.2025,100,20.02.2025\100\rgb\14.39.53.890.png,20.02.2025\100\depth\14.39.53.890.png
4806,7623,3.25,20.02.2025,100,20.02.2025\100\rgb\14.39.53.981.png,20.02.2025\100\depth\14.39.53.981.png
4807,7623,3.25,20.02.2025,100,20.02.2025\100\rgb\14.39.54.074.png,20.02.2025\100\depth\14.39.54.074.png
4808,7623,3.25,20.02.2025,100,20.02.2025\100\rgb\14.39.54.172.png,20.02.2025\100\depth\14.39.54.172.png
4809,7623,3.25,20.02.2025,100,20.02.2025\100\rgb\14.39.54.263.png,20.02.2025\100\depth\14.39.54.263.png
4810,7623,3.25,20.02.2025,100,20.02.2025\100\rgb\14.39.54.353.png,20.02.2025\100\depth\14.39.54.353.png
4811,7623,3.25,20.02.2025,100,20.02.2025\100\rgb\14.39.54.445.png,20.02.2025\100\depth\14.39.54.445.png
4812,7623,3.25,20.02.2025,100,20.02.2025\100\rgb\14.39.54.539.png,20.02.2025\100\depth\14.39.54.539.png
4813,7623,3.25,20.02.2025,100,20.02.2025\100\rgb\14.39.54.636.png,20.02.2025\100\depth\14.39.54.636.png
4814,7623,3.25,20.02.2025,100,20.02.2025\100\rgb\14.39.54.725.png,20.02.2025\100\depth\14.39.54.725.png
4815,7623,3.25,20.02.2025,100,20.02.2025\100\rgb\14.39.54.818.png,20.02.2025\100\depth\14.39.54.818.png
4816,7623,3.25,20.02.2025,100,20.02.2025\100\rgb\14.39.54.912.png,20.02.2025\100\depth\14.39.54.912.png
4817,7623,3.25,20.02.2025,100,20.02.2025\100\rgb\14.39.55.005.png,20.02.2025\100\depth\14.39.55.005.png
4818,7623,3.25,20.02.2025,100,20.02.2025\100\rgb\14.39.55.102.png,20.02.2025\100\depth\14.39.55.102.png
4819,7623,3.25,20.02.2025,100,20.02.2025\100\rgb\14.39.55.191.png,20.02.2025\100\depth\14.39.55.191.png
4820,7623,3.25,20.02.2025,100,20.02.2025\100\rgb\14.39.55.282.png,20.02.2025\100\depth\14.39.55.282.png
4821,330403,3.25,20.02.2025,101,20.02.2025\101\rgb\14.40.12.546.png,20.02.2025\101\depth\14.40.12.546.png
4822,330403,3.25,20.02.2025,101,20.02.2025\101\rgb\14.40.12.639.png,20.02.2025\101\depth\14.40.12.639.png
4823,330403,3.25,20.02.2025,101,20.02.2025\101\rgb\14.40.12.730.png,20.02.2025\101\depth\14.40.12.730.png
4824,330403,3.25,20.02.2025,101,20.02.2025\101\rgb\14.40.12.825.png,20.02.2025\101\depth\14.40.12.825.png
4825,330403,3.25,20.02.2025,101,20.02.2025\101\rgb\14.40.12.927.png,20.02.2025\101\depth\14.40.12.927.png
4826,330403,3.25,20.02.2025,101,20.02.2025\101\rgb\14.40.13.008.png,20.02.2025\101\depth\14.40.13.008.png
4827,330403,3.25,20.02.2025,101,20.02.2025\101\rgb\14.40.13.101.png,20.02.2025\101\depth\14.40.13.101.png
4828,330403,3.25,20.02.2025,101,20.02.2025\101\rgb\14.40.13.194.png,20.02.2025\101\depth\14.40.13.194.png
4829,330403,3.25,20.02.2025,101,20.02.2025\101\rgb\14.40.13.286.png,20.02.2025\101\depth\14.40.13.286.png
4830,330403,3.25,20.02.2025,101,20.02.2025\101\rgb\14.40.13.377.png,20.02.2025\101\depth\14.40.13.377.png
4831,330403,3.25,20.02.2025,101,20.02.2025\101\rgb\14.40.13.469.png,20.02.2025\101\depth\14.40.13.469.png
4832,330403,3.25,20.02.2025,101,20.02.2025\101\rgb\14.40.13.556.png,20.02.2025\101\depth\14.40.13.556.png
4833,330403,3.25,20.02.2025,101,20.02.2025\101\rgb\14.40.13.654.png,20.02.2025\101\depth\14.40.13.654.png
4834,330403,3.25,20.02.2025,101,20.02.2025\101\rgb\14.40.13.749.png,20.02.2025\101\depth\14.40.13.749.png
4835,330403,3.25,20.02.2025,101,20.02.2025\101\rgb\14.40.13.837.png,20.02.2025\101\depth\14.40.13.837.png
4836,330403,3.25,20.02.2025,101,20.02.2025\101\rgb\14.40.13.928.png,20.02.2025\101\depth\14.40.13.928.png
4837,330403,3.25,20.02.2025,101,20.02.2025\101\rgb\14.40.14.022.png,20.02.2025\101\depth\14.40.14.022.png
4838,330403,3.25,20.02.2025,101,20.02.2025\101\rgb\14.40.14.114.png,20.02.2025\101\depth\14.40.14.114.png
4839,330403,3.25,20.02.2025,101,20.02.2025\101\rgb\14.40.14.211.png,20.02.2025\101\depth\14.40.14.211.png
4840,330403,3.25,20.02.2025,101,20.02.2025\101\rgb\14.40.14.299.png,20.02.2025\101\depth\14.40.14.299.png
4841,6888,3.25,20.02.2025,102,20.02.2025\102\rgb\14.44.33.045.png,20.02.2025\102\depth\14.44.33.045.png
4842,6888,3.25,20.02.2025,102,20.02.2025\102\rgb\14.44.33.132.png,20.02.2025\102\depth\14.44.33.132.png
4843,6888,3.25,20.02.2025,102,20.02.2025\102\rgb\14.44.33.227.png,20.02.2025\102\depth\14.44.33.227.png
4844,6888,3.25,20.02.2025,102,20.02.2025\102\rgb\14.44.33.319.png,20.02.2025\102\depth\14.44.33.319.png
4845,6888,3.25,20.02.2025,102,20.02.2025\102\rgb\14.44.33.432.png,20.02.2025\102\depth\14.44.33.432.png
4846,6888,3.25,20.02.2025,102,20.02.2025\102\rgb\14.44.33.519.png,20.02.2025\102\depth\14.44.33.519.png
4847,6888,3.25,20.02.2025,102,20.02.2025\102\rgb\14.44.33.611.png,20.02.2025\102\depth\14.44.33.611.png
4848,6888,3.25,20.02.2025,102,20.02.2025\102\rgb\14.44.33.703.png,20.02.2025\102\depth\14.44.33.703.png
4849,6888,3.25,20.02.2025,102,20.02.2025\102\rgb\14.44.33.796.png,20.02.2025\102\depth\14.44.33.796.png
4850,6888,3.25,20.02.2025,102,20.02.2025\102\rgb\14.44.33.887.png,20.02.2025\102\depth\14.44.33.887.png
4851,6888,3.25,20.02.2025,102,20.02.2025\102\rgb\14.44.33.979.png,20.02.2025\102\depth\14.44.33.979.png
4852,6888,3.25,20.02.2025,102,20.02.2025\102\rgb\14.44.34.069.png,20.02.2025\102\depth\14.44.34.069.png
4853,6888,3.25,20.02.2025,102,20.02.2025\102\rgb\14.44.34.150.png,20.02.2025\102\depth\14.44.34.150.png
4854,6888,3.25,20.02.2025,102,20.02.2025\102\rgb\14.44.34.252.png,20.02.2025\102\depth\14.44.34.252.png
4855,6888,3.25,20.02.2025,102,20.02.2025\102\rgb\14.44.34.333.png,20.02.2025\102\depth\14.44.34.333.png
4856,6888,3.25,20.02.2025,102,20.02.2025\102\rgb\14.44.34.426.png,20.02.2025\102\depth\14.44.34.426.png
4857,6888,3.25,20.02.2025,102,20.02.2025\102\rgb\14.44.34.517.png,20.02.2025\102\depth\14.44.34.517.png
4858,6888,3.25,20.02.2025,102,20.02.2025\102\rgb\14.44.34.609.png,20.02.2025\102\depth\14.44.34.609.png
4859,6888,3.25,20.02.2025,102,20.02.2025\102\rgb\14.44.34.713.png,20.02.2025\102\depth\14.44.34.713.png
4860,6888,3.25,20.02.2025,102,20.02.2025\102\rgb\14.44.34.809.png,20.02.2025\102\depth\14.44.34.809.png
4861,6826,3.25,20.02.2025,104,20.02.2025\104\rgb\14.46.00.311.png,20.02.2025\104\depth\14.46.00.311.png
4862,6826,3.25,20.02.2025,104,20.02.2025\104\rgb\14.46.00.412.png,20.02.2025\104\depth\14.46.00.412.png
4863,6826,3.25,20.02.2025,104,20.02.2025\104\rgb\14.46.00.501.png,20.02.2025\104\depth\14.46.00.501.png
4864,6826,3.25,20.02.2025,104,20.02.2025\104\rgb\14.46.00.601.png,20.02.2025\104\depth\14.46.00.601.png
4865,6826,3.25,20.02.2025,104,20.02.2025\104\rgb\14.46.00.685.png,20.02.2025\104\depth\14.46.00.685.png
4866,6826,3.25,20.02.2025,104,20.02.2025\104\rgb\14.46.00.778.png,20.02.2025\104\depth\14.46.00.778.png
4867,6826,3.25,20.02.2025,104,20.02.2025\104\rgb\14.46.00.873.png,20.02.2025\104\depth\14.46.00.873.png
4868,6826,3.25,20.02.2025,104,20.02.2025\104\rgb\14.46.00.960.png,20.02.2025\104\depth\14.46.00.960.png
4869,6826,3.25,20.02.2025,104,20.02.2025\104\rgb\14.46.01.063.png,20.02.2025\104\depth\14.46.01.063.png
4870,6826,3.25,20.02.2025,104,20.02.2025\104\rgb\14.46.01.145.png,20.02.2025\104\depth\14.46.01.145.png
4871,6826,3.25,20.02.2025,104,20.02.2025\104\rgb\14.46.01.235.png,20.02.2025\104\depth\14.46.01.235.png
4872,6826,3.25,20.02.2025,104,20.02.2025\104\rgb\14.46.01.328.png,20.02.2025\104\depth\14.46.01.328.png
4873,6826,3.25,20.02.2025,104,20.02.2025\104\rgb\14.46.01.421.png,20.02.2025\104\depth\14.46.01.421.png
4874,6826,3.25,20.02.2025,104,20.02.2025\104\rgb\14.46.01.511.png,20.02.2025\104\depth\14.46.01.511.png
4875,6826,3.25,20.02.2025,104,20.02.2025\104\rgb\14.46.01.605.png,20.02.2025\104\depth\14.46.01.605.png
4876,6826,3.25,20.02.2025,104,20.02.2025\104\rgb\14.46.01.695.png,20.02.2025\104\depth\14.46.01.695.png
4877,6826,3.25,20.02.2025,104,20.02.2025\104\rgb\14.46.01.774.png,20.02.2025\104\depth\14.46.01.774.png
4878,6826,3.25,20.02.2025,104,20.02.2025\104\rgb\14.46.01.862.png,20.02.2025\104\depth\14.46.01.862.png
4879,6826,3.25,20.02.2025,104,20.02.2025\104\rgb\14.46.01.966.png,20.02.2025\104\depth\14.46.01.966.png
4880,6826,3.25,20.02.2025,104,20.02.2025\104\rgb\14.46.02.064.png,20.02.2025\104\depth\14.46.02.064.png
4881,830224,3.25,20.02.2025,105,20.02.2025\105\rgb\14.46.14.194.png,20.02.2025\105\depth\14.46.14.194.png
4882,830224,3.25,20.02.2025,105,20.02.2025\105\rgb\14.46.14.282.png,20.02.2025\105\depth\14.46.14.282.png
4883,830224,3.25,20.02.2025,105,20.02.2025\105\rgb\14.46.14.374.png,20.02.2025\105\depth\14.46.14.374.png
4884,830224,3.25,20.02.2025,105,20.02.2025\105\rgb\14.46.14.472.png,20.02.2025\105\depth\14.46.14.472.png
4885,830224,3.25,20.02.2025,105,20.02.2025\105\rgb\14.46.14.562.png,20.02.2025\105\depth\14.46.14.562.png
4886,830224,3.25,20.02.2025,105,20.02.2025\105\rgb\14.46.14.655.png,20.02.2025\105\depth\14.46.14.655.png
4887,830224,3.25,20.02.2025,105,20.02.2025\105\rgb\14.46.14.746.png,20.02.2025\105\depth\14.46.14.746.png
4888,830224,3.25,20.02.2025,105,20.02.2025\105\rgb\14.46.14.840.png,20.02.2025\105\depth\14.46.14.840.png
4889,830224,3.25,20.02.2025,105,20.02.2025\105\rgb\14.46.14.939.png,20.02.2025\105\depth\14.46.14.939.png
4890,830224,3.25,20.02.2025,105,20.02.2025\105\rgb\14.46.15.027.png,20.02.2025\105\depth\14.46.15.027.png
4891,830224,3.25,20.02.2025,105,20.02.2025\105\rgb\14.46.15.120.png,20.02.2025\105\depth\14.46.15.120.png
4892,830224,3.25,20.02.2025,105,20.02.2025\105\rgb\14.46.15.210.png,20.02.2025\105\depth\14.46.15.210.png
4893,830224,3.25,20.02.2025,105,20.02.2025\105\rgb\14.46.15.305.png,20.02.2025\105\depth\14.46.15.305.png
4894,830224,3.25,20.02.2025,105,20.02.2025\105\rgb\14.46.15.402.png,20.02.2025\105\depth\14.46.15.402.png
4895,830224,3.25,20.02.2025,105,20.02.2025\105\rgb\14.46.15.504.png,20.02.2025\105\depth\14.46.15.504.png
4896,830224,3.25,20.02.2025,105,20.02.2025\105\rgb\14.46.15.597.png,20.02.2025\105\depth\14.46.15.597.png
4897,830224,3.25,20.02.2025,105,20.02.2025\105\rgb\14.46.15.691.png,20.02.2025\105\depth\14.46.15.691.png
4898,830224,3.25,20.02.2025,105,20.02.2025\105\rgb\14.46.15.780.png,20.02.2025\105\depth\14.46.15.780.png
4899,830224,3.25,20.02.2025,105,20.02.2025\105\rgb\14.46.15.882.png,20.02.2025\105\depth\14.46.15.882.png
4900,830224,3.25,20.02.2025,105,20.02.2025\105\rgb\14.46.15.966.png,20.02.2025\105\depth\14.46.15.966.png
4901,6880,3.0,20.02.2025,106,20.02.2025\106\rgb\14.46.31.715.png,20.02.2025\106\depth\14.46.31.715.png
4902,6880,3.0,20.02.2025,106,20.02.2025\106\rgb\14.46.31.812.png,20.02.2025\106\depth\14.46.31.812.png
4903,6880,3.0,20.02.2025,106,20.02.2025\106\rgb\14.46.31.905.png,20.02.2025\106\depth\14.46.31.905.png
4904,6880,3.0,20.02.2025,106,20.02.2025\106\rgb\14.46.31.998.png,20.02.2025\106\depth\14.46.31.998.png
4905,6880,3.0,20.02.2025,106,20.02.2025\106\rgb\14.46.32.105.png,20.02.2025\106\depth\14.46.32.105.png
4906,6880,3.0,20.02.2025,106,20.02.2025\106\rgb\14.46.32.198.png,20.02.2025\106\depth\14.46.32.198.png
4907,6880,3.0,20.02.2025,106,20.02.2025\106\rgb\14.46.32.288.png,20.02.2025\106\depth\14.46.32.288.png
4908,6880,3.0,20.02.2025,106,20.02.2025\106\rgb\14.46.32.381.png,20.02.2025\106\depth\14.46.32.381.png
4909,6880,3.0,20.02.2025,106,20.02.2025\106\rgb\14.46.32.472.png,20.02.2025\106\depth\14.46.32.472.png
4910,6880,3.0,20.02.2025,106,20.02.2025\106\rgb\14.46.32.563.png,20.02.2025\106\depth\14.46.32.563.png
4911,6880,3.0,20.02.2025,106,20.02.2025\106\rgb\14.46.32.655.png,20.02.2025\106\depth\14.46.32.655.png
4912,6880,3.0,20.02.2025,106,20.02.2025\106\rgb\14.46.32.746.png,20.02.2025\106\depth\14.46.32.746.png
4913,6880,3.0,20.02.2025,106,20.02.2025\106\rgb\14.46.32.835.png,20.02.2025\106\depth\14.46.32.835.png
4914,6880,3.0,20.02.2025,106,20.02.2025\106\rgb\14.46.32.929.png,20.02.2025\106\depth\14.46.32.929.png
4915,6880,3.0,20.02.2025,106,20.02.2025\106\rgb\14.46.33.021.png,20.02.2025\106\depth\14.46.33.021.png
4916,6880,3.0,20.02.2025,106,20.02.2025\106\rgb\14.46.33.113.png,20.02.2025\106\depth\14.46.33.113.png
4917,6880,3.0,20.02.2025,106,20.02.2025\106\rgb\14.46.33.205.png,20.02.2025\106\depth\14.46.33.205.png
4918,6880,3.0,20.02.2025,106,20.02.2025\106\rgb\14.46.33.296.png,20.02.2025\106\depth\14.46.33.296.png
4919,6880,3.0,20.02.2025,106,20.02.2025\106\rgb\14.46.33.389.png,20.02.2025\106\depth\14.46.33.389.png
4920,6880,3.0,20.02.2025,106,20.02.2025\106\rgb\14.46.33.505.png,20.02.2025\106\depth\14.46.33.505.png
4921,6800,3.25,20.02.2025,107,20.02.2025\107\rgb\14.46.47.160.png,20.02.2025\107\depth\14.46.47.160.png
4922,6800,3.25,20.02.2025,107,20.02.2025\107\rgb\14.46.47.276.png,20.02.2025\107\depth\14.46.47.276.png
4923,6800,3.25,20.02.2025,107,20.02.2025\107\rgb\14.46.47.370.png,20.02.2025\107\depth\14.46.47.370.png
4924,6800,3.25,20.02.2025,107,20.02.2025\107\rgb\14.46.47.465.png,20.02.2025\107\depth\14.46.47.465.png
4925,6800,3.25,20.02.2025,107,20.02.2025\107\rgb\14.46.47.555.png,20.02.2025\107\depth\14.46.47.555.png
4926,6800,3.25,20.02.2025,107,20.02.2025\107\rgb\14.46.47.645.png,20.02.2025\107\depth\14.46.47.645.png
4927,6800,3.25,20.02.2025,107,20.02.2025\107\rgb\14.46.47.736.png,20.02.2025\107\depth\14.46.47.736.png
4928,6800,3.25,20.02.2025,107,20.02.2025\107\rgb\14.46.47.831.png,20.02.2025\107\depth\14.46.47.831.png
4929,6800,3.25,20.02.2025,107,20.02.2025\107\rgb\14.46.47.921.png,20.02.2025\107\depth\14.46.47.921.png
4930,6800,3.25,20.02.2025,107,20.02.2025\107\rgb\14.46.48.015.png,20.02.2025\107\depth\14.46.48.015.png
4931,6800,3.25,20.02.2025,107,20.02.2025\107\rgb\14.46.48.105.png,20.02.2025\107\depth\14.46.48.105.png
4932,6800,3.25,20.02.2025,107,20.02.2025\107\rgb\14.46.48.212.png,20.02.2025\107\depth\14.46.48.212.png
4933,6800,3.25,20.02.2025,107,20.02.2025\107\rgb\14.46.48.304.png,20.02.2025\107\depth\14.46.48.304.png
4934,6800,3.25,20.02.2025,107,20.02.2025\107\rgb\14.46.48.398.png,20.02.2025\107\depth\14.46.48.398.png
4935,6800,3.25,20.02.2025,107,20.02.2025\107\rgb\14.46.48.488.png,20.02.2025\107\depth\14.46.48.488.png
4936,6800,3.25,20.02.2025,107,20.02.2025\107\rgb\14.46.48.580.png,20.02.2025\107\depth\14.46.48.580.png
4937,6800,3.25,20.02.2025,107,20.02.2025\107\rgb\14.46.48.687.png,20.02.2025\107\depth\14.46.48.687.png
4938,6800,3.25,20.02.2025,107,20.02.2025\107\rgb\14.46.48.780.png,20.02.2025\107\depth\14.46.48.780.png
4939,6800,3.25,20.02.2025,107,20.02.2025\107\rgb\14.46.48.873.png,20.02.2025\107\depth\14.46.48.873.png
4940,6800,3.25,20.02.2025,107,20.02.2025\107\rgb\14.46.48.966.png,20.02.2025\107\depth\14.46.48.966.png
4941,6759,3.0,20.02.2025,108,20.02.2025\108\rgb\14.47.03.625.png,20.02.2025\108\depth\14.47.03.625.png
4942,6759,3.0,20.02.2025,108,20.02.2025\108\rgb\14.47.03.711.png,20.02.2025\108\depth\14.47.03.711.png
4943,6759,3.0,20.02.2025,108,20.02.2025\108\rgb\14.47.03.801.png,20.02.2025\108\depth\14.47.03.801.png
4944,6759,3.0,20.02.2025,108,20.02.2025\108\rgb\14.47.03.893.png,20.02.2025\108\depth\14.47.03.893.png
4945,6759,3.0,20.02.2025,108,20.02.2025\108\rgb\14.47.03.985.png,20.02.2025\108\depth\14.47.03.985.png
4946,6759,3.0,20.02.2025,108,20.02.2025\108\rgb\14.47.04.076.png,20.02.2025\108\depth\14.47.04.076.png
4947,6759,3.0,20.02.2025,108,20.02.2025\108\rgb\14.47.04.182.png,20.02.2025\108\depth\14.47.04.182.png
4948,6759,3.0,20.02.2025,108,20.02.2025\108\rgb\14.47.04.272.png,20.02.2025\108\depth\14.47.04.272.png
4949,6759,3.0,20.02.2025,108,20.02.2025\108\rgb\14.47.04.369.png,20.02.2025\108\depth\14.47.04.369.png
4950,6759,3.0,20.02.2025,108,20.02.2025\108\rgb\14.47.04.463.png,20.02.2025\108\depth\14.47.04.463.png
4951,6759,3.0,20.02.2025,108,20.02.2025\108\rgb\14.47.04.572.png,20.02.2025\108\depth\14.47.04.572.png
4952,6759,3.0,20.02.2025,108,20.02.2025\108\rgb\14.47.04.664.png,20.02.2025\108\depth\14.47.04.664.png
4953,6759,3.0,20.02.2025,108,20.02.2025\108\rgb\14.47.04.760.png,20.02.2025\108\depth\14.47.04.760.png
4954,6759,3.0,20.02.2025,108,20.02.2025\108\rgb\14.47.04.849.png,20.02.2025\108\depth\14.47.04.849.png
4955,6759,3.0,20.02.2025,108,20.02.2025\108\rgb\14.47.04.944.png,20.02.2025\108\depth\14.47.04.944.png
4956,6759,3.0,20.02.2025,108,20.02.2025\108\rgb\14.47.05.043.png,20.02.2025\108\depth\14.47.05.043.png
4957,6759,3.0,20.02.2025,108,20.02.2025\108\rgb\14.47.05.139.png,20.02.2025\108\depth\14.47.05.139.png
4958,6759,3.0,20.02.2025,108,20.02.2025\108\rgb\14.47.05.230.png,20.02.2025\108\depth\14.47.05.230.png
4959,6759,3.0,20.02.2025,108,20.02.2025\108\rgb\14.47.05.329.png,20.02.2025\108\depth\14.47.05.329.png
4960,6759,3.0,20.02.2025,108,20.02.2025\108\rgb\14.47.05.416.png,20.02.2025\108\depth\14.47.05.416.png
4961,611028,3.25,20.02.2025,109,20.02.2025\109\rgb\14.47.21.811.png,20.02.2025\109\depth\14.47.21.811.png
4962,611028,3.25,20.02.2025,109,20.02.2025\109\rgb\14.47.21.910.png,20.02.2025\109\depth\14.47.21.910.png
4963,611028,3.25,20.02.2025,109,20.02.2025\109\rgb\14.47.22.010.png,20.02.2025\109\depth\14.47.22.010.png
4964,611028,3.25,20.02.2025,109,20.02.2025\109\rgb\14.47.22.094.png,20.02.2025\109\depth\14.47.22.094.png
4965,611028,3.25,20.02.2025,109,20.02.2025\109\rgb\14.47.22.188.png,20.02.2025\109\depth\14.47.22.188.png
4966,611028,3.25,20.02.2025,109,20.02.2025\109\rgb\14.47.22.277.png,20.02.2025\109\depth\14.47.22.277.png
4967,611028,3.25,20.02.2025,109,20.02.2025\109\rgb\14.47.22.371.png,20.02.2025\109\depth\14.47.22.371.png
4968,611028,3.25,20.02.2025,109,20.02.2025\109\rgb\14.47.22.467.png,20.02.2025\109\depth\14.47.22.467.png
4969,611028,3.25,20.02.2025,109,20.02.2025\109\rgb\14.47.22.555.png,20.02.2025\109\depth\14.47.22.555.png
4970,611028,3.25,20.02.2025,109,20.02.2025\109\rgb\14.47.22.644.png,20.02.2025\109\depth\14.47.22.644.png
4971,611028,3.25,20.02.2025,109,20.02.2025\109\rgb\14.47.22.735.png,20.02.2025\109\depth\14.47.22.735.png
4972,611028,3.25,20.02.2025,109,20.02.2025\109\rgb\14.47.22.828.png,20.02.2025\109\depth\14.47.22.828.png
4973,611028,3.25,20.02.2025,109,20.02.2025\109\rgb\14.47.22.923.png,20.02.2025\109\depth\14.47.22.923.png
4974,611028,3.25,20.02.2025,109,20.02.2025\109\rgb\14.47.23.016.png,20.02.2025\109\depth\14.47.23.016.png
4975,611028,3.25,20.02.2025,109,20.02.2025\109\rgb\14.47.23.108.png,20.02.2025\109\depth\14.47.23.108.png
4976,611028,3.25,20.02.2025,109,20.02.2025\109\rgb\14.47.23.200.png,20.02.2025\109\depth\14.47.23.200.png
4977,611028,3.25,20.02.2025,109,20.02.2025\109\rgb\14.47.23.293.png,20.02.2025\109\depth\14.47.23.293.png
4978,611028,3.25,20.02.2025,109,20.02.2025\109\rgb\14.47.23.394.png,20.02.2025\109\depth\14.47.23.394.png
4979,611028,3.25,20.02.2025,109,20.02.2025\109\rgb\14.47.23.479.png,20.02.2025\109\depth\14.47.23.479.png
4980,611028,3.25,20.02.2025,109,20.02.2025\109\rgb\14.47.23.569.png,20.02.2025\109\depth\14.47.23.569.png
4981,6740,3.25,20.02.2025,110,20.02.2025\110\rgb\14.47.39.026.png,20.02.2025\110\depth\14.47.39.026.png
4982,6740,3.25,20.02.2025,110,20.02.2025\110\rgb\14.47.39.122.png,20.02.2025\110\depth\14.47.39.122.png
4983,6740,3.25,20.02.2025,110,20.02.2025\110\rgb\14.47.39.218.png,20.02.2025\110\depth\14.47.39.218.png
4984,6740,3.25,20.02.2025,110,20.02.2025\110\rgb\14.47.39.302.png,20.02.2025\110\depth\14.47.39.302.png
4985,6740,3.25,20.02.2025,110,20.02.2025\110\rgb\14.47.39.386.png,20.02.2025\110\depth\14.47.39.386.png
4986,6740,3.25,20.02.2025,110,20.02.2025\110\rgb\14.47.39.480.png,20.02.2025\110\depth\14.47.39.480.png
4987,6740,3.25,20.02.2025,110,20.02.2025\110\rgb\14.47.39.573.png,20.02.2025\110\depth\14.47.39.573.png
4988,6740,3.25,20.02.2025,110,20.02.2025\110\rgb\14.47.39.665.png,20.02.2025\110\depth\14.47.39.665.png
4989,6740,3.25,20.02.2025,110,20.02.2025\110\rgb\14.47.39.765.png,20.02.2025\110\depth\14.47.39.765.png
4990,6740,3.25,20.02.2025,110,20.02.2025\110\rgb\14.47.39.852.png,20.02.2025\110\depth\14.47.39.852.png
4991,6740,3.25,20.02.2025,110,20.02.2025\110\rgb\14.47.39.944.png,20.02.2025\110\depth\14.47.39.944.png
4992,6740,3.25,20.02.2025,110,20.02.2025\110\rgb\14.47.40.035.png,20.02.2025\110\depth\14.47.40.035.png
4993,6740,3.25,20.02.2025,110,20.02.2025\110\rgb\14.47.40.128.png,20.02.2025\110\depth\14.47.40.128.png
4994,6740,3.25,20.02.2025,110,20.02.2025\110\rgb\14.47.40.229.png,20.02.2025\110\depth\14.47.40.229.png
4995,6740,3.25,20.02.2025,110,20.02.2025\110\rgb\14.47.40.316.png,20.02.2025\110\depth\14.47.40.316.png
4996,6740,3.25,20.02.2025,110,20.02.2025\110\rgb\14.47.40.409.png,20.02.2025\110\depth\14.47.40.409.png
4997,6740,3.25,20.02.2025,110,20.02.2025\110\rgb\14.47.40.499.png,20.02.2025\110\depth\14.47.40.499.png
4998,6740,3.25,20.02.2025,110,20.02.2025\110\rgb\14.47.40.596.png,20.02.2025\110\depth\14.47.40.596.png
4999,6740,3.25,20.02.2025,110,20.02.2025\110\rgb\14.47.40.694.png,20.02.2025\110\depth\14.47.40.694.png
5000,6740,3.25,20.02.2025,110,20.02.2025\110\rgb\14.47.40.782.png,20.02.2025\110\depth\14.47.40.782.png
5001,930325,3.25,20.02.2025,111,20.02.2025\111\rgb\14.48.15.200.png,20.02.2025\111\depth\14.48.15.200.png
5002,930325,3.25,20.02.2025,111,20.02.2025\111\rgb\14.48.15.298.png,20.02.2025\111\depth\14.48.15.298.png
5003,930325,3.25,20.02.2025,111,20.02.2025\111\rgb\14.48.15.391.png,20.02.2025\111\depth\14.48.15.391.png
5004,930325,3.25,20.02.2025,111,20.02.2025\111\rgb\14.48.15.482.png,20.02.2025\111\depth\14.48.15.482.png
5005,930325,3.25,20.02.2025,111,20.02.2025\111\rgb\14.48.15.574.png,20.02.2025\111\depth\14.48.15.574.png
5006,930325,3.25,20.02.2025,111,20.02.2025\111\rgb\14.48.15.668.png,20.02.2025\111\depth\14.48.15.668.png
5007,930325,3.25,20.02.2025,111,20.02.2025\111\rgb\14.48.15.761.png,20.02.2025\111\depth\14.48.15.761.png
5008,930325,3.25,20.02.2025,111,20.02.2025\111\rgb\14.48.15.854.png,20.02.2025\111\depth\14.48.15.854.png
5009,930325,3.25,20.02.2025,111,20.02.2025\111\rgb\14.48.15.945.png,20.02.2025\111\depth\14.48.15.945.png
5010,930325,3.25,20.02.2025,111,20.02.2025\111\rgb\14.48.16.039.png,20.02.2025\111\depth\14.48.16.039.png
5011,930325,3.25,20.02.2025,111,20.02.2025\111\rgb\14.48.16.132.png,20.02.2025\111\depth\14.48.16.132.png
5012,930325,3.25,20.02.2025,111,20.02.2025\111\rgb\14.48.16.226.png,20.02.2025\111\depth\14.48.16.226.png
5013,930325,3.25,20.02.2025,111,20.02.2025\111\rgb\14.48.16.318.png,20.02.2025\111\depth\14.48.16.318.png
5014,930325,3.25,20.02.2025,111,20.02.2025\111\rgb\14.48.16.409.png,20.02.2025\111\depth\14.48.16.409.png
5015,930325,3.25,20.02.2025,111,20.02.2025\111\rgb\14.48.16.500.png,20.02.2025\111\depth\14.48.16.500.png
5016,930325,3.25,20.02.2025,111,20.02.2025\111\rgb\14.48.16.594.png,20.02.2025\111\depth\14.48.16.594.png
5017,930325,3.25,20.02.2025,111,20.02.2025\111\rgb\14.48.16.687.png,20.02.2025\111\depth\14.48.16.687.png
5018,930325,3.25,20.02.2025,111,20.02.2025\111\rgb\14.48.16.781.png,20.02.2025\111\depth\14.48.16.781.png
5019,930325,3.25,20.02.2025,111,20.02.2025\111\rgb\14.48.16.873.png,20.02.2025\111\depth\14.48.16.873.png
5020,930325,3.25,20.02.2025,111,20.02.2025\111\rgb\14.48.16.964.png,20.02.2025\111\depth\14.48.16.964.png
5021,6902,3.25,20.02.2025,112,20.02.2025\112\rgb\14.49.08.414.png,20.02.2025\112\depth\14.49.08.414.png
5022,6902,3.25,20.02.2025,112,20.02.2025\112\rgb\14.49.08.499.png,20.02.2025\112\depth\14.49.08.499.png
5023,6902,3.25,20.02.2025,112,20.02.2025\112\rgb\14.49.08.594.png,20.02.2025\112\depth\14.49.08.594.png
5024,6902,3.25,20.02.2025,112,20.02.2025\112\rgb\14.49.08.685.png,20.02.2025\112\depth\14.49.08.685.png
5025,6902,3.25,20.02.2025,112,20.02.2025\112\rgb\14.49.08.775.png,20.02.2025\112\depth\14.49.08.775.png
5026,6902,3.25,20.02.2025,112,20.02.2025\112\rgb\14.49.08.874.png,20.02.2025\112\depth\14.49.08.874.png
5027,6902,3.25,20.02.2025,112,20.02.2025\112\rgb\14.49.08.962.png,20.02.2025\112\depth\14.49.08.962.png
5028,6902,3.25,20.02.2025,112,20.02.2025\112\rgb\14.49.09.053.png,20.02.2025\112\depth\14.49.09.053.png
5029,6902,3.25,20.02.2025,112,20.02.2025\112\rgb\14.49.09.146.png,20.02.2025\112\depth\14.49.09.146.png
5030,6902,3.25,20.02.2025,112,20.02.2025\112\rgb\14.49.09.237.png,20.02.2025\112\depth\14.49.09.237.png
5031,6902,3.25,20.02.2025,112,20.02.2025\112\rgb\14.49.09.338.png,20.02.2025\112\depth\14.49.09.338.png
5032,6902,3.25,20.02.2025,112,20.02.2025\112\rgb\14.49.09.434.png,20.02.2025\112\depth\14.49.09.434.png
5033,6902,3.25,20.02.2025,112,20.02.2025\112\rgb\14.49.09.532.png,20.02.2025\112\depth\14.49.09.532.png
5034,6902,3.25,20.02.2025,112,20.02.2025\112\rgb\14.49.09.627.png,20.02.2025\112\depth\14.49.09.627.png
5035,6902,3.25,20.02.2025,112,20.02.2025\112\rgb\14.49.09.719.png,20.02.2025\112\depth\14.49.09.719.png
5036,6902,3.25,20.02.2025,112,20.02.2025\112\rgb\14.49.09.811.png,20.02.2025\112\depth\14.49.09.811.png
5037,6902,3.25,20.02.2025,112,20.02.2025\112\rgb\14.49.09.905.png,20.02.2025\112\depth\14.49.09.905.png
5038,6902,3.25,20.02.2025,112,20.02.2025\112\rgb\14.49.09.998.png,20.02.2025\112\depth\14.49.09.998.png
5039,6902,3.25,20.02.2025,112,20.02.2025\112\rgb\14.49.10.089.png,20.02.2025\112\depth\14.49.10.089.png
5040,6902,3.25,20.02.2025,112,20.02.2025\112\rgb\14.49.10.179.png,20.02.2025\112\depth\14.49.10.179.png
5041,630417,3.5,20.02.2025,113,20.02.2025\113\rgb\14.49.25.089.png,20.02.2025\113\depth\14.49.25.089.png
5042,630417,3.5,20.02.2025,113,20.02.2025\113\rgb\14.49.25.178.png,20.02.2025\113\depth\14.49.25.178.png
5043,630417,3.5,20.02.2025,113,20.02.2025\113\rgb\14.49.25.272.png,20.02.2025\113\depth\14.49.25.272.png
5044,630417,3.5,20.02.2025,113,20.02.2025\113\rgb\14.49.25.364.png,20.02.2025\113\depth\14.49.25.364.png
5045,630417,3.5,20.02.2025,113,20.02.2025\113\rgb\14.49.25.475.png,20.02.2025\113\depth\14.49.25.475.png
5046,630417,3.5,20.02.2025,113,20.02.2025\113\rgb\14.49.25.566.png,20.02.2025\113\depth\14.49.25.566.png
5047,630417,3.5,20.02.2025,113,20.02.2025\113\rgb\14.49.25.660.png,20.02.2025\113\depth\14.49.25.660.png
5048,630417,3.5,20.02.2025,113,20.02.2025\113\rgb\14.49.25.755.png,20.02.2025\113\depth\14.49.25.755.png
5049,630417,3.5,20.02.2025,113,20.02.2025\113\rgb\14.49.25.846.png,20.02.2025\113\depth\14.49.25.846.png
5050,630417,3.5,20.02.2025,113,20.02.2025\113\rgb\14.49.25.950.png,20.02.2025\113\depth\14.49.25.950.png
5051,630417,3.5,20.02.2025,113,20.02.2025\113\rgb\14.49.26.046.png,20.02.2025\113\depth\14.49.26.046.png
5052,630417,3.5,20.02.2025,113,20.02.2025\113\rgb\14.49.26.136.png,20.02.2025\113\depth\14.49.26.136.png
5053,630417,3.5,20.02.2025,113,20.02.2025\113\rgb\14.49.26.228.png,20.02.2025\113\depth\14.49.26.228.png
5054,630417,3.5,20.02.2025,113,20.02.2025\113\rgb\14.49.26.321.png,20.02.2025\113\depth\14.49.26.321.png
5055,630417,3.5,20.02.2025,113,20.02.2025\113\rgb\14.49.26.435.png,20.02.2025\113\depth\14.49.26.435.png
5056,630417,3.5,20.02.2025,113,20.02.2025\113\rgb\14.49.26.524.png,20.02.2025\113\depth\14.49.26.524.png
5057,630417,3.5,20.02.2025,113,20.02.2025\113\rgb\14.49.26.615.png,20.02.2025\113\depth\14.49.26.615.png
5058,630417,3.5,20.02.2025,113,20.02.2025\113\rgb\14.49.26.705.png,20.02.2025\113\depth\14.49.26.705.png
5059,630417,3.5,20.02.2025,113,20.02.2025\113\rgb\14.49.26.800.png,20.02.2025\113\depth\14.49.26.800.png
5060,630417,3.5,20.02.2025,113,20.02.2025\113\rgb\14.49.26.904.png,20.02.2025\113\depth\14.49.26.904.png
5061,7602,3.25,20.02.2025,114,20.02.2025\114\rgb\14.49.41.594.png,20.02.2025\114\depth\14.49.41.594.png
5062,7602,3.25,20.02.2025,114,20.02.2025\114\rgb\14.49.41.687.png,20.02.2025\114\depth\14.49.41.687.png
5063,7602,3.25,20.02.2025,114,20.02.2025\114\rgb\14.49.41.775.png,20.02.2025\114\depth\14.49.41.775.png
5064,7602,3.25,20.02.2025,114,20.02.2025\114\rgb\14.49.41.864.png,20.02.2025\114\depth\14.49.41.864.png
5065,7602,3.25,20.02.2025,114,20.02.2025\114\rgb\14.49.41.959.png,20.02.2025\114\depth\14.49.41.959.png
5066,7602,3.25,20.02.2025,114,20.02.2025\114\rgb\14.49.42.050.png,20.02.2025\114\depth\14.49.42.050.png
5067,7602,3.25,20.02.2025,114,20.02.2025\114\rgb\14.49.42.146.png,20.02.2025\114\depth\14.49.42.146.png
5068,7602,3.25,20.02.2025,114,20.02.2025\114\rgb\14.49.42.234.png,20.02.2025\114\depth\14.49.42.234.png
5069,7602,3.25,20.02.2025,114,20.02.2025\114\rgb\14.49.42.327.png,20.02.2025\114\depth\14.49.42.327.png
5070,7602,3.25,20.02.2025,114,20.02.2025\114\rgb\14.49.42.419.png,20.02.2025\114\depth\14.49.42.419.png
5071,7602,3.25,20.02.2025,114,20.02.2025\114\rgb\14.49.42.508.png,20.02.2025\114\depth\14.49.42.508.png
5072,7602,3.25,20.02.2025,114,20.02.2025\114\rgb\14.49.42.608.png,20.02.2025\114\depth\14.49.42.608.png
5073,7602,3.25,20.02.2025,114,20.02.2025\114\rgb\14.49.42.707.png,20.02.2025\114\depth\14.49.42.707.png
5074,7602,3.25,20.02.2025,114,20.02.2025\114\rgb\14.49.42.800.png,20.02.2025\114\depth\14.49.42.800.png
5075,7602,3.25,20.02.2025,114,20.02.2025\114\rgb\14.49.42.892.png,20.02.2025\114\depth\14.49.42.892.png
5076,7602,3.25,20.02.2025,114,20.02.2025\114\rgb\14.49.42.985.png,20.02.2025\114\depth\14.49.42.985.png
5077,7602,3.25,20.02.2025,114,20.02.2025\114\rgb\14.49.43.076.png,20.02.2025\114\depth\14.49.43.076.png
5078,7602,3.25,20.02.2025,114,20.02.2025\114\rgb\14.49.43.167.png,20.02.2025\114\depth\14.49.43.167.png
5079,7602,3.25,20.02.2025,114,20.02.2025\114\rgb\14.49.43.262.png,20.02.2025\114\depth\14.49.43.262.png
5080,7602,3.25,20.02.2025,114,20.02.2025\114\rgb\14.49.43.357.png,20.02.2025\114\depth\14.49.43.357.png
5081,7547,3.5,20.02.2025,115,20.02.2025\115\rgb\14.49.58.558.png,20.02.2025\115\depth\14.49.58.558.png
5082,7547,3.5,20.02.2025,115,20.02.2025\115\rgb\14.49.58.648.png,20.02.2025\115\depth\14.49.58.648.png
5083,7547,3.5,20.02.2025,115,20.02.2025\115\rgb\14.49.58.739.png,20.02.2025\115\depth\14.49.58.739.png
5084,7547,3.5,20.02.2025,115,20.02.2025\115\rgb\14.49.58.839.png,20.02.2025\115\depth\14.49.58.839.png
5085,7547,3.5,20.02.2025,115,20.02.2025\115\rgb\14.49.58.939.png,20.02.2025\115\depth\14.49.58.939.png
5086,7547,3.5,20.02.2025,115,20.02.2025\115\rgb\14.49.59.033.png,20.02.2025\115\depth\14.49.59.033.png
5087,7547,3.5,20.02.2025,115,20.02.2025\115\rgb\14.49.59.125.png,20.02.2025\115\depth\14.49.59.125.png
5088,7547,3.5,20.02.2025,115,20.02.2025\115\rgb\14.49.59.217.png,20.02.2025\115\depth\14.49.59.217.png
5089,7547,3.5,20.02.2025,115,20.02.2025\115\rgb\14.49.59.314.png,20.02.2025\115\depth\14.49.59.314.png
5090,7547,3.5,20.02.2025,115,20.02.2025\115\rgb\14.49.59.400.png,20.02.2025\115\depth\14.49.59.400.png
5091,7547,3.5,20.02.2025,115,20.02.2025\115\rgb\14.49.59.487.png,20.02.2025\115\depth\14.49.59.487.png
5092,7547,3.5,20.02.2025,115,20.02.2025\115\rgb\14.49.59.570.png,20.02.2025\115\depth\14.49.59.570.png
5093,7547,3.5,20.02.2025,115,20.02.2025\115\rgb\14.49.59.660.png,20.02.2025\115\depth\14.49.59.660.png
5094,7547,3.5,20.02.2025,115,20.02.2025\115\rgb\14.49.59.753.png,20.02.2025\115\depth\14.49.59.753.png
5095,7547,3.5,20.02.2025,115,20.02.2025\115\rgb\14.49.59.848.png,20.02.2025\115\depth\14.49.59.848.png
5096,7547,3.5,20.02.2025,115,20.02.2025\115\rgb\14.49.59.935.png,20.02.2025\115\depth\14.49.59.935.png
5097,7547,3.5,20.02.2025,115,20.02.2025\115\rgb\14.50.00.033.png,20.02.2025\115\depth\14.50.00.033.png
5098,7547,3.5,20.02.2025,115,20.02.2025\115\rgb\14.50.00.122.png,20.02.2025\115\depth\14.50.00.122.png
5099,7547,3.5,20.02.2025,115,20.02.2025\115\rgb\14.50.00.214.png,20.02.2025\115\depth\14.50.00.214.png
5100,7547,3.5,20.02.2025,115,20.02.2025\115\rgb\14.50.00.306.png,20.02.2025\115\depth\14.50.00.306.png
5101,7502,3.25,20.02.2025,116,20.02.2025\116\rgb\14.50.18.172.png,20.02.2025\116\depth\14.50.18.172.png
5102,7502,3.25,20.02.2025,116,20.02.2025\116\rgb\14.50.18.263.png,20.02.2025\116\depth\14.50.18.263.png
5103,7502,3.25,20.02.2025,116,20.02.2025\116\rgb\14.50.18.353.png,20.02.2025\116\depth\14.50.18.353.png
5104,7502,3.25,20.02.2025,116,20.02.2025\116\rgb\14.50.18.446.png,20.02.2025\116\depth\14.50.18.446.png
5105,7502,3.25,20.02.2025,116,20.02.2025\116\rgb\14.50.18.540.png,20.02.2025\116\depth\14.50.18.540.png
5106,7502,3.25,20.02.2025,116,20.02.2025\116\rgb\14.50.18.639.png,20.02.2025\116\depth\14.50.18.639.png
5107,7502,3.25,20.02.2025,116,20.02.2025\116\rgb\14.50.18.727.png,20.02.2025\116\depth\14.50.18.727.png
5108,7502,3.25,20.02.2025,116,20.02.2025\116\rgb\14.50.18.818.png,20.02.2025\116\depth\14.50.18.818.png
5109,7502,3.25,20.02.2025,116,20.02.2025\116\rgb\14.50.18.911.png,20.02.2025\116\depth\14.50.18.911.png
5110,7502,3.25,20.02.2025,116,20.02.2025\116\rgb\14.50.19.002.png,20.02.2025\116\depth\14.50.19.002.png
5111,7502,3.25,20.02.2025,116,20.02.2025\116\rgb\14.50.19.095.png,20.02.2025\116\depth\14.50.19.095.png
5112,7502,3.25,20.02.2025,116,20.02.2025\116\rgb\14.50.19.188.png,20.02.2025\116\depth\14.50.19.188.png
5113,7502,3.25,20.02.2025,116,20.02.2025\116\rgb\14.50.19.280.png,20.02.2025\116\depth\14.50.19.280.png
5114,7502,3.25,20.02.2025,116,20.02.2025\116\rgb\14.50.19.372.png,20.02.2025\116\depth\14.50.19.372.png
5115,7502,3.25,20.02.2025,116,20.02.2025\116\rgb\14.50.19.465.png,20.02.2025\116\depth\14.50.19.465.png
5116,7502,3.25,20.02.2025,116,20.02.2025\116\rgb\14.50.19.557.png,20.02.2025\116\depth\14.50.19.557.png
5117,7502,3.25,20.02.2025,116,20.02.2025\116\rgb\14.50.19.646.png,20.02.2025\116\depth\14.50.19.646.png
5118,7502,3.25,20.02.2025,116,20.02.2025\116\rgb\14.50.19.740.png,20.02.2025\116\depth\14.50.19.740.png
5119,7502,3.25,20.02.2025,116,20.02.2025\116\rgb\14.50.19.834.png,20.02.2025\116\depth\14.50.19.834.png
5120,7502,3.25,20.02.2025,116,20.02.2025\116\rgb\14.50.19.926.png,20.02.2025\116\depth\14.50.19.926.png
5121,7679,3.5,20.02.2025,117,20.02.2025\117\rgb\14.50.32.415.png,20.02.2025\117\depth\14.50.32.415.png
5122,7679,3.5,20.02.2025,117,20.02.2025\117\rgb\14.50.32.515.png,20.02.2025\117\depth\14.50.32.515.png
5123,7679,3.5,20.02.2025,117,20.02.2025\117\rgb\14.50.32.607.png,20.02.2025\117\depth\14.50.32.607.png
5124,7679,3.5,20.02.2025,117,20.02.2025\117\rgb\14.50.32.698.png,20.02.2025\117\depth\14.50.32.698.png
5125,7679,3.5,20.02.2025,117,20.02.2025\117\rgb\14.50.32.791.png,20.02.2025\117\depth\14.50.32.791.png
5126,7679,3.5,20.02.2025,117,20.02.2025\117\rgb\14.50.32.885.png,20.02.2025\117\depth\14.50.32.885.png
5127,7679,3.5,20.02.2025,117,20.02.2025\117\rgb\14.50.32.976.png,20.02.2025\117\depth\14.50.32.976.png
5128,7679,3.5,20.02.2025,117,20.02.2025\117\rgb\14.50.33.071.png,20.02.2025\117\depth\14.50.33.071.png
5129,7679,3.5,20.02.2025,117,20.02.2025\117\rgb\14.50.33.162.png,20.02.2025\117\depth\14.50.33.162.png
5130,7679,3.5,20.02.2025,117,20.02.2025\117\rgb\14.50.33.253.png,20.02.2025\117\depth\14.50.33.253.png
5131,7679,3.5,20.02.2025,117,20.02.2025\117\rgb\14.50.33.344.png,20.02.2025\117\depth\14.50.33.344.png
5132,7679,3.5,20.02.2025,117,20.02.2025\117\rgb\14.50.33.451.png,20.02.2025\117\depth\14.50.33.451.png
5133,7679,3.5,20.02.2025,117,20.02.2025\117\rgb\14.50.33.545.png,20.02.2025\117\depth\14.50.33.545.png
5134,7679,3.5,20.02.2025,117,20.02.2025\117\rgb\14.50.33.634.png,20.02.2025\117\depth\14.50.33.634.png
5135,7679,3.5,20.02.2025,117,20.02.2025\117\rgb\14.50.33.727.png,20.02.2025\117\depth\14.50.33.727.png
5136,7679,3.5,20.02.2025,117,20.02.2025\117\rgb\14.50.33.815.png,20.02.2025\117\depth\14.50.33.815.png
5137,7679,3.5,20.02.2025,117,20.02.2025\117\rgb\14.50.33.908.png,20.02.2025\117\depth\14.50.33.908.png
5138,7679,3.5,20.02.2025,117,20.02.2025\117\rgb\14.50.33.997.png,20.02.2025\117\depth\14.50.33.997.png
5139,7679,3.5,20.02.2025,117,20.02.2025\117\rgb\14.50.34.092.png,20.02.2025\117\depth\14.50.34.092.png
5140,7679,3.5,20.02.2025,117,20.02.2025\117\rgb\14.50.34.185.png,20.02.2025\117\depth\14.50.34.185.png
5141,7047,3.25,20.02.2025,118,20.02.2025\118\rgb\14.51.22.048.png,20.02.2025\118\depth\14.51.22.048.png
5142,7047,3.25,20.02.2025,118,20.02.2025\118\rgb\14.51.22.140.png,20.02.2025\118\depth\14.51.22.140.png
5143,7047,3.25,20.02.2025,118,20.02.2025\118\rgb\14.51.22.232.png,20.02.2025\118\depth\14.51.22.232.png
5144,7047,3.25,20.02.2025,118,20.02.2025\118\rgb\14.51.22.327.png,20.02.2025\118\depth\14.51.22.327.png
5145,7047,3.25,20.02.2025,118,20.02.2025\118\rgb\14.51.22.418.png,20.02.2025\118\depth\14.51.22.418.png
5146,7047,3.25,20.02.2025,118,20.02.2025\118\rgb\14.51.22.517.png,20.02.2025\118\depth\14.51.22.517.png
5147,7047,3.25,20.02.2025,118,20.02.2025\118\rgb\14.51.22.615.png,20.02.2025\118\depth\14.51.22.615.png
5148,7047,3.25,20.02.2025,118,20.02.2025\118\rgb\14.51.22.708.png,20.02.2025\118\depth\14.51.22.708.png
5149,7047,3.25,20.02.2025,118,20.02.2025\118\rgb\14.51.22.799.png,20.02.2025\118\depth\14.51.22.799.png
5150,7047,3.25,20.02.2025,118,20.02.2025\118\rgb\14.51.22.895.png,20.02.2025\118\depth\14.51.22.895.png
5151,7047,3.25,20.02.2025,118,20.02.2025\118\rgb\14.51.22.986.png,20.02.2025\118\depth\14.51.22.986.png
5152,7047,3.25,20.02.2025,118,20.02.2025\118\rgb\14.51.23.080.png,20.02.2025\118\depth\14.51.23.080.png
5153,7047,3.25,20.02.2025,118,20.02.2025\118\rgb\14.51.23.173.png,20.02.2025\118\depth\14.51.23.173.png
5154,7047,3.25,20.02.2025,118,20.02.2025\118\rgb\14.51.23.266.png,20.02.2025\118\depth\14.51.23.266.png
5155,7047,3.25,20.02.2025,118,20.02.2025\118\rgb\14.51.23.360.png,20.02.2025\118\depth\14.51.23.360.png
5156,7047,3.25,20.02.2025,118,20.02.2025\118\rgb\14.51.23.457.png,20.02.2025\118\depth\14.51.23.457.png
5157,7047,3.25,20.02.2025,118,20.02.2025\118\rgb\14.51.23.540.png,20.02.2025\118\depth\14.51.23.540.png
5158,7047,3.25,20.02.2025,118,20.02.2025\118\rgb\14.51.23.634.png,20.02.2025\118\depth\14.51.23.634.png
5159,7047,3.25,20.02.2025,118,20.02.2025\118\rgb\14.51.23.725.png,20.02.2025\118\depth\14.51.23.725.png
5160,7047,3.25,20.02.2025,118,20.02.2025\118\rgb\14.51.23.821.png,20.02.2025\118\depth\14.51.23.821.png
5161,6932,3.25,20.02.2025,119,20.02.2025\119\rgb\14.51.38.506.png,20.02.2025\119\depth\14.51.38.506.png
5162,6932,3.25,20.02.2025,119,20.02.2025\119\rgb\14.51.38.589.png,20.02.2025\119\depth\14.51.38.589.png
5163,6932,3.25,20.02.2025,119,20.02.2025\119\rgb\14.51.38.681.png,20.02.2025\119\depth\14.51.38.681.png
5164,6932,3.25,20.02.2025,119,20.02.2025\119\rgb\14.51.38.769.png,20.02.2025\119\depth\14.51.38.769.png
5165,6932,3.25,20.02.2025,119,20.02.2025\119\rgb\14.51.38.864.png,20.02.2025\119\depth\14.51.38.864.png
5166,6932,3.25,20.02.2025,119,20.02.2025\119\rgb\14.51.38.957.png,20.02.2025\119\depth\14.51.38.957.png
5167,6932,3.25,20.02.2025,119,20.02.2025\119\rgb\14.51.39.049.png,20.02.2025\119\depth\14.51.39.049.png
5168,6932,3.25,20.02.2025,119,20.02.2025\119\rgb\14.51.39.141.png,20.02.2025\119\depth\14.51.39.141.png
5169,6932,3.25,20.02.2025,119,20.02.2025\119\rgb\14.51.39.233.png,20.02.2025\119\depth\14.51.39.233.png
5170,6932,3.25,20.02.2025,119,20.02.2025\119\rgb\14.51.39.333.png,20.02.2025\119\depth\14.51.39.333.png
5171,6932,3.25,20.02.2025,119,20.02.2025\119\rgb\14.51.39.419.png,20.02.2025\119\depth\14.51.39.419.png
5172,6932,3.25,20.02.2025,119,20.02.2025\119\rgb\14.51.39.509.png,20.02.2025\119\depth\14.51.39.509.png
5173,6932,3.25,20.02.2025,119,20.02.2025\119\rgb\14.51.39.601.png,20.02.2025\119\depth\14.51.39.601.png
5174,6932,3.25,20.02.2025,119,20.02.2025\119\rgb\14.51.39.693.png,20.02.2025\119\depth\14.51.39.693.png
5175,6932,3.25,20.02.2025,119,20.02.2025\119\rgb\14.51.39.786.png,20.02.2025\119\depth\14.51.39.786.png
5176,6932,3.25,20.02.2025,119,20.02.2025\119\rgb\14.51.39.877.png,20.02.2025\119\depth\14.51.39.877.png
5177,6932,3.25,20.02.2025,119,20.02.2025\119\rgb\14.51.39.969.png,20.02.2025\119\depth\14.51.39.969.png
5178,6932,3.25,20.02.2025,119,20.02.2025\119\rgb\14.51.40.064.png,20.02.2025\119\depth\14.51.40.064.png
5179,6932,3.25,20.02.2025,119,20.02.2025\119\rgb\14.51.40.164.png,20.02.2025\119\depth\14.51.40.164.png
5180,6932,3.25,20.02.2025,119,20.02.2025\119\rgb\14.51.40.250.png,20.02.2025\119\depth\14.51.40.250.png
5181,6865,3.25,20.02.2025,120,20.02.2025\120\rgb\14.51.56.346.png,20.02.2025\120\depth\14.51.56.346.png
5182,6865,3.25,20.02.2025,120,20.02.2025\120\rgb\14.51.56.445.png,20.02.2025\120\depth\14.51.56.445.png
5183,6865,3.25,20.02.2025,120,20.02.2025\120\rgb\14.51.56.533.png,20.02.2025\120\depth\14.51.56.533.png
5184,6865,3.25,20.02.2025,120,20.02.2025\120\rgb\14.51.56.631.png,20.02.2025\120\depth\14.51.56.631.png
5185,6865,3.25,20.02.2025,120,20.02.2025\120\rgb\14.51.56.723.png,20.02.2025\120\depth\14.51.56.723.png
5186,6865,3.25,20.02.2025,120,20.02.2025\120\rgb\14.51.56.813.png,20.02.2025\120\depth\14.51.56.813.png
5187,6865,3.25,20.02.2025,120,20.02.2025\120\rgb\14.51.56.909.png,20.02.2025\120\depth\14.51.56.909.png
5188,6865,3.25,20.02.2025,120,20.02.2025\120\rgb\14.51.57.002.png,20.02.2025\120\depth\14.51.57.002.png
5189,6865,3.25,20.02.2025,120,20.02.2025\120\rgb\14.51.57.094.png,20.02.2025\120\depth\14.51.57.094.png
5190,6865,3.25,20.02.2025,120,20.02.2025\120\rgb\14.51.57.187.png,20.02.2025\120\depth\14.51.57.187.png
5191,6865,3.25,20.02.2025,120,20.02.2025\120\rgb\14.51.57.302.png,20.02.2025\120\depth\14.51.57.302.png
5192,6865,3.25,20.02.2025,120,20.02.2025\120\rgb\14.51.57.391.png,20.02.2025\120\depth\14.51.57.391.png
5193,6865,3.25,20.02.2025,120,20.02.2025\120\rgb\14.51.57.479.png,20.02.2025\120\depth\14.51.57.479.png
5194,6865,3.25,20.02.2025,120,20.02.2025\120\rgb\14.51.57.572.png,20.02.2025\120\depth\14.51.57.572.png
5195,6865,3.25,20.02.2025,120,20.02.2025\120\rgb\14.51.57.666.png,20.02.2025\120\depth\14.51.57.666.png
5196,6865,3.25,20.02.2025,120,20.02.2025\120\rgb\14.51.57.774.png,20.02.2025\120\depth\14.51.57.774.png
5197,6865,3.25,20.02.2025,120,20.02.2025\120\rgb\14.51.57.865.png,20.02.2025\120\depth\14.51.57.865.png
5198,6865,3.25,20.02.2025,120,20.02.2025\120\rgb\14.51.57.959.png,20.02.2025\120\depth\14.51.57.959.png
5199,6865,3.25,20.02.2025,120,20.02.2025\120\rgb\14.51.58.049.png,20.02.2025\120\depth\14.51.58.049.png
5200,6865,3.25,20.02.2025,120,20.02.2025\120\rgb\14.51.58.138.png,20.02.2025\120\depth\14.51.58.138.png
5201,7680,3.25,20.02.2025,121,20.02.2025\121\rgb\14.52.14.505.png,20.02.2025\121\depth\14.52.14.505.png
5202,7680,3.25,20.02.2025,121,20.02.2025\121\rgb\14.52.14.599.png,20.02.2025\121\depth\14.52.14.599.png
5203,7680,3.25,20.02.2025,121,20.02.2025\121\rgb\14.52.14.687.png,20.02.2025\121\depth\14.52.14.687.png
5204,7680,3.25,20.02.2025,121,20.02.2025\121\rgb\14.52.14.785.png,20.02.2025\121\depth\14.52.14.785.png
5205,7680,3.25,20.02.2025,121,20.02.2025\121\rgb\14.52.14.878.png,20.02.2025\121\depth\14.52.14.878.png
5206,7680,3.25,20.02.2025,121,20.02.2025\121\rgb\14.52.14.968.png,20.02.2025\121\depth\14.52.14.968.png
5207,7680,3.25,20.02.2025,121,20.02.2025\121\rgb\14.52.15.061.png,20.02.2025\121\depth\14.52.15.061.png
5208,7680,3.25,20.02.2025,121,20.02.2025\121\rgb\14.52.15.153.png,20.02.2025\121\depth\14.52.15.153.png
5209,7680,3.25,20.02.2025,121,20.02.2025\121\rgb\14.52.15.245.png,20.02.2025\121\depth\14.52.15.245.png
5210,7680,3.25,20.02.2025,121,20.02.2025\121\rgb\14.52.15.338.png,20.02.2025\121\depth\14.52.15.338.png
5211,7680,3.25,20.02.2025,121,20.02.2025\121\rgb\14.52.15.431.png,20.02.2025\121\depth\14.52.15.431.png
5212,7680,3.25,20.02.2025,121,20.02.2025\121\rgb\14.52.15.526.png,20.02.2025\121\depth\14.52.15.526.png
5213,7680,3.25,20.02.2025,121,20.02.2025\121\rgb\14.52.15.616.png,20.02.2025\121\depth\14.52.15.616.png
5214,7680,3.25,20.02.2025,121,20.02.2025\121\rgb\14.52.15.709.png,20.02.2025\121\depth\14.52.15.709.png
5215,7680,3.25,20.02.2025,121,20.02.2025\121\rgb\14.52.15.798.png,20.02.2025\121\depth\14.52.15.798.png
5216,7680,3.25,20.02.2025,121,20.02.2025\121\rgb\14.52.15.893.png,20.02.2025\121\depth\14.52.15.893.png
5217,7680,3.25,20.02.2025,121,20.02.2025\121\rgb\14.52.15.987.png,20.02.2025\121\depth\14.52.15.987.png
5218,7680,3.25,20.02.2025,121,20.02.2025\121\rgb\14.52.16.078.png,20.02.2025\121\depth\14.52.16.078.png
5219,7680,3.25,20.02.2025,121,20.02.2025\121\rgb\14.52.16.170.png,20.02.2025\121\depth\14.52.16.170.png
5220,7680,3.25,20.02.2025,121,20.02.2025\121\rgb\14.52.16.277.png,20.02.2025\121\depth\14.52.16.277.png
5221,7554,3.25,20.02.2025,122,20.02.2025\122\rgb\14.52.31.206.png,20.02.2025\122\depth\14.52.31.206.png
5222,7554,3.25,20.02.2025,122,20.02.2025\122\rgb\14.52.31.290.png,20.02.2025\122\depth\14.52.31.290.png
5223,7554,3.25,20.02.2025,122,20.02.2025\122\rgb\14.52.31.386.png,20.02.2025\122\depth\14.52.31.386.png
5224,7554,3.25,20.02.2025,122,20.02.2025\122\rgb\14.52.31.477.png,20.02.2025\122\depth\14.52.31.477.png
5225,7554,3.25,20.02.2025,122,20.02.2025\122\rgb\14.52.31.571.png,20.02.2025\122\depth\14.52.31.571.png
5226,7554,3.25,20.02.2025,122,20.02.2025\122\rgb\14.52.31.665.png,20.02.2025\122\depth\14.52.31.665.png
5227,7554,3.25,20.02.2025,122,20.02.2025\122\rgb\14.52.31.757.png,20.02.2025\122\depth\14.52.31.757.png
5228,7554,3.25,20.02.2025,122,20.02.2025\122\rgb\14.52.31.847.png,20.02.2025\122\depth\14.52.31.847.png
5229,7554,3.25,20.02.2025,122,20.02.2025\122\rgb\14.52.31.938.png,20.02.2025\122\depth\14.52.31.938.png
5230,7554,3.25,20.02.2025,122,20.02.2025\122\rgb\14.52.32.031.png,20.02.2025\122\depth\14.52.32.031.png
5231,7554,3.25,20.02.2025,122,20.02.2025\122\rgb\14.52.32.124.png,20.02.2025\122\depth\14.52.32.124.png
5232,7554,3.25,20.02.2025,122,20.02.2025\122\rgb\14.52.32.216.png,20.02.2025\122\depth\14.52.32.216.png
5233,7554,3.25,20.02.2025,122,20.02.2025\122\rgb\14.52.32.306.png,20.02.2025\122\depth\14.52.32.306.png
5234,7554,3.25,20.02.2025,122,20.02.2025\122\rgb\14.52.32.399.png,20.02.2025\122\depth\14.52.32.399.png
5235,7554,3.25,20.02.2025,122,20.02.2025\122\rgb\14.52.32.492.png,20.02.2025\122\depth\14.52.32.492.png
5236,7554,3.25,20.02.2025,122,20.02.2025\122\rgb\14.52.32.587.png,20.02.2025\122\depth\14.52.32.587.png
5237,7554,3.25,20.02.2025,122,20.02.2025\122\rgb\14.52.32.679.png,20.02.2025\122\depth\14.52.32.679.png
5238,7554,3.25,20.02.2025,122,20.02.2025\122\rgb\14.52.32.772.png,20.02.2025\122\depth\14.52.32.772.png
5239,7554,3.25,20.02.2025,122,20.02.2025\122\rgb\14.52.32.865.png,20.02.2025\122\depth\14.52.32.865.png
5240,7554,3.25,20.02.2025,122,20.02.2025\122\rgb\14.52.32.955.png,20.02.2025\122\depth\14.52.32.955.png
5241,7601,3.5,20.02.2025,123,20.02.2025\123\rgb\14.52.46.914.png,20.02.2025\123\depth\14.52.46.914.png
5242,7601,3.5,20.02.2025,123,20.02.2025\123\rgb\14.52.47.001.png,20.02.2025\123\depth\14.52.47.001.png
5243,7601,3.5,20.02.2025,123,20.02.2025\123\rgb\14.52.47.090.png,20.02.2025\123\depth\14.52.47.090.png
5244,7601,3.5,20.02.2025,123,20.02.2025\123\rgb\14.52.47.184.png,20.02.2025\123\depth\14.52.47.184.png
5245,7601,3.5,20.02.2025,123,20.02.2025\123\rgb\14.52.47.291.png,20.02.2025\123\depth\14.52.47.291.png
5246,7601,3.5,20.02.2025,123,20.02.2025\123\rgb\14.52.47.388.png,20.02.2025\123\depth\14.52.47.388.png
5247,7601,3.5,20.02.2025,123,20.02.2025\123\rgb\14.52.47.481.png,20.02.2025\123\depth\14.52.47.481.png
5248,7601,3.5,20.02.2025,123,20.02.2025\123\rgb\14.52.47.572.png,20.02.2025\123\depth\14.52.47.572.png
5249,7601,3.5,20.02.2025,123,20.02.2025\123\rgb\14.52.47.665.png,20.02.2025\123\depth\14.52.47.665.png
5250,7601,3.5,20.02.2025,123,20.02.2025\123\rgb\14.52.47.753.png,20.02.2025\123\depth\14.52.47.753.png
5251,7601,3.5,20.02.2025,123,20.02.2025\123\rgb\14.52.47.846.png,20.02.2025\123\depth\14.52.47.846.png
5252,7601,3.5,20.02.2025,123,20.02.2025\123\rgb\14.52.47.939.png,20.02.2025\123\depth\14.52.47.939.png
5253,7601,3.5,20.02.2025,123,20.02.2025\123\rgb\14.52.48.033.png,20.02.2025\123\depth\14.52.48.033.png
5254,7601,3.5,20.02.2025,123,20.02.2025\123\rgb\14.52.48.131.png,20.02.2025\123\depth\14.52.48.131.png
5255,7601,3.5,20.02.2025,123,20.02.2025\123\rgb\14.52.48.236.png,20.02.2025\123\depth\14.52.48.236.png
5256,7601,3.5,20.02.2025,123,20.02.2025\123\rgb\14.52.48.328.png,20.02.2025\123\depth\14.52.48.328.png
5257,7601,3.5,20.02.2025,123,20.02.2025\123\rgb\14.52.48.422.png,20.02.2025\123\depth\14.52.48.422.png
5258,7601,3.5,20.02.2025,123,20.02.2025\123\rgb\14.52.48.515.png,20.02.2025\123\depth\14.52.48.515.png
5259,7601,3.5,20.02.2025,123,20.02.2025\123\rgb\14.52.48.605.png,20.02.2025\123\depth\14.52.48.605.png
5260,7601,3.5,20.02.2025,123,20.02.2025\123\rgb\14.52.48.712.png,20.02.2025\123\depth\14.52.48.712.png
5261,7509,3.25,20.02.2025,124,20.02.2025\124\rgb\14.53.02.584.png,20.02.2025\124\depth\14.53.02.584.png
5262,7509,3.25,20.02.2025,124,20.02.2025\124\rgb\14.53.02.681.png,20.02.2025\124\depth\14.53.02.681.png
5263,7509,3.25,20.02.2025,124,20.02.2025\124\rgb\14.53.02.769.png,20.02.2025\124\depth\14.53.02.769.png
5264,7509,3.25,20.02.2025,124,20.02.2025\124\rgb\14.53.02.861.png,20.02.2025\124\depth\14.53.02.861.png
5265,7509,3.25,20.02.2025,124,20.02.2025\124\rgb\14.53.02.954.png,20.02.2025\124\depth\14.53.02.954.png
5266,7509,3.25,20.02.2025,124,20.02.2025\124\rgb\14.53.03.053.png,20.02.2025\124\depth\14.53.03.053.png
5267,7509,3.25,20.02.2025,124,20.02.2025\124\rgb\14.53.03.139.png,20.02.2025\124\depth\14.53.03.139.png
5268,7509,3.25,20.02.2025,124,20.02.2025\124\rgb\14.53.03.232.png,20.02.2025\124\depth\14.53.03.232.png
5269,7509,3.25,20.02.2025,124,20.02.2025\124\rgb\14.53.03.323.png,20.02.2025\124\depth\14.53.03.323.png
5270,7509,3.25,20.02.2025,124,20.02.2025\124\rgb\14.53.03.416.png,20.02.2025\124\depth\14.53.03.416.png
5271,7509,3.25,20.02.2025,124,20.02.2025\124\rgb\14.53.03.513.png,20.02.2025\124\depth\14.53.03.513.png
5272,7509,3.25,20.02.2025,124,20.02.2025\124\rgb\14.53.03.601.png,20.02.2025\124\depth\14.53.03.601.png
5273,7509,3.25,20.02.2025,124,20.02.2025\124\rgb\14.53.03.694.png,20.02.2025\124\depth\14.53.03.694.png
5274,7509,3.25,20.02.2025,124,20.02.2025\124\rgb\14.53.03.787.png,20.02.2025\124\depth\14.53.03.787.png
5275,7509,3.25,20.02.2025,124,20.02.2025\124\rgb\14.53.03.878.png,20.02.2025\124\depth\14.53.03.878.png
5276,7509,3.25,20.02.2025,124,20.02.2025\124\rgb\14.53.03.977.png,20.02.2025\124\depth\14.53.03.977.png
5277,7509,3.25,20.02.2025,124,20.02.2025\124\rgb\14.53.04.065.png,20.02.2025\124\depth\14.53.04.065.png
5278,7509,3.25,20.02.2025,124,20.02.2025\124\rgb\14.53.04.156.png,20.02.2025\124\depth\14.53.04.156.png
5279,7509,3.25,20.02.2025,124,20.02.2025\124\rgb\14.53.04.249.png,20.02.2025\124\depth\14.53.04.249.png
5280,7509,3.25,20.02.2025,124,20.02.2025\124\rgb\14.53.04.342.png,20.02.2025\124\depth\14.53.04.342.png
5281,5108,3.0,20.02.2025,125,20.02.2025\125\rgb\14.53.20.463.png,20.02.2025\125\depth\14.53.20.463.png
5282,5108,3.0,20.02.2025,125,20.02.2025\125\rgb\14.53.20.569.png,20.02.2025\125\depth\14.53.20.569.png
5283,5108,3.0,20.02.2025,125,20.02.2025\125\rgb\14.53.20.657.png,20.02.2025\125\depth\14.53.20.657.png
5284,5108,3.0,20.02.2025,125,20.02.2025\125\rgb\14.53.20.748.png,20.02.2025\125\depth\14.53.20.748.png
5285,5108,3.0,20.02.2025,125,20.02.2025\125\rgb\14.53.20.839.png,20.02.2025\125\depth\14.53.20.839.png
5286,5108,3.0,20.02.2025,125,20.02.2025\125\rgb\14.53.20.934.png,20.02.2025\125\depth\14.53.20.934.png
5287,5108,3.0,20.02.2025,125,20.02.2025\125\rgb\14.53.21.028.png,20.02.2025\125\depth\14.53.21.028.png
5288,5108,3.0,20.02.2025,125,20.02.2025\125\rgb\14.53.21.121.png,20.02.2025\125\depth\14.53.21.121.png
5289,5108,3.0,20.02.2025,125,20.02.2025\125\rgb\14.53.21.214.png,20.02.2025\125\depth\14.53.21.214.png
5290,5108,3.0,20.02.2025,125,20.02.2025\125\rgb\14.53.21.305.png,20.02.2025\125\depth\14.53.21.305.png
5291,5108,3.0,20.02.2025,125,20.02.2025\125\rgb\14.53.21.400.png,20.02.2025\125\depth\14.53.21.400.png
5292,5108,3.0,20.02.2025,125,20.02.2025\125\rgb\14.53.21.498.png,20.02.2025\125\depth\14.53.21.498.png
5293,5108,3.0,20.02.2025,125,20.02.2025\125\rgb\14.53.21.598.png,20.02.2025\125\depth\14.53.21.598.png
5294,5108,3.0,20.02.2025,125,20.02.2025\125\rgb\14.53.21.692.png,20.02.2025\125\depth\14.53.21.692.png
5295,5108,3.0,20.02.2025,125,20.02.2025\125\rgb\14.53.21.783.png,20.02.2025\125\depth\14.53.21.783.png
5296,5108,3.0,20.02.2025,125,20.02.2025\125\rgb\14.53.21.874.png,20.02.2025\125\depth\14.53.21.874.png
5297,5108,3.0,20.02.2025,125,20.02.2025\125\rgb\14.53.21.973.png,20.02.2025\125\depth\14.53.21.973.png
5298,5108,3.0,20.02.2025,125,20.02.2025\125\rgb\14.53.22.061.png,20.02.2025\125\depth\14.53.22.061.png
5299,5108,3.0,20.02.2025,125,20.02.2025\125\rgb\14.53.22.152.png,20.02.2025\125\depth\14.53.22.152.png
5300,5108,3.0,20.02.2025,125,20.02.2025\125\rgb\14.53.22.241.png,20.02.2025\125\depth\14.53.22.241.png
5301,5141,3.25,20.02.2025,126,20.02.2025\126\rgb\14.53.37.906.png,20.02.2025\126\depth\14.53.37.906.png
5302,5141,3.25,20.02.2025,126,20.02.2025\126\rgb\14.53.38.019.png,20.02.2025\126\depth\14.53.38.019.png
5303,5141,3.25,20.02.2025,126,20.02.2025\126\rgb\14.53.38.112.png,20.02.2025\126\depth\14.53.38.112.png
5304,5141,3.25,20.02.2025,126,20.02.2025\126\rgb\14.53.38.205.png,20.02.2025\126\depth\14.53.38.205.png
5305,5141,3.25,20.02.2025,126,20.02.2025\126\rgb\14.53.38.298.png,20.02.2025\126\depth\14.53.38.298.png
5306,5141,3.25,20.02.2025,126,20.02.2025\126\rgb\14.53.38.392.png,20.02.2025\126\depth\14.53.38.392.png
5307,5141,3.25,20.02.2025,126,20.02.2025\126\rgb\14.53.38.505.png,20.02.2025\126\depth\14.53.38.505.png
5308,5141,3.25,20.02.2025,126,20.02.2025\126\rgb\14.53.38.592.png,20.02.2025\126\depth\14.53.38.592.png
5309,5141,3.25,20.02.2025,126,20.02.2025\126\rgb\14.53.38.682.png,20.02.2025\126\depth\14.53.38.682.png
5310,5141,3.25,20.02.2025,126,20.02.2025\126\rgb\14.53.38.773.png,20.02.2025\126\depth\14.53.38.773.png
5311,5141,3.25,20.02.2025,126,20.02.2025\126\rgb\14.53.38.865.png,20.02.2025\126\depth\14.53.38.865.png
5312,5141,3.25,20.02.2025,126,20.02.2025\126\rgb\14.53.38.972.png,20.02.2025\126\depth\14.53.38.972.png
5313,5141,3.25,20.02.2025,126,20.02.2025\126\rgb\14.53.39.065.png,20.02.2025\126\depth\14.53.39.065.png
5314,5141,3.25,20.02.2025,126,20.02.2025\126\rgb\14.53.39.162.png,20.02.2025\126\depth\14.53.39.162.png
5315,5141,3.25,20.02.2025,126,20.02.2025\126\rgb\14.53.39.253.png,20.02.2025\126\depth\14.53.39.253.png
5316,5141,3.25,20.02.2025,126,20.02.2025\126\rgb\14.53.39.345.png,20.02.2025\126\depth\14.53.39.345.png
5317,5141,3.25,20.02.2025,126,20.02.2025\126\rgb\14.53.39.449.png,20.02.2025\126\depth\14.53.39.449.png
5318,5141,3.25,20.02.2025,126,20.02.2025\126\rgb\14.53.39.543.png,20.02.2025\126\depth\14.53.39.543.png
5319,5141,3.25,20.02.2025,126,20.02.2025\126\rgb\14.53.39.638.png,20.02.2025\126\depth\14.53.39.638.png
5320,5141,3.25,20.02.2025,126,20.02.2025\126\rgb\14.53.39.728.png,20.02.2025\126\depth\14.53.39.728.png
5321,5172,3.0,20.02.2025,127,20.02.2025\127\rgb\14.54.11.058.png,20.02.2025\127\depth\14.54.11.058.png
5322,5172,3.0,20.02.2025,127,20.02.2025\127\rgb\14.54.11.156.png,20.02.2025\127\depth\14.54.11.156.png
5323,5172,3.0,20.02.2025,127,20.02.2025\127\rgb\14.54.11.249.png,20.02.2025\127\depth\14.54.11.249.png
5324,5172,3.0,20.02.2025,127,20.02.2025\127\rgb\14.54.11.342.png,20.02.2025\127\depth\14.54.11.342.png
5325,5172,3.0,20.02.2025,127,20.02.2025\127\rgb\14.54.11.435.png,20.02.2025\127\depth\14.54.11.435.png
5326,5172,3.0,20.02.2025,127,20.02.2025\127\rgb\14.54.11.537.png,20.02.2025\127\depth\14.54.11.537.png
5327,5172,3.0,20.02.2025,127,20.02.2025\127\rgb\14.54.11.623.png,20.02.2025\127\depth\14.54.11.623.png
5328,5172,3.0,20.02.2025,127,20.02.2025\127\rgb\14.54.11.714.png,20.02.2025\127\depth\14.54.11.714.png
5329,5172,3.0,20.02.2025,127,20.02.2025\127\rgb\14.54.11.804.png,20.02.2025\127\depth\14.54.11.804.png
5330,5172,3.0,20.02.2025,127,20.02.2025\127\rgb\14.54.11.896.png,20.02.2025\127\depth\14.54.11.896.png
5331,5172,3.0,20.02.2025,127,20.02.2025\127\rgb\14.54.11.991.png,20.02.2025\127\depth\14.54.11.991.png
5332,5172,3.0,20.02.2025,127,20.02.2025\127\rgb\14.54.12.082.png,20.02.2025\127\depth\14.54.12.082.png
5333,5172,3.0,20.02.2025,127,20.02.2025\127\rgb\14.54.12.175.png,20.02.2025\127\depth\14.54.12.175.png
5334,5172,3.0,20.02.2025,127,20.02.2025\127\rgb\14.54.12.265.png,20.02.2025\127\depth\14.54.12.265.png
5335,5172,3.0,20.02.2025,127,20.02.2025\127\rgb\14.54.12.357.png,20.02.2025\127\depth\14.54.12.357.png
5336,5172,3.0,20.02.2025,127,20.02.2025\127\rgb\14.54.12.454.png,20.02.2025\127\depth\14.54.12.454.png
5337,5172,3.0,20.02.2025,127,20.02.2025\127\rgb\14.54.12.543.png,20.02.2025\127\depth\14.54.12.543.png
5338,5172,3.0,20.02.2025,127,20.02.2025\127\rgb\14.54.12.635.png,20.02.2025\127\depth\14.54.12.635.png
5339,5172,3.0,20.02.2025,127,20.02.2025\127\rgb\14.54.12.729.png,20.02.2025\127\depth\14.54.12.729.png
5340,5172,3.0,20.02.2025,127,20.02.2025\127\rgb\14.54.12.820.png,20.02.2025\127\depth\14.54.12.820.png
5341,4863,3.25,20.02.2025,128,20.02.2025\128\rgb\14.56.59.412.png,20.02.2025\128\depth\14.56.59.412.png
5342,4863,3.25,20.02.2025,128,20.02.2025\128\rgb\14.56.59.505.png,20.02.2025\128\depth\14.56.59.505.png
5343,4863,3.25,20.02.2025,128,20.02.2025\128\rgb\14.56.59.598.png,20.02.2025\128\depth\14.56.59.598.png
5344,4863,3.25,20.02.2025,128,20.02.2025\128\rgb\14.56.59.693.png,20.02.2025\128\depth\14.56.59.693.png
5345,4863,3.25,20.02.2025,128,20.02.2025\128\rgb\14.56.59.786.png,20.02.2025\128\depth\14.56.59.786.png
5346,4863,3.25,20.02.2025,128,20.02.2025\128\rgb\14.56.59.882.png,20.02.2025\128\depth\14.56.59.882.png
5347,4863,3.25,20.02.2025,128,20.02.2025\128\rgb\14.56.59.970.png,20.02.2025\128\depth\14.56.59.970.png
5348,4863,3.25,20.02.2025,128,20.02.2025\128\rgb\14.57.00.066.png,20.02.2025\128\depth\14.57.00.066.png
5349,4863,3.25,20.02.2025,128,20.02.2025\128\rgb\14.57.00.154.png,20.02.2025\128\depth\14.57.00.154.png
5350,4863,3.25,20.02.2025,128,20.02.2025\128\rgb\14.57.00.241.png,20.02.2025\128\depth\14.57.00.241.png
5351,4863,3.25,20.02.2025,128,20.02.2025\128\rgb\14.57.00.327.png,20.02.2025\128\depth\14.57.00.327.png
5352,4863,3.25,20.02.2025,128,20.02.2025\128\rgb\14.57.00.420.png,20.02.2025\128\depth\14.57.00.420.png
5353,4863,3.25,20.02.2025,128,20.02.2025\128\rgb\14.57.00.513.png,20.02.2025\128\depth\14.57.00.513.png
5354,4863,3.25,20.02.2025,128,20.02.2025\128\rgb\14.57.00.602.png,20.02.2025\128\depth\14.57.00.602.png
5355,4863,3.25,20.02.2025,128,20.02.2025\128\rgb\14.57.00.695.png,20.02.2025\128\depth\14.57.00.695.png
5356,4863,3.25,20.02.2025,128,20.02.2025\128\rgb\14.57.00.787.png,20.02.2025\128\depth\14.57.00.787.png
5357,4863,3.25,20.02.2025,128,20.02.2025\128\rgb\14.57.00.881.png,20.02.2025\128\depth\14.57.00.881.png
5358,4863,3.25,20.02.2025,128,20.02.2025\128\rgb\14.57.00.968.png,20.02.2025\128\depth\14.57.00.968.png
5359,4863,3.25,20.02.2025,128,20.02.2025\128\rgb\14.57.01.064.png,20.02.2025\128\depth\14.57.01.064.png
5360,4863,3.25,20.02.2025,128,20.02.2025\128\rgb\14.57.01.157.png,20.02.2025\128\depth\14.57.01.157.png
5361,6631,3.25,20.02.2025,129,20.02.2025\129\rgb\14.57.17.510.png,20.02.2025\129\depth\14.57.17.510.png
5362,6631,3.25,20.02.2025,129,20.02.2025\129\rgb\14.57.17.624.png,20.02.2025\129\depth\14.57.17.624.png
5363,6631,3.25,20.02.2025,129,20.02.2025\129\rgb\14.57.17.718.png,20.02.2025\129\depth\14.57.17.718.png
5364,6631,3.25,20.02.2025,129,20.02.2025\129\rgb\14.57.17.811.png,20.02.2025\129\depth\14.57.17.811.png
5365,6631,3.25,20.02.2025,129,20.02.2025\129\rgb\14.57.17.903.png,20.02.2025\129\depth\14.57.17.903.png
5366,6631,3.25,20.02.2025,129,20.02.2025\129\rgb\14.57.17.995.png,20.02.2025\129\depth\14.57.17.995.png
5367,6631,3.25,20.02.2025,129,20.02.2025\129\rgb\14.57.18.092.png,20.02.2025\129\depth\14.57.18.092.png
5368,6631,3.25,20.02.2025,129,20.02.2025\129\rgb\14.57.18.178.png,20.02.2025\129\depth\14.57.18.178.png
5369,6631,3.25,20.02.2025,129,20.02.2025\129\rgb\14.57.18.270.png,20.02.2025\129\depth\14.57.18.270.png
5370,6631,3.25,20.02.2025,129,20.02.2025\129\rgb\14.57.18.364.png,20.02.2025\129\depth\14.57.18.364.png
5371,6631,3.25,20.02.2025,129,20.02.2025\129\rgb\14.57.18.458.png,20.02.2025\129\depth\14.57.18.458.png
5372,6631,3.25,20.02.2025,129,20.02.2025\129\rgb\14.57.18.549.png,20.02.2025\129\depth\14.57.18.549.png
5373,6631,3.25,20.02.2025,129,20.02.2025\129\rgb\14.57.18.640.png,20.02.2025\129\depth\14.57.18.640.png
5374,6631,3.25,20.02.2025,129,20.02.2025\129\rgb\14.57.18.730.png,20.02.2025\129\depth\14.57.18.730.png
5375,6631,3.25,20.02.2025,129,20.02.2025\129\rgb\14.57.18.826.png,20.02.2025\129\depth\14.57.18.826.png
5376,6631,3.25,20.02.2025,129,20.02.2025\129\rgb\14.57.18.916.png,20.02.2025\129\depth\14.57.18.916.png
5377,6631,3.25,20.02.2025,129,20.02.2025\129\rgb\14.57.19.015.png,20.02.2025\129\depth\14.57.19.015.png
5378,6631,3.25,20.02.2025,129,20.02.2025\129\rgb\14.57.19.098.png,20.02.2025\129\depth\14.57.19.098.png
5379,6631,3.25,20.02.2025,129,20.02.2025\129\rgb\14.57.19.193.png,20.02.2025\129\depth\14.57.19.193.png
5380,6631,3.25,20.02.2025,129,20.02.2025\129\rgb\14.57.19.281.png,20.02.2025\129\depth\14.57.19.281.png
5381,6906,3.25,20.02.2025,130,20.02.2025\130\rgb\14.57.33.722.png,20.02.2025\130\depth\14.57.33.722.png
5382,6906,3.25,20.02.2025,130,20.02.2025\130\rgb\14.57.33.810.png,20.02.2025\130\depth\14.57.33.810.png
5383,6906,3.25,20.02.2025,130,20.02.2025\130\rgb\14.57.33.901.png,20.02.2025\130\depth\14.57.33.901.png
5384,6906,3.25,20.02.2025,130,20.02.2025\130\rgb\14.57.33.996.png,20.02.2025\130\depth\14.57.33.996.png
5385,6906,3.25,20.02.2025,130,20.02.2025\130\rgb\14.57.34.088.png,20.02.2025\130\depth\14.57.34.088.png
5386,6906,3.25,20.02.2025,130,20.02.2025\130\rgb\14.57.34.181.png,20.02.2025\130\depth\14.57.34.181.png
5387,6906,3.25,20.02.2025,130,20.02.2025\130\rgb\14.57.34.273.png,20.02.2025\130\depth\14.57.34.273.png
5388,6906,3.25,20.02.2025,130,20.02.2025\130\rgb\14.57.34.366.png,20.02.2025\130\depth\14.57.34.366.png
5389,6906,3.25,20.02.2025,130,20.02.2025\130\rgb\14.57.34.460.png,20.02.2025\130\depth\14.57.34.460.png
5390,6906,3.25,20.02.2025,130,20.02.2025\130\rgb\14.57.34.552.png,20.02.2025\130\depth\14.57.34.552.png
5391,6906,3.25,20.02.2025,130,20.02.2025\130\rgb\14.57.34.645.png,20.02.2025\130\depth\14.57.34.645.png
5392,6906,3.25,20.02.2025,130,20.02.2025\130\rgb\14.57.34.736.png,20.02.2025\130\depth\14.57.34.736.png
5393,6906,3.25,20.02.2025,130,20.02.2025\130\rgb\14.57.34.829.png,20.02.2025\130\depth\14.57.34.829.png
5394,6906,3.25,20.02.2025,130,20.02.2025\130\rgb\14.57.34.921.png,20.02.2025\130\depth\14.57.34.921.png
5395,6906,3.25,20.02.2025,130,20.02.2025\130\rgb\14.57.35.012.png,20.02.2025\130\depth\14.57.35.012.png
5396,6906,3.25,20.02.2025,130,20.02.2025\130\rgb\14.57.35.108.png,20.02.2025\130\depth\14.57.35.108.png
5397,6906,3.25,20.02.2025,130,20.02.2025\130\rgb\14.57.35.197.png,20.02.2025\130\depth\14.57.35.197.png
5398,6906,3.25,20.02.2025,130,20.02.2025\130\rgb\14.57.35.288.png,20.02.2025\130\depth\14.57.35.288.png
5399,6906,3.25,20.02.2025,130,20.02.2025\130\rgb\14.57.35.371.png,20.02.2025\130\depth\14.57.35.371.png
5400,6906,3.25,20.02.2025,130,20.02.2025\130\rgb\14.57.35.463.png,20.02.2025\130\depth\14.57.35.463.png
5401,6846,3.25,20.02.2025,131,20.02.2025\131\rgb\14.57.51.513.png,20.02.2025\131\depth\14.57.51.513.png
5402,6846,3.25,20.02.2025,131,20.02.2025\131\rgb\14.57.51.614.png,20.02.2025\131\depth\14.57.51.614.png
5403,6846,3.25,20.02.2025,131,20.02.2025\131\rgb\14.57.51.720.png,20.02.2025\131\depth\14.57.51.720.png
5404,6846,3.25,20.02.2025,131,20.02.2025\131\rgb\14.57.51.825.png,20.02.2025\131\depth\14.57.51.825.png
5405,6846,3.25,20.02.2025,131,20.02.2025\131\rgb\14.57.51.927.png,20.02.2025\131\depth\14.57.51.927.png
5406,6846,3.25,20.02.2025,131,20.02.2025\131\rgb\14.57.52.021.png,20.02.2025\131\depth\14.57.52.021.png
5407,6846,3.25,20.02.2025,131,20.02.2025\131\rgb\14.57.52.113.png,20.02.2025\131\depth\14.57.52.113.png
5408,6846,3.25,20.02.2025,131,20.02.2025\131\rgb\14.57.52.205.png,20.02.2025\131\depth\14.57.52.205.png
5409,6846,3.25,20.02.2025,131,20.02.2025\131\rgb\14.57.52.298.png,20.02.2025\131\depth\14.57.52.298.png
5410,6846,3.25,20.02.2025,131,20.02.2025\131\rgb\14.57.52.394.png,20.02.2025\131\depth\14.57.52.394.png
5411,6846,3.25,20.02.2025,131,20.02.2025\131\rgb\14.57.52.483.png,20.02.2025\131\depth\14.57.52.483.png
5412,6846,3.25,20.02.2025,131,20.02.2025\131\rgb\14.57.52.575.png,20.02.2025\131\depth\14.57.52.575.png
5413,6846,3.25,20.02.2025,131,20.02.2025\131\rgb\14.57.52.681.png,20.02.2025\131\depth\14.57.52.681.png
5414,6846,3.25,20.02.2025,131,20.02.2025\131\rgb\14.57.52.776.png,20.02.2025\131\depth\14.57.52.776.png
5415,6846,3.25,20.02.2025,131,20.02.2025\131\rgb\14.57.52.870.png,20.02.2025\131\depth\14.57.52.870.png
5416,6846,3.25,20.02.2025,131,20.02.2025\131\rgb\14.57.52.964.png,20.02.2025\131\depth\14.57.52.964.png
5417,6846,3.25,20.02.2025,131,20.02.2025\131\rgb\14.57.53.055.png,20.02.2025\131\depth\14.57.53.055.png
5418,6846,3.25,20.02.2025,131,20.02.2025\131\rgb\14.57.53.145.png,20.02.2025\131\depth\14.57.53.145.png
5419,6846,3.25,20.02.2025,131,20.02.2025\131\rgb\14.57.53.236.png,20.02.2025\131\depth\14.57.53.236.png
5420,6846,3.25,20.02.2025,131,20.02.2025\131\rgb\14.57.53.332.png,20.02.2025\131\depth\14.57.53.332.png
5421,201227,3.5,20.02.2025,132,20.02.2025\132\rgb\14.58.09.482.png,20.02.2025\132\depth\14.58.09.482.png
5422,201227,3.5,20.02.2025,132,20.02.2025\132\rgb\14.58.09.581.png,20.02.2025\132\depth\14.58.09.581.png
5423,201227,3.5,20.02.2025,132,20.02.2025\132\rgb\14.58.09.672.png,20.02.2025\132\depth\14.58.09.672.png
5424,201227,3.5,20.02.2025,132,20.02.2025\132\rgb\14.58.09.762.png,20.02.2025\132\depth\14.58.09.762.png
5425,201227,3.5,20.02.2025,132,20.02.2025\132\rgb\14.58.09.857.png,20.02.2025\132\depth\14.58.09.857.png
5426,201227,3.5,20.02.2025,132,20.02.2025\132\rgb\14.58.09.968.png,20.02.2025\132\depth\14.58.09.968.png
5427,201227,3.5,20.02.2025,132,20.02.2025\132\rgb\14.58.10.073.png,20.02.2025\132\depth\14.58.10.073.png
5428,201227,3.5,20.02.2025,132,20.02.2025\132\rgb\14.58.10.162.png,20.02.2025\132\depth\14.58.10.162.png
5429,201227,3.5,20.02.2025,132,20.02.2025\132\rgb\14.58.10.260.png,20.02.2025\132\depth\14.58.10.260.png
5430,201227,3.5,20.02.2025,132,20.02.2025\132\rgb\14.58.10.351.png,20.02.2025\132\depth\14.58.10.351.png
5431,201227,3.5,20.02.2025,132,20.02.2025\132\rgb\14.58.10.450.png,20.02.2025\132\depth\14.58.10.450.png
5432,201227,3.5,20.02.2025,132,20.02.2025\132\rgb\14.58.10.540.png,20.02.2025\132\depth\14.58.10.540.png
5433,201227,3.5,20.02.2025,132,20.02.2025\132\rgb\14.58.10.636.png,20.02.2025\132\depth\14.58.10.636.png
5434,201227,3.5,20.02.2025,132,20.02.2025\132\rgb\14.58.10.726.png,20.02.2025\132\depth\14.58.10.726.png
5435,201227,3.5,20.02.2025,132,20.02.2025\132\rgb\14.58.10.836.png,20.02.2025\132\depth\14.58.10.836.png
5436,201227,3.5,20.02.2025,132,20.02.2025\132\rgb\14.58.10.929.png,20.02.2025\132\depth\14.58.10.929.png
5437,201227,3.5,20.02.2025,132,20.02.2025\132\rgb\14.58.11.021.png,20.02.2025\132\depth\14.58.11.021.png
5438,201227,3.5,20.02.2025,132,20.02.2025\132\rgb\14.58.11.115.png,20.02.2025\132\depth\14.58.11.115.png
5439,201227,3.5,20.02.2025,132,20.02.2025\132\rgb\14.58.11.207.png,20.02.2025\132\depth\14.58.11.207.png
5440,201227,3.5,20.02.2025,132,20.02.2025\132\rgb\14.58.11.313.png,20.02.2025\132\depth\14.58.11.313.png
5441,430210,3.5,20.02.2025,133,20.02.2025\133\rgb\14.58.25.619.png,20.02.2025\133\depth\14.58.25.619.png
5442,430210,3.5,20.02.2025,133,20.02.2025\133\rgb\14.58.25.727.png,20.02.2025\133\depth\14.58.25.727.png
5443,430210,3.5,20.02.2025,133,20.02.2025\133\rgb\14.58.25.820.png,20.02.2025\133\depth\14.58.25.820.png
5444,430210,3.5,20.02.2025,133,20.02.2025\133\rgb\14.58.25.912.png,20.02.2025\133\depth\14.58.25.912.png
5445,430210,3.5,20.02.2025,133,20.02.2025\133\rgb\14.58.26.006.png,20.02.2025\133\depth\14.58.26.006.png
5446,430210,3.5,20.02.2025,133,20.02.2025\133\rgb\14.58.26.099.png,20.02.2025\133\depth\14.58.26.099.png
5447,430210,3.5,20.02.2025,133,20.02.2025\133\rgb\14.58.26.208.png,20.02.2025\133\depth\14.58.26.208.png
5448,430210,3.5,20.02.2025,133,20.02.2025\133\rgb\14.58.26.299.png,20.02.2025\133\depth\14.58.26.299.png
5449,430210,3.5,20.02.2025,133,20.02.2025\133\rgb\14.58.26.391.png,20.02.2025\133\depth\14.58.26.391.png
5450,430210,3.5,20.02.2025,133,20.02.2025\133\rgb\14.58.26.481.png,20.02.2025\133\depth\14.58.26.481.png
5451,430210,3.5,20.02.2025,133,20.02.2025\133\rgb\14.58.26.575.png,20.02.2025\133\depth\14.58.26.575.png
5452,430210,3.5,20.02.2025,133,20.02.2025\133\rgb\14.58.26.681.png,20.02.2025\133\depth\14.58.26.681.png
5453,430210,3.5,20.02.2025,133,20.02.2025\133\rgb\14.58.26.776.png,20.02.2025\133\depth\14.58.26.776.png
5454,430210,3.5,20.02.2025,133,20.02.2025\133\rgb\14.58.26.869.png,20.02.2025\133\depth\14.58.26.869.png
5455,430210,3.5,20.02.2025,133,20.02.2025\133\rgb\14.58.26.962.png,20.02.2025\133\depth\14.58.26.962.png
5456,430210,3.5,20.02.2025,133,20.02.2025\133\rgb\14.58.27.068.png,20.02.2025\133\depth\14.58.27.068.png
5457,430210,3.5,20.02.2025,133,20.02.2025\133\rgb\14.58.27.180.png,20.02.2025\133\depth\14.58.27.180.png
5458,430210,3.5,20.02.2025,133,20.02.2025\133\rgb\14.58.27.272.png,20.02.2025\133\depth\14.58.27.272.png
5459,430210,3.5,20.02.2025,133,20.02.2025\133\rgb\14.58.27.366.png,20.02.2025\133\depth\14.58.27.366.png
5460,430210,3.5,20.02.2025,133,20.02.2025\133\rgb\14.58.27.457.png,20.02.2025\133\depth\14.58.27.457.png
5461,430309,3.25,20.02.2025,134,20.02.2025\134\rgb\14.58.43.443.png,20.02.2025\134\depth\14.58.43.443.png
5462,430309,3.25,20.02.2025,134,20.02.2025\134\rgb\14.58.43.538.png,20.02.2025\134\depth\14.58.43.538.png
5463,430309,3.25,20.02.2025,134,20.02.2025\134\rgb\14.58.43.626.png,20.02.2025\134\depth\14.58.43.626.png
5464,430309,3.25,20.02.2025,134,20.02.2025\134\rgb\14.58.43.717.png,20.02.2025\134\depth\14.58.43.717.png
5465,430309,3.25,20.02.2025,134,20.02.2025\134\rgb\14.58.43.808.png,20.02.2025\134\depth\14.58.43.808.png
5466,430309,3.25,20.02.2025,134,20.02.2025\134\rgb\14.58.43.900.png,20.02.2025\134\depth\14.58.43.900.png
5467,430309,3.25,20.02.2025,134,20.02.2025\134\rgb\14.58.43.993.png,20.02.2025\134\depth\14.58.43.993.png
5468,430309,3.25,20.02.2025,134,20.02.2025\134\rgb\14.58.44.085.png,20.02.2025\134\depth\14.58.44.085.png
5469,430309,3.25,20.02.2025,134,20.02.2025\134\rgb\14.58.44.176.png,20.02.2025\134\depth\14.58.44.176.png
5470,430309,3.25,20.02.2025,134,20.02.2025\134\rgb\14.58.44.268.png,20.02.2025\134\depth\14.58.44.268.png
5471,430309,3.25,20.02.2025,134,20.02.2025\134\rgb\14.58.44.379.png,20.02.2025\134\depth\14.58.44.379.png
5472,430309,3.25,20.02.2025,134,20.02.2025\134\rgb\14.58.44.467.png,20.02.2025\134\depth\14.58.44.467.png
5473,430309,3.25,20.02.2025,134,20.02.2025\134\rgb\14.58.44.563.png,20.02.2025\134\depth\14.58.44.563.png
5474,430309,3.25,20.02.2025,134,20.02.2025\134\rgb\14.58.44.654.png,20.02.2025\134\depth\14.58.44.654.png
5475,430309,3.25,20.02.2025,134,20.02.2025\134\rgb\14.58.44.747.png,20.02.2025\134\depth\14.58.44.747.png
5476,430309,3.25,20.02.2025,134,20.02.2025\134\rgb\14.58.44.851.png,20.02.2025\134\depth\14.58.44.851.png
5477,430309,3.25,20.02.2025,134,20.02.2025\134\rgb\14.58.44.947.png,20.02.2025\134\depth\14.58.44.947.png
5478,430309,3.25,20.02.2025,134,20.02.2025\134\rgb\14.58.45.039.png,20.02.2025\134\depth\14.58.45.039.png
5479,430309,3.25,20.02.2025,134,20.02.2025\134\rgb\14.58.45.135.png,20.02.2025\134\depth\14.58.45.135.png
5480,430309,3.25,20.02.2025,134,20.02.2025\134\rgb\14.58.45.227.png,20.02.2025\134\depth\14.58.45.227.png
5481,6685,3.25,20.02.2025,135,20.02.2025\135\rgb\14.58.59.327.png,20.02.2025\135\depth\14.58.59.327.png
5482,6685,3.25,20.02.2025,135,20.02.2025\135\rgb\14.58.59.428.png,20.02.2025\135\depth\14.58.59.428.png
5483,6685,3.25,20.02.2025,135,20.02.2025\135\rgb\14.58.59.520.png,20.02.2025\135\depth\14.58.59.520.png
5484,6685,3.25,20.02.2025,135,20.02.2025\135\rgb\14.58.59.620.png,20.02.2025\135\depth\14.58.59.620.png
5485,6685,3.25,20.02.2025,135,20.02.2025\135\rgb\14.58.59.720.png,20.02.2025\135\depth\14.58.59.720.png
5486,6685,3.25,20.02.2025,135,20.02.2025\135\rgb\14.58.59.813.png,20.02.2025\135\depth\14.58.59.813.png
5487,6685,3.25,20.02.2025,135,20.02.2025\135\rgb\14.58.59.906.png,20.02.2025\135\depth\14.58.59.906.png
5488,6685,3.25,20.02.2025,135,20.02.2025\135\rgb\14.59.00.000.png,20.02.2025\135\depth\14.59.00.000.png
5489,6685,3.25,20.02.2025,135,20.02.2025\135\rgb\14.59.00.093.png,20.02.2025\135\depth\14.59.00.093.png
5490,6685,3.25,20.02.2025,135,20.02.2025\135\rgb\14.59.00.186.png,20.02.2025\135\depth\14.59.00.186.png
5491,6685,3.25,20.02.2025,135,20.02.2025\135\rgb\14.59.00.277.png,20.02.2025\135\depth\14.59.00.277.png
5492,6685,3.25,20.02.2025,135,20.02.2025\135\rgb\14.59.00.364.png,20.02.2025\135\depth\14.59.00.364.png
5493,6685,3.25,20.02.2025,135,20.02.2025\135\rgb\14.59.00.469.png,20.02.2025\135\depth\14.59.00.469.png
5494,6685,3.25,20.02.2025,135,20.02.2025\135\rgb\14.59.00.554.png,20.02.2025\135\depth\14.59.00.554.png
5495,6685,3.25,20.02.2025,135,20.02.2025\135\rgb\14.59.00.647.png,20.02.2025\135\depth\14.59.00.647.png
5496,6685,3.25,20.02.2025,135,20.02.2025\135\rgb\14.59.00.739.png,20.02.2025\135\depth\14.59.00.739.png
5497,6685,3.25,20.02.2025,135,20.02.2025\135\rgb\14.59.00.832.png,20.02.2025\135\depth\14.59.00.832.png
5498,6685,3.25,20.02.2025,135,20.02.2025\135\rgb\14.59.00.926.png,20.02.2025\135\depth\14.59.00.926.png
5499,6685,3.25,20.02.2025,135,20.02.2025\135\rgb\14.59.01.016.png,20.02.2025\135\depth\14.59.01.016.png
5500,6685,3.25,20.02.2025,135,20.02.2025\135\rgb\14.59.01.110.png,20.02.2025\135\depth\14.59.01.110.png
5501,7388,3.25,20.02.2025,136,20.02.2025\136\rgb\14.59.16.026.png,20.02.2025\136\depth\14.59.16.026.png
5502,7388,3.25,20.02.2025,136,20.02.2025\136\rgb\14.59.16.118.png,20.02.2025\136\depth\14.59.16.118.png
5503,7388,3.25,20.02.2025,136,20.02.2025\136\rgb\14.59.16.210.png,20.02.2025\136\depth\14.59.16.210.png
5504,7388,3.25,20.02.2025,136,20.02.2025\136\rgb\14.59.16.302.png,20.02.2025\136\depth\14.59.16.302.png
5505,7388,3.25,20.02.2025,136,20.02.2025\136\rgb\14.59.16.400.png,20.02.2025\136\depth\14.59.16.400.png
5506,7388,3.25,20.02.2025,136,20.02.2025\136\rgb\14.59.16.486.png,20.02.2025\136\depth\14.59.16.486.png
5507,7388,3.25,20.02.2025,136,20.02.2025\136\rgb\14.59.16.579.png,20.02.2025\136\depth\14.59.16.579.png
5508,7388,3.25,20.02.2025,136,20.02.2025\136\rgb\14.59.16.670.png,20.02.2025\136\depth\14.59.16.670.png
5509,7388,3.25,20.02.2025,136,20.02.2025\136\rgb\14.59.16.764.png,20.02.2025\136\depth\14.59.16.764.png
5510,7388,3.25,20.02.2025,136,20.02.2025\136\rgb\14.59.16.862.png,20.02.2025\136\depth\14.59.16.862.png
5511,7388,3.25,20.02.2025,136,20.02.2025\136\rgb\14.59.16.950.png,20.02.2025\136\depth\14.59.16.950.png
5512,7388,3.25,20.02.2025,136,20.02.2025\136\rgb\14.59.17.041.png,20.02.2025\136\depth\14.59.17.041.png
5513,7388,3.25,20.02.2025,136,20.02.2025\136\rgb\14.59.17.134.png,20.02.2025\136\depth\14.59.17.134.png
5514,7388,3.25,20.02.2025,136,20.02.2025\136\rgb\14.59.17.227.png,20.02.2025\136\depth\14.59.17.227.png
5515,7388,3.25,20.02.2025,136,20.02.2025\136\rgb\14.59.17.322.png,20.02.2025\136\depth\14.59.17.322.png
5516,7388,3.25,20.02.2025,136,20.02.2025\136\rgb\14.59.17.414.png,20.02.2025\136\depth\14.59.17.414.png
5517,7388,3.25,20.02.2025,136,20.02.2025\136\rgb\14.59.17.506.png,20.02.2025\136\depth\14.59.17.506.png
5518,7388,3.25,20.02.2025,136,20.02.2025\136\rgb\14.59.17.598.png,20.02.2025\136\depth\14.59.17.598.png
5519,7388,3.25,20.02.2025,136,20.02.2025\136\rgb\14.59.17.693.png,20.02.2025\136\depth\14.59.17.693.png
5520,7388,3.25,20.02.2025,136,20.02.2025\136\rgb\14.59.17.794.png,20.02.2025\136\depth\14.59.17.794.png
5521,6830,3.25,20.02.2025,137,20.02.2025\137\rgb\15.00.03.739.png,20.02.2025\137\depth\15.00.03.739.png
5522,6830,3.25,20.02.2025,137,20.02.2025\137\rgb\15.00.03.837.png,20.02.2025\137\depth\15.00.03.837.png
5523,6830,3.25,20.02.2025,137,20.02.2025\137\rgb\15.00.03.928.png,20.02.2025\137\depth\15.00.03.928.png
5524,6830,3.25,20.02.2025,137,20.02.2025\137\rgb\15.00.04.022.png,20.02.2025\137\depth\15.00.04.022.png
5525,6830,3.25,20.02.2025,137,20.02.2025\137\rgb\15.00.04.123.png,20.02.2025\137\depth\15.00.04.123.png
5526,6830,3.25,20.02.2025,137,20.02.2025\137\rgb\15.00.04.221.png,20.02.2025\137\depth\15.00.04.221.png
5527,6830,3.25,20.02.2025,137,20.02.2025\137\rgb\15.00.04.313.png,20.02.2025\137\depth\15.00.04.313.png
5528,6830,3.25,20.02.2025,137,20.02.2025\137\rgb\15.00.04.406.png,20.02.2025\137\depth\15.00.04.406.png
5529,6830,3.25,20.02.2025,137,20.02.2025\137\rgb\15.00.04.497.png,20.02.2025\137\depth\15.00.04.497.png
5530,6830,3.25,20.02.2025,137,20.02.2025\137\rgb\15.00.04.604.png,20.02.2025\137\depth\15.00.04.604.png
5531,6830,3.25,20.02.2025,137,20.02.2025\137\rgb\15.00.04.698.png,20.02.2025\137\depth\15.00.04.698.png
5532,6830,3.25,20.02.2025,137,20.02.2025\137\rgb\15.00.04.791.png,20.02.2025\137\depth\15.00.04.791.png
5533,6830,3.25,20.02.2025,137,20.02.2025\137\rgb\15.00.04.882.png,20.02.2025\137\depth\15.00.04.882.png
5534,6830,3.25,20.02.2025,137,20.02.2025\137\rgb\15.00.04.976.png,20.02.2025\137\depth\15.00.04.976.png
5535,6830,3.25,20.02.2025,137,20.02.2025\137\rgb\15.00.05.069.png,20.02.2025\137\depth\15.00.05.069.png
5536,6830,3.25,20.02.2025,137,20.02.2025\137\rgb\15.00.05.163.png,20.02.2025\137\depth\15.00.05.163.png
5537,6830,3.25,20.02.2025,137,20.02.2025\137\rgb\15.00.05.256.png,20.02.2025\137\depth\15.00.05.256.png
5538,6830,3.25,20.02.2025,137,20.02.2025\137\rgb\15.00.05.346.png,20.02.2025\137\depth\15.00.05.346.png
5539,6830,3.25,20.02.2025,137,20.02.2025\137\rgb\15.00.05.440.png,20.02.2025\137\depth\15.00.05.440.png
5540,6830,3.25,20.02.2025,137,20.02.2025\137\rgb\15.00.05.540.png,20.02.2025\137\depth\15.00.05.540.png
5541,911025,3.75,20.02.2025,138,20.02.2025\138\rgb\15.00.20.341.png,20.02.2025\138\depth\15.00.20.341.png
5542,911025,3.75,20.02.2025,138,20.02.2025\138\rgb\15.00.20.450.png,20.02.2025\138\depth\15.00.20.450.png
5543,911025,3.75,20.02.2025,138,20.02.2025\138\rgb\15.00.20.542.png,20.02.2025\138\depth\15.00.20.542.png
5544,911025,3.75,20.02.2025,138,20.02.2025\138\rgb\15.00.20.640.png,20.02.2025\138\depth\15.00.20.640.png
5545,911025,3.75,20.02.2025,138,20.02.2025\138\rgb\15.00.20.734.png,20.02.2025\138\depth\15.00.20.734.png
5546,911025,3.75,20.02.2025,138,20.02.2025\138\rgb\15.00.20.837.png,20.02.2025\138\depth\15.00.20.837.png
5547,911025,3.75,20.02.2025,138,20.02.2025\138\rgb\15.00.20.932.png,20.02.2025\138\depth\15.00.20.932.png
5548,911025,3.75,20.02.2025,138,20.02.2025\138\rgb\15.00.21.025.png,20.02.2025\138\depth\15.00.21.025.png
5549,911025,3.75,20.02.2025,138,20.02.2025\138\rgb\15.00.21.117.png,20.02.2025\138\depth\15.00.21.117.png
5550,911025,3.75,20.02.2025,138,20.02.2025\138\rgb\15.00.21.208.png,20.02.2025\138\depth\15.00.21.208.png
5551,911025,3.75,20.02.2025,138,20.02.2025\138\rgb\15.00.21.314.png,20.02.2025\138\depth\15.00.21.314.png
5552,911025,3.75,20.02.2025,138,20.02.2025\138\rgb\15.00.21.410.png,20.02.2025\138\depth\15.00.21.410.png
5553,911025,3.75,20.02.2025,138,20.02.2025\138\rgb\15.00.21.501.png,20.02.2025\138\depth\15.00.21.501.png
5554,911025,3.75,20.02.2025,138,20.02.2025\138\rgb\15.00.21.595.png,20.02.2025\138\depth\15.00.21.595.png
5555,911025,3.75,20.02.2025,138,20.02.2025\138\rgb\15.00.21.687.png,20.02.2025\138\depth\15.00.21.687.png
5556,911025,3.75,20.02.2025,138,20.02.2025\138\rgb\15.00.21.803.png,20.02.2025\138\depth\15.00.21.803.png
5557,911025,3.75,20.02.2025,138,20.02.2025\138\rgb\15.00.21.892.png,20.02.2025\138\depth\15.00.21.892.png
5558,911025,3.75,20.02.2025,138,20.02.2025\138\rgb\15.00.21.980.png,20.02.2025\138\depth\15.00.21.980.png
5559,911025,3.75,20.02.2025,138,20.02.2025\138\rgb\15.00.22.074.png,20.02.2025\138\depth\15.00.22.074.png
5560,911025,3.75,20.02.2025,138,20.02.2025\138\rgb\15.00.22.167.png,20.02.2025\138\depth\15.00.22.167.png
5561,6642,3.25,20.02.2025,139,20.02.2025\139\rgb\15.00.37.316.png,20.02.2025\139\depth\15.00.37.316.png
5562,6642,3.25,20.02.2025,139,20.02.2025\139\rgb\15.00.37.415.png,20.02.2025\139\depth\15.00.37.415.png
5563,6642,3.25,20.02.2025,139,20.02.2025\139\rgb\15.00.37.540.png,20.02.2025\139\depth\15.00.37.540.png
5564,6642,3.25,20.02.2025,139,20.02.2025\139\rgb\15.00.37.630.png,20.02.2025\139\depth\15.00.37.630.png
5565,6642,3.25,20.02.2025,139,20.02.2025\139\rgb\15.00.37.724.png,20.02.2025\139\depth\15.00.37.724.png
5566,6642,3.25,20.02.2025,139,20.02.2025\139\rgb\15.00.37.814.png,20.02.2025\139\depth\15.00.37.814.png
5567,6642,3.25,20.02.2025,139,20.02.2025\139\rgb\15.00.37.906.png,20.02.2025\139\depth\15.00.37.906.png
5568,6642,3.25,20.02.2025,139,20.02.2025\139\rgb\15.00.38.012.png,20.02.2025\139\depth\15.00.38.012.png
5569,6642,3.25,20.02.2025,139,20.02.2025\139\rgb\15.00.38.106.png,20.02.2025\139\depth\15.00.38.106.png
5570,6642,3.25,20.02.2025,139,20.02.2025\139\rgb\15.00.38.200.png,20.02.2025\139\depth\15.00.38.200.png
5571,6642,3.25,20.02.2025,139,20.02.2025\139\rgb\15.00.38.296.png,20.02.2025\139\depth\15.00.38.296.png
5572,6642,3.25,20.02.2025,139,20.02.2025\139\rgb\15.00.38.388.png,20.02.2025\139\depth\15.00.38.388.png
5573,6642,3.25,20.02.2025,139,20.02.2025\139\rgb\15.00.38.480.png,20.02.2025\139\depth\15.00.38.480.png
5574,6642,3.25,20.02.2025,139,20.02.2025\139\rgb\15.00.38.573.png,20.02.2025\139\depth\15.00.38.573.png
5575,6642,3.25,20.02.2025,139,20.02.2025\139\rgb\15.00.38.664.png,20.02.2025\139\depth\15.00.38.664.png
5576,6642,3.25,20.02.2025,139,20.02.2025\139\rgb\15.00.38.756.png,20.02.2025\139\depth\15.00.38.756.png
5577,6642,3.25,20.02.2025,139,20.02.2025\139\rgb\15.00.38.848.png,20.02.2025\139\depth\15.00.38.848.png
5578,6642,3.25,20.02.2025,139,20.02.2025\139\rgb\15.00.38.952.png,20.02.2025\139\depth\15.00.38.952.png
5579,6642,3.25,20.02.2025,139,20.02.2025\139\rgb\15.00.39.045.png,20.02.2025\139\depth\15.00.39.045.png
5580,6642,3.25,20.02.2025,139,20.02.2025\139\rgb\15.00.39.142.png,20.02.2025\139\depth\15.00.39.142.png
5581,730110,3.25,20.02.2025,140,20.02.2025\140\rgb\15.03.36.648.png,20.02.2025\140\depth\15.03.36.648.png
5582,730110,3.25,20.02.2025,140,20.02.2025\140\rgb\15.03.36.744.png,20.02.2025\140\depth\15.03.36.744.png
5583,730110,3.25,20.02.2025,140,20.02.2025\140\rgb\15.03.36.839.png,20.02.2025\140\depth\15.03.36.839.png
5584,730110,3.25,20.02.2025,140,20.02.2025\140\rgb\15.03.36.933.png,20.02.2025\140\depth\15.03.36.933.png
5585,730110,3.25,20.02.2025,140,20.02.2025\140\rgb\15.03.37.038.png,20.02.2025\140\depth\15.03.37.038.png
5586,730110,3.25,20.02.2025,140,20.02.2025\140\rgb\15.03.37.138.png,20.02.2025\140\depth\15.03.37.138.png
5587,730110,3.25,20.02.2025,140,20.02.2025\140\rgb\15.03.37.239.png,20.02.2025\140\depth\15.03.37.239.png
5588,730110,3.25,20.02.2025,140,20.02.2025\140\rgb\15.03.37.334.png,20.02.2025\140\depth\15.03.37.334.png
5589,730110,3.25,20.02.2025,140,20.02.2025\140\rgb\15.03.37.426.png,20.02.2025\140\depth\15.03.37.426.png
5590,730110,3.25,20.02.2025,140,20.02.2025\140\rgb\15.03.37.519.png,20.02.2025\140\depth\15.03.37.519.png
5591,730110,3.25,20.02.2025,140,20.02.2025\140\rgb\15.03.37.618.png,20.02.2025\140\depth\15.03.37.618.png
5592,730110,3.25,20.02.2025,140,20.02.2025\140\rgb\15.03.37.707.png,20.02.2025\140\depth\15.03.37.707.png
5593,730110,3.25,20.02.2025,140,20.02.2025\140\rgb\15.03.37.798.png,20.02.2025\140\depth\15.03.37.798.png
5594,730110,3.25,20.02.2025,140,20.02.2025\140\rgb\15.03.37.887.png,20.02.2025\140\depth\15.03.37.887.png
5595,730110,3.25,20.02.2025,140,20.02.2025\140\rgb\15.03.37.983.png,20.02.2025\140\depth\15.03.37.983.png
5596,730110,3.25,20.02.2025,140,20.02.2025\140\rgb\15.03.38.077.png,20.02.2025\140\depth\15.03.38.077.png
5597,730110,3.25,20.02.2025,140,20.02.2025\140\rgb\15.03.38.170.png,20.02.2025\140\depth\15.03.38.170.png
5598,730110,3.25,20.02.2025,140,20.02.2025\140\rgb\15.03.38.273.png,20.02.2025\140\depth\15.03.38.273.png
5599,730110,3.25,20.02.2025,140,20.02.2025\140\rgb\15.03.38.366.png,20.02.2025\140\depth\15.03.38.366.png
5600,730110,3.25,20.02.2025,140,20.02.2025\140\rgb\15.03.38.456.png,20.02.2025\140\depth\15.03.38.456.png
5601,210404,3.25,20.02.2025,141,20.02.2025\141\rgb\15.03.54.825.png,20.02.2025\141\depth\15.03.54.825.png
5602,210404,3.25,20.02.2025,141,20.02.2025\141\rgb\15.03.54.920.png,20.02.2025\141\depth\15.03.54.920.png
5603,210404,3.25,20.02.2025,141,20.02.2025\141\rgb\15.03.55.011.png,20.02.2025\141\depth\15.03.55.011.png
5604,210404,3.25,20.02.2025,141,20.02.2025\141\rgb\15.03.55.103.png,20.02.2025\141\depth\15.03.55.103.png
5605,210404,3.25,20.02.2025,141,20.02.2025\141\rgb\15.03.55.196.png,20.02.2025\141\depth\15.03.55.196.png
5606,210404,3.25,20.02.2025,141,20.02.2025\141\rgb\15.03.55.285.png,20.02.2025\141\depth\15.03.55.285.png
5607,210404,3.25,20.02.2025,141,20.02.2025\141\rgb\15.03.55.377.png,20.02.2025\141\depth\15.03.55.377.png
5608,210404,3.25,20.02.2025,141,20.02.2025\141\rgb\15.03.55.473.png,20.02.2025\141\depth\15.03.55.473.png
5609,210404,3.25,20.02.2025,141,20.02.2025\141\rgb\15.03.55.566.png,20.02.2025\141\depth\15.03.55.566.png
5610,210404,3.25,20.02.2025,141,20.02.2025\141\rgb\15.03.55.661.png,20.02.2025\141\depth\15.03.55.661.png
5611,210404,3.25,20.02.2025,141,20.02.2025\141\rgb\15.03.55.764.png,20.02.2025\141\depth\15.03.55.764.png
5612,210404,3.25,20.02.2025,141,20.02.2025\141\rgb\15.03.55.858.png,20.02.2025\141\depth\15.03.55.858.png
5613,210404,3.25,20.02.2025,141,20.02.2025\141\rgb\15.03.55.949.png,20.02.2025\141\depth\15.03.55.949.png
5614,210404,3.25,20.02.2025,141,20.02.2025\141\rgb\15.03.56.043.png,20.02.2025\141\depth\15.03.56.043.png
5615,210404,3.25,20.02.2025,141,20.02.2025\141\rgb\15.03.56.150.png,20.02.2025\141\depth\15.03.56.150.png
5616,210404,3.25,20.02.2025,141,20.02.2025\141\rgb\15.03.56.243.png,20.02.2025\141\depth\15.03.56.243.png
5617,210404,3.25,20.02.2025,141,20.02.2025\141\rgb\15.03.56.338.png,20.02.2025\141\depth\15.03.56.338.png
5618,210404,3.25,20.02.2025,141,20.02.2025\141\rgb\15.03.56.428.png,20.02.2025\141\depth\15.03.56.428.png
5619,210404,3.25,20.02.2025,141,20.02.2025\141\rgb\15.03.56.521.png,20.02.2025\141\depth\15.03.56.521.png
5620,210404,3.25,20.02.2025,141,20.02.2025\141\rgb\15.03.56.627.png,20.02.2025\141\depth\15.03.56.627.png
5621,830223,3.25,20.02.2025,142,20.02.2025\142\rgb\15.04.12.433.png,20.02.2025\142\depth\15.04.12.433.png
5622,830223,3.25,20.02.2025,142,20.02.2025\142\rgb\15.04.12.539.png,20.02.2025\142\depth\15.04.12.539.png
5623,830223,3.25,20.02.2025,142,20.02.2025\142\rgb\15.04.12.623.png,20.02.2025\142\depth\15.04.12.623.png
5624,830223,3.25,20.02.2025,142,20.02.2025\142\rgb\15.04.12.718.png,20.02.2025\142\depth\15.04.12.718.png
5625,830223,3.25,20.02.2025,142,20.02.2025\142\rgb\15.04.12.810.png,20.02.2025\142\depth\15.04.12.810.png
5626,830223,3.25,20.02.2025,142,20.02.2025\142\rgb\15.04.12.900.png,20.02.2025\142\depth\15.04.12.900.png
5627,830223,3.25,20.02.2025,142,20.02.2025\142\rgb\15.04.12.994.png,20.02.2025\142\depth\15.04.12.994.png
5628,830223,3.25,20.02.2025,142,20.02.2025\142\rgb\15.04.13.085.png,20.02.2025\142\depth\15.04.13.085.png
5629,830223,3.25,20.02.2025,142,20.02.2025\142\rgb\15.04.13.180.png,20.02.2025\142\depth\15.04.13.180.png
5630,830223,3.25,20.02.2025,142,20.02.2025\142\rgb\15.04.13.284.png,20.02.2025\142\depth\15.04.13.284.png
5631,830223,3.25,20.02.2025,142,20.02.2025\142\rgb\15.04.13.380.png,20.02.2025\142\depth\15.04.13.380.png
5632,830223,3.25,20.02.2025,142,20.02.2025\142\rgb\15.04.13.471.png,20.02.2025\142\depth\15.04.13.471.png
5633,830223,3.25,20.02.2025,142,20.02.2025\142\rgb\15.04.13.565.png,20.02.2025\142\depth\15.04.13.565.png
5634,830223,3.25,20.02.2025,142,20.02.2025\142\rgb\15.04.13.657.png,20.02.2025\142\depth\15.04.13.657.png
5635,830223,3.25,20.02.2025,142,20.02.2025\142\rgb\15.04.13.757.png,20.02.2025\142\depth\15.04.13.757.png
5636,830223,3.25,20.02.2025,142,20.02.2025\142\rgb\15.04.13.841.png,20.02.2025\142\depth\15.04.13.841.png
5637,830223,3.25,20.02.2025,142,20.02.2025\142\rgb\15.04.13.935.png,20.02.2025\142\depth\15.04.13.935.png
5638,830223,3.25,20.02.2025,142,20.02.2025\142\rgb\15.04.14.024.png,20.02.2025\142\depth\15.04.14.024.png
5639,830223,3.25,20.02.2025,142,20.02.2025\142\rgb\15.04.14.117.png,20.02.2025\142\depth\15.04.14.117.png
5640,830223,3.25,20.02.2025,142,20.02.2025\142\rgb\15.04.14.207.png,20.02.2025\142\depth\15.04.14.207.png
5641,6997,3.25,20.02.2025,143,20.02.2025\143\rgb\15.04.30.204.png,20.02.2025\143\depth\15.04.30.204.png
5642,6997,3.25,20.02.2025,143,20.02.2025\143\rgb\15.04.30.298.png,20.02.2025\143\depth\15.04.30.298.png
5643,6997,3.25,20.02.2025,143,20.02.2025\143\rgb\15.04.30.389.png,20.02.2025\143\depth\15.04.30.389.png
5644,6997,3.25,20.02.2025,143,20.02.2025\143\rgb\15.04.30.481.png,20.02.2025\143\depth\15.04.30.481.png
5645,6997,3.25,20.02.2025,143,20.02.2025\143\rgb\15.04.30.573.png,20.02.2025\143\depth\15.04.30.573.png
5646,6997,3.25,20.02.2025,143,20.02.2025\143\rgb\15.04.30.668.png,20.02.2025\143\depth\15.04.30.668.png
5647,6997,3.25,20.02.2025,143,20.02.2025\143\rgb\15.04.30.766.png,20.02.2025\143\depth\15.04.30.766.png
5648,6997,3.25,20.02.2025,143,20.02.2025\143\rgb\15.04.30.859.png,20.02.2025\143\depth\15.04.30.859.png
5649,6997,3.25,20.02.2025,143,20.02.2025\143\rgb\15.04.30.957.png,20.02.2025\143\depth\15.04.30.957.png
5650,6997,3.25,20.02.2025,143,20.02.2025\143\rgb\15.04.31.050.png,20.02.2025\143\depth\15.04.31.050.png
5651,6997,3.25,20.02.2025,143,20.02.2025\143\rgb\15.04.31.142.png,20.02.2025\143\depth\15.04.31.142.png
5652,6997,3.25,20.02.2025,143,20.02.2025\143\rgb\15.04.31.236.png,20.02.2025\143\depth\15.04.31.236.png
5653,6997,3.25,20.02.2025,143,20.02.2025\143\rgb\15.04.31.326.png,20.02.2025\143\depth\15.04.31.326.png
5654,6997,3.25,20.02.2025,143,20.02.2025\143\rgb\15.04.31.418.png,20.02.2025\143\depth\15.04.31.418.png
5655,6997,3.25,20.02.2025,143,20.02.2025\143\rgb\15.04.31.511.png,20.02.2025\143\depth\15.04.31.511.png
5656,6997,3.25,20.02.2025,143,20.02.2025\143\rgb\15.04.31.610.png,20.02.2025\143\depth\15.04.31.610.png
5657,6997,3.25,20.02.2025,143,20.02.2025\143\rgb\15.04.31.697.png,20.02.2025\143\depth\15.04.31.697.png
5658,6997,3.25,20.02.2025,143,20.02.2025\143\rgb\15.04.31.790.png,20.02.2025\143\depth\15.04.31.790.png
5659,6997,3.25,20.02.2025,143,20.02.2025\143\rgb\15.04.31.881.png,20.02.2025\143\depth\15.04.31.881.png
5660,6997,3.25,20.02.2025,143,20.02.2025\143\rgb\15.04.31.976.png,20.02.2025\143\depth\15.04.31.976.png
5661,300828,3.25,20.02.2025,144,20.02.2025\144\rgb\15.04.47.239.png,20.02.2025\144\depth\15.04.47.239.png
5662,300828,3.25,20.02.2025,144,20.02.2025\144\rgb\15.04.47.340.png,20.02.2025\144\depth\15.04.47.340.png
5663,300828,3.25,20.02.2025,144,20.02.2025\144\rgb\15.04.47.432.png,20.02.2025\144\depth\15.04.47.432.png
5664,300828,3.25,20.02.2025,144,20.02.2025\144\rgb\15.04.47.524.png,20.02.2025\144\depth\15.04.47.524.png
5665,300828,3.25,20.02.2025,144,20.02.2025\144\rgb\15.04.47.619.png,20.02.2025\144\depth\15.04.47.619.png
5666,300828,3.25,20.02.2025,144,20.02.2025\144\rgb\15.04.47.708.png,20.02.2025\144\depth\15.04.47.708.png
5667,300828,3.25,20.02.2025,144,20.02.2025\144\rgb\15.04.47.799.png,20.02.2025\144\depth\15.04.47.799.png
5668,300828,3.25,20.02.2025,144,20.02.2025\144\rgb\15.04.47.894.png,20.02.2025\144\depth\15.04.47.894.png
5669,300828,3.25,20.02.2025,144,20.02.2025\144\rgb\15.04.47.985.png,20.02.2025\144\depth\15.04.47.985.png
5670,300828,3.25,20.02.2025,144,20.02.2025\144\rgb\15.04.48.085.png,20.02.2025\144\depth\15.04.48.085.png
5671,300828,3.25,20.02.2025,144,20.02.2025\144\rgb\15.04.48.173.png,20.02.2025\144\depth\15.04.48.173.png
5672,300828,3.25,20.02.2025,144,20.02.2025\144\rgb\15.04.48.266.png,20.02.2025\144\depth\15.04.48.266.png
5673,300828,3.25,20.02.2025,144,20.02.2025\144\rgb\15.04.48.358.png,20.02.2025\144\depth\15.04.48.358.png
5674,300828,3.25,20.02.2025,144,20.02.2025\144\rgb\15.04.48.449.png,20.02.2025\144\depth\15.04.48.449.png
5675,300828,3.25,20.02.2025,144,20.02.2025\144\rgb\15.04.48.549.png,20.02.2025\144\depth\15.04.48.549.png
5676,300828,3.25,20.02.2025,144,20.02.2025\144\rgb\15.04.48.633.png,20.02.2025\144\depth\15.04.48.633.png
5677,300828,3.25,20.02.2025,144,20.02.2025\144\rgb\15.04.48.729.png,20.02.2025\144\depth\15.04.48.729.png
5678,300828,3.25,20.02.2025,144,20.02.2025\144\rgb\15.04.48.818.png,20.02.2025\144\depth\15.04.48.818.png
5679,300828,3.25,20.02.2025,144,20.02.2025\144\rgb\15.04.48.910.png,20.02.2025\144\depth\15.04.48.910.png
5680,300828,3.25,20.02.2025,144,20.02.2025\144\rgb\15.04.49.005.png,20.02.2025\144\depth\15.04.49.005.png
5681,6778,3.25,20.02.2025,145,20.02.2025\145\rgb\15.05.02.490.png,20.02.2025\145\depth\15.05.02.490.png
5682,6778,3.25,20.02.2025,145,20.02.2025\145\rgb\15.05.02.589.png,20.02.2025\145\depth\15.05.02.589.png
5683,6778,3.25,20.02.2025,145,20.02.2025\145\rgb\15.05.02.684.png,20.02.2025\145\depth\15.05.02.684.png
5684,6778,3.25,20.02.2025,145,20.02.2025\145\rgb\15.05.02.778.png,20.02.2025\145\depth\15.05.02.778.png
5685,6778,3.25,20.02.2025,145,20.02.2025\145\rgb\15.05.02.871.png,20.02.2025\145\depth\15.05.02.871.png
5686,6778,3.25,20.02.2025,145,20.02.2025\145\rgb\15.05.02.959.png,20.02.2025\145\depth\15.05.02.959.png
5687,6778,3.25,20.02.2025,145,20.02.2025\145\rgb\15.05.03.057.png,20.02.2025\145\depth\15.05.03.057.png
5688,6778,3.25,20.02.2025,145,20.02.2025\145\rgb\15.05.03.160.png,20.02.2025\145\depth\15.05.03.160.png
5689,6778,3.25,20.02.2025,145,20.02.2025\145\rgb\15.05.03.252.png,20.02.2025\145\depth\15.05.03.252.png
5690,6778,3.25,20.02.2025,145,20.02.2025\145\rgb\15.05.03.347.png,20.02.2025\145\depth\15.05.03.347.png
5691,6778,3.25,20.02.2025,145,20.02.2025\145\rgb\15.05.03.442.png,20.02.2025\145\depth\15.05.03.442.png
5692,6778,3.25,20.02.2025,145,20.02.2025\145\rgb\15.05.03.544.png,20.02.2025\145\depth\15.05.03.544.png
5693,6778,3.25,20.02.2025,145,20.02.2025\145\rgb\15.05.03.644.png,20.02.2025\145\depth\15.05.03.644.png
5694,6778,3.25,20.02.2025,145,20.02.2025\145\rgb\15.05.03.738.png,20.02.2025\145\depth\15.05.03.738.png
5695,6778,3.25,20.02.2025,145,20.02.2025\145\rgb\15.05.03.830.png,20.02.2025\145\depth\15.05.03.830.png
5696,6778,3.25,20.02.2025,145,20.02.2025\145\rgb\15.05.03.922.png,20.02.2025\145\depth\15.05.03.922.png
5697,6778,3.25,20.02.2025,145,20.02.2025\145\rgb\15.05.04.014.png,20.02.2025\145\depth\15.05.04.014.png
5698,6778,3.25,20.02.2025,145,20.02.2025\145\rgb\15.05.04.109.png,20.02.2025\145\depth\15.05.04.109.png
5699,6778,3.25,20.02.2025,145,20.02.2025\145\rgb\15.05.04.204.png,20.02.2025\145\depth\15.05.04.204.png
5700,6778,3.25,20.02.2025,145,20.02.2025\145\rgb\15.05.04.295.png,20.02.2025\145\depth\15.05.04.295.png
5701,6662,3.5,20.02.2025,146,20.02.2025\146\rgb\15.05.21.066.png,20.02.2025\146\depth\15.05.21.066.png
5702,6662,3.5,20.02.2025,146,20.02.2025\146\rgb\15.05.21.163.png,20.02.2025\146\depth\15.05.21.163.png
5703,6662,3.5,20.02.2025,146,20.02.2025\146\rgb\15.05.21.255.png,20.02.2025\146\depth\15.05.21.255.png
5704,6662,3.5,20.02.2025,146,20.02.2025\146\rgb\15.05.21.348.png,20.02.2025\146\depth\15.05.21.348.png
5705,6662,3.5,20.02.2025,146,20.02.2025\146\rgb\15.05.21.451.png,20.02.2025\146\depth\15.05.21.451.png
5706,6662,3.5,20.02.2025,146,20.02.2025\146\rgb\15.05.21.552.png,20.02.2025\146\depth\15.05.21.552.png
5707,6662,3.5,20.02.2025,146,20.02.2025\146\rgb\15.05.21.644.png,20.02.2025\146\depth\15.05.21.644.png
5708,6662,3.5,20.02.2025,146,20.02.2025\146\rgb\15.05.21.737.png,20.02.2025\146\depth\15.05.21.737.png
5709,6662,3.5,20.02.2025,146,20.02.2025\146\rgb\15.05.21.828.png,20.02.2025\146\depth\15.05.21.828.png
5710,6662,3.5,20.02.2025,146,20.02.2025\146\rgb\15.05.21.917.png,20.02.2025\146\depth\15.05.21.917.png
5711,6662,3.5,20.02.2025,146,20.02.2025\146\rgb\15.05.22.010.png,20.02.2025\146\depth\15.05.22.010.png
5712,6662,3.5,20.02.2025,146,20.02.2025\146\rgb\15.05.22.106.png,20.02.2025\146\depth\15.05.22.106.png
5713,6662,3.5,20.02.2025,146,20.02.2025\146\rgb\15.05.22.197.png,20.02.2025\146\depth\15.05.22.197.png
5714,6662,3.5,20.02.2025,146,20.02.2025\146\rgb\15.05.22.288.png,20.02.2025\146\depth\15.05.22.288.png
5715,6662,3.5,20.02.2025,146,20.02.2025\146\rgb\15.05.22.384.png,20.02.2025\146\depth\15.05.22.384.png
5716,6662,3.5,20.02.2025,146,20.02.2025\146\rgb\15.05.22.474.png,20.02.2025\146\depth\15.05.22.474.png
5717,6662,3.5,20.02.2025,146,20.02.2025\146\rgb\15.05.22.571.png,20.02.2025\146\depth\15.05.22.571.png
5718,6662,3.5,20.02.2025,146,20.02.2025\146\rgb\15.05.22.662.png,20.02.2025\146\depth\15.05.22.662.png
5719,6662,3.5,20.02.2025,146,20.02.2025\146\rgb\15.05.22.753.png,20.02.2025\146\depth\15.05.22.753.png
5720,6662,3.5,20.02.2025,146,20.02.2025\146\rgb\15.05.22.847.png,20.02.2025\146\depth\15.05.22.847.png
5721,111108,3.25,20.02.2025,147,20.02.2025\147\rgb\15.05.38.382.png,20.02.2025\147\depth\15.05.38.382.png
5722,111108,3.25,20.02.2025,147,20.02.2025\147\rgb\15.05.38.489.png,20.02.2025\147\depth\15.05.38.489.png
5723,111108,3.25,20.02.2025,147,20.02.2025\147\rgb\15.05.38.584.png,20.02.2025\147\depth\15.05.38.584.png
5724,111108,3.25,20.02.2025,147,20.02.2025\147\rgb\15.05.38.676.png,20.02.2025\147\depth\15.05.38.676.png
5725,111108,3.25,20.02.2025,147,20.02.2025\147\rgb\15.05.38.767.png,20.02.2025\147\depth\15.05.38.767.png
5726,111108,3.25,20.02.2025,147,20.02.2025\147\rgb\15.05.38.860.png,20.02.2025\147\depth\15.05.38.860.png
5727,111108,3.25,20.02.2025,147,20.02.2025\147\rgb\15.05.38.964.png,20.02.2025\147\depth\15.05.38.964.png
5728,111108,3.25,20.02.2025,147,20.02.2025\147\rgb\15.05.39.060.png,20.02.2025\147\depth\15.05.39.060.png
5729,111108,3.25,20.02.2025,147,20.02.2025\147\rgb\15.05.39.153.png,20.02.2025\147\depth\15.05.39.153.png
5730,111108,3.25,20.02.2025,147,20.02.2025\147\rgb\15.05.39.243.png,20.02.2025\147\depth\15.05.39.243.png
5731,111108,3.25,20.02.2025,147,20.02.2025\147\rgb\15.05.39.335.png,20.02.2025\147\depth\15.05.39.335.png
5732,111108,3.25,20.02.2025,147,20.02.2025\147\rgb\15.05.39.427.png,20.02.2025\147\depth\15.05.39.427.png
5733,111108,3.25,20.02.2025,147,20.02.2025\147\rgb\15.05.39.517.png,20.02.2025\147\depth\15.05.39.517.png
5734,111108,3.25,20.02.2025,147,20.02.2025\147\rgb\15.05.39.609.png,20.02.2025\147\depth\15.05.39.609.png
5735,111108,3.25,20.02.2025,147,20.02.2025\147\rgb\15.05.39.704.png,20.02.2025\147\depth\15.05.39.704.png
5736,111108,3.25,20.02.2025,147,20.02.2025\147\rgb\15.05.39.796.png,20.02.2025\147\depth\15.05.39.796.png
5737,111108,3.25,20.02.2025,147,20.02.2025\147\rgb\15.05.39.901.png,20.02.2025\147\depth\15.05.39.901.png
5738,111108,3.25,20.02.2025,147,20.02.2025\147\rgb\15.05.39.998.png,20.02.2025\147\depth\15.05.39.998.png
5739,111108,3.25,20.02.2025,147,20.02.2025\147\rgb\15.05.40.089.png,20.02.2025\147\depth\15.05.40.089.png
5740,111108,3.25,20.02.2025,147,20.02.2025\147\rgb\15.05.40.181.png,20.02.2025\147\depth\15.05.40.181.png
5741,5126,3.25,20.02.2025,148,20.02.2025\148\rgb\15.05.54.924.png,20.02.2025\148\depth\15.05.54.924.png
5742,5126,3.25,20.02.2025,148,20.02.2025\148\rgb\15.05.55.014.png,20.02.2025\148\depth\15.05.55.014.png
5743,5126,3.25,20.02.2025,148,20.02.2025\148\rgb\15.05.55.105.png,20.02.2025\148\depth\15.05.55.105.png
5744,5126,3.25,20.02.2025,148,20.02.2025\148\rgb\15.05.55.199.png,20.02.2025\148\depth\15.05.55.199.png
5745,5126,3.25,20.02.2025,148,20.02.2025\148\rgb\15.05.55.290.png,20.02.2025\148\depth\15.05.55.290.png
5746,5126,3.25,20.02.2025,148,20.02.2025\148\rgb\15.05.55.381.png,20.02.2025\148\depth\15.05.55.381.png
5747,5126,3.25,20.02.2025,148,20.02.2025\148\rgb\15.05.55.475.png,20.02.2025\148\depth\15.05.55.475.png
5748,5126,3.25,20.02.2025,148,20.02.2025\148\rgb\15.05.55.568.png,20.02.2025\148\depth\15.05.55.568.png
5749,5126,3.25,20.02.2025,148,20.02.2025\148\rgb\15.05.55.663.png,20.02.2025\148\depth\15.05.55.663.png
5750,5126,3.25,20.02.2025,148,20.02.2025\148\rgb\15.05.55.757.png,20.02.2025\148\depth\15.05.55.757.png
5751,5126,3.25,20.02.2025,148,20.02.2025\148\rgb\15.05.55.853.png,20.02.2025\148\depth\15.05.55.853.png
5752,5126,3.25,20.02.2025,148,20.02.2025\148\rgb\15.05.55.941.png,20.02.2025\148\depth\15.05.55.941.png
5753,5126,3.25,20.02.2025,148,20.02.2025\148\rgb\15.05.56.029.png,20.02.2025\148\depth\15.05.56.029.png
5754,5126,3.25,20.02.2025,148,20.02.2025\148\rgb\15.05.56.127.png,20.02.2025\148\depth\15.05.56.127.png
5755,5126,3.25,20.02.2025,148,20.02.2025\148\rgb\15.05.56.223.png,20.02.2025\148\depth\15.05.56.223.png
5756,5126,3.25,20.02.2025,148,20.02.2025\148\rgb\15.05.56.311.png,20.02.2025\148\depth\15.05.56.311.png
5757,5126,3.25,20.02.2025,148,20.02.2025\148\rgb\15.05.56.404.png,20.02.2025\148\depth\15.05.56.404.png
5758,5126,3.25,20.02.2025,148,20.02.2025\148\rgb\15.05.56.497.png,20.02.2025\148\depth\15.05.56.497.png
5759,5126,3.25,20.02.2025,148,20.02.2025\148\rgb\15.05.56.587.png,20.02.2025\148\depth\15.05.56.587.png
5760,5126,3.25,20.02.2025,148,20.02.2025\148\rgb\15.05.56.686.png,20.02.2025\148\depth\15.05.56.686.png
5761,700912,3.25,20.02.2025,149,20.02.2025\149\rgb\15.06.12.754.png,20.02.2025\149\depth\15.06.12.754.png
5762,700912,3.25,20.02.2025,149,20.02.2025\149\rgb\15.06.12.840.png,20.02.2025\149\depth\15.06.12.840.png
5763,700912,3.25,20.02.2025,149,20.02.2025\149\rgb\15.06.12.932.png,20.02.2025\149\depth\15.06.12.932.png
5764,700912,3.25,20.02.2025,149,20.02.2025\149\rgb\15.06.13.025.png,20.02.2025\149\depth\15.06.13.025.png
5765,700912,3.25,20.02.2025,149,20.02.2025\149\rgb\15.06.13.117.png,20.02.2025\149\depth\15.06.13.117.png
5766,700912,3.25,20.02.2025,149,20.02.2025\149\rgb\15.06.13.210.png,20.02.2025\149\depth\15.06.13.210.png
5767,700912,3.25,20.02.2025,149,20.02.2025\149\rgb\15.06.13.307.png,20.02.2025\149\depth\15.06.13.307.png
5768,700912,3.25,20.02.2025,149,20.02.2025\149\rgb\15.06.13.420.png,20.02.2025\149\depth\15.06.13.420.png
5769,700912,3.25,20.02.2025,149,20.02.2025\149\rgb\15.06.13.521.png,20.02.2025\149\depth\15.06.13.521.png
5770,700912,3.25,20.02.2025,149,20.02.2025\149\rgb\15.06.13.616.png,20.02.2025\149\depth\15.06.13.616.png
5771,700912,3.25,20.02.2025,149,20.02.2025\149\rgb\15.06.13.708.png,20.02.2025\149\depth\15.06.13.708.png
5772,700912,3.25,20.02.2025,149,20.02.2025\149\rgb\15.06.13.797.png,20.02.2025\149\depth\15.06.13.797.png
5773,700912,3.25,20.02.2025,149,20.02.2025\149\rgb\15.06.13.900.png,20.02.2025\149\depth\15.06.13.900.png
5774,700912,3.25,20.02.2025,149,20.02.2025\149\rgb\15.06.13.999.png,20.02.2025\149\depth\15.06.13.999.png
5775,700912,3.25,20.02.2025,149,20.02.2025\149\rgb\15.06.14.089.png,20.02.2025\149\depth\15.06.14.089.png
5776,700912,3.25,20.02.2025,149,20.02.2025\149\rgb\15.06.14.181.png,20.02.2025\149\depth\15.06.14.181.png
5777,700912,3.25,20.02.2025,149,20.02.2025\149\rgb\15.06.14.275.png,20.02.2025\149\depth\15.06.14.275.png
5778,700912,3.25,20.02.2025,149,20.02.2025\149\rgb\15.06.14.374.png,20.02.2025\149\depth\15.06.14.374.png
5779,700912,3.25,20.02.2025,149,20.02.2025\149\rgb\15.06.14.475.png,20.02.2025\149\depth\15.06.14.475.png
5780,700912,3.25,20.02.2025,149,20.02.2025\149\rgb\15.06.14.564.png,20.02.2025\149\depth\15.06.14.564.png
5781,901124,3.25,20.02.2025,150,20.02.2025\150\rgb\15.06.27.653.png,20.02.2025\150\depth\15.06.27.653.png
5782,901124,3.25,20.02.2025,150,20.02.2025\150\rgb\15.06.27.749.png,20.02.2025\150\depth\15.06.27.749.png
5783,901124,3.25,20.02.2025,150,20.02.2025\150\rgb\15.06.27.841.png,20.02.2025\150\depth\15.06.27.841.png
5784,901124,3.25,20.02.2025,150,20.02.2025\150\rgb\15.06.27.934.png,20.02.2025\150\depth\15.06.27.934.png
5785,901124,3.25,20.02.2025,150,20.02.2025\150\rgb\15.06.28.025.png,20.02.2025\150\depth\15.06.28.025.png
5786,901124,3.25,20.02.2025,150,20.02.2025\150\rgb\15.06.28.119.png,20.02.2025\150\depth\15.06.28.119.png
5787,901124,3.25,20.02.2025,150,20.02.2025\150\rgb\15.06.28.218.png,20.02.2025\150\depth\15.06.28.218.png
5788,901124,3.25,20.02.2025,150,20.02.2025\150\rgb\15.06.28.320.png,20.02.2025\150\depth\15.06.28.320.png
5789,901124,3.25,20.02.2025,150,20.02.2025\150\rgb\15.06.28.411.png,20.02.2025\150\depth\15.06.28.411.png
5790,901124,3.25,20.02.2025,150,20.02.2025\150\rgb\15.06.28.507.png,20.02.2025\150\depth\15.06.28.507.png
5791,901124,3.25,20.02.2025,150,20.02.2025\150\rgb\15.06.28.598.png,20.02.2025\150\depth\15.06.28.598.png
5792,901124,3.25,20.02.2025,150,20.02.2025\150\rgb\15.06.28.695.png,20.02.2025\150\depth\15.06.28.695.png
5793,901124,3.25,20.02.2025,150,20.02.2025\150\rgb\15.06.28.783.png,20.02.2025\150\depth\15.06.28.783.png
5794,901124,3.25,20.02.2025,150,20.02.2025\150\rgb\15.06.28.874.png,20.02.2025\150\depth\15.06.28.874.png
5795,901124,3.25,20.02.2025,150,20.02.2025\150\rgb\15.06.28.967.png,20.02.2025\150\depth\15.06.28.967.png
5796,901124,3.25,20.02.2025,150,20.02.2025\150\rgb\15.06.29.059.png,20.02.2025\150\depth\15.06.29.059.png
5797,901124,3.25,20.02.2025,150,20.02.2025\150\rgb\15.06.29.154.png,20.02.2025\150\depth\15.06.29.154.png
5798,901124,3.25,20.02.2025,150,20.02.2025\150\rgb\15.06.29.245.png,20.02.2025\150\depth\15.06.29.245.png
5799,901124,3.25,20.02.2025,150,20.02.2025\150\rgb\15.06.29.339.png,20.02.2025\150\depth\15.06.29.339.png
5800,901124,3.25,20.02.2025,150,20.02.2025\150\rgb\15.06.29.415.png,20.02.2025\150\depth\15.06.29.415.png
5801,34273,3.25,20.02.2025,151,20.02.2025\151\rgb\15.06.47.168.png,20.02.2025\151\depth\15.06.47.168.png
5802,34273,3.25,20.02.2025,151,20.02.2025\151\rgb\15.06.47.266.png,20.02.2025\151\depth\15.06.47.266.png
5803,34273,3.25,20.02.2025,151,20.02.2025\151\rgb\15.06.47.385.png,20.02.2025\151\depth\15.06.47.385.png
5804,34273,3.25,20.02.2025,151,20.02.2025\151\rgb\15.06.47.480.png,20.02.2025\151\depth\15.06.47.480.png
5805,34273,3.25,20.02.2025,151,20.02.2025\151\rgb\15.06.47.571.png,20.02.2025\151\depth\15.06.47.571.png
5806,34273,3.25,20.02.2025,151,20.02.2025\151\rgb\15.06.47.664.png,20.02.2025\151\depth\15.06.47.664.png
5807,34273,3.25,20.02.2025,151,20.02.2025\151\rgb\15.06.47.757.png,20.02.2025\151\depth\15.06.47.757.png
5808,34273,3.25,20.02.2025,151,20.02.2025\151\rgb\15.06.47.863.png,20.02.2025\151\depth\15.06.47.863.png
5809,34273,3.25,20.02.2025,151,20.02.2025\151\rgb\15.06.47.957.png,20.02.2025\151\depth\15.06.47.957.png
5810,34273,3.25,20.02.2025,151,20.02.2025\151\rgb\15.06.48.051.png,20.02.2025\151\depth\15.06.48.051.png
5811,34273,3.25,20.02.2025,151,20.02.2025\151\rgb\15.06.48.143.png,20.02.2025\151\depth\15.06.48.143.png
5812,34273,3.25,20.02.2025,151,20.02.2025\151\rgb\15.06.48.233.png,20.02.2025\151\depth\15.06.48.233.png
5813,34273,3.25,20.02.2025,151,20.02.2025\151\rgb\15.06.48.339.png,20.02.2025\151\depth\15.06.48.339.png
5814,34273,3.25,20.02.2025,151,20.02.2025\151\rgb\15.06.48.435.png,20.02.2025\151\depth\15.06.48.435.png
5815,34273,3.25,20.02.2025,151,20.02.2025\151\rgb\15.06.48.527.png,20.02.2025\151\depth\15.06.48.527.png
5816,34273,3.25,20.02.2025,151,20.02.2025\151\rgb\15.06.48.617.png,20.02.2025\151\depth\15.06.48.617.png
5817,34273,3.25,20.02.2025,151,20.02.2025\151\rgb\15.06.48.713.png,20.02.2025\151\depth\15.06.48.713.png
5818,34273,3.25,20.02.2025,151,20.02.2025\151\rgb\15.06.48.819.png,20.02.2025\151\depth\15.06.48.819.png
5819,34273,3.25,20.02.2025,151,20.02.2025\151\rgb\15.06.48.913.png,20.02.2025\151\depth\15.06.48.913.png
5820,34273,3.25,20.02.2025,151,20.02.2025\151\rgb\15.06.49.004.png,20.02.2025\151\depth\15.06.49.004.png
5821,630212,3.25,20.02.2025,152,20.02.2025\152\rgb\15.07.02.693.png,20.02.2025\152\depth\15.07.02.693.png
5822,630212,3.25,20.02.2025,152,20.02.2025\152\rgb\15.07.02.779.png,20.02.2025\152\depth\15.07.02.779.png
5823,630212,3.25,20.02.2025,152,20.02.2025\152\rgb\15.07.02.882.png,20.02.2025\152\depth\15.07.02.882.png
5824,630212,3.25,20.02.2025,152,20.02.2025\152\rgb\15.07.02.978.png,20.02.2025\152\depth\15.07.02.978.png
5825,630212,3.25,20.02.2025,152,20.02.2025\152\rgb\15.07.03.080.png,20.02.2025\152\depth\15.07.03.080.png
5826,630212,3.25,20.02.2025,152,20.02.2025\152\rgb\15.07.03.179.png,20.02.2025\152\depth\15.07.03.179.png
5827,630212,3.25,20.02.2025,152,20.02.2025\152\rgb\15.07.03.271.png,20.02.2025\152\depth\15.07.03.271.png
5828,630212,3.25,20.02.2025,152,20.02.2025\152\rgb\15.07.03.379.png,20.02.2025\152\depth\15.07.03.379.png
5829,630212,3.25,20.02.2025,152,20.02.2025\152\rgb\15.07.03.469.png,20.02.2025\152\depth\15.07.03.469.png
5830,630212,3.25,20.02.2025,152,20.02.2025\152\rgb\15.07.03.562.png,20.02.2025\152\depth\15.07.03.562.png
5831,630212,3.25,20.02.2025,152,20.02.2025\152\rgb\15.07.03.658.png,20.02.2025\152\depth\15.07.03.658.png
5832,630212,3.25,20.02.2025,152,20.02.2025\152\rgb\15.07.03.744.png,20.02.2025\152\depth\15.07.03.744.png
5833,630212,3.25,20.02.2025,152,20.02.2025\152\rgb\15.07.03.847.png,20.02.2025\152\depth\15.07.03.847.png
5834,630212,3.25,20.02.2025,152,20.02.2025\152\rgb\15.07.03.946.png,20.02.2025\152\depth\15.07.03.946.png
5835,630212,3.25,20.02.2025,152,20.02.2025\152\rgb\15.07.04.041.png,20.02.2025\152\depth\15.07.04.041.png
5836,630212,3.25,20.02.2025,152,20.02.2025\152\rgb\15.07.04.133.png,20.02.2025\152\depth\15.07.04.133.png
5837,630212,3.25,20.02.2025,152,20.02.2025\152\rgb\15.07.04.225.png,20.02.2025\152\depth\15.07.04.225.png
5838,630212,3.25,20.02.2025,152,20.02.2025\152\rgb\15.07.04.316.png,20.02.2025\152\depth\15.07.04.316.png
5839,630212,3.25,20.02.2025,152,20.02.2025\152\rgb\15.07.04.411.png,20.02.2025\152\depth\15.07.04.411.png
5840,630212,3.25,20.02.2025,152,20.02.2025\152\rgb\15.07.04.500.png,20.02.2025\152\depth\15.07.04.500.png
5841,830203,3.25,20.02.2025,153,20.02.2025\153\rgb\15.07.18.359.png,20.02.2025\153\depth\15.07.18.359.png
5842,830203,3.25,20.02.2025,153,20.02.2025\153\rgb\15.07.18.444.png,20.02.2025\153\depth\15.07.18.444.png
5843,830203,3.25,20.02.2025,153,20.02.2025\153\rgb\15.07.18.537.png,20.02.2025\153\depth\15.07.18.537.png
5844,830203,3.25,20.02.2025,153,20.02.2025\153\rgb\15.07.18.651.png,20.02.2025\153\depth\15.07.18.651.png
5845,830203,3.25,20.02.2025,153,20.02.2025\153\rgb\15.07.18.751.png,20.02.2025\153\depth\15.07.18.751.png
5846,830203,3.25,20.02.2025,153,20.02.2025\153\rgb\15.07.18.845.png,20.02.2025\153\depth\15.07.18.845.png
5847,830203,3.25,20.02.2025,153,20.02.2025\153\rgb\15.07.18.940.png,20.02.2025\153\depth\15.07.18.940.png
5848,830203,3.25,20.02.2025,153,20.02.2025\153\rgb\15.07.19.032.png,20.02.2025\153\depth\15.07.19.032.png
5849,830203,3.25,20.02.2025,153,20.02.2025\153\rgb\15.07.19.124.png,20.02.2025\153\depth\15.07.19.124.png
5850,830203,3.25,20.02.2025,153,20.02.2025\153\rgb\15.07.19.218.png,20.02.2025\153\depth\15.07.19.218.png
5851,830203,3.25,20.02.2025,153,20.02.2025\153\rgb\15.07.19.310.png,20.02.2025\153\depth\15.07.19.310.png
5852,830203,3.25,20.02.2025,153,20.02.2025\153\rgb\15.07.19.405.png,20.02.2025\153\depth\15.07.19.405.png
5853,830203,3.25,20.02.2025,153,20.02.2025\153\rgb\15.07.19.493.png,20.02.2025\153\depth\15.07.19.493.png
5854,830203,3.25,20.02.2025,153,20.02.2025\153\rgb\15.07.19.586.png,20.02.2025\153\depth\15.07.19.586.png
5855,830203,3.25,20.02.2025,153,20.02.2025\153\rgb\15.07.19.678.png,20.02.2025\153\depth\15.07.19.678.png
5856,830203,3.25,20.02.2025,153,20.02.2025\153\rgb\15.07.19.775.png,20.02.2025\153\depth\15.07.19.775.png
5857,830203,3.25,20.02.2025,153,20.02.2025\153\rgb\15.07.19.863.png,20.02.2025\153\depth\15.07.19.863.png
5858,830203,3.25,20.02.2025,153,20.02.2025\153\rgb\15.07.19.957.png,20.02.2025\153\depth\15.07.19.957.png
5859,830203,3.25,20.02.2025,153,20.02.2025\153\rgb\15.07.20.046.png,20.02.2025\153\depth\15.07.20.046.png
5860,830203,3.25,20.02.2025,153,20.02.2025\153\rgb\15.07.20.142.png,20.02.2025\153\depth\15.07.20.142.png
5861,6973,3.5,20.02.2025,154,20.02.2025\154\rgb\15.07.36.859.png,20.02.2025\154\depth\15.07.36.859.png
5862,6973,3.5,20.02.2025,154,20.02.2025\154\rgb\15.07.36.957.png,20.02.2025\154\depth\15.07.36.957.png
5863,6973,3.5,20.02.2025,154,20.02.2025\154\rgb\15.07.37.054.png,20.02.2025\154\depth\15.07.37.054.png
5864,6973,3.5,20.02.2025,154,20.02.2025\154\rgb\15.07.37.142.png,20.02.2025\154\depth\15.07.37.142.png
5865,6973,3.5,20.02.2025,154,20.02.2025\154\rgb\15.07.37.232.png,20.02.2025\154\depth\15.07.37.232.png
5866,6973,3.5,20.02.2025,154,20.02.2025\154\rgb\15.07.37.324.png,20.02.2025\154\depth\15.07.37.324.png
5867,6973,3.5,20.02.2025,154,20.02.2025\154\rgb\15.07.37.417.png,20.02.2025\154\depth\15.07.37.417.png
5868,6973,3.5,20.02.2025,154,20.02.2025\154\rgb\15.07.37.513.png,20.02.2025\154\depth\15.07.37.513.png
5869,6973,3.5,20.02.2025,154,20.02.2025\154\rgb\15.07.37.607.png,20.02.2025\154\depth\15.07.37.607.png
5870,6973,3.5,20.02.2025,154,20.02.2025\154\rgb\15.07.37.710.png,20.02.2025\154\depth\15.07.37.710.png
5871,6973,3.5,20.02.2025,154,20.02.2025\154\rgb\15.07.37.806.png,20.02.2025\154\depth\15.07.37.806.png
5872,6973,3.5,20.02.2025,154,20.02.2025\154\rgb\15.07.37.897.png,20.02.2025\154\depth\15.07.37.897.png
5873,6973,3.5,20.02.2025,154,20.02.2025\154\rgb\15.07.38.004.png,20.02.2025\154\depth\15.07.38.004.png
5874,6973,3.5,20.02.2025,154,20.02.2025\154\rgb\15.07.38.098.png,20.02.2025\154\depth\15.07.38.098.png
5875,6973,3.5,20.02.2025,154,20.02.2025\154\rgb\15.07.38.190.png,20.02.2025\154\depth\15.07.38.190.png
5876,6973,3.5,20.02.2025,154,20.02.2025\154\rgb\15.07.38.283.png,20.02.2025\154\depth\15.07.38.283.png
5877,6973,3.5,20.02.2025,154,20.02.2025\154\rgb\15.07.38.376.png,20.02.2025\154\depth\15.07.38.376.png
5878,6973,3.5,20.02.2025,154,20.02.2025\154\rgb\15.07.38.475.png,20.02.2025\154\depth\15.07.38.475.png
5879,6973,3.5,20.02.2025,154,20.02.2025\154\rgb\15.07.38.576.png,20.02.2025\154\depth\15.07.38.576.png
5880,6973,3.5,20.02.2025,154,20.02.2025\154\rgb\15.07.38.668.png,20.02.2025\154\depth\15.07.38.668.png
5881,601119,3.25,20.02.2025,155,20.02.2025\155\rgb\15.07.51.932.png,20.02.2025\155\depth\15.07.51.932.png
5882,601119,3.25,20.02.2025,155,20.02.2025\155\rgb\15.07.52.026.png,20.02.2025\155\depth\15.07.52.026.png
5883,601119,3.25,20.02.2025,155,20.02.2025\155\rgb\15.07.52.119.png,20.02.2025\155\depth\15.07.52.119.png
5884,601119,3.25,20.02.2025,155,20.02.2025\155\rgb\15.07.52.197.png,20.02.2025\155\depth\15.07.52.197.png
5885,601119,3.25,20.02.2025,155,20.02.2025\155\rgb\15.07.52.289.png,20.02.2025\155\depth\15.07.52.289.png
5886,601119,3.25,20.02.2025,155,20.02.2025\155\rgb\15.07.52.388.png,20.02.2025\155\depth\15.07.52.388.png
5887,601119,3.25,20.02.2025,155,20.02.2025\155\rgb\15.07.52.488.png,20.02.2025\155\depth\15.07.52.488.png
5888,601119,3.25,20.02.2025,155,20.02.2025\155\rgb\15.07.52.582.png,20.02.2025\155\depth\15.07.52.582.png
5889,601119,3.25,20.02.2025,155,20.02.2025\155\rgb\15.07.52.676.png,20.02.2025\155\depth\15.07.52.676.png
5890,601119,3.25,20.02.2025,155,20.02.2025\155\rgb\15.07.52.773.png,20.02.2025\155\depth\15.07.52.773.png
5891,601119,3.25,20.02.2025,155,20.02.2025\155\rgb\15.07.52.863.png,20.02.2025\155\depth\15.07.52.863.png
5892,601119,3.25,20.02.2025,155,20.02.2025\155\rgb\15.07.52.952.png,20.02.2025\155\depth\15.07.52.952.png
5893,601119,3.25,20.02.2025,155,20.02.2025\155\rgb\15.07.53.047.png,20.02.2025\155\depth\15.07.53.047.png
5894,601119,3.25,20.02.2025,155,20.02.2025\155\rgb\15.07.53.140.png,20.02.2025\155\depth\15.07.53.140.png
5895,601119,3.25,20.02.2025,155,20.02.2025\155\rgb\15.07.53.232.png,20.02.2025\155\depth\15.07.53.232.png
5896,601119,3.25,20.02.2025,155,20.02.2025\155\rgb\15.07.53.328.png,20.02.2025\155\depth\15.07.53.328.png
5897,601119,3.25,20.02.2025,155,20.02.2025\155\rgb\15.07.53.414.png,20.02.2025\155\depth\15.07.53.414.png
5898,601119,3.25,20.02.2025,155,20.02.2025\155\rgb\15.07.53.507.png,20.02.2025\155\depth\15.07.53.507.png
5899,601119,3.25,20.02.2025,155,20.02.2025\155\rgb\15.07.53.600.png,20.02.2025\155\depth\15.07.53.600.png
5900,601119,3.25,20.02.2025,155,20.02.2025\155\rgb\15.07.53.694.png,20.02.2025\155\depth\15.07.53.694.png
5901,730220,3.5,20.02.2025,156,20.02.2025\156\rgb\15.08.09.849.png,20.02.2025\156\depth\15.08.09.849.png
5902,730220,3.5,20.02.2025,156,20.02.2025\156\rgb\15.08.09.943.png,20.02.2025\156\depth\15.08.09.943.png
5903,730220,3.5,20.02.2025,156,20.02.2025\156\rgb\15.08.10.037.png,20.02.2025\156\depth\15.08.10.037.png
5904,730220,3.5,20.02.2025,156,20.02.2025\156\rgb\15.08.10.130.png,20.02.2025\156\depth\15.08.10.130.png
5905,730220,3.5,20.02.2025,156,20.02.2025\156\rgb\15.08.10.228.png,20.02.2025\156\depth\15.08.10.228.png
5906,730220,3.5,20.02.2025,156,20.02.2025\156\rgb\15.08.10.316.png,20.02.2025\156\depth\15.08.10.316.png
5907,730220,3.5,20.02.2025,156,20.02.2025\156\rgb\15.08.10.416.png,20.02.2025\156\depth\15.08.10.416.png
5908,730220,3.5,20.02.2025,156,20.02.2025\156\rgb\15.08.10.520.png,20.02.2025\156\depth\15.08.10.520.png
5909,730220,3.5,20.02.2025,156,20.02.2025\156\rgb\15.08.10.614.png,20.02.2025\156\depth\15.08.10.614.png
5910,730220,3.5,20.02.2025,156,20.02.2025\156\rgb\15.08.10.718.png,20.02.2025\156\depth\15.08.10.718.png
5911,730220,3.5,20.02.2025,156,20.02.2025\156\rgb\15.08.10.811.png,20.02.2025\156\depth\15.08.10.811.png
5912,730220,3.5,20.02.2025,156,20.02.2025\156\rgb\15.08.10.909.png,20.02.2025\156\depth\15.08.10.909.png
5913,730220,3.5,20.02.2025,156,20.02.2025\156\rgb\15.08.11.017.png,20.02.2025\156\depth\15.08.11.017.png
5914,730220,3.5,20.02.2025,156,20.02.2025\156\rgb\15.08.11.121.png,20.02.2025\156\depth\15.08.11.121.png
5915,730220,3.5,20.02.2025,156,20.02.2025\156\rgb\15.08.11.217.png,20.02.2025\156\depth\15.08.11.217.png
5916,730220,3.5,20.02.2025,156,20.02.2025\156\rgb\15.08.11.315.png,20.02.2025\156\depth\15.08.11.315.png
5917,730220,3.5,20.02.2025,156,20.02.2025\156\rgb\15.08.11.415.png,20.02.2025\156\depth\15.08.11.415.png
5918,730220,3.5,20.02.2025,156,20.02.2025\156\rgb\15.08.11.507.png,20.02.2025\156\depth\15.08.11.507.png
5919,730220,3.5,20.02.2025,156,20.02.2025\156\rgb\15.08.11.603.png,20.02.2025\156\depth\15.08.11.603.png
5920,730220,3.5,20.02.2025,156,20.02.2025\156\rgb\15.08.11.706.png,20.02.2025\156\depth\15.08.11.706.png
5921,6947,3.75,20.02.2025,157,20.02.2025\157\rgb\15.08.26.603.png,20.02.2025\157\depth\15.08.26.603.png
5922,6947,3.75,20.02.2025,157,20.02.2025\157\rgb\15.08.26.699.png,20.02.2025\157\depth\15.08.26.699.png
5923,6947,3.75,20.02.2025,157,20.02.2025\157\rgb\15.08.26.795.png,20.02.2025\157\depth\15.08.26.795.png
5924,6947,3.75,20.02.2025,157,20.02.2025\157\rgb\15.08.26.887.png,20.02.2025\157\depth\15.08.26.887.png
5925,6947,3.75,20.02.2025,157,20.02.2025\157\rgb\15.08.26.980.png,20.02.2025\157\depth\15.08.26.980.png
5926,6947,3.75,20.02.2025,157,20.02.2025\157\rgb\15.08.27.072.png,20.02.2025\157\depth\15.08.27.072.png
5927,6947,3.75,20.02.2025,157,20.02.2025\157\rgb\15.08.27.172.png,20.02.2025\157\depth\15.08.27.172.png
5928,6947,3.75,20.02.2025,157,20.02.2025\157\rgb\15.08.27.257.png,20.02.2025\157\depth\15.08.27.257.png
5929,6947,3.75,20.02.2025,157,20.02.2025\157\rgb\15.08.27.352.png,20.02.2025\157\depth\15.08.27.352.png
5930,6947,3.75,20.02.2025,157,20.02.2025\157\rgb\15.08.27.443.png,20.02.2025\157\depth\15.08.27.443.png
5931,6947,3.75,20.02.2025,157,20.02.2025\157\rgb\15.08.27.537.png,20.02.2025\157\depth\15.08.27.537.png
5932,6947,3.75,20.02.2025,157,20.02.2025\157\rgb\15.08.27.638.png,20.02.2025\157\depth\15.08.27.638.png
5933,6947,3.75,20.02.2025,157,20.02.2025\157\rgb\15.08.27.739.png,20.02.2025\157\depth\15.08.27.739.png
5934,6947,3.75,20.02.2025,157,20.02.2025\157\rgb\15.08.27.830.png,20.02.2025\157\depth\15.08.27.830.png
5935,6947,3.75,20.02.2025,157,20.02.2025\157\rgb\15.08.27.923.png,20.02.2025\157\depth\15.08.27.923.png
5936,6947,3.75,20.02.2025,157,20.02.2025\157\rgb\15.08.28.014.png,20.02.2025\157\depth\15.08.28.014.png
5937,6947,3.75,20.02.2025,157,20.02.2025\157\rgb\15.08.28.118.png,20.02.2025\157\depth\15.08.28.118.png
5938,6947,3.75,20.02.2025,157,20.02.2025\157\rgb\15.08.28.217.png,20.02.2025\157\depth\15.08.28.217.png
5939,6947,3.75,20.02.2025,157,20.02.2025\157\rgb\15.08.28.309.png,20.02.2025\157\depth\15.08.28.309.png
5940,6947,3.75,20.02.2025,157,20.02.2025\157\rgb\15.08.28.404.png,20.02.2025\157\depth\15.08.28.404.png
5941,7272,3.5,20.02.2025,158,20.02.2025\158\rgb\15.08.42.958.png,20.02.2025\158\depth\15.08.42.958.png
5942,7272,3.5,20.02.2025,158,20.02.2025\158\rgb\15.08.43.041.png,20.02.2025\158\depth\15.08.43.041.png
5943,7272,3.5,20.02.2025,158,20.02.2025\158\rgb\15.08.43.140.png,20.02.2025\158\depth\15.08.43.140.png
5944,7272,3.5,20.02.2025,158,20.02.2025\158\rgb\15.08.43.230.png,20.02.2025\158\depth\15.08.43.230.png
5945,7272,3.5,20.02.2025,158,20.02.2025\158\rgb\15.08.43.318.png,20.02.2025\158\depth\15.08.43.318.png
5946,7272,3.5,20.02.2025,158,20.02.2025\158\rgb\15.08.43.411.png,20.02.2025\158\depth\15.08.43.411.png
5947,7272,3.5,20.02.2025,158,20.02.2025\158\rgb\15.08.43.507.png,20.02.2025\158\depth\15.08.43.507.png
5948,7272,3.5,20.02.2025,158,20.02.2025\158\rgb\15.08.43.604.png,20.02.2025\158\depth\15.08.43.604.png
5949,7272,3.5,20.02.2025,158,20.02.2025\158\rgb\15.08.43.706.png,20.02.2025\158\depth\15.08.43.706.png
5950,7272,3.5,20.02.2025,158,20.02.2025\158\rgb\15.08.43.800.png,20.02.2025\158\depth\15.08.43.800.png
5951,7272,3.5,20.02.2025,158,20.02.2025\158\rgb\15.08.43.893.png,20.02.2025\158\depth\15.08.43.893.png
5952,7272,3.5,20.02.2025,158,20.02.2025\158\rgb\15.08.43.984.png,20.02.2025\158\depth\15.08.43.984.png
5953,7272,3.5,20.02.2025,158,20.02.2025\158\rgb\15.08.44.084.png,20.02.2025\158\depth\15.08.44.084.png
5954,7272,3.5,20.02.2025,158,20.02.2025\158\rgb\15.08.44.173.png,20.02.2025\158\depth\15.08.44.173.png
5955,7272,3.5,20.02.2025,158,20.02.2025\158\rgb\15.08.44.262.png,20.02.2025\158\depth\15.08.44.262.png
5956,7272,3.5,20.02.2025,158,20.02.2025\158\rgb\15.08.44.355.png,20.02.2025\158\depth\15.08.44.355.png
5957,7272,3.5,20.02.2025,158,20.02.2025\158\rgb\15.08.44.450.png,20.02.2025\158\depth\15.08.44.450.png
5958,7272,3.5,20.02.2025,158,20.02.2025\158\rgb\15.08.44.546.png,20.02.2025\158\depth\15.08.44.546.png
5959,7272,3.5,20.02.2025,158,20.02.2025\158\rgb\15.08.44.637.png,20.02.2025\158\depth\15.08.44.637.png
5960,7272,3.5,20.02.2025,158,20.02.2025\158\rgb\15.08.44.726.png,20.02.2025\158\depth\15.08.44.726.png
5961,7571,3.25,20.02.2025,159,20.02.2025\159\rgb\15.09.00.643.png,20.02.2025\159\depth\15.09.00.643.png
5962,7571,3.25,20.02.2025,159,20.02.2025\159\rgb\15.09.00.728.png,20.02.2025\159\depth\15.09.00.728.png
5963,7571,3.25,20.02.2025,159,20.02.2025\159\rgb\15.09.00.818.png,20.02.2025\159\depth\15.09.00.818.png
5964,7571,3.25,20.02.2025,159,20.02.2025\159\rgb\15.09.00.911.png,20.02.2025\159\depth\15.09.00.911.png
5965,7571,3.25,20.02.2025,159,20.02.2025\159\rgb\15.09.01.004.png,20.02.2025\159\depth\15.09.01.004.png
5966,7571,3.25,20.02.2025,159,20.02.2025\159\rgb\15.09.01.100.png,20.02.2025\159\depth\15.09.01.100.png
5967,7571,3.25,20.02.2025,159,20.02.2025\159\rgb\15.09.01.195.png,20.02.2025\159\depth\15.09.01.195.png
5968,7571,3.25,20.02.2025,159,20.02.2025\159\rgb\15.09.01.283.png,20.02.2025\159\depth\15.09.01.283.png
5969,7571,3.25,20.02.2025,159,20.02.2025\159\rgb\15.09.01.371.png,20.02.2025\159\depth\15.09.01.371.png
5970,7571,3.25,20.02.2025,159,20.02.2025\159\rgb\15.09.01.470.png,20.02.2025\159\depth\15.09.01.470.png
5971,7571,3.25,20.02.2025,159,20.02.2025\159\rgb\15.09.01.572.png,20.02.2025\159\depth\15.09.01.572.png
5972,7571,3.25,20.02.2025,159,20.02.2025\159\rgb\15.09.01.673.png,20.02.2025\159\depth\15.09.01.673.png
5973,7571,3.25,20.02.2025,159,20.02.2025\159\rgb\15.09.01.765.png,20.02.2025\159\depth\15.09.01.765.png
5974,7571,3.25,20.02.2025,159,20.02.2025\159\rgb\15.09.01.858.png,20.02.2025\159\depth\15.09.01.858.png
5975,7571,3.25,20.02.2025,159,20.02.2025\159\rgb\15.09.01.951.png,20.02.2025\159\depth\15.09.01.951.png
5976,7571,3.25,20.02.2025,159,20.02.2025\159\rgb\15.09.02.050.png,20.02.2025\159\depth\15.09.02.050.png
5977,7571,3.25,20.02.2025,159,20.02.2025\159\rgb\15.09.02.137.png,20.02.2025\159\depth\15.09.02.137.png
5978,7571,3.25,20.02.2025,159,20.02.2025\159\rgb\15.09.02.226.png,20.02.2025\159\depth\15.09.02.226.png
5979,7571,3.25,20.02.2025,159,20.02.2025\159\rgb\15.09.02.317.png,20.02.2025\159\depth\15.09.02.317.png
5980,7571,3.25,20.02.2025,159,20.02.2025\159\rgb\15.09.02.409.png,20.02.2025\159\depth\15.09.02.409.png
5981,730217,3.5,20.02.2025,160,20.02.2025\160\rgb\15.09.19.855.png,20.02.2025\160\depth\15.09.19.855.png
5982,730217,3.5,20.02.2025,160,20.02.2025\160\rgb\15.09.19.952.png,20.02.2025\160\depth\15.09.19.952.png
5983,730217,3.5,20.02.2025,160,20.02.2025\160\rgb\15.09.20.044.png,20.02.2025\160\depth\15.09.20.044.png
5984,730217,3.5,20.02.2025,160,20.02.2025\160\rgb\15.09.20.137.png,20.02.2025\160\depth\15.09.20.137.png
5985,730217,3.5,20.02.2025,160,20.02.2025\160\rgb\15.09.20.230.png,20.02.2025\160\depth\15.09.20.230.png
5986,730217,3.5,20.02.2025,160,20.02.2025\160\rgb\15.09.20.323.png,20.02.2025\160\depth\15.09.20.323.png
5987,730217,3.5,20.02.2025,160,20.02.2025\160\rgb\15.09.20.412.png,20.02.2025\160\depth\15.09.20.412.png
5988,730217,3.5,20.02.2025,160,20.02.2025\160\rgb\15.09.20.507.png,20.02.2025\160\depth\15.09.20.507.png
5989,730217,3.5,20.02.2025,160,20.02.2025\160\rgb\15.09.20.601.png,20.02.2025\160\depth\15.09.20.601.png
5990,730217,3.5,20.02.2025,160,20.02.2025\160\rgb\15.09.20.694.png,20.02.2025\160\depth\15.09.20.694.png
5991,730217,3.5,20.02.2025,160,20.02.2025\160\rgb\15.09.20.793.png,20.02.2025\160\depth\15.09.20.793.png
5992,730217,3.5,20.02.2025,160,20.02.2025\160\rgb\15.09.20.893.png,20.02.2025\160\depth\15.09.20.893.png
5993,730217,3.5,20.02.2025,160,20.02.2025\160\rgb\15.09.20.984.png,20.02.2025\160\depth\15.09.20.984.png
5994,730217,3.5,20.02.2025,160,20.02.2025\160\rgb\15.09.21.077.png,20.02.2025\160\depth\15.09.21.077.png
5995,730217,3.5,20.02.2025,160,20.02.2025\160\rgb\15.09.21.171.png,20.02.2025\160\depth\15.09.21.171.png
5996,730217,3.5,20.02.2025,160,20.02.2025\160\rgb\15.09.21.268.png,20.02.2025\160\depth\15.09.21.268.png
5997,730217,3.5,20.02.2025,160,20.02.2025\160\rgb\15.09.21.354.png,20.02.2025\160\depth\15.09.21.354.png
5998,730217,3.5,20.02.2025,160,20.02.2025\160\rgb\15.09.21.441.png,20.02.2025\160\depth\15.09.21.441.png
5999,730217,3.5,20.02.2025,160,20.02.2025\160\rgb\15.09.21.538.png,20.02.2025\160\depth\15.09.21.538.png
6000,730217,3.5,20.02.2025,160,20.02.2025\160\rgb\15.09.21.631.png,20.02.2025\160\depth\15.09.21.631.png
6001,830205,3.25,20.02.2025,161,20.02.2025\161\rgb\15.09.35.047.png,20.02.2025\161\depth\15.09.35.047.png
6002,830205,3.25,20.02.2025,161,20.02.2025\161\rgb\15.09.35.136.png,20.02.2025\161\depth\15.09.35.136.png
6003,830205,3.25,20.02.2025,161,20.02.2025\161\rgb\15.09.35.229.png,20.02.2025\161\depth\15.09.35.229.png
6004,830205,3.25,20.02.2025,161,20.02.2025\161\rgb\15.09.35.321.png,20.02.2025\161\depth\15.09.35.321.png
6005,830205,3.25,20.02.2025,161,20.02.2025\161\rgb\15.09.35.414.png,20.02.2025\161\depth\15.09.35.414.png
6006,830205,3.25,20.02.2025,161,20.02.2025\161\rgb\15.09.35.520.png,20.02.2025\161\depth\15.09.35.520.png
6007,830205,3.25,20.02.2025,161,20.02.2025\161\rgb\15.09.35.611.png,20.02.2025\161\depth\15.09.35.611.png
6008,830205,3.25,20.02.2025,161,20.02.2025\161\rgb\15.09.35.706.png,20.02.2025\161\depth\15.09.35.706.png
6009,830205,3.25,20.02.2025,161,20.02.2025\161\rgb\15.09.35.799.png,20.02.2025\161\depth\15.09.35.799.png
6010,830205,3.25,20.02.2025,161,20.02.2025\161\rgb\15.09.35.888.png,20.02.2025\161\depth\15.09.35.888.png
6011,830205,3.25,20.02.2025,161,20.02.2025\161\rgb\15.09.35.996.png,20.02.2025\161\depth\15.09.35.996.png
6012,830205,3.25,20.02.2025,161,20.02.2025\161\rgb\15.09.36.089.png,20.02.2025\161\depth\15.09.36.089.png
6013,830205,3.25,20.02.2025,161,20.02.2025\161\rgb\15.09.36.183.png,20.02.2025\161\depth\15.09.36.183.png
6014,830205,3.25,20.02.2025,161,20.02.2025\161\rgb\15.09.36.276.png,20.02.2025\161\depth\15.09.36.276.png
6015,830205,3.25,20.02.2025,161,20.02.2025\161\rgb\15.09.36.368.png,20.02.2025\161\depth\15.09.36.368.png
6016,830205,3.25,20.02.2025,161,20.02.2025\161\rgb\15.09.36.458.png,20.02.2025\161\depth\15.09.36.458.png
6017,830205,3.25,20.02.2025,161,20.02.2025\161\rgb\15.09.36.552.png,20.02.2025\161\depth\15.09.36.552.png
6018,830205,3.25,20.02.2025,161,20.02.2025\161\rgb\15.09.36.647.png,20.02.2025\161\depth\15.09.36.647.png
6019,830205,3.25,20.02.2025,161,20.02.2025\161\rgb\15.09.36.740.png,20.02.2025\161\depth\15.09.36.740.png
6020,830205,3.25,20.02.2025,161,20.02.2025\161\rgb\15.09.36.830.png,20.02.2025\161\depth\15.09.36.830.png
6021,730211,3.25,20.02.2025,162,20.02.2025\162\rgb\15.09.50.184.png,20.02.2025\162\depth\15.09.50.184.png
6022,730211,3.25,20.02.2025,162,20.02.2025\162\rgb\15.09.50.283.png,20.02.2025\162\depth\15.09.50.283.png
6023,730211,3.25,20.02.2025,162,20.02.2025\162\rgb\15.09.50.376.png,20.02.2025\162\depth\15.09.50.376.png
6024,730211,3.25,20.02.2025,162,20.02.2025\162\rgb\15.09.50.471.png,20.02.2025\162\depth\15.09.50.471.png
6025,730211,3.25,20.02.2025,162,20.02.2025\162\rgb\15.09.50.564.png,20.02.2025\162\depth\15.09.50.564.png
6026,730211,3.25,20.02.2025,162,20.02.2025\162\rgb\15.09.50.661.png,20.02.2025\162\depth\15.09.50.661.png
6027,730211,3.25,20.02.2025,162,20.02.2025\162\rgb\15.09.50.746.png,20.02.2025\162\depth\15.09.50.746.png
6028,730211,3.25,20.02.2025,162,20.02.2025\162\rgb\15.09.50.839.png,20.02.2025\162\depth\15.09.50.839.png
6029,730211,3.25,20.02.2025,162,20.02.2025\162\rgb\15.09.50.931.png,20.02.2025\162\depth\15.09.50.931.png
6030,730211,3.25,20.02.2025,162,20.02.2025\162\rgb\15.09.51.022.png,20.02.2025\162\depth\15.09.51.022.png
6031,730211,3.25,20.02.2025,162,20.02.2025\162\rgb\15.09.51.120.png,20.02.2025\162\depth\15.09.51.120.png
6032,730211,3.25,20.02.2025,162,20.02.2025\162\rgb\15.09.51.207.png,20.02.2025\162\depth\15.09.51.207.png
6033,730211,3.25,20.02.2025,162,20.02.2025\162\rgb\15.09.51.303.png,20.02.2025\162\depth\15.09.51.303.png
6034,730211,3.25,20.02.2025,162,20.02.2025\162\rgb\15.09.51.393.png,20.02.2025\162\depth\15.09.51.393.png
6035,730211,3.25,20.02.2025,162,20.02.2025\162\rgb\15.09.51.478.png,20.02.2025\162\depth\15.09.51.478.png
6036,730211,3.25,20.02.2025,162,20.02.2025\162\rgb\15.09.51.576.png,20.02.2025\162\depth\15.09.51.576.png
6037,730211,3.25,20.02.2025,162,20.02.2025\162\rgb\15.09.51.671.png,20.02.2025\162\depth\15.09.51.671.png
6038,730211,3.25,20.02.2025,162,20.02.2025\162\rgb\15.09.51.763.png,20.02.2025\162\depth\15.09.51.763.png
6039,730211,3.25,20.02.2025,162,20.02.2025\162\rgb\15.09.51.855.png,20.02.2025\162\depth\15.09.51.855.png
6040,730211,3.25,20.02.2025,162,20.02.2025\162\rgb\15.09.51.950.png,20.02.2025\162\depth\15.09.51.950.png
6041,710306,3.25,20.02.2025,163,20.02.2025\163\rgb\15.10.09.351.png,20.02.2025\163\depth\15.10.09.351.png
6042,710306,3.25,20.02.2025,163,20.02.2025\163\rgb\15.10.09.449.png,20.02.2025\163\depth\15.10.09.449.png
6043,710306,3.25,20.02.2025,163,20.02.2025\163\rgb\15.10.09.539.png,20.02.2025\163\depth\15.10.09.539.png
6044,710306,3.25,20.02.2025,163,20.02.2025\163\rgb\15.10.09.633.png,20.02.2025\163\depth\15.10.09.633.png
6045,710306,3.25,20.02.2025,163,20.02.2025\163\rgb\15.10.09.724.png,20.02.2025\163\depth\15.10.09.724.png
6046,710306,3.25,20.02.2025,163,20.02.2025\163\rgb\15.10.09.822.png,20.02.2025\163\depth\15.10.09.822.png
6047,710306,3.25,20.02.2025,163,20.02.2025\163\rgb\15.10.09.922.png,20.02.2025\163\depth\15.10.09.922.png
6048,710306,3.25,20.02.2025,163,20.02.2025\163\rgb\15.10.10.017.png,20.02.2025\163\depth\15.10.10.017.png
6049,710306,3.25,20.02.2025,163,20.02.2025\163\rgb\15.10.10.111.png,20.02.2025\163\depth\15.10.10.111.png
6050,710306,3.25,20.02.2025,163,20.02.2025\163\rgb\15.10.10.207.png,20.02.2025\163\depth\15.10.10.207.png
6051,710306,3.25,20.02.2025,163,20.02.2025\163\rgb\15.10.10.306.png,20.02.2025\163\depth\15.10.10.306.png
6052,710306,3.25,20.02.2025,163,20.02.2025\163\rgb\15.10.10.404.png,20.02.2025\163\depth\15.10.10.404.png
6053,710306,3.25,20.02.2025,163,20.02.2025\163\rgb\15.10.10.497.png,20.02.2025\163\depth\15.10.10.497.png
6054,710306,3.25,20.02.2025,163,20.02.2025\163\rgb\15.10.10.586.png,20.02.2025\163\depth\15.10.10.586.png
6055,710306,3.25,20.02.2025,163,20.02.2025\163\rgb\15.10.10.678.png,20.02.2025\163\depth\15.10.10.678.png
6056,710306,3.25,20.02.2025,163,20.02.2025\163\rgb\15.10.10.773.png,20.02.2025\163\depth\15.10.10.773.png
6057,710306,3.25,20.02.2025,163,20.02.2025\163\rgb\15.10.10.867.png,20.02.2025\163\depth\15.10.10.867.png
6058,710306,3.25,20.02.2025,163,20.02.2025\163\rgb\15.10.10.958.png,20.02.2025\163\depth\15.10.10.958.png
6059,710306,3.25,20.02.2025,163,20.02.2025\163\rgb\15.10.11.046.png,20.02.2025\163\depth\15.10.11.046.png
6060,710306,3.25,20.02.2025,163,20.02.2025\163\rgb\15.10.11.141.png,20.02.2025\163\depth\15.10.11.141.png
6061,6136,3.25,20.02.2025,164,20.02.2025\164\rgb\15.10.24.226.png,20.02.2025\164\depth\15.10.24.226.png
6062,6136,3.25,20.02.2025,164,20.02.2025\164\rgb\15.10.24.314.png,20.02.2025\164\depth\15.10.24.314.png
6063,6136,3.25,20.02.2025,164,20.02.2025\164\rgb\15.10.24.408.png,20.02.2025\164\depth\15.10.24.408.png
6064,6136,3.25,20.02.2025,164,20.02.2025\164\rgb\15.10.24.500.png,20.02.2025\164\depth\15.10.24.500.png
6065,6136,3.25,20.02.2025,164,20.02.2025\164\rgb\15.10.24.599.png,20.02.2025\164\depth\15.10.24.599.png
6066,6136,3.25,20.02.2025,164,20.02.2025\164\rgb\15.10.24.704.png,20.02.2025\164\depth\15.10.24.704.png
6067,6136,3.25,20.02.2025,164,20.02.2025\164\rgb\15.10.24.793.png,20.02.2025\164\depth\15.10.24.793.png
6068,6136,3.25,20.02.2025,164,20.02.2025\164\rgb\15.10.24.887.png,20.02.2025\164\depth\15.10.24.887.png
6069,6136,3.25,20.02.2025,164,20.02.2025\164\rgb\15.10.24.978.png,20.02.2025\164\depth\15.10.24.978.png
6070,6136,3.25,20.02.2025,164,20.02.2025\164\rgb\15.10.25.072.png,20.02.2025\164\depth\15.10.25.072.png
6071,6136,3.25,20.02.2025,164,20.02.2025\164\rgb\15.10.25.176.png,20.02.2025\164\depth\15.10.25.176.png
6072,6136,3.25,20.02.2025,164,20.02.2025\164\rgb\15.10.25.270.png,20.02.2025\164\depth\15.10.25.270.png
6073,6136,3.25,20.02.2025,164,20.02.2025\164\rgb\15.10.25.363.png,20.02.2025\164\depth\15.10.25.363.png
6074,6136,3.25,20.02.2025,164,20.02.2025\164\rgb\15.10.25.453.png,20.02.2025\164\depth\15.10.25.453.png
6075,6136,3.25,20.02.2025,164,20.02.2025\164\rgb\15.10.25.552.png,20.02.2025\164\depth\15.10.25.552.png
6076,6136,3.25,20.02.2025,164,20.02.2025\164\rgb\15.10.25.638.png,20.02.2025\164\depth\15.10.25.638.png
6077,6136,3.25,20.02.2025,164,20.02.2025\164\rgb\15.10.25.730.png,20.02.2025\164\depth\15.10.25.730.png
6078,6136,3.25,20.02.2025,164,20.02.2025\164\rgb\15.10.25.823.png,20.02.2025\164\depth\15.10.25.823.png
6079,6136,3.25,20.02.2025,164,20.02.2025\164\rgb\15.10.25.913.png,20.02.2025\164\depth\15.10.25.913.png
6080,6136,3.25,20.02.2025,164,20.02.2025\164\rgb\15.10.26.014.png,20.02.2025\164\depth\15.10.26.014.png
6081,701101,3.5,20.02.2025,165,20.02.2025\165\rgb\15.10.40.762.png,20.02.2025\165\depth\15.10.40.762.png
6082,701101,3.5,20.02.2025,165,20.02.2025\165\rgb\15.10.40.858.png,20.02.2025\165\depth\15.10.40.858.png
6083,701101,3.5,20.02.2025,165,20.02.2025\165\rgb\15.10.40.951.png,20.02.2025\165\depth\15.10.40.951.png
6084,701101,3.5,20.02.2025,165,20.02.2025\165\rgb\15.10.41.042.png,20.02.2025\165\depth\15.10.41.042.png
6085,701101,3.5,20.02.2025,165,20.02.2025\165\rgb\15.10.41.137.png,20.02.2025\165\depth\15.10.41.137.png
6086,701101,3.5,20.02.2025,165,20.02.2025\165\rgb\15.10.41.228.png,20.02.2025\165\depth\15.10.41.228.png
6087,701101,3.5,20.02.2025,165,20.02.2025\165\rgb\15.10.41.323.png,20.02.2025\165\depth\15.10.41.323.png
6088,701101,3.5,20.02.2025,165,20.02.2025\165\rgb\15.10.41.414.png,20.02.2025\165\depth\15.10.41.414.png
6089,701101,3.5,20.02.2025,165,20.02.2025\165\rgb\15.10.41.507.png,20.02.2025\165\depth\15.10.41.507.png
6090,701101,3.5,20.02.2025,165,20.02.2025\165\rgb\15.10.41.602.png,20.02.2025\165\depth\15.10.41.602.png
6091,701101,3.5,20.02.2025,165,20.02.2025\165\rgb\15.10.41.707.png,20.02.2025\165\depth\15.10.41.707.png
6092,701101,3.5,20.02.2025,165,20.02.2025\165\rgb\15.10.41.798.png,20.02.2025\165\depth\15.10.41.798.png
6093,701101,3.5,20.02.2025,165,20.02.2025\165\rgb\15.10.41.888.png,20.02.2025\165\depth\15.10.41.888.png
6094,701101,3.5,20.02.2025,165,20.02.2025\165\rgb\15.10.41.980.png,20.02.2025\165\depth\15.10.41.980.png
6095,701101,3.5,20.02.2025,165,20.02.2025\165\rgb\15.10.42.082.png,20.02.2025\165\depth\15.10.42.082.png
6096,701101,3.5,20.02.2025,165,20.02.2025\165\rgb\15.10.42.181.png,20.02.2025\165\depth\15.10.42.181.png
6097,701101,3.5,20.02.2025,165,20.02.2025\165\rgb\15.10.42.276.png,20.02.2025\165\depth\15.10.42.276.png
6098,701101,3.5,20.02.2025,165,20.02.2025\165\rgb\15.10.42.370.png,20.02.2025\165\depth\15.10.42.370.png
6099,701101,3.5,20.02.2025,165,20.02.2025\165\rgb\15.10.42.461.png,20.02.2025\165\depth\15.10.42.461.png
6100,701101,3.5,20.02.2025,165,20.02.2025\165\rgb\15.10.42.560.png,20.02.2025\165\depth\15.10.42.560.png
6101,601122,3.25,20.02.2025,166,20.02.2025\166\rgb\15.10.59.514.png,20.02.2025\166\depth\15.10.59.514.png
6102,601122,3.25,20.02.2025,166,20.02.2025\166\rgb\15.10.59.613.png,20.02.2025\166\depth\15.10.59.613.png
6103,601122,3.25,20.02.2025,166,20.02.2025\166\rgb\15.10.59.706.png,20.02.2025\166\depth\15.10.59.706.png
6104,601122,3.25,20.02.2025,166,20.02.2025\166\rgb\15.10.59.798.png,20.02.2025\166\depth\15.10.59.798.png
6105,601122,3.25,20.02.2025,166,20.02.2025\166\rgb\15.10.59.888.png,20.02.2025\166\depth\15.10.59.888.png
6106,601122,3.25,20.02.2025,166,20.02.2025\166\rgb\15.10.59.982.png,20.02.2025\166\depth\15.10.59.982.png
6107,601122,3.25,20.02.2025,166,20.02.2025\166\rgb\15.11.00.078.png,20.02.2025\166\depth\15.11.00.078.png
6108,601122,3.25,20.02.2025,166,20.02.2025\166\rgb\15.11.00.170.png,20.02.2025\166\depth\15.11.00.170.png
6109,601122,3.25,20.02.2025,166,20.02.2025\166\rgb\15.11.00.262.png,20.02.2025\166\depth\15.11.00.262.png
6110,601122,3.25,20.02.2025,166,20.02.2025\166\rgb\15.11.00.351.png,20.02.2025\166\depth\15.11.00.351.png
6111,601122,3.25,20.02.2025,166,20.02.2025\166\rgb\15.11.00.445.png,20.02.2025\166\depth\15.11.00.445.png
6112,601122,3.25,20.02.2025,166,20.02.2025\166\rgb\15.11.00.538.png,20.02.2025\166\depth\15.11.00.538.png
6113,601122,3.25,20.02.2025,166,20.02.2025\166\rgb\15.11.00.632.png,20.02.2025\166\depth\15.11.00.632.png
6114,601122,3.25,20.02.2025,166,20.02.2025\166\rgb\15.11.00.726.png,20.02.2025\166\depth\15.11.00.726.png
6115,601122,3.25,20.02.2025,166,20.02.2025\166\rgb\15.11.00.817.png,20.02.2025\166\depth\15.11.00.817.png
6116,601122,3.25,20.02.2025,166,20.02.2025\166\rgb\15.11.00.909.png,20.02.2025\166\depth\15.11.00.909.png
6117,601122,3.25,20.02.2025,166,20.02.2025\166\rgb\15.11.01.009.png,20.02.2025\166\depth\15.11.01.009.png
6118,601122,3.25,20.02.2025,166,20.02.2025\166\rgb\15.11.01.107.png,20.02.2025\166\depth\15.11.01.107.png
6119,601122,3.25,20.02.2025,166,20.02.2025\166\rgb\15.11.01.205.png,20.02.2025\166\depth\15.11.01.205.png
6120,601122,3.25,20.02.2025,166,20.02.2025\166\rgb\15.11.01.296.png,20.02.2025\166\depth\15.11.01.296.png
6121,630213,3.5,20.02.2025,167,20.02.2025\167\rgb\15.11.14.495.png,20.02.2025\167\depth\15.11.14.495.png
6122,630213,3.5,20.02.2025,167,20.02.2025\167\rgb\15.11.14.595.png,20.02.2025\167\depth\15.11.14.595.png
6123,630213,3.5,20.02.2025,167,20.02.2025\167\rgb\15.11.14.688.png,20.02.2025\167\depth\15.11.14.688.png
6124,630213,3.5,20.02.2025,167,20.02.2025\167\rgb\15.11.14.781.png,20.02.2025\167\depth\15.11.14.781.png
6125,630213,3.5,20.02.2025,167,20.02.2025\167\rgb\15.11.14.874.png,20.02.2025\167\depth\15.11.14.874.png
6126,630213,3.5,20.02.2025,167,20.02.2025\167\rgb\15.11.14.973.png,20.02.2025\167\depth\15.11.14.973.png
6127,630213,3.5,20.02.2025,167,20.02.2025\167\rgb\15.11.15.062.png,20.02.2025\167\depth\15.11.15.062.png
6128,630213,3.5,20.02.2025,167,20.02.2025\167\rgb\15.11.15.152.png,20.02.2025\167\depth\15.11.15.152.png
6129,630213,3.5,20.02.2025,167,20.02.2025\167\rgb\15.11.15.244.png,20.02.2025\167\depth\15.11.15.244.png
6130,630213,3.5,20.02.2025,167,20.02.2025\167\rgb\15.11.15.337.png,20.02.2025\167\depth\15.11.15.337.png
6131,630213,3.5,20.02.2025,167,20.02.2025\167\rgb\15.11.15.428.png,20.02.2025\167\depth\15.11.15.428.png
6132,630213,3.5,20.02.2025,167,20.02.2025\167\rgb\15.11.15.517.png,20.02.2025\167\depth\15.11.15.517.png
6133,630213,3.5,20.02.2025,167,20.02.2025\167\rgb\15.11.15.611.png,20.02.2025\167\depth\15.11.15.611.png
6134,630213,3.5,20.02.2025,167,20.02.2025\167\rgb\15.11.15.701.png,20.02.2025\167\depth\15.11.15.701.png
6135,630213,3.5,20.02.2025,167,20.02.2025\167\rgb\15.11.15.798.png,20.02.2025\167\depth\15.11.15.798.png
6136,630213,3.5,20.02.2025,167,20.02.2025\167\rgb\15.11.15.891.png,20.02.2025\167\depth\15.11.15.891.png
6137,630213,3.5,20.02.2025,167,20.02.2025\167\rgb\15.11.15.982.png,20.02.2025\167\depth\15.11.15.982.png
6138,630213,3.5,20.02.2025,167,20.02.2025\167\rgb\15.11.16.073.png,20.02.2025\167\depth\15.11.16.073.png
6139,630213,3.5,20.02.2025,167,20.02.2025\167\rgb\15.11.16.165.png,20.02.2025\167\depth\15.11.16.165.png
6140,630213,3.5,20.02.2025,167,20.02.2025\167\rgb\15.11.16.258.png,20.02.2025\167\depth\15.11.16.258.png
6141,710819,3.25,20.02.2025,168,20.02.2025\168\rgb\15.11.31.970.png,20.02.2025\168\depth\15.11.31.970.png
6142,710819,3.25,20.02.2025,168,20.02.2025\168\rgb\15.11.32.059.png,20.02.2025\168\depth\15.11.32.059.png
6143,710819,3.25,20.02.2025,168,20.02.2025\168\rgb\15.11.32.160.png,20.02.2025\168\depth\15.11.32.160.png
6144,710819,3.25,20.02.2025,168,20.02.2025\168\rgb\15.11.32.246.png,20.02.2025\168\depth\15.11.32.246.png
6145,710819,3.25,20.02.2025,168,20.02.2025\168\rgb\15.11.32.341.png,20.02.2025\168\depth\15.11.32.341.png
6146,710819,3.25,20.02.2025,168,20.02.2025\168\rgb\15.11.32.434.png,20.02.2025\168\depth\15.11.32.434.png
6147,710819,3.25,20.02.2025,168,20.02.2025\168\rgb\15.11.32.526.png,20.02.2025\168\depth\15.11.32.526.png
6148,710819,3.25,20.02.2025,168,20.02.2025\168\rgb\15.11.32.630.png,20.02.2025\168\depth\15.11.32.630.png
6149,710819,3.25,20.02.2025,168,20.02.2025\168\rgb\15.11.32.729.png,20.02.2025\168\depth\15.11.32.729.png
6150,710819,3.25,20.02.2025,168,20.02.2025\168\rgb\15.11.32.819.png,20.02.2025\168\depth\15.11.32.819.png
6151,710819,3.25,20.02.2025,168,20.02.2025\168\rgb\15.11.32.911.png,20.02.2025\168\depth\15.11.32.911.png
6152,710819,3.25,20.02.2025,168,20.02.2025\168\rgb\15.11.33.006.png,20.02.2025\168\depth\15.11.33.006.png
6153,710819,3.25,20.02.2025,168,20.02.2025\168\rgb\15.11.33.098.png,20.02.2025\168\depth\15.11.33.098.png
6154,710819,3.25,20.02.2025,168,20.02.2025\168\rgb\15.11.33.190.png,20.02.2025\168\depth\15.11.33.190.png
6155,710819,3.25,20.02.2025,168,20.02.2025\168\rgb\15.11.33.278.png,20.02.2025\168\depth\15.11.33.278.png
6156,710819,3.25,20.02.2025,168,20.02.2025\168\rgb\15.11.33.377.png,20.02.2025\168\depth\15.11.33.377.png
6157,710819,3.25,20.02.2025,168,20.02.2025\168\rgb\15.11.33.468.png,20.02.2025\168\depth\15.11.33.468.png
6158,710819,3.25,20.02.2025,168,20.02.2025\168\rgb\15.11.33.561.png,20.02.2025\168\depth\15.11.33.561.png
6159,710819,3.25,20.02.2025,168,20.02.2025\168\rgb\15.11.33.651.png,20.02.2025\168\depth\15.11.33.651.png
6160,710819,3.25,20.02.2025,168,20.02.2025\168\rgb\15.11.33.742.png,20.02.2025\168\depth\15.11.33.742.png
6161,6927,3.25,20.02.2025,169,20.02.2025\169\rgb\15.11.50.170.png,20.02.2025\169\depth\15.11.50.170.png
6162,6927,3.25,20.02.2025,169,20.02.2025\169\rgb\15.11.50.266.png,20.02.2025\169\depth\15.11.50.266.png
6163,6927,3.25,20.02.2025,169,20.02.2025\169\rgb\15.11.50.359.png,20.02.2025\169\depth\15.11.50.359.png
6164,6927,3.25,20.02.2025,169,20.02.2025\169\rgb\15.11.50.451.png,20.02.2025\169\depth\15.11.50.451.png
6165,6927,3.25,20.02.2025,169,20.02.2025\169\rgb\15.11.50.542.png,20.02.2025\169\depth\15.11.50.542.png
6166,6927,3.25,20.02.2025,169,20.02.2025\169\rgb\15.11.50.646.png,20.02.2025\169\depth\15.11.50.646.png
6167,6927,3.25,20.02.2025,169,20.02.2025\169\rgb\15.11.50.744.png,20.02.2025\169\depth\15.11.50.744.png
6168,6927,3.25,20.02.2025,169,20.02.2025\169\rgb\15.11.50.838.png,20.02.2025\169\depth\15.11.50.838.png
6169,6927,3.25,20.02.2025,169,20.02.2025\169\rgb\15.11.50.943.png,20.02.2025\169\depth\15.11.50.943.png
6170,6927,3.25,20.02.2025,169,20.02.2025\169\rgb\15.11.51.037.png,20.02.2025\169\depth\15.11.51.037.png
6171,6927,3.25,20.02.2025,169,20.02.2025\169\rgb\15.11.51.138.png,20.02.2025\169\depth\15.11.51.138.png
6172,6927,3.25,20.02.2025,169,20.02.2025\169\rgb\15.11.51.239.png,20.02.2025\169\depth\15.11.51.239.png
6173,6927,3.25,20.02.2025,169,20.02.2025\169\rgb\15.11.51.330.png,20.02.2025\169\depth\15.11.51.330.png
6174,6927,3.25,20.02.2025,169,20.02.2025\169\rgb\15.11.51.423.png,20.02.2025\169\depth\15.11.51.423.png
6175,6927,3.25,20.02.2025,169,20.02.2025\169\rgb\15.11.51.512.png,20.02.2025\169\depth\15.11.51.512.png
6176,6927,3.25,20.02.2025,169,20.02.2025\169\rgb\15.11.51.614.png,20.02.2025\169\depth\15.11.51.614.png
6177,6927,3.25,20.02.2025,169,20.02.2025\169\rgb\15.11.51.700.png,20.02.2025\169\depth\15.11.51.700.png
6178,6927,3.25,20.02.2025,169,20.02.2025\169\rgb\15.11.51.786.png,20.02.2025\169\depth\15.11.51.786.png
6179,6927,3.25,20.02.2025,169,20.02.2025\169\rgb\15.11.51.884.png,20.02.2025\169\depth\15.11.51.884.png
6180,6927,3.25,20.02.2025,169,20.02.2025\169\rgb\15.11.51.982.png,20.02.2025\169\depth\15.11.51.982.png
6181,6761,3.5,20.02.2025,170,20.02.2025\170\rgb\15.11.58.149.png,20.02.2025\170\depth\15.11.58.149.png
6182,6761,3.5,20.02.2025,170,20.02.2025\170\rgb\15.11.58.227.png,20.02.2025\170\depth\15.11.58.227.png
6183,6761,3.5,20.02.2025,170,20.02.2025\170\rgb\15.11.58.323.png,20.02.2025\170\depth\15.11.58.323.png
6184,6761,3.5,20.02.2025,170,20.02.2025\170\rgb\15.11.58.410.png,20.02.2025\170\depth\15.11.58.410.png
6185,6761,3.5,20.02.2025,170,20.02.2025\170\rgb\15.11.58.504.png,20.02.2025\170\depth\15.11.58.504.png
6186,6761,3.5,20.02.2025,170,20.02.2025\170\rgb\15.11.58.597.png,20.02.2025\170\depth\15.11.58.597.png
6187,6761,3.5,20.02.2025,170,20.02.2025\170\rgb\15.11.58.689.png,20.02.2025\170\depth\15.11.58.689.png
6188,6761,3.5,20.02.2025,170,20.02.2025\170\rgb\15.11.58.788.png,20.02.2025\170\depth\15.11.58.788.png
6189,6761,3.5,20.02.2025,170,20.02.2025\170\rgb\15.11.58.875.png,20.02.2025\170\depth\15.11.58.875.png
6190,6761,3.5,20.02.2025,170,20.02.2025\170\rgb\15.11.58.973.png,20.02.2025\170\depth\15.11.58.973.png
6191,6761,3.5,20.02.2025,170,20.02.2025\170\rgb\15.11.59.061.png,20.02.2025\170\depth\15.11.59.061.png
6192,6761,3.5,20.02.2025,170,20.02.2025\170\rgb\15.11.59.152.png,20.02.2025\170\depth\15.11.59.152.png
6193,6761,3.5,20.02.2025,170,20.02.2025\170\rgb\15.11.59.251.png,20.02.2025\170\depth\15.11.59.251.png
6194,6761,3.5,20.02.2025,170,20.02.2025\170\rgb\15.11.59.338.png,20.02.2025\170\depth\15.11.59.338.png
6195,6761,3.5,20.02.2025,170,20.02.2025\170\rgb\15.11.59.432.png,20.02.2025\170\depth\15.11.59.432.png
6196,6761,3.5,20.02.2025,170,20.02.2025\170\rgb\15.11.59.523.png,20.02.2025\170\depth\15.11.59.523.png
6197,6761,3.5,20.02.2025,170,20.02.2025\170\rgb\15.11.59.614.png,20.02.2025\170\depth\15.11.59.614.png
6198,6761,3.5,20.02.2025,170,20.02.2025\170\rgb\15.11.59.711.png,20.02.2025\170\depth\15.11.59.711.png
6199,6761,3.5,20.02.2025,170,20.02.2025\170\rgb\15.11.59.801.png,20.02.2025\170\depth\15.11.59.801.png
6200,6761,3.5,20.02.2025,170,20.02.2025\170\rgb\15.11.59.893.png,20.02.2025\170\depth\15.11.59.893.png
6201,730128,3.5,20.02.2025,171,20.02.2025\171\rgb\15.12.21.544.png,20.02.2025\171\depth\15.12.21.544.png
6202,730128,3.5,20.02.2025,171,20.02.2025\171\rgb\15.12.21.636.png,20.02.2025\171\depth\15.12.21.636.png
6203,730128,3.5,20.02.2025,171,20.02.2025\171\rgb\15.12.21.731.png,20.02.2025\171\depth\15.12.21.731.png
6204,730128,3.5,20.02.2025,171,20.02.2025\171\rgb\15.12.21.824.png,20.02.2025\171\depth\15.12.21.824.png
6205,730128,3.5,20.02.2025,171,20.02.2025\171\rgb\15.12.21.933.png,20.02.2025\171\depth\15.12.21.933.png
6206,730128,3.5,20.02.2025,171,20.02.2025\171\rgb\15.12.22.047.png,20.02.2025\171\depth\15.12.22.047.png
6207,730128,3.5,20.02.2025,171,20.02.2025\171\rgb\15.12.22.147.png,20.02.2025\171\depth\15.12.22.147.png
6208,730128,3.5,20.02.2025,171,20.02.2025\171\rgb\15.12.22.239.png,20.02.2025\171\depth\15.12.22.239.png
6209,730128,3.5,20.02.2025,171,20.02.2025\171\rgb\15.12.22.329.png,20.02.2025\171\depth\15.12.22.329.png
6210,730128,3.5,20.02.2025,171,20.02.2025\171\rgb\15.12.22.423.png,20.02.2025\171\depth\15.12.22.423.png
6211,730128,3.5,20.02.2025,171,20.02.2025\171\rgb\15.12.22.513.png,20.02.2025\171\depth\15.12.22.513.png
6212,730128,3.5,20.02.2025,171,20.02.2025\171\rgb\15.12.22.609.png,20.02.2025\171\depth\15.12.22.609.png
6213,730128,3.5,20.02.2025,171,20.02.2025\171\rgb\15.12.22.702.png,20.02.2025\171\depth\15.12.22.702.png
6214,730128,3.5,20.02.2025,171,20.02.2025\171\rgb\15.12.22.795.png,20.02.2025\171\depth\15.12.22.795.png
6215,730128,3.5,20.02.2025,171,20.02.2025\171\rgb\15.12.22.886.png,20.02.2025\171\depth\15.12.22.886.png
6216,730128,3.5,20.02.2025,171,20.02.2025\171\rgb\15.12.22.981.png,20.02.2025\171\depth\15.12.22.981.png
6217,730128,3.5,20.02.2025,171,20.02.2025\171\rgb\15.12.23.072.png,20.02.2025\171\depth\15.12.23.072.png
6218,730128,3.5,20.02.2025,171,20.02.2025\171\rgb\15.12.23.170.png,20.02.2025\171\depth\15.12.23.170.png
6219,730128,3.5,20.02.2025,171,20.02.2025\171\rgb\15.12.23.270.png,20.02.2025\171\depth\15.12.23.270.png
6220,730128,3.5,20.02.2025,171,20.02.2025\171\rgb\15.12.23.364.png,20.02.2025\171\depth\15.12.23.364.png
6221,710204,3.5,20.02.2025,172,20.02.2025\172\rgb\15.12.39.059.png,20.02.2025\172\depth\15.12.39.059.png
6222,710204,3.5,20.02.2025,172,20.02.2025\172\rgb\15.12.39.164.png,20.02.2025\172\depth\15.12.39.164.png
6223,710204,3.5,20.02.2025,172,20.02.2025\172\rgb\15.12.39.263.png,20.02.2025\172\depth\15.12.39.263.png
6224,710204,3.5,20.02.2025,172,20.02.2025\172\rgb\15.12.39.356.png,20.02.2025\172\depth\15.12.39.356.png
6225,710204,3.5,20.02.2025,172,20.02.2025\172\rgb\15.12.39.446.png,20.02.2025\172\depth\15.12.39.446.png
6226,710204,3.5,20.02.2025,172,20.02.2025\172\rgb\15.12.39.526.png,20.02.2025\172\depth\15.12.39.526.png
6227,710204,3.5,20.02.2025,172,20.02.2025\172\rgb\15.12.39.627.png,20.02.2025\172\depth\15.12.39.627.png
6228,710204,3.5,20.02.2025,172,20.02.2025\172\rgb\15.12.39.712.png,20.02.2025\172\depth\15.12.39.712.png
6229,710204,3.5,20.02.2025,172,20.02.2025\172\rgb\15.12.39.805.png,20.02.2025\172\depth\15.12.39.805.png
6230,710204,3.5,20.02.2025,172,20.02.2025\172\rgb\15.12.39.895.png,20.02.2025\172\depth\15.12.39.895.png
6231,710204,3.5,20.02.2025,172,20.02.2025\172\rgb\15.12.39.990.png,20.02.2025\172\depth\15.12.39.990.png
6232,710204,3.5,20.02.2025,172,20.02.2025\172\rgb\15.12.40.081.png,20.02.2025\172\depth\15.12.40.081.png
6233,710204,3.5,20.02.2025,172,20.02.2025\172\rgb\15.12.40.173.png,20.02.2025\172\depth\15.12.40.173.png
6234,710204,3.5,20.02.2025,172,20.02.2025\172\rgb\15.12.40.263.png,20.02.2025\172\depth\15.12.40.263.png
6235,710204,3.5,20.02.2025,172,20.02.2025\172\rgb\15.12.40.357.png,20.02.2025\172\depth\15.12.40.357.png
6236,710204,3.5,20.02.2025,172,20.02.2025\172\rgb\15.12.40.446.png,20.02.2025\172\depth\15.12.40.446.png
6237,710204,3.5,20.02.2025,172,20.02.2025\172\rgb\15.12.40.552.png,20.02.2025\172\depth\15.12.40.552.png
6238,710204,3.5,20.02.2025,172,20.02.2025\172\rgb\15.12.40.645.png,20.02.2025\172\depth\15.12.40.645.png
6239,710204,3.5,20.02.2025,172,20.02.2025\172\rgb\15.12.40.740.png,20.02.2025\172\depth\15.12.40.740.png
6240,710204,3.5,20.02.2025,172,20.02.2025\172\rgb\15.12.40.833.png,20.02.2025\172\depth\15.12.40.833.png
6241,6718,3.5,20.02.2025,173,20.02.2025\173\rgb\15.14.03.656.png,20.02.2025\173\depth\15.14.03.656.png
6242,6718,3.5,20.02.2025,173,20.02.2025\173\rgb\15.14.03.751.png,20.02.2025\173\depth\15.14.03.751.png
6243,6718,3.5,20.02.2025,173,20.02.2025\173\rgb\15.14.03.844.png,20.02.2025\173\depth\15.14.03.844.png
6244,6718,3.5,20.02.2025,173,20.02.2025\173\rgb\15.14.03.937.png,20.02.2025\173\depth\15.14.03.937.png
6245,6718,3.5,20.02.2025,173,20.02.2025\173\rgb\15.14.04.031.png,20.02.2025\173\depth\15.14.04.031.png
6246,6718,3.5,20.02.2025,173,20.02.2025\173\rgb\15.14.04.136.png,20.02.2025\173\depth\15.14.04.136.png
6247,6718,3.5,20.02.2025,173,20.02.2025\173\rgb\15.14.04.229.png,20.02.2025\173\depth\15.14.04.229.png
6248,6718,3.5,20.02.2025,173,20.02.2025\173\rgb\15.14.04.322.png,20.02.2025\173\depth\15.14.04.322.png
6249,6718,3.5,20.02.2025,173,20.02.2025\173\rgb\15.14.04.415.png,20.02.2025\173\depth\15.14.04.415.png
6250,6718,3.5,20.02.2025,173,20.02.2025\173\rgb\15.14.04.509.png,20.02.2025\173\depth\15.14.04.509.png
6251,6718,3.5,20.02.2025,173,20.02.2025\173\rgb\15.14.04.619.png,20.02.2025\173\depth\15.14.04.619.png
6252,6718,3.5,20.02.2025,173,20.02.2025\173\rgb\15.14.04.713.png,20.02.2025\173\depth\15.14.04.713.png
6253,6718,3.5,20.02.2025,173,20.02.2025\173\rgb\15.14.04.817.png,20.02.2025\173\depth\15.14.04.817.png
6254,6718,3.5,20.02.2025,173,20.02.2025\173\rgb\15.14.04.913.png,20.02.2025\173\depth\15.14.04.913.png
6255,6718,3.5,20.02.2025,173,20.02.2025\173\rgb\15.14.05.004.png,20.02.2025\173\depth\15.14.05.004.png
6256,6718,3.5,20.02.2025,173,20.02.2025\173\rgb\15.14.05.117.png,20.02.2025\173\depth\15.14.05.117.png
6257,6718,3.5,20.02.2025,173,20.02.2025\173\rgb\15.14.05.219.png,20.02.2025\173\depth\15.14.05.219.png
6258,6718,3.5,20.02.2025,173,20.02.2025\173\rgb\15.14.05.317.png,20.02.2025\173\depth\15.14.05.317.png
6259,6718,3.5,20.02.2025,173,20.02.2025\173\rgb\15.14.05.404.png,20.02.2025\173\depth\15.14.05.404.png
6260,6718,3.5,20.02.2025,173,20.02.2025\173\rgb\15.14.05.497.png,20.02.2025\173\depth\15.14.05.497.png
6261,6833,3.5,20.02.2025,174,20.02.2025\174\rgb\15.14.20.297.png,20.02.2025\174\depth\15.14.20.297.png
6262,6833,3.5,20.02.2025,174,20.02.2025\174\rgb\15.14.20.393.png,20.02.2025\174\depth\15.14.20.393.png
6263,6833,3.5,20.02.2025,174,20.02.2025\174\rgb\15.14.20.481.png,20.02.2025\174\depth\15.14.20.481.png
6264,6833,3.5,20.02.2025,174,20.02.2025\174\rgb\15.14.20.577.png,20.02.2025\174\depth\15.14.20.577.png
6265,6833,3.5,20.02.2025,174,20.02.2025\174\rgb\15.14.20.679.png,20.02.2025\174\depth\15.14.20.679.png
6266,6833,3.5,20.02.2025,174,20.02.2025\174\rgb\15.14.20.778.png,20.02.2025\174\depth\15.14.20.778.png
6267,6833,3.5,20.02.2025,174,20.02.2025\174\rgb\15.14.20.872.png,20.02.2025\174\depth\15.14.20.872.png
6268,6833,3.5,20.02.2025,174,20.02.2025\174\rgb\15.14.20.964.png,20.02.2025\174\depth\15.14.20.964.png
6269,6833,3.5,20.02.2025,174,20.02.2025\174\rgb\15.14.21.059.png,20.02.2025\174\depth\15.14.21.059.png
6270,6833,3.5,20.02.2025,174,20.02.2025\174\rgb\15.14.21.179.png,20.02.2025\174\depth\15.14.21.179.png
6271,6833,3.5,20.02.2025,174,20.02.2025\174\rgb\15.14.21.273.png,20.02.2025\174\depth\15.14.21.273.png
6272,6833,3.5,20.02.2025,174,20.02.2025\174\rgb\15.14.21.365.png,20.02.2025\174\depth\15.14.21.365.png
6273,6833,3.5,20.02.2025,174,20.02.2025\174\rgb\15.14.21.457.png,20.02.2025\174\depth\15.14.21.457.png
6274,6833,3.5,20.02.2025,174,20.02.2025\174\rgb\15.14.21.550.png,20.02.2025\174\depth\15.14.21.550.png
6275,6833,3.5,20.02.2025,174,20.02.2025\174\rgb\15.14.21.644.png,20.02.2025\174\depth\15.14.21.644.png
6276,6833,3.5,20.02.2025,174,20.02.2025\174\rgb\15.14.21.735.png,20.02.2025\174\depth\15.14.21.735.png
6277,6833,3.5,20.02.2025,174,20.02.2025\174\rgb\15.14.21.826.png,20.02.2025\174\depth\15.14.21.826.png
6278,6833,3.5,20.02.2025,174,20.02.2025\174\rgb\15.14.21.919.png,20.02.2025\174\depth\15.14.21.919.png
6279,6833,3.5,20.02.2025,174,20.02.2025\174\rgb\15.14.22.026.png,20.02.2025\174\depth\15.14.22.026.png
6280,6833,3.5,20.02.2025,174,20.02.2025\174\rgb\15.14.22.120.png,20.02.2025\174\depth\15.14.22.120.png
6281,811010,3.25,20.02.2025,175,20.02.2025\175\rgb\15.14.55.292.png,20.02.2025\175\depth\15.14.55.292.png
6282,811010,3.25,20.02.2025,175,20.02.2025\175\rgb\15.14.55.383.png,20.02.2025\175\depth\15.14.55.383.png
6283,811010,3.25,20.02.2025,175,20.02.2025\175\rgb\15.14.55.489.png,20.02.2025\175\depth\15.14.55.489.png
6284,811010,3.25,20.02.2025,175,20.02.2025\175\rgb\15.14.55.582.png,20.02.2025\175\depth\15.14.55.582.png
6285,811010,3.25,20.02.2025,175,20.02.2025\175\rgb\15.14.55.676.png,20.02.2025\175\depth\15.14.55.676.png
6286,811010,3.25,20.02.2025,175,20.02.2025\175\rgb\15.14.55.769.png,20.02.2025\175\depth\15.14.55.769.png
6287,811010,3.25,20.02.2025,175,20.02.2025\175\rgb\15.14.55.863.png,20.02.2025\175\depth\15.14.55.863.png
6288,811010,3.25,20.02.2025,175,20.02.2025\175\rgb\15.14.55.970.png,20.02.2025\175\depth\15.14.55.970.png
6289,811010,3.25,20.02.2025,175,20.02.2025\175\rgb\15.14.56.065.png,20.02.2025\175\depth\15.14.56.065.png
6290,811010,3.25,20.02.2025,175,20.02.2025\175\rgb\15.14.56.157.png,20.02.2025\175\depth\15.14.56.157.png
6291,811010,3.25,20.02.2025,175,20.02.2025\175\rgb\15.14.56.250.png,20.02.2025\175\depth\15.14.56.250.png
6292,811010,3.25,20.02.2025,175,20.02.2025\175\rgb\15.14.56.344.png,20.02.2025\175\depth\15.14.56.344.png
6293,811010,3.25,20.02.2025,175,20.02.2025\175\rgb\15.14.56.434.png,20.02.2025\175\depth\15.14.56.434.png
6294,811010,3.25,20.02.2025,175,20.02.2025\175\rgb\15.14.56.525.png,20.02.2025\175\depth\15.14.56.525.png
6295,811010,3.25,20.02.2025,175,20.02.2025\175\rgb\15.14.56.617.png,20.02.2025\175\depth\15.14.56.617.png
6296,811010,3.25,20.02.2025,175,20.02.2025\175\rgb\15.14.56.710.png,20.02.2025\175\depth\15.14.56.710.png
6297,811010,3.25,20.02.2025,175,20.02.2025\175\rgb\15.14.56.804.png,20.02.2025\175\depth\15.14.56.804.png
6298,811010,3.25,20.02.2025,175,20.02.2025\175\rgb\15.14.56.912.png,20.02.2025\175\depth\15.14.56.912.png
6299,811010,3.25,20.02.2025,175,20.02.2025\175\rgb\15.14.57.004.png,20.02.2025\175\depth\15.14.57.004.png
6300,811010,3.25,20.02.2025,175,20.02.2025\175\rgb\15.14.57.094.png,20.02.2025\175\depth\15.14.57.094.png
6301,6972,3.0,20.02.2025,176,20.02.2025\176\rgb\15.15.12.089.png,20.02.2025\176\depth\15.15.12.089.png
6302,6972,3.0,20.02.2025,176,20.02.2025\176\rgb\15.15.12.179.png,20.02.2025\176\depth\15.15.12.179.png
6303,6972,3.0,20.02.2025,176,20.02.2025\176\rgb\15.15.12.272.png,20.02.2025\176\depth\15.15.12.272.png
6304,6972,3.0,20.02.2025,176,20.02.2025\176\rgb\15.15.12.366.png,20.02.2025\176\depth\15.15.12.366.png
6305,6972,3.0,20.02.2025,176,20.02.2025\176\rgb\15.15.12.461.png,20.02.2025\176\depth\15.15.12.461.png
6306,6972,3.0,20.02.2025,176,20.02.2025\176\rgb\15.15.12.550.png,20.02.2025\176\depth\15.15.12.550.png
6307,6972,3.0,20.02.2025,176,20.02.2025\176\rgb\15.15.12.641.png,20.02.2025\176\depth\15.15.12.641.png
6308,6972,3.0,20.02.2025,176,20.02.2025\176\rgb\15.15.12.737.png,20.02.2025\176\depth\15.15.12.737.png
6309,6972,3.0,20.02.2025,176,20.02.2025\176\rgb\15.15.12.831.png,20.02.2025\176\depth\15.15.12.831.png
6310,6972,3.0,20.02.2025,176,20.02.2025\176\rgb\15.15.12.926.png,20.02.2025\176\depth\15.15.12.926.png
6311,6972,3.0,20.02.2025,176,20.02.2025\176\rgb\15.15.13.012.png,20.02.2025\176\depth\15.15.13.012.png
6312,6972,3.0,20.02.2025,176,20.02.2025\176\rgb\15.15.13.106.png,20.02.2025\176\depth\15.15.13.106.png
6313,6972,3.0,20.02.2025,176,20.02.2025\176\rgb\15.15.13.203.png,20.02.2025\176\depth\15.15.13.203.png
6314,6972,3.0,20.02.2025,176,20.02.2025\176\rgb\15.15.13.292.png,20.02.2025\176\depth\15.15.13.292.png
6315,6972,3.0,20.02.2025,176,20.02.2025\176\rgb\15.15.13.388.png,20.02.2025\176\depth\15.15.13.388.png
6316,6972,3.0,20.02.2025,176,20.02.2025\176\rgb\15.15.13.480.png,20.02.2025\176\depth\15.15.13.480.png
6317,6972,3.0,20.02.2025,176,20.02.2025\176\rgb\15.15.13.574.png,20.02.2025\176\depth\15.15.13.574.png
6318,6972,3.0,20.02.2025,176,20.02.2025\176\rgb\15.15.13.667.png,20.02.2025\176\depth\15.15.13.667.png
6319,6972,3.0,20.02.2025,176,20.02.2025\176\rgb\15.15.13.758.png,20.02.2025\176\depth\15.15.13.758.png
6320,6972,3.0,20.02.2025,176,20.02.2025\176\rgb\15.15.13.853.png,20.02.2025\176\depth\15.15.13.853.png
6321,6963,3.75,20.02.2025,177,20.02.2025\177\rgb\15.15.27.399.png,20.02.2025\177\depth\15.15.27.399.png
6322,6963,3.75,20.02.2025,177,20.02.2025\177\rgb\15.15.27.499.png,20.02.2025\177\depth\15.15.27.499.png
6323,6963,3.75,20.02.2025,177,20.02.2025\177\rgb\15.15.27.590.png,20.02.2025\177\depth\15.15.27.590.png
6324,6963,3.75,20.02.2025,177,20.02.2025\177\rgb\15.15.27.688.png,20.02.2025\177\depth\15.15.27.688.png
6325,6963,3.75,20.02.2025,177,20.02.2025\177\rgb\15.15.27.777.png,20.02.2025\177\depth\15.15.27.777.png
6326,6963,3.75,20.02.2025,177,20.02.2025\177\rgb\15.15.27.870.png,20.02.2025\177\depth\15.15.27.870.png
6327,6963,3.75,20.02.2025,177,20.02.2025\177\rgb\15.15.27.960.png,20.02.2025\177\depth\15.15.27.960.png
6328,6963,3.75,20.02.2025,177,20.02.2025\177\rgb\15.15.28.053.png,20.02.2025\177\depth\15.15.28.053.png
6329,6963,3.75,20.02.2025,177,20.02.2025\177\rgb\15.15.28.152.png,20.02.2025\177\depth\15.15.28.152.png
6330,6963,3.75,20.02.2025,177,20.02.2025\177\rgb\15.15.28.255.png,20.02.2025\177\depth\15.15.28.255.png
6331,6963,3.75,20.02.2025,177,20.02.2025\177\rgb\15.15.28.348.png,20.02.2025\177\depth\15.15.28.348.png
6332,6963,3.75,20.02.2025,177,20.02.2025\177\rgb\15.15.28.439.png,20.02.2025\177\depth\15.15.28.439.png
6333,6963,3.75,20.02.2025,177,20.02.2025\177\rgb\15.15.28.532.png,20.02.2025\177\depth\15.15.28.532.png
6334,6963,3.75,20.02.2025,177,20.02.2025\177\rgb\15.15.28.630.png,20.02.2025\177\depth\15.15.28.630.png
6335,6963,3.75,20.02.2025,177,20.02.2025\177\rgb\15.15.28.716.png,20.02.2025\177\depth\15.15.28.716.png
6336,6963,3.75,20.02.2025,177,20.02.2025\177\rgb\15.15.28.810.png,20.02.2025\177\depth\15.15.28.810.png
6337,6963,3.75,20.02.2025,177,20.02.2025\177\rgb\15.15.28.904.png,20.02.2025\177\depth\15.15.28.904.png
6338,6963,3.75,20.02.2025,177,20.02.2025\177\rgb\15.15.28.996.png,20.02.2025\177\depth\15.15.28.996.png
6339,6963,3.75,20.02.2025,177,20.02.2025\177\rgb\15.15.29.087.png,20.02.2025\177\depth\15.15.29.087.png
6340,6963,3.75,20.02.2025,177,20.02.2025\177\rgb\15.15.29.178.png,20.02.2025\177\depth\15.15.29.178.png
6341,6949,3.5,20.02.2025,178,20.02.2025\178\rgb\15.15.45.428.png,20.02.2025\178\depth\15.15.45.428.png
6342,6949,3.5,20.02.2025,178,20.02.2025\178\rgb\15.15.45.526.png,20.02.2025\178\depth\15.15.45.526.png
6343,6949,3.5,20.02.2025,178,20.02.2025\178\rgb\15.15.45.619.png,20.02.2025\178\depth\15.15.45.619.png
6344,6949,3.5,20.02.2025,178,20.02.2025\178\rgb\15.15.45.711.png,20.02.2025\178\depth\15.15.45.711.png
6345,6949,3.5,20.02.2025,178,20.02.2025\178\rgb\15.15.45.807.png,20.02.2025\178\depth\15.15.45.807.png
6346,6949,3.5,20.02.2025,178,20.02.2025\178\rgb\15.15.45.898.png,20.02.2025\178\depth\15.15.45.898.png
6347,6949,3.5,20.02.2025,178,20.02.2025\178\rgb\15.15.45.988.png,20.02.2025\178\depth\15.15.45.988.png
6348,6949,3.5,20.02.2025,178,20.02.2025\178\rgb\15.15.46.082.png,20.02.2025\178\depth\15.15.46.082.png
6349,6949,3.5,20.02.2025,178,20.02.2025\178\rgb\15.15.46.174.png,20.02.2025\178\depth\15.15.46.174.png
6350,6949,3.5,20.02.2025,178,20.02.2025\178\rgb\15.15.46.268.png,20.02.2025\178\depth\15.15.46.268.png
6351,6949,3.5,20.02.2025,178,20.02.2025\178\rgb\15.15.46.360.png,20.02.2025\178\depth\15.15.46.360.png
6352,6949,3.5,20.02.2025,178,20.02.2025\178\rgb\15.15.46.453.png,20.02.2025\178\depth\15.15.46.453.png
6353,6949,3.5,20.02.2025,178,20.02.2025\178\rgb\15.15.46.547.png,20.02.2025\178\depth\15.15.46.547.png
6354,6949,3.5,20.02.2025,178,20.02.2025\178\rgb\15.15.46.643.png,20.02.2025\178\depth\15.15.46.643.png
6355,6949,3.5,20.02.2025,178,20.02.2025\178\rgb\15.15.46.732.png,20.02.2025\178\depth\15.15.46.732.png
6356,6949,3.5,20.02.2025,178,20.02.2025\178\rgb\15.15.46.827.png,20.02.2025\178\depth\15.15.46.827.png
6357,6949,3.5,20.02.2025,178,20.02.2025\178\rgb\15.15.46.917.png,20.02.2025\178\depth\15.15.46.917.png
6358,6949,3.5,20.02.2025,178,20.02.2025\178\rgb\15.15.47.010.png,20.02.2025\178\depth\15.15.47.010.png
6359,6949,3.5,20.02.2025,178,20.02.2025\178\rgb\15.15.47.103.png,20.02.2025\178\depth\15.15.47.103.png
6360,6949,3.5,20.02.2025,178,20.02.2025\178\rgb\15.15.47.189.png,20.02.2025\178\depth\15.15.47.189.png
6361,6625,3.25,20.02.2025,179,20.02.2025\179\rgb\15.16.01.774.png,20.02.2025\179\depth\15.16.01.774.png
6362,6625,3.25,20.02.2025,179,20.02.2025\179\rgb\15.16.01.877.png,20.02.2025\179\depth\15.16.01.877.png
6363,6625,3.25,20.02.2025,179,20.02.2025\179\rgb\15.16.01.973.png,20.02.2025\179\depth\15.16.01.973.png
6364,6625,3.25,20.02.2025,179,20.02.2025\179\rgb\15.16.02.072.png,20.02.2025\179\depth\15.16.02.072.png
6365,6625,3.25,20.02.2025,179,20.02.2025\179\rgb\15.16.02.158.png,20.02.2025\179\depth\15.16.02.158.png
6366,6625,3.25,20.02.2025,179,20.02.2025\179\rgb\15.16.02.249.png,20.02.2025\179\depth\15.16.02.249.png
6367,6625,3.25,20.02.2025,179,20.02.2025\179\rgb\15.16.02.341.png,20.02.2025\179\depth\15.16.02.341.png
6368,6625,3.25,20.02.2025,179,20.02.2025\179\rgb\15.16.02.433.png,20.02.2025\179\depth\15.16.02.433.png
6369,6625,3.25,20.02.2025,179,20.02.2025\179\rgb\15.16.02.523.png,20.02.2025\179\depth\15.16.02.523.png
6370,6625,3.25,20.02.2025,179,20.02.2025\179\rgb\15.16.02.617.png,20.02.2025\179\depth\15.16.02.617.png
6371,6625,3.25,20.02.2025,179,20.02.2025\179\rgb\15.16.02.715.png,20.02.2025\179\depth\15.16.02.715.png
6372,6625,3.25,20.02.2025,179,20.02.2025\179\rgb\15.16.02.816.png,20.02.2025\179\depth\15.16.02.816.png
6373,6625,3.25,20.02.2025,179,20.02.2025\179\rgb\15.16.02.910.png,20.02.2025\179\depth\15.16.02.910.png
6374,6625,3.25,20.02.2025,179,20.02.2025\179\rgb\15.16.03.006.png,20.02.2025\179\depth\15.16.03.006.png
6375,6625,3.25,20.02.2025,179,20.02.2025\179\rgb\15.16.03.096.png,20.02.2025\179\depth\15.16.03.096.png
6376,6625,3.25,20.02.2025,179,20.02.2025\179\rgb\15.16.03.188.png,20.02.2025\179\depth\15.16.03.188.png
6377,6625,3.25,20.02.2025,179,20.02.2025\179\rgb\15.16.03.280.png,20.02.2025\179\depth\15.16.03.280.png
6378,6625,3.25,20.02.2025,179,20.02.2025\179\rgb\15.16.03.374.png,20.02.2025\179\depth\15.16.03.374.png
6379,6625,3.25,20.02.2025,179,20.02.2025\179\rgb\15.16.03.466.png,20.02.2025\179\depth\15.16.03.466.png
6380,6625,3.25,20.02.2025,179,20.02.2025\179\rgb\15.16.03.557.png,20.02.2025\179\depth\15.16.03.557.png
6381,7009,3.25,20.02.2025,180,20.02.2025\180\rgb\15.16.19.250.png,20.02.2025\180\depth\15.16.19.250.png
6382,7009,3.25,20.02.2025,180,20.02.2025\180\rgb\15.16.19.336.png,20.02.2025\180\depth\15.16.19.336.png
6383,7009,3.25,20.02.2025,180,20.02.2025\180\rgb\15.16.19.430.png,20.02.2025\180\depth\15.16.19.430.png
6384,7009,3.25,20.02.2025,180,20.02.2025\180\rgb\15.16.19.526.png,20.02.2025\180\depth\15.16.19.526.png
6385,7009,3.25,20.02.2025,180,20.02.2025\180\rgb\15.16.19.628.png,20.02.2025\180\depth\15.16.19.628.png
6386,7009,3.25,20.02.2025,180,20.02.2025\180\rgb\15.16.19.723.png,20.02.2025\180\depth\15.16.19.723.png
6387,7009,3.25,20.02.2025,180,20.02.2025\180\rgb\15.16.19.813.png,20.02.2025\180\depth\15.16.19.813.png
6388,7009,3.25,20.02.2025,180,20.02.2025\180\rgb\15.16.19.906.png,20.02.2025\180\depth\15.16.19.906.png
6389,7009,3.25,20.02.2025,180,20.02.2025\180\rgb\15.16.20.001.png,20.02.2025\180\depth\15.16.20.001.png
6390,7009,3.25,20.02.2025,180,20.02.2025\180\rgb\15.16.20.089.png,20.02.2025\180\depth\15.16.20.089.png
6391,7009,3.25,20.02.2025,180,20.02.2025\180\rgb\15.16.20.182.png,20.02.2025\180\depth\15.16.20.182.png
6392,7009,3.25,20.02.2025,180,20.02.2025\180\rgb\15.16.20.275.png,20.02.2025\180\depth\15.16.20.275.png
6393,7009,3.25,20.02.2025,180,20.02.2025\180\rgb\15.16.20.369.png,20.02.2025\180\depth\15.16.20.369.png
6394,7009,3.25,20.02.2025,180,20.02.2025\180\rgb\15.16.20.461.png,20.02.2025\180\depth\15.16.20.461.png
6395,7009,3.25,20.02.2025,180,20.02.2025\180\rgb\15.16.20.555.png,20.02.2025\180\depth\15.16.20.555.png
6396,7009,3.25,20.02.2025,180,20.02.2025\180\rgb\15.16.20.648.png,20.02.2025\180\depth\15.16.20.648.png
6397,7009,3.25,20.02.2025,180,20.02.2025\180\rgb\15.16.20.742.png,20.02.2025\180\depth\15.16.20.742.png
6398,7009,3.25,20.02.2025,180,20.02.2025\180\rgb\15.16.20.839.png,20.02.2025\180\depth\15.16.20.839.png
6399,7009,3.25,20.02.2025,180,20.02.2025\180\rgb\15.16.20.943.png,20.02.2025\180\depth\15.16.20.943.png
6400,7009,3.25,20.02.2025,180,20.02.2025\180\rgb\15.16.21.036.png,20.02.2025\180\depth\15.16.21.036.png
6401,6900,3.75,20.02.2025,181,20.02.2025\181\rgb\15.16.35.878.png,20.02.2025\181\depth\15.16.35.878.png
6402,6900,3.75,20.02.2025,181,20.02.2025\181\rgb\15.16.35.978.png,20.02.2025\181\depth\15.16.35.978.png
6403,6900,3.75,20.02.2025,181,20.02.2025\181\rgb\15.16.36.075.png,20.02.2025\181\depth\15.16.36.075.png
6404,6900,3.75,20.02.2025,181,20.02.2025\181\rgb\15.16.36.166.png,20.02.2025\181\depth\15.16.36.166.png
6405,6900,3.75,20.02.2025,181,20.02.2025\181\rgb\15.16.36.281.png,20.02.2025\181\depth\15.16.36.281.png
6406,6900,3.75,20.02.2025,181,20.02.2025\181\rgb\15.16.36.367.png,20.02.2025\181\depth\15.16.36.367.png
6407,6900,3.75,20.02.2025,181,20.02.2025\181\rgb\15.16.36.460.png,20.02.2025\181\depth\15.16.36.460.png
6408,6900,3.75,20.02.2025,181,20.02.2025\181\rgb\15.16.36.548.png,20.02.2025\181\depth\15.16.36.548.png
6409,6900,3.75,20.02.2025,181,20.02.2025\181\rgb\15.16.36.643.png,20.02.2025\181\depth\15.16.36.643.png
6410,6900,3.75,20.02.2025,181,20.02.2025\181\rgb\15.16.36.747.png,20.02.2025\181\depth\15.16.36.747.png
6411,6900,3.75,20.02.2025,181,20.02.2025\181\rgb\15.16.36.842.png,20.02.2025\181\depth\15.16.36.842.png
6412,6900,3.75,20.02.2025,181,20.02.2025\181\rgb\15.16.36.936.png,20.02.2025\181\depth\15.16.36.936.png
6413,6900,3.75,20.02.2025,181,20.02.2025\181\rgb\15.16.37.026.png,20.02.2025\181\depth\15.16.37.026.png
6414,6900,3.75,20.02.2025,181,20.02.2025\181\rgb\15.16.37.121.png,20.02.2025\181\depth\15.16.37.121.png
6415,6900,3.75,20.02.2025,181,20.02.2025\181\rgb\15.16.37.224.png,20.02.2025\181\depth\15.16.37.224.png
6416,6900,3.75,20.02.2025,181,20.02.2025\181\rgb\15.16.37.320.png,20.02.2025\181\depth\15.16.37.320.png
6417,6900,3.75,20.02.2025,181,20.02.2025\181\rgb\15.16.37.411.png,20.02.2025\181\depth\15.16.37.411.png
6418,6900,3.75,20.02.2025,181,20.02.2025\181\rgb\15.16.37.510.png,20.02.2025\181\depth\15.16.37.510.png
6419,6900,3.75,20.02.2025,181,20.02.2025\181\rgb\15.16.37.625.png,20.02.2025\181\depth\15.16.37.625.png
6420,6900,3.75,20.02.2025,181,20.02.2025\181\rgb\15.16.37.724.png,20.02.2025\181\depth\15.16.37.724.png
6421,6724,3.25,20.02.2025,182,20.02.2025\182\rgb\15.20.31.998.png,20.02.2025\182\depth\15.20.31.998.png
6422,6724,3.25,20.02.2025,182,20.02.2025\182\rgb\15.20.32.113.png,20.02.2025\182\depth\15.20.32.113.png
6423,6724,3.25,20.02.2025,182,20.02.2025\182\rgb\15.20.32.206.png,20.02.2025\182\depth\15.20.32.206.png
6424,6724,3.25,20.02.2025,182,20.02.2025\182\rgb\15.20.32.298.png,20.02.2025\182\depth\15.20.32.298.png
6425,6724,3.25,20.02.2025,182,20.02.2025\182\rgb\15.20.32.390.png,20.02.2025\182\depth\15.20.32.390.png
6426,6724,3.25,20.02.2025,182,20.02.2025\182\rgb\15.20.32.480.png,20.02.2025\182\depth\15.20.32.480.png
6427,6724,3.25,20.02.2025,182,20.02.2025\182\rgb\15.20.32.580.png,20.02.2025\182\depth\15.20.32.580.png
6428,6724,3.25,20.02.2025,182,20.02.2025\182\rgb\15.20.32.664.png,20.02.2025\182\depth\15.20.32.664.png
6429,6724,3.25,20.02.2025,182,20.02.2025\182\rgb\15.20.32.760.png,20.02.2025\182\depth\15.20.32.760.png
6430,6724,3.25,20.02.2025,182,20.02.2025\182\rgb\15.20.32.852.png,20.02.2025\182\depth\15.20.32.852.png
6431,6724,3.25,20.02.2025,182,20.02.2025\182\rgb\15.20.32.949.png,20.02.2025\182\depth\15.20.32.949.png
6432,6724,3.25,20.02.2025,182,20.02.2025\182\rgb\15.20.33.051.png,20.02.2025\182\depth\15.20.33.051.png
6433,6724,3.25,20.02.2025,182,20.02.2025\182\rgb\15.20.33.143.png,20.02.2025\182\depth\15.20.33.143.png
6434,6724,3.25,20.02.2025,182,20.02.2025\182\rgb\15.20.33.234.png,20.02.2025\182\depth\15.20.33.234.png
6435,6724,3.25,20.02.2025,182,20.02.2025\182\rgb\15.20.33.326.png,20.02.2025\182\depth\15.20.33.326.png
6436,6724,3.25,20.02.2025,182,20.02.2025\182\rgb\15.20.33.421.png,20.02.2025\182\depth\15.20.33.421.png
6437,6724,3.25,20.02.2025,182,20.02.2025\182\rgb\15.20.33.510.png,20.02.2025\182\depth\15.20.33.510.png
6438,6724,3.25,20.02.2025,182,20.02.2025\182\rgb\15.20.33.601.png,20.02.2025\182\depth\15.20.33.601.png
6439,6724,3.25,20.02.2025,182,20.02.2025\182\rgb\15.20.33.696.png,20.02.2025\182\depth\15.20.33.696.png
6440,6724,3.25,20.02.2025,182,20.02.2025\182\rgb\15.20.33.798.png,20.02.2025\182\depth\15.20.33.798.png
6441,630217,3.25,20.02.2025,183,20.02.2025\183\rgb\15.20.48.608.png,20.02.2025\183\depth\15.20.48.608.png
6442,630217,3.25,20.02.2025,183,20.02.2025\183\rgb\15.20.48.707.png,20.02.2025\183\depth\15.20.48.707.png
6443,630217,3.25,20.02.2025,183,20.02.2025\183\rgb\15.20.48.800.png,20.02.2025\183\depth\15.20.48.800.png
6444,630217,3.25,20.02.2025,183,20.02.2025\183\rgb\15.20.48.890.png,20.02.2025\183\depth\15.20.48.890.png
6445,630217,3.25,20.02.2025,183,20.02.2025\183\rgb\15.20.48.994.png,20.02.2025\183\depth\15.20.48.994.png
6446,630217,3.25,20.02.2025,183,20.02.2025\183\rgb\15.20.49.090.png,20.02.2025\183\depth\15.20.49.090.png
6447,630217,3.25,20.02.2025,183,20.02.2025\183\rgb\15.20.49.181.png,20.02.2025\183\depth\15.20.49.181.png
6448,630217,3.25,20.02.2025,183,20.02.2025\183\rgb\15.20.49.276.png,20.02.2025\183\depth\15.20.49.276.png
6449,630217,3.25,20.02.2025,183,20.02.2025\183\rgb\15.20.49.368.png,20.02.2025\183\depth\15.20.49.368.png
6450,630217,3.25,20.02.2025,183,20.02.2025\183\rgb\15.20.49.472.png,20.02.2025\183\depth\15.20.49.472.png
6451,630217,3.25,20.02.2025,183,20.02.2025\183\rgb\15.20.49.565.png,20.02.2025\183\depth\15.20.49.565.png
6452,630217,3.25,20.02.2025,183,20.02.2025\183\rgb\15.20.49.656.png,20.02.2025\183\depth\15.20.49.656.png
6453,630217,3.25,20.02.2025,183,20.02.2025\183\rgb\15.20.49.748.png,20.02.2025\183\depth\15.20.49.748.png
6454,630217,3.25,20.02.2025,183,20.02.2025\183\rgb\15.20.49.843.png,20.02.2025\183\depth\15.20.49.843.png
6455,630217,3.25,20.02.2025,183,20.02.2025\183\rgb\15.20.49.948.png,20.02.2025\183\depth\15.20.49.948.png
6456,630217,3.25,20.02.2025,183,20.02.2025\183\rgb\15.20.50.044.png,20.02.2025\183\depth\15.20.50.044.png
6457,630217,3.25,20.02.2025,183,20.02.2025\183\rgb\15.20.50.135.png,20.02.2025\183\depth\15.20.50.135.png
6458,630217,3.25,20.02.2025,183,20.02.2025\183\rgb\15.20.50.227.png,20.02.2025\183\depth\15.20.50.227.png
6459,630217,3.25,20.02.2025,183,20.02.2025\183\rgb\15.20.50.318.png,20.02.2025\183\depth\15.20.50.318.png
6460,630217,3.25,20.02.2025,183,20.02.2025\183\rgb\15.20.50.424.png,20.02.2025\183\depth\15.20.50.424.png
6461,221022,3.0,20.02.2025,184,20.02.2025\184\rgb\15.21.06.821.png,20.02.2025\184\depth\15.21.06.821.png
6462,221022,3.0,20.02.2025,184,20.02.2025\184\rgb\15.21.06.920.png,20.02.2025\184\depth\15.21.06.920.png
6463,221022,3.0,20.02.2025,184,20.02.2025\184\rgb\15.21.07.022.png,20.02.2025\184\depth\15.21.07.022.png
6464,221022,3.0,20.02.2025,184,20.02.2025\184\rgb\15.21.07.119.png,20.02.2025\184\depth\15.21.07.119.png
6465,221022,3.0,20.02.2025,184,20.02.2025\184\rgb\15.21.07.211.png,20.02.2025\184\depth\15.21.07.211.png
6466,221022,3.0,20.02.2025,184,20.02.2025\184\rgb\15.21.07.306.png,20.02.2025\184\depth\15.21.07.306.png
6467,221022,3.0,20.02.2025,184,20.02.2025\184\rgb\15.21.07.399.png,20.02.2025\184\depth\15.21.07.399.png
6468,221022,3.0,20.02.2025,184,20.02.2025\184\rgb\15.21.07.491.png,20.02.2025\184\depth\15.21.07.491.png
6469,221022,3.0,20.02.2025,184,20.02.2025\184\rgb\15.21.07.580.png,20.02.2025\184\depth\15.21.07.580.png
6470,221022,3.0,20.02.2025,184,20.02.2025\184\rgb\15.21.07.675.png,20.02.2025\184\depth\15.21.07.675.png
6471,221022,3.0,20.02.2025,184,20.02.2025\184\rgb\15.21.07.768.png,20.02.2025\184\depth\15.21.07.768.png
6472,221022,3.0,20.02.2025,184,20.02.2025\184\rgb\15.21.07.867.png,20.02.2025\184\depth\15.21.07.867.png
6473,221022,3.0,20.02.2025,184,20.02.2025\184\rgb\15.21.07.966.png,20.02.2025\184\depth\15.21.07.966.png
6474,221022,3.0,20.02.2025,184,20.02.2025\184\rgb\15.21.08.060.png,20.02.2025\184\depth\15.21.08.060.png
6475,221022,3.0,20.02.2025,184,20.02.2025\184\rgb\15.21.08.151.png,20.02.2025\184\depth\15.21.08.151.png
6476,221022,3.0,20.02.2025,184,20.02.2025\184\rgb\15.21.08.244.png,20.02.2025\184\depth\15.21.08.244.png
6477,221022,3.0,20.02.2025,184,20.02.2025\184\rgb\15.21.08.344.png,20.02.2025\184\depth\15.21.08.344.png
6478,221022,3.0,20.02.2025,184,20.02.2025\184\rgb\15.21.08.433.png,20.02.2025\184\depth\15.21.08.433.png
6479,221022,3.0,20.02.2025,184,20.02.2025\184\rgb\15.21.08.522.png,20.02.2025\184\depth\15.21.08.522.png
6480,221022,3.0,20.02.2025,184,20.02.2025\184\rgb\15.21.08.612.png,20.02.2025\184\depth\15.21.08.612.png
6481,401115,3.25,20.02.2025,185,20.02.2025\185\rgb\15.21.24.119.png,20.02.2025\185\depth\15.21.24.119.png
6482,401115,3.25,20.02.2025,185,20.02.2025\185\rgb\15.21.24.216.png,20.02.2025\185\depth\15.21.24.216.png
6483,401115,3.25,20.02.2025,185,20.02.2025\185\rgb\15.21.24.321.png,20.02.2025\185\depth\15.21.24.321.png
6484,401115,3.25,20.02.2025,185,20.02.2025\185\rgb\15.21.24.416.png,20.02.2025\185\depth\15.21.24.416.png
6485,401115,3.25,20.02.2025,185,20.02.2025\185\rgb\15.21.24.511.png,20.02.2025\185\depth\15.21.24.511.png
6486,401115,3.25,20.02.2025,185,20.02.2025\185\rgb\15.21.24.602.png,20.02.2025\185\depth\15.21.24.602.png
6487,401115,3.25,20.02.2025,185,20.02.2025\185\rgb\15.21.24.694.png,20.02.2025\185\depth\15.21.24.694.png
6488,401115,3.25,20.02.2025,185,20.02.2025\185\rgb\15.21.24.787.png,20.02.2025\185\depth\15.21.24.787.png
6489,401115,3.25,20.02.2025,185,20.02.2025\185\rgb\15.21.24.878.png,20.02.2025\185\depth\15.21.24.878.png
6490,401115,3.25,20.02.2025,185,20.02.2025\185\rgb\15.21.24.971.png,20.02.2025\185\depth\15.21.24.971.png
6491,401115,3.25,20.02.2025,185,20.02.2025\185\rgb\15.21.25.063.png,20.02.2025\185\depth\15.21.25.063.png
6492,401115,3.25,20.02.2025,185,20.02.2025\185\rgb\15.21.25.157.png,20.02.2025\185\depth\15.21.25.157.png
6493,401115,3.25,20.02.2025,185,20.02.2025\185\rgb\15.21.25.258.png,20.02.2025\185\depth\15.21.25.258.png
6494,401115,3.25,20.02.2025,185,20.02.2025\185\rgb\15.21.25.357.png,20.02.2025\185\depth\15.21.25.357.png
6495,401115,3.25,20.02.2025,185,20.02.2025\185\rgb\15.21.25.448.png,20.02.2025\185\depth\15.21.25.448.png
6496,401115,3.25,20.02.2025,185,20.02.2025\185\rgb\15.21.25.543.png,20.02.2025\185\depth\15.21.25.543.png
6497,401115,3.25,20.02.2025,185,20.02.2025\185\rgb\15.21.25.634.png,20.02.2025\185\depth\15.21.25.634.png
6498,401115,3.25,20.02.2025,185,20.02.2025\185\rgb\15.21.25.737.png,20.02.2025\185\depth\15.21.25.737.png
6499,401115,3.25,20.02.2025,185,20.02.2025\185\rgb\15.21.25.833.png,20.02.2025\185\depth\15.21.25.833.png
6500,401115,3.25,20.02.2025,185,20.02.2025\185\rgb\15.21.25.924.png,20.02.2025\185\depth\15.21.25.924.png
6501,6650,3.25,20.02.2025,186,20.02.2025\186\rgb\15.21.40.186.png,20.02.2025\186\depth\15.21.40.186.png
6502,6650,3.25,20.02.2025,186,20.02.2025\186\rgb\15.21.40.281.png,20.02.2025\186\depth\15.21.40.281.png
6503,6650,3.25,20.02.2025,186,20.02.2025\186\rgb\15.21.40.371.png,20.02.2025\186\depth\15.21.40.371.png
6504,6650,3.25,20.02.2025,186,20.02.2025\186\rgb\15.21.40.462.png,20.02.2025\186\depth\15.21.40.462.png
6505,6650,3.25,20.02.2025,186,20.02.2025\186\rgb\15.21.40.556.png,20.02.2025\186\depth\15.21.40.556.png
6506,6650,3.25,20.02.2025,186,20.02.2025\186\rgb\15.21.40.647.png,20.02.2025\186\depth\15.21.40.647.png
6507,6650,3.25,20.02.2025,186,20.02.2025\186\rgb\15.21.40.741.png,20.02.2025\186\depth\15.21.40.741.png
6508,6650,3.25,20.02.2025,186,20.02.2025\186\rgb\15.21.40.833.png,20.02.2025\186\depth\15.21.40.833.png
6509,6650,3.25,20.02.2025,186,20.02.2025\186\rgb\15.21.40.928.png,20.02.2025\186\depth\15.21.40.928.png
6510,6650,3.25,20.02.2025,186,20.02.2025\186\rgb\15.21.41.018.png,20.02.2025\186\depth\15.21.41.018.png
6511,6650,3.25,20.02.2025,186,20.02.2025\186\rgb\15.21.41.119.png,20.02.2025\186\depth\15.21.41.119.png
6512,6650,3.25,20.02.2025,186,20.02.2025\186\rgb\15.21.41.207.png,20.02.2025\186\depth\15.21.41.207.png
6513,6650,3.25,20.02.2025,186,20.02.2025\186\rgb\15.21.41.300.png,20.02.2025\186\depth\15.21.41.300.png
6514,6650,3.25,20.02.2025,186,20.02.2025\186\rgb\15.21.41.391.png,20.02.2025\186\depth\15.21.41.391.png
6515,6650,3.25,20.02.2025,186,20.02.2025\186\rgb\15.21.41.484.png,20.02.2025\186\depth\15.21.41.484.png
6516,6650,3.25,20.02.2025,186,20.02.2025\186\rgb\15.21.41.581.png,20.02.2025\186\depth\15.21.41.581.png
6517,6650,3.25,20.02.2025,186,20.02.2025\186\rgb\15.21.41.668.png,20.02.2025\186\depth\15.21.41.668.png
6518,6650,3.25,20.02.2025,186,20.02.2025\186\rgb\15.21.41.761.png,20.02.2025\186\depth\15.21.41.761.png
6519,6650,3.25,20.02.2025,186,20.02.2025\186\rgb\15.21.41.853.png,20.02.2025\186\depth\15.21.41.853.png
6520,6650,3.25,20.02.2025,186,20.02.2025\186\rgb\15.21.41.945.png,20.02.2025\186\depth\15.21.41.945.png
6521,7003,3.5,20.02.2025,187,20.02.2025\187\rgb\15.21.57.755.png,20.02.2025\187\depth\15.21.57.755.png
6522,7003,3.5,20.02.2025,187,20.02.2025\187\rgb\15.21.57.864.png,20.02.2025\187\depth\15.21.57.864.png
6523,7003,3.5,20.02.2025,187,20.02.2025\187\rgb\15.21.57.962.png,20.02.2025\187\depth\15.21.57.962.png
6524,7003,3.5,20.02.2025,187,20.02.2025\187\rgb\15.21.58.053.png,20.02.2025\187\depth\15.21.58.053.png
6525,7003,3.5,20.02.2025,187,20.02.2025\187\rgb\15.21.58.146.png,20.02.2025\187\depth\15.21.58.146.png
6526,7003,3.5,20.02.2025,187,20.02.2025\187\rgb\15.21.58.238.png,20.02.2025\187\depth\15.21.58.238.png
6527,7003,3.5,20.02.2025,187,20.02.2025\187\rgb\15.21.58.330.png,20.02.2025\187\depth\15.21.58.330.png
6528,7003,3.5,20.02.2025,187,20.02.2025\187\rgb\15.21.58.423.png,20.02.2025\187\depth\15.21.58.423.png
6529,7003,3.5,20.02.2025,187,20.02.2025\187\rgb\15.21.58.517.png,20.02.2025\187\depth\15.21.58.517.png
6530,7003,3.5,20.02.2025,187,20.02.2025\187\rgb\15.21.58.608.png,20.02.2025\187\depth\15.21.58.608.png
6531,7003,3.5,20.02.2025,187,20.02.2025\187\rgb\15.21.58.701.png,20.02.2025\187\depth\15.21.58.701.png
6532,7003,3.5,20.02.2025,187,20.02.2025\187\rgb\15.21.58.802.png,20.02.2025\187\depth\15.21.58.802.png
6533,7003,3.5,20.02.2025,187,20.02.2025\187\rgb\15.21.58.899.png,20.02.2025\187\depth\15.21.58.899.png
6534,7003,3.5,20.02.2025,187,20.02.2025\187\rgb\15.21.58.990.png,20.02.2025\187\depth\15.21.58.990.png
6535,7003,3.5,20.02.2025,187,20.02.2025\187\rgb\15.21.59.083.png,20.02.2025\187\depth\15.21.59.083.png
6536,7003,3.5,20.02.2025,187,20.02.2025\187\rgb\15.21.59.176.png,20.02.2025\187\depth\15.21.59.176.png
6537,7003,3.5,20.02.2025,187,20.02.2025\187\rgb\15.21.59.265.png,20.02.2025\187\depth\15.21.59.265.png
6538,7003,3.5,20.02.2025,187,20.02.2025\187\rgb\15.21.59.358.png,20.02.2025\187\depth\15.21.59.358.png
6539,7003,3.5,20.02.2025,187,20.02.2025\187\rgb\15.21.59.452.png,20.02.2025\187\depth\15.21.59.452.png
6540,7003,3.5,20.02.2025,187,20.02.2025\187\rgb\15.21.59.545.png,20.02.2025\187\depth\15.21.59.545.png
6541,930129,3.25,20.02.2025,188,20.02.2025\188\rgb\15.22.13.864.png,20.02.2025\188\depth\15.22.13.864.png
6542,930129,3.25,20.02.2025,188,20.02.2025\188\rgb\15.22.13.959.png,20.02.2025\188\depth\15.22.13.959.png
6543,930129,3.25,20.02.2025,188,20.02.2025\188\rgb\15.22.14.053.png,20.02.2025\188\depth\15.22.14.053.png
6544,930129,3.25,20.02.2025,188,20.02.2025\188\rgb\15.22.14.145.png,20.02.2025\188\depth\15.22.14.145.png
6545,930129,3.25,20.02.2025,188,20.02.2025\188\rgb\15.22.14.237.png,20.02.2025\188\depth\15.22.14.237.png
6546,930129,3.25,20.02.2025,188,20.02.2025\188\rgb\15.22.14.329.png,20.02.2025\188\depth\15.22.14.329.png
6547,930129,3.25,20.02.2025,188,20.02.2025\188\rgb\15.22.14.420.png,20.02.2025\188\depth\15.22.14.420.png
6548,930129,3.25,20.02.2025,188,20.02.2025\188\rgb\15.22.14.518.png,20.02.2025\188\depth\15.22.14.518.png
6549,930129,3.25,20.02.2025,188,20.02.2025\188\rgb\15.22.14.606.png,20.02.2025\188\depth\15.22.14.606.png
6550,930129,3.25,20.02.2025,188,20.02.2025\188\rgb\15.22.14.700.png,20.02.2025\188\depth\15.22.14.700.png
6551,930129,3.25,20.02.2025,188,20.02.2025\188\rgb\15.22.14.788.png,20.02.2025\188\depth\15.22.14.788.png
6552,930129,3.25,20.02.2025,188,20.02.2025\188\rgb\15.22.14.893.png,20.02.2025\188\depth\15.22.14.893.png
6553,930129,3.25,20.02.2025,188,20.02.2025\188\rgb\15.22.14.990.png,20.02.2025\188\depth\15.22.14.990.png
6554,930129,3.25,20.02.2025,188,20.02.2025\188\rgb\15.22.15.081.png,20.02.2025\188\depth\15.22.15.081.png
6555,930129,3.25,20.02.2025,188,20.02.2025\188\rgb\15.22.15.174.png,20.02.2025\188\depth\15.22.15.174.png
6556,930129,3.25,20.02.2025,188,20.02.2025\188\rgb\15.22.15.267.png,20.02.2025\188\depth\15.22.15.267.png
6557,930129,3.25,20.02.2025,188,20.02.2025\188\rgb\15.22.15.376.png,20.02.2025\188\depth\15.22.15.376.png
6558,930129,3.25,20.02.2025,188,20.02.2025\188\rgb\15.22.15.468.png,20.02.2025\188\depth\15.22.15.468.png
6559,930129,3.25,20.02.2025,188,20.02.2025\188\rgb\15.22.15.562.png,20.02.2025\188\depth\15.22.15.562.png
6560,930129,3.25,20.02.2025,188,20.02.2025\188\rgb\15.22.15.654.png,20.02.2025\188\depth\15.22.15.654.png
6561,34309,3.5,20.02.2025,189,20.02.2025\189\rgb\15.22.31.195.png,20.02.2025\189\depth\15.22.31.195.png
6562,34309,3.5,20.02.2025,189,20.02.2025\189\rgb\15.22.31.285.png,20.02.2025\189\depth\15.22.31.285.png
6563,34309,3.5,20.02.2025,189,20.02.2025\189\rgb\15.22.31.377.png,20.02.2025\189\depth\15.22.31.377.png
6564,34309,3.5,20.02.2025,189,20.02.2025\189\rgb\15.22.31.467.png,20.02.2025\189\depth\15.22.31.467.png
6565,34309,3.5,20.02.2025,189,20.02.2025\189\rgb\15.22.31.560.png,20.02.2025\189\depth\15.22.31.560.png
6566,34309,3.5,20.02.2025,189,20.02.2025\189\rgb\15.22.31.666.png,20.02.2025\189\depth\15.22.31.666.png
6567,34309,3.5,20.02.2025,189,20.02.2025\189\rgb\15.22.31.760.png,20.02.2025\189\depth\15.22.31.760.png
6568,34309,3.5,20.02.2025,189,20.02.2025\189\rgb\15.22.31.853.png,20.02.2025\189\depth\15.22.31.853.png
6569,34309,3.5,20.02.2025,189,20.02.2025\189\rgb\15.22.31.948.png,20.02.2025\189\depth\15.22.31.948.png
6570,34309,3.5,20.02.2025,189,20.02.2025\189\rgb\15.22.32.041.png,20.02.2025\189\depth\15.22.32.041.png
6571,34309,3.5,20.02.2025,189,20.02.2025\189\rgb\15.22.32.146.png,20.02.2025\189\depth\15.22.32.146.png
6572,34309,3.5,20.02.2025,189,20.02.2025\189\rgb\15.22.32.240.png,20.02.2025\189\depth\15.22.32.240.png
6573,34309,3.5,20.02.2025,189,20.02.2025\189\rgb\15.22.32.332.png,20.02.2025\189\depth\15.22.32.332.png
6574,34309,3.5,20.02.2025,189,20.02.2025\189\rgb\15.22.32.424.png,20.02.2025\189\depth\15.22.32.424.png
6575,34309,3.5,20.02.2025,189,20.02.2025\189\rgb\15.22.32.515.png,20.02.2025\189\depth\15.22.32.515.png
6576,34309,3.5,20.02.2025,189,20.02.2025\189\rgb\15.22.32.623.png,20.02.2025\189\depth\15.22.32.623.png
6577,34309,3.5,20.02.2025,189,20.02.2025\189\rgb\15.22.32.716.png,20.02.2025\189\depth\15.22.32.716.png
6578,34309,3.5,20.02.2025,189,20.02.2025\189\rgb\15.22.32.808.png,20.02.2025\189\depth\15.22.32.808.png
6579,34309,3.5,20.02.2025,189,20.02.2025\189\rgb\15.22.32.902.png,20.02.2025\189\depth\15.22.32.902.png
6580,34309,3.5,20.02.2025,189,20.02.2025\189\rgb\15.22.33.003.png,20.02.2025\189\depth\15.22.33.003.png
6581,6869,3.5,20.02.2025,190,20.02.2025\190\rgb\15.23.22.484.png,20.02.2025\190\depth\15.23.22.484.png
6582,6869,3.5,20.02.2025,190,20.02.2025\190\rgb\15.23.22.578.png,20.02.2025\190\depth\15.23.22.578.png
6583,6869,3.5,20.02.2025,190,20.02.2025\190\rgb\15.23.22.667.png,20.02.2025\190\depth\15.23.22.667.png
6584,6869,3.5,20.02.2025,190,20.02.2025\190\rgb\15.23.22.759.png,20.02.2025\190\depth\15.23.22.759.png
6585,6869,3.5,20.02.2025,190,20.02.2025\190\rgb\15.23.22.861.png,20.02.2025\190\depth\15.23.22.861.png
6586,6869,3.5,20.02.2025,190,20.02.2025\190\rgb\15.23.22.953.png,20.02.2025\190\depth\15.23.22.953.png
6587,6869,3.5,20.02.2025,190,20.02.2025\190\rgb\15.23.23.052.png,20.02.2025\190\depth\15.23.23.052.png
6588,6869,3.5,20.02.2025,190,20.02.2025\190\rgb\15.23.23.144.png,20.02.2025\190\depth\15.23.23.144.png
6589,6869,3.5,20.02.2025,190,20.02.2025\190\rgb\15.23.23.246.png,20.02.2025\190\depth\15.23.23.246.png
6590,6869,3.5,20.02.2025,190,20.02.2025\190\rgb\15.23.23.344.png,20.02.2025\190\depth\15.23.23.344.png
6591,6869,3.5,20.02.2025,190,20.02.2025\190\rgb\15.23.23.436.png,20.02.2025\190\depth\15.23.23.436.png
6592,6869,3.5,20.02.2025,190,20.02.2025\190\rgb\15.23.23.528.png,20.02.2025\190\depth\15.23.23.528.png
6593,6869,3.5,20.02.2025,190,20.02.2025\190\rgb\15.23.23.619.png,20.02.2025\190\depth\15.23.23.619.png
6594,6869,3.5,20.02.2025,190,20.02.2025\190\rgb\15.23.23.720.png,20.02.2025\190\depth\15.23.23.720.png
6595,6869,3.5,20.02.2025,190,20.02.2025\190\rgb\15.23.23.803.png,20.02.2025\190\depth\15.23.23.803.png
6596,6869,3.5,20.02.2025,190,20.02.2025\190\rgb\15.23.23.896.png,20.02.2025\190\depth\15.23.23.896.png
6597,6869,3.5,20.02.2025,190,20.02.2025\190\rgb\15.23.23.988.png,20.02.2025\190\depth\15.23.23.988.png
6598,6869,3.5,20.02.2025,190,20.02.2025\190\rgb\15.23.24.080.png,20.02.2025\190\depth\15.23.24.080.png
6599,6869,3.5,20.02.2025,190,20.02.2025\190\rgb\15.23.24.185.png,20.02.2025\190\depth\15.23.24.185.png
6600,6869,3.5,20.02.2025,190,20.02.2025\190\rgb\15.23.24.283.png,20.02.2025\190\depth\15.23.24.283.png
6601,401029,3.5,20.02.2025,191,20.02.2025\191\rgb\15.23.38.997.png,20.02.2025\191\depth\15.23.38.997.png
6602,401029,3.5,20.02.2025,191,20.02.2025\191\rgb\15.23.39.098.png,20.02.2025\191\depth\15.23.39.098.png
6603,401029,3.5,20.02.2025,191,20.02.2025\191\rgb\15.23.39.190.png,20.02.2025\191\depth\15.23.39.190.png
6604,401029,3.5,20.02.2025,191,20.02.2025\191\rgb\15.23.39.286.png,20.02.2025\191\depth\15.23.39.286.png
6605,401029,3.5,20.02.2025,191,20.02.2025\191\rgb\15.23.39.374.png,20.02.2025\191\depth\15.23.39.374.png
6606,401029,3.5,20.02.2025,191,20.02.2025\191\rgb\15.23.39.465.png,20.02.2025\191\depth\15.23.39.465.png
6607,401029,3.5,20.02.2025,191,20.02.2025\191\rgb\15.23.39.557.png,20.02.2025\191\depth\15.23.39.557.png
6608,401029,3.5,20.02.2025,191,20.02.2025\191\rgb\15.23.39.649.png,20.02.2025\191\depth\15.23.39.649.png
6609,401029,3.5,20.02.2025,191,20.02.2025\191\rgb\15.23.39.747.png,20.02.2025\191\depth\15.23.39.747.png
6610,401029,3.5,20.02.2025,191,20.02.2025\191\rgb\15.23.39.848.png,20.02.2025\191\depth\15.23.39.848.png
6611,401029,3.5,20.02.2025,191,20.02.2025\191\rgb\15.23.39.943.png,20.02.2025\191\depth\15.23.39.943.png
6612,401029,3.5,20.02.2025,191,20.02.2025\191\rgb\15.23.40.036.png,20.02.2025\191\depth\15.23.40.036.png
6613,401029,3.5,20.02.2025,191,20.02.2025\191\rgb\15.23.40.130.png,20.02.2025\191\depth\15.23.40.130.png
6614,401029,3.5,20.02.2025,191,20.02.2025\191\rgb\15.23.40.220.png,20.02.2025\191\depth\15.23.40.220.png
6615,401029,3.5,20.02.2025,191,20.02.2025\191\rgb\15.23.40.315.png,20.02.2025\191\depth\15.23.40.315.png
6616,401029,3.5,20.02.2025,191,20.02.2025\191\rgb\15.23.40.405.png,20.02.2025\191\depth\15.23.40.405.png
6617,401029,3.5,20.02.2025,191,20.02.2025\191\rgb\15.23.40.497.png,20.02.2025\191\depth\15.23.40.497.png
6618,401029,3.5,20.02.2025,191,20.02.2025\191\rgb\15.23.40.587.png,20.02.2025\191\depth\15.23.40.587.png
6619,401029,3.5,20.02.2025,191,20.02.2025\191\rgb\15.23.40.679.png,20.02.2025\191\depth\15.23.40.679.png
6620,401029,3.5,20.02.2025,191,20.02.2025\191\rgb\15.23.40.760.png,20.02.2025\191\depth\15.23.40.760.png
6621,6744,3.5,20.02.2025,192,20.02.2025\192\rgb\15.23.55.891.png,20.02.2025\192\depth\15.23.55.891.png
6622,6744,3.5,20.02.2025,192,20.02.2025\192\rgb\15.23.55.989.png,20.02.2025\192\depth\15.23.55.989.png
6623,6744,3.5,20.02.2025,192,20.02.2025\192\rgb\15.23.56.087.png,20.02.2025\192\depth\15.23.56.087.png
6624,6744,3.5,20.02.2025,192,20.02.2025\192\rgb\15.23.56.175.png,20.02.2025\192\depth\15.23.56.175.png
6625,6744,3.5,20.02.2025,192,20.02.2025\192\rgb\15.23.56.268.png,20.02.2025\192\depth\15.23.56.268.png
6626,6744,3.5,20.02.2025,192,20.02.2025\192\rgb\15.23.56.358.png,20.02.2025\192\depth\15.23.56.358.png
6627,6744,3.5,20.02.2025,192,20.02.2025\192\rgb\15.23.56.450.png,20.02.2025\192\depth\15.23.56.450.png
6628,6744,3.5,20.02.2025,192,20.02.2025\192\rgb\15.23.56.546.png,20.02.2025\192\depth\15.23.56.546.png
6629,6744,3.5,20.02.2025,192,20.02.2025\192\rgb\15.23.56.638.png,20.02.2025\192\depth\15.23.56.638.png
6630,6744,3.5,20.02.2025,192,20.02.2025\192\rgb\15.23.56.728.png,20.02.2025\192\depth\15.23.56.728.png
6631,6744,3.5,20.02.2025,192,20.02.2025\192\rgb\15.23.56.817.png,20.02.2025\192\depth\15.23.56.817.png
6632,6744,3.5,20.02.2025,192,20.02.2025\192\rgb\15.23.56.910.png,20.02.2025\192\depth\15.23.56.910.png
6633,6744,3.5,20.02.2025,192,20.02.2025\192\rgb\15.23.57.009.png,20.02.2025\192\depth\15.23.57.009.png
6634,6744,3.5,20.02.2025,192,20.02.2025\192\rgb\15.23.57.100.png,20.02.2025\192\depth\15.23.57.100.png
6635,6744,3.5,20.02.2025,192,20.02.2025\192\rgb\15.23.57.190.png,20.02.2025\192\depth\15.23.57.190.png
6636,6744,3.5,20.02.2025,192,20.02.2025\192\rgb\15.23.57.281.png,20.02.2025\192\depth\15.23.57.281.png
6637,6744,3.5,20.02.2025,192,20.02.2025\192\rgb\15.23.57.379.png,20.02.2025\192\depth\15.23.57.379.png
6638,6744,3.5,20.02.2025,192,20.02.2025\192\rgb\15.23.57.474.png,20.02.2025\192\depth\15.23.57.474.png
6639,6744,3.5,20.02.2025,192,20.02.2025\192\rgb\15.23.57.567.png,20.02.2025\192\depth\15.23.57.567.png
6640,6744,3.5,20.02.2025,192,20.02.2025\192\rgb\15.23.57.670.png,20.02.2025\192\depth\15.23.57.670.png
6641,6556,3.25,20.02.2025,193,20.02.2025\193\rgb\15.24.12.447.png,20.02.2025\193\depth\15.24.12.447.png
6642,6556,3.25,20.02.2025,193,20.02.2025\193\rgb\15.24.12.545.png,20.02.2025\193\depth\15.24.12.545.png
6643,6556,3.25,20.02.2025,193,20.02.2025\193\rgb\15.24.12.637.png,20.02.2025\193\depth\15.24.12.637.png
6644,6556,3.25,20.02.2025,193,20.02.2025\193\rgb\15.24.12.737.png,20.02.2025\193\depth\15.24.12.737.png
6645,6556,3.25,20.02.2025,193,20.02.2025\193\rgb\15.24.12.837.png,20.02.2025\193\depth\15.24.12.837.png
6646,6556,3.25,20.02.2025,193,20.02.2025\193\rgb\15.24.12.931.png,20.02.2025\193\depth\15.24.12.931.png
6647,6556,3.25,20.02.2025,193,20.02.2025\193\rgb\15.24.13.017.png,20.02.2025\193\depth\15.24.13.017.png
6648,6556,3.25,20.02.2025,193,20.02.2025\193\rgb\15.24.13.113.png,20.02.2025\193\depth\15.24.13.113.png
6649,6556,3.25,20.02.2025,193,20.02.2025\193\rgb\15.24.13.208.png,20.02.2025\193\depth\15.24.13.208.png
6650,6556,3.25,20.02.2025,193,20.02.2025\193\rgb\15.24.13.300.png,20.02.2025\193\depth\15.24.13.300.png
6651,6556,3.25,20.02.2025,193,20.02.2025\193\rgb\15.24.13.393.png,20.02.2025\193\depth\15.24.13.393.png
6652,6556,3.25,20.02.2025,193,20.02.2025\193\rgb\15.24.13.485.png,20.02.2025\193\depth\15.24.13.485.png
6653,6556,3.25,20.02.2025,193,20.02.2025\193\rgb\15.24.13.578.png,20.02.2025\193\depth\15.24.13.578.png
6654,6556,3.25,20.02.2025,193,20.02.2025\193\rgb\15.24.13.670.png,20.02.2025\193\depth\15.24.13.670.png
6655,6556,3.25,20.02.2025,193,20.02.2025\193\rgb\15.24.13.763.png,20.02.2025\193\depth\15.24.13.763.png
6656,6556,3.25,20.02.2025,193,20.02.2025\193\rgb\15.24.13.856.png,20.02.2025\193\depth\15.24.13.856.png
6657,6556,3.25,20.02.2025,193,20.02.2025\193\rgb\15.24.13.949.png,20.02.2025\193\depth\15.24.13.949.png
6658,6556,3.25,20.02.2025,193,20.02.2025\193\rgb\15.24.14.051.png,20.02.2025\193\depth\15.24.14.051.png
6659,6556,3.25,20.02.2025,193,20.02.2025\193\rgb\15.24.14.149.png,20.02.2025\193\depth\15.24.14.149.png
6660,6556,3.25,20.02.2025,193,20.02.2025\193\rgb\15.24.14.243.png,20.02.2025\193\depth\15.24.14.243.png
6661,1914,3.25,20.02.2025,194,20.02.2025\194\rgb\15.24.31.969.png,20.02.2025\194\depth\15.24.31.969.png
6662,1914,3.25,20.02.2025,194,20.02.2025\194\rgb\15.24.32.060.png,20.02.2025\194\depth\15.24.32.060.png
6663,1914,3.25,20.02.2025,194,20.02.2025\194\rgb\15.24.32.154.png,20.02.2025\194\depth\15.24.32.154.png
6664,1914,3.25,20.02.2025,194,20.02.2025\194\rgb\15.24.32.246.png,20.02.2025\194\depth\15.24.32.246.png
6665,1914,3.25,20.02.2025,194,20.02.2025\194\rgb\15.24.32.346.png,20.02.2025\194\depth\15.24.32.346.png
6666,1914,3.25,20.02.2025,194,20.02.2025\194\rgb\15.24.32.435.png,20.02.2025\194\depth\15.24.32.435.png
6667,1914,3.25,20.02.2025,194,20.02.2025\194\rgb\15.24.32.525.png,20.02.2025\194\depth\15.24.32.525.png
6668,1914,3.25,20.02.2025,194,20.02.2025\194\rgb\15.24.32.618.png,20.02.2025\194\depth\15.24.32.618.png
6669,1914,3.25,20.02.2025,194,20.02.2025\194\rgb\15.24.32.711.png,20.02.2025\194\depth\15.24.32.711.png
6670,1914,3.25,20.02.2025,194,20.02.2025\194\rgb\15.24.32.804.png,20.02.2025\194\depth\15.24.32.804.png
6671,1914,3.25,20.02.2025,194,20.02.2025\194\rgb\15.24.32.895.png,20.02.2025\194\depth\15.24.32.895.png
6672,1914,3.25,20.02.2025,194,20.02.2025\194\rgb\15.24.32.985.png,20.02.2025\194\depth\15.24.32.985.png
6673,1914,3.25,20.02.2025,194,20.02.2025\194\rgb\15.24.33.072.png,20.02.2025\194\depth\15.24.33.072.png
6674,1914,3.25,20.02.2025,194,20.02.2025\194\rgb\15.24.33.174.png,20.02.2025\194\depth\15.24.33.174.png
6675,1914,3.25,20.02.2025,194,20.02.2025\194\rgb\15.24.33.262.png,20.02.2025\194\depth\15.24.33.262.png
6676,1914,3.25,20.02.2025,194,20.02.2025\194\rgb\15.24.33.352.png,20.02.2025\194\depth\15.24.33.352.png
6677,1914,3.25,20.02.2025,194,20.02.2025\194\rgb\15.24.33.442.png,20.02.2025\194\depth\15.24.33.442.png
6678,1914,3.25,20.02.2025,194,20.02.2025\194\rgb\15.24.33.536.png,20.02.2025\194\depth\15.24.33.536.png
6679,1914,3.25,20.02.2025,194,20.02.2025\194\rgb\15.24.33.629.png,20.02.2025\194\depth\15.24.33.629.png
6680,1914,3.25,20.02.2025,194,20.02.2025\194\rgb\15.24.33.717.png,20.02.2025\194\depth\15.24.33.717.png
6681,6819,3.25,20.02.2025,195,20.02.2025\195\rgb\15.24.47.144.png,20.02.2025\195\depth\15.24.47.144.png
6682,6819,3.25,20.02.2025,195,20.02.2025\195\rgb\15.24.47.239.png,20.02.2025\195\depth\15.24.47.239.png
6683,6819,3.25,20.02.2025,195,20.02.2025\195\rgb\15.24.47.334.png,20.02.2025\195\depth\15.24.47.334.png
6684,6819,3.25,20.02.2025,195,20.02.2025\195\rgb\15.24.47.425.png,20.02.2025\195\depth\15.24.47.425.png
6685,6819,3.25,20.02.2025,195,20.02.2025\195\rgb\15.24.47.517.png,20.02.2025\195\depth\15.24.47.517.png
6686,6819,3.25,20.02.2025,195,20.02.2025\195\rgb\15.24.47.617.png,20.02.2025\195\depth\15.24.47.617.png
6687,6819,3.25,20.02.2025,195,20.02.2025\195\rgb\15.24.47.701.png,20.02.2025\195\depth\15.24.47.701.png
6688,6819,3.25,20.02.2025,195,20.02.2025\195\rgb\15.24.47.796.png,20.02.2025\195\depth\15.24.47.796.png
6689,6819,3.25,20.02.2025,195,20.02.2025\195\rgb\15.24.47.889.png,20.02.2025\195\depth\15.24.47.889.png
6690,6819,3.25,20.02.2025,195,20.02.2025\195\rgb\15.24.47.979.png,20.02.2025\195\depth\15.24.47.979.png
6691,6819,3.25,20.02.2025,195,20.02.2025\195\rgb\15.24.48.068.png,20.02.2025\195\depth\15.24.48.068.png
6692,6819,3.25,20.02.2025,195,20.02.2025\195\rgb\15.24.48.166.png,20.02.2025\195\depth\15.24.48.166.png
6693,6819,3.25,20.02.2025,195,20.02.2025\195\rgb\15.24.48.257.png,20.02.2025\195\depth\15.24.48.257.png
6694,6819,3.25,20.02.2025,195,20.02.2025\195\rgb\15.24.48.349.png,20.02.2025\195\depth\15.24.48.349.png
6695,6819,3.25,20.02.2025,195,20.02.2025\195\rgb\15.24.48.442.png,20.02.2025\195\depth\15.24.48.442.png
6696,6819,3.25,20.02.2025,195,20.02.2025\195\rgb\15.24.48.535.png,20.02.2025\195\depth\15.24.48.535.png
6697,6819,3.25,20.02.2025,195,20.02.2025\195\rgb\15.24.48.629.png,20.02.2025\195\depth\15.24.48.629.png
6698,6819,3.25,20.02.2025,195,20.02.2025\195\rgb\15.24.48.721.png,20.02.2025\195\depth\15.24.48.721.png
6699,6819,3.25,20.02.2025,195,20.02.2025\195\rgb\15.24.48.813.png,20.02.2025\195\depth\15.24.48.813.png
6700,6819,3.25,20.02.2025,195,20.02.2025\195\rgb\15.24.48.909.png,20.02.2025\195\depth\15.24.48.909.png
6701,6847,3.5,20.02.2025,196,20.02.2025\196\rgb\15.25.05.235.png,20.02.2025\196\depth\15.25.05.235.png
6702,6847,3.5,20.02.2025,196,20.02.2025\196\rgb\15.25.05.329.png,20.02.2025\196\depth\15.25.05.329.png
6703,6847,3.5,20.02.2025,196,20.02.2025\196\rgb\15.25.05.422.png,20.02.2025\196\depth\15.25.05.422.png
6704,6847,3.5,20.02.2025,196,20.02.2025\196\rgb\15.25.05.517.png,20.02.2025\196\depth\15.25.05.517.png
6705,6847,3.5,20.02.2025,196,20.02.2025\196\rgb\15.25.05.608.png,20.02.2025\196\depth\15.25.05.608.png
6706,6847,3.5,20.02.2025,196,20.02.2025\196\rgb\15.25.05.700.png,20.02.2025\196\depth\15.25.05.700.png
6707,6847,3.5,20.02.2025,196,20.02.2025\196\rgb\15.25.05.792.png,20.02.2025\196\depth\15.25.05.792.png
6708,6847,3.5,20.02.2025,196,20.02.2025\196\rgb\15.25.05.882.png,20.02.2025\196\depth\15.25.05.882.png
6709,6847,3.5,20.02.2025,196,20.02.2025\196\rgb\15.25.05.984.png,20.02.2025\196\depth\15.25.05.984.png
6710,6847,3.5,20.02.2025,196,20.02.2025\196\rgb\15.25.06.070.png,20.02.2025\196\depth\15.25.06.070.png
6711,6847,3.5,20.02.2025,196,20.02.2025\196\rgb\15.25.06.162.png,20.02.2025\196\depth\15.25.06.162.png
6712,6847,3.5,20.02.2025,196,20.02.2025\196\rgb\15.25.06.255.png,20.02.2025\196\depth\15.25.06.255.png
6713,6847,3.5,20.02.2025,196,20.02.2025\196\rgb\15.25.06.347.png,20.02.2025\196\depth\15.25.06.347.png
6714,6847,3.5,20.02.2025,196,20.02.2025\196\rgb\15.25.06.445.png,20.02.2025\196\depth\15.25.06.445.png
6715,6847,3.5,20.02.2025,196,20.02.2025\196\rgb\15.25.06.534.png,20.02.2025\196\depth\15.25.06.534.png
6716,6847,3.5,20.02.2025,196,20.02.2025\196\rgb\15.25.06.625.png,20.02.2025\196\depth\15.25.06.625.png
6717,6847,3.5,20.02.2025,196,20.02.2025\196\rgb\15.25.06.715.png,20.02.2025\196\depth\15.25.06.715.png
6718,6847,3.5,20.02.2025,196,20.02.2025\196\rgb\15.25.06.808.png,20.02.2025\196\depth\15.25.06.808.png
6719,6847,3.5,20.02.2025,196,20.02.2025\196\rgb\15.25.06.906.png,20.02.2025\196\depth\15.25.06.906.png
6720,6847,3.5,20.02.2025,196,20.02.2025\196\rgb\15.25.06.993.png,20.02.2025\196\depth\15.25.06.993.png
6721,7005,3.25,20.02.2025,197,20.02.2025\197\rgb\15.25.20.853.png,20.02.2025\197\depth\15.25.20.853.png
6722,7005,3.25,20.02.2025,197,20.02.2025\197\rgb\15.25.20.945.png,20.02.2025\197\depth\15.25.20.945.png
6723,7005,3.25,20.02.2025,197,20.02.2025\197\rgb\15.25.21.039.png,20.02.2025\197\depth\15.25.21.039.png
6724,7005,3.25,20.02.2025,197,20.02.2025\197\rgb\15.25.21.133.png,20.02.2025\197\depth\15.25.21.133.png
6725,7005,3.25,20.02.2025,197,20.02.2025\197\rgb\15.25.21.222.png,20.02.2025\197\depth\15.25.21.222.png
6726,7005,3.25,20.02.2025,197,20.02.2025\197\rgb\15.25.21.314.png,20.02.2025\197\depth\15.25.21.314.png
6727,7005,3.25,20.02.2025,197,20.02.2025\197\rgb\15.25.21.407.png,20.02.2025\197\depth\15.25.21.407.png
6728,7005,3.25,20.02.2025,197,20.02.2025\197\rgb\15.25.21.501.png,20.02.2025\197\depth\15.25.21.501.png
6729,7005,3.25,20.02.2025,197,20.02.2025\197\rgb\15.25.21.594.png,20.02.2025\197\depth\15.25.21.594.png
6730,7005,3.25,20.02.2025,197,20.02.2025\197\rgb\15.25.21.686.png,20.02.2025\197\depth\15.25.21.686.png
6731,7005,3.25,20.02.2025,197,20.02.2025\197\rgb\15.25.21.776.png,20.02.2025\197\depth\15.25.21.776.png
6732,7005,3.25,20.02.2025,197,20.02.2025\197\rgb\15.25.21.872.png,20.02.2025\197\depth\15.25.21.872.png
6733,7005,3.25,20.02.2025,197,20.02.2025\197\rgb\15.25.21.963.png,20.02.2025\197\depth\15.25.21.963.png
6734,7005,3.25,20.02.2025,197,20.02.2025\197\rgb\15.25.22.057.png,20.02.2025\197\depth\15.25.22.057.png
6735,7005,3.25,20.02.2025,197,20.02.2025\197\rgb\15.25.22.148.png,20.02.2025\197\depth\15.25.22.148.png
6736,7005,3.25,20.02.2025,197,20.02.2025\197\rgb\15.25.22.242.png,20.02.2025\197\depth\15.25.22.242.png
6737,7005,3.25,20.02.2025,197,20.02.2025\197\rgb\15.25.22.333.png,20.02.2025\197\depth\15.25.22.333.png
6738,7005,3.25,20.02.2025,197,20.02.2025\197\rgb\15.25.22.428.png,20.02.2025\197\depth\15.25.22.428.png
6739,7005,3.25,20.02.2025,197,20.02.2025\197\rgb\15.25.22.518.png,20.02.2025\197\depth\15.25.22.518.png
6740,7005,3.25,20.02.2025,197,20.02.2025\197\rgb\15.25.22.622.png,20.02.2025\197\depth\15.25.22.622.png
6741,6359,3.5,20.02.2025,198,20.02.2025\198\rgb\15.25.38.902.png,20.02.2025\198\depth\15.25.38.902.png
6742,6359,3.5,20.02.2025,198,20.02.2025\198\rgb\15.25.39.005.png,20.02.2025\198\depth\15.25.39.005.png
6743,6359,3.5,20.02.2025,198,20.02.2025\198\rgb\15.25.39.103.png,20.02.2025\198\depth\15.25.39.103.png
6744,6359,3.5,20.02.2025,198,20.02.2025\198\rgb\15.25.39.191.png,20.02.2025\198\depth\15.25.39.191.png
6745,6359,3.5,20.02.2025,198,20.02.2025\198\rgb\15.25.39.283.png,20.02.2025\198\depth\15.25.39.283.png
6746,6359,3.5,20.02.2025,198,20.02.2025\198\rgb\15.25.39.376.png,20.02.2025\198\depth\15.25.39.376.png
6747,6359,3.5,20.02.2025,198,20.02.2025\198\rgb\15.25.39.470.png,20.02.2025\198\depth\15.25.39.470.png
6748,6359,3.5,20.02.2025,198,20.02.2025\198\rgb\15.25.39.567.png,20.02.2025\198\depth\15.25.39.567.png
6749,6359,3.5,20.02.2025,198,20.02.2025\198\rgb\15.25.39.652.png,20.02.2025\198\depth\15.25.39.652.png
6750,6359,3.5,20.02.2025,198,20.02.2025\198\rgb\15.25.39.745.png,20.02.2025\198\depth\15.25.39.745.png
6751,6359,3.5,20.02.2025,198,20.02.2025\198\rgb\15.25.39.839.png,20.02.2025\198\depth\15.25.39.839.png
6752,6359,3.5,20.02.2025,198,20.02.2025\198\rgb\15.25.39.932.png,20.02.2025\198\depth\15.25.39.932.png
6753,6359,3.5,20.02.2025,198,20.02.2025\198\rgb\15.25.40.027.png,20.02.2025\198\depth\15.25.40.027.png
6754,6359,3.5,20.02.2025,198,20.02.2025\198\rgb\15.25.40.115.png,20.02.2025\198\depth\15.25.40.115.png
6755,6359,3.5,20.02.2025,198,20.02.2025\198\rgb\15.25.40.209.png,20.02.2025\198\depth\15.25.40.209.png
6756,6359,3.5,20.02.2025,198,20.02.2025\198\rgb\15.25.40.303.png,20.02.2025\198\depth\15.25.40.303.png
6757,6359,3.5,20.02.2025,198,20.02.2025\198\rgb\15.25.40.394.png,20.02.2025\198\depth\15.25.40.394.png
6758,6359,3.5,20.02.2025,198,20.02.2025\198\rgb\15.25.40.486.png,20.02.2025\198\depth\15.25.40.486.png
6759,6359,3.5,20.02.2025,198,20.02.2025\198\rgb\15.25.40.579.png,20.02.2025\198\depth\15.25.40.579.png
6760,6359,3.5,20.02.2025,198,20.02.2025\198\rgb\15.25.40.672.png,20.02.2025\198\depth\15.25.40.672.png
6761,6839,3.5,20.02.2025,199,20.02.2025\199\rgb\15.25.56.292.png,20.02.2025\199\depth\15.25.56.292.png
6762,6839,3.5,20.02.2025,199,20.02.2025\199\rgb\15.25.56.403.png,20.02.2025\199\depth\15.25.56.403.png
6763,6839,3.5,20.02.2025,199,20.02.2025\199\rgb\15.25.56.500.png,20.02.2025\199\depth\15.25.56.500.png
6764,6839,3.5,20.02.2025,199,20.02.2025\199\rgb\15.25.56.593.png,20.02.2025\199\depth\15.25.56.593.png
6765,6839,3.5,20.02.2025,199,20.02.2025\199\rgb\15.25.56.684.png,20.02.2025\199\depth\15.25.56.684.png
6766,6839,3.5,20.02.2025,199,20.02.2025\199\rgb\15.25.56.776.png,20.02.2025\199\depth\15.25.56.776.png
6767,6839,3.5,20.02.2025,199,20.02.2025\199\rgb\15.25.56.870.png,20.02.2025\199\depth\15.25.56.870.png
6768,6839,3.5,20.02.2025,199,20.02.2025\199\rgb\15.25.56.962.png,20.02.2025\199\depth\15.25.56.962.png
6769,6839,3.5,20.02.2025,199,20.02.2025\199\rgb\15.25.57.055.png,20.02.2025\199\depth\15.25.57.055.png
6770,6839,3.5,20.02.2025,199,20.02.2025\199\rgb\15.25.57.144.png,20.02.2025\199\depth\15.25.57.144.png
6771,6839,3.5,20.02.2025,199,20.02.2025\199\rgb\15.25.57.238.png,20.02.2025\199\depth\15.25.57.238.png
6772,6839,3.5,20.02.2025,199,20.02.2025\199\rgb\15.25.57.337.png,20.02.2025\199\depth\15.25.57.337.png
6773,6839,3.5,20.02.2025,199,20.02.2025\199\rgb\15.25.57.419.png,20.02.2025\199\depth\15.25.57.419.png
6774,6839,3.5,20.02.2025,199,20.02.2025\199\rgb\15.25.57.512.png,20.02.2025\199\depth\15.25.57.512.png
6775,6839,3.5,20.02.2025,199,20.02.2025\199\rgb\15.25.57.606.png,20.02.2025\199\depth\15.25.57.606.png
6776,6839,3.5,20.02.2025,199,20.02.2025\199\rgb\15.25.57.697.png,20.02.2025\199\depth\15.25.57.697.png
6777,6839,3.5,20.02.2025,199,20.02.2025\199\rgb\15.25.57.802.png,20.02.2025\199\depth\15.25.57.802.png
6778,6839,3.5,20.02.2025,199,20.02.2025\199\rgb\15.25.57.882.png,20.02.2025\199\depth\15.25.57.882.png
6779,6839,3.5,20.02.2025,199,20.02.2025\199\rgb\15.25.57.977.png,20.02.2025\199\depth\15.25.57.977.png
6780,6839,3.5,20.02.2025,199,20.02.2025\199\rgb\15.25.58.066.png,20.02.2025\199\depth\15.25.58.066.png
6781,7514,3.5,20.02.2025,200,20.02.2025\200\rgb\15.26.11.824.png,20.02.2025\200\depth\15.26.11.824.png
6782,7514,3.5,20.02.2025,200,20.02.2025\200\rgb\15.26.11.925.png,20.02.2025\200\depth\15.26.11.925.png
6783,7514,3.5,20.02.2025,200,20.02.2025\200\rgb\15.26.12.013.png,20.02.2025\200\depth\15.26.12.013.png
6784,7514,3.5,20.02.2025,200,20.02.2025\200\rgb\15.26.12.106.png,20.02.2025\200\depth\15.26.12.106.png
6785,7514,3.5,20.02.2025,200,20.02.2025\200\rgb\15.26.12.198.png,20.02.2025\200\depth\15.26.12.198.png
6786,7514,3.5,20.02.2025,200,20.02.2025\200\rgb\15.26.12.289.png,20.02.2025\200\depth\15.26.12.289.png
6787,7514,3.5,20.02.2025,200,20.02.2025\200\rgb\15.26.12.381.png,20.02.2025\200\depth\15.26.12.381.png
6788,7514,3.5,20.02.2025,200,20.02.2025\200\rgb\15.26.12.473.png,20.02.2025\200\depth\15.26.12.473.png
6789,7514,3.5,20.02.2025,200,20.02.2025\200\rgb\15.26.12.566.png,20.02.2025\200\depth\15.26.12.566.png
6790,7514,3.5,20.02.2025,200,20.02.2025\200\rgb\15.26.12.656.png,20.02.2025\200\depth\15.26.12.656.png
6791,7514,3.5,20.02.2025,200,20.02.2025\200\rgb\15.26.12.750.png,20.02.2025\200\depth\15.26.12.750.png
6792,7514,3.5,20.02.2025,200,20.02.2025\200\rgb\15.26.12.842.png,20.02.2025\200\depth\15.26.12.842.png
6793,7514,3.5,20.02.2025,200,20.02.2025\200\rgb\15.26.12.938.png,20.02.2025\200\depth\15.26.12.938.png
6794,7514,3.5,20.02.2025,200,20.02.2025\200\rgb\15.26.13.032.png,20.02.2025\200\depth\15.26.13.032.png
6795,7514,3.5,20.02.2025,200,20.02.2025\200\rgb\15.26.13.123.png,20.02.2025\200\depth\15.26.13.123.png
6796,7514,3.5,20.02.2025,200,20.02.2025\200\rgb\15.26.13.211.png,20.02.2025\200\depth\15.26.13.211.png
6797,7514,3.5,20.02.2025,200,20.02.2025\200\rgb\15.26.13.307.png,20.02.2025\200\depth\15.26.13.307.png
6798,7514,3.5,20.02.2025,200,20.02.2025\200\rgb\15.26.13.402.png,20.02.2025\200\depth\15.26.13.402.png
6799,7514,3.5,20.02.2025,200,20.02.2025\200\rgb\15.26.13.495.png,20.02.2025\200\depth\15.26.13.495.png
6800,7514,3.5,20.02.2025,200,20.02.2025\200\rgb\15.26.13.585.png,20.02.2025\200\depth\15.26.13.585.png
6801,130122,3.25,20.02.2025,201,20.02.2025\201\rgb\15.26.28.402.png,20.02.2025\201\depth\15.26.28.402.png
6802,130122,3.25,20.02.2025,201,20.02.2025\201\rgb\15.26.28.503.png,20.02.2025\201\depth\15.26.28.503.png
6803,130122,3.25,20.02.2025,201,20.02.2025\201\rgb\15.26.28.606.png,20.02.2025\201\depth\15.26.28.606.png
6804,130122,3.25,20.02.2025,201,20.02.2025\201\rgb\15.26.28.702.png,20.02.2025\201\depth\15.26.28.702.png
6805,130122,3.25,20.02.2025,201,20.02.2025\201\rgb\15.26.28.793.png,20.02.2025\201\depth\15.26.28.793.png
6806,130122,3.25,20.02.2025,201,20.02.2025\201\rgb\15.26.28.886.png,20.02.2025\201\depth\15.26.28.886.png
6807,130122,3.25,20.02.2025,201,20.02.2025\201\rgb\15.26.28.979.png,20.02.2025\201\depth\15.26.28.979.png
6808,130122,3.25,20.02.2025,201,20.02.2025\201\rgb\15.26.29.057.png,20.02.2025\201\depth\15.26.29.057.png
6809,130122,3.25,20.02.2025,201,20.02.2025\201\rgb\15.26.29.149.png,20.02.2025\201\depth\15.26.29.149.png
6810,130122,3.25,20.02.2025,201,20.02.2025\201\rgb\15.26.29.242.png,20.02.2025\201\depth\15.26.29.242.png
6811,130122,3.25,20.02.2025,201,20.02.2025\201\rgb\15.26.29.335.png,20.02.2025\201\depth\15.26.29.335.png
6812,130122,3.25,20.02.2025,201,20.02.2025\201\rgb\15.26.29.428.png,20.02.2025\201\depth\15.26.29.428.png
6813,130122,3.25,20.02.2025,201,20.02.2025\201\rgb\15.26.29.526.png,20.02.2025\201\depth\15.26.29.526.png
6814,130122,3.25,20.02.2025,201,20.02.2025\201\rgb\15.26.29.611.png,20.02.2025\201\depth\15.26.29.611.png
6815,130122,3.25,20.02.2025,201,20.02.2025\201\rgb\15.26.29.705.png,20.02.2025\201\depth\15.26.29.705.png
6816,130122,3.25,20.02.2025,201,20.02.2025\201\rgb\15.26.29.797.png,20.02.2025\201\depth\15.26.29.797.png
6817,130122,3.25,20.02.2025,201,20.02.2025\201\rgb\15.26.29.888.png,20.02.2025\201\depth\15.26.29.888.png
6818,130122,3.25,20.02.2025,201,20.02.2025\201\rgb\15.26.29.990.png,20.02.2025\201\depth\15.26.29.990.png
6819,130122,3.25,20.02.2025,201,20.02.2025\201\rgb\15.26.30.075.png,20.02.2025\201\depth\15.26.30.075.png
6820,130122,3.25,20.02.2025,201,20.02.2025\201\rgb\15.26.30.168.png,20.02.2025\201\depth\15.26.30.168.png
6821,6737,3.25,20.02.2025,202,20.02.2025\202\rgb\15.26.45.275.png,20.02.2025\202\depth\15.26.45.275.png
6822,6737,3.25,20.02.2025,202,20.02.2025\202\rgb\15.26.45.369.png,20.02.2025\202\depth\15.26.45.369.png
6823,6737,3.25,20.02.2025,202,20.02.2025\202\rgb\15.26.45.466.png,20.02.2025\202\depth\15.26.45.466.png
6824,6737,3.25,20.02.2025,202,20.02.2025\202\rgb\15.26.45.556.png,20.02.2025\202\depth\15.26.45.556.png
6825,6737,3.25,20.02.2025,202,20.02.2025\202\rgb\15.26.45.648.png,20.02.2025\202\depth\15.26.45.648.png
6826,6737,3.25,20.02.2025,202,20.02.2025\202\rgb\15.26.45.742.png,20.02.2025\202\depth\15.26.45.742.png
6827,6737,3.25,20.02.2025,202,20.02.2025\202\rgb\15.26.45.838.png,20.02.2025\202\depth\15.26.45.838.png
6828,6737,3.25,20.02.2025,202,20.02.2025\202\rgb\15.26.45.943.png,20.02.2025\202\depth\15.26.45.943.png
6829,6737,3.25,20.02.2025,202,20.02.2025\202\rgb\15.26.46.037.png,20.02.2025\202\depth\15.26.46.037.png
6830,6737,3.25,20.02.2025,202,20.02.2025\202\rgb\15.26.46.128.png,20.02.2025\202\depth\15.26.46.128.png
6831,6737,3.25,20.02.2025,202,20.02.2025\202\rgb\15.26.46.220.png,20.02.2025\202\depth\15.26.46.220.png
6832,6737,3.25,20.02.2025,202,20.02.2025\202\rgb\15.26.46.318.png,20.02.2025\202\depth\15.26.46.318.png
6833,6737,3.25,20.02.2025,202,20.02.2025\202\rgb\15.26.46.405.png,20.02.2025\202\depth\15.26.46.405.png
6834,6737,3.25,20.02.2025,202,20.02.2025\202\rgb\15.26.46.501.png,20.02.2025\202\depth\15.26.46.501.png
6835,6737,3.25,20.02.2025,202,20.02.2025\202\rgb\15.26.46.592.png,20.02.2025\202\depth\15.26.46.592.png
6836,6737,3.25,20.02.2025,202,20.02.2025\202\rgb\15.26.46.685.png,20.02.2025\202\depth\15.26.46.685.png
6837,6737,3.25,20.02.2025,202,20.02.2025\202\rgb\15.26.46.780.png,20.02.2025\202\depth\15.26.46.780.png
6838,6737,3.25,20.02.2025,202,20.02.2025\202\rgb\15.26.46.871.png,20.02.2025\202\depth\15.26.46.871.png
6839,6737,3.25,20.02.2025,202,20.02.2025\202\rgb\15.26.46.964.png,20.02.2025\202\depth\15.26.46.964.png
6840,6737,3.25,20.02.2025,202,20.02.2025\202\rgb\15.26.47.071.png,20.02.2025\202\depth\15.26.47.071.png
6841,800908,3.25,20.02.2025,203,20.02.2025\203\rgb\15.27.06.347.png,20.02.2025\203\depth\15.27.06.347.png
6842,800908,3.25,20.02.2025,203,20.02.2025\203\rgb\15.27.06.430.png,20.02.2025\203\depth\15.27.06.430.png
6843,800908,3.25,20.02.2025,203,20.02.2025\203\rgb\15.27.06.522.png,20.02.2025\203\depth\15.27.06.522.png
6844,800908,3.25,20.02.2025,203,20.02.2025\203\rgb\15.27.06.621.png,20.02.2025\203\depth\15.27.06.621.png
6845,800908,3.25,20.02.2025,203,20.02.2025\203\rgb\15.27.06.723.png,20.02.2025\203\depth\15.27.06.723.png
6846,800908,3.25,20.02.2025,203,20.02.2025\203\rgb\15.27.06.813.png,20.02.2025\203\depth\15.27.06.813.png
6847,800908,3.25,20.02.2025,203,20.02.2025\203\rgb\15.27.06.907.png,20.02.2025\203\depth\15.27.06.907.png
6848,800908,3.25,20.02.2025,203,20.02.2025\203\rgb\15.27.07.003.png,20.02.2025\203\depth\15.27.07.003.png
6849,800908,3.25,20.02.2025,203,20.02.2025\203\rgb\15.27.07.096.png,20.02.2025\203\depth\15.27.07.096.png
6850,800908,3.25,20.02.2025,203,20.02.2025\203\rgb\15.27.07.188.png,20.02.2025\203\depth\15.27.07.188.png
6851,800908,3.25,20.02.2025,203,20.02.2025\203\rgb\15.27.07.279.png,20.02.2025\203\depth\15.27.07.279.png
6852,800908,3.25,20.02.2025,203,20.02.2025\203\rgb\15.27.07.373.png,20.02.2025\203\depth\15.27.07.373.png
6853,800908,3.25,20.02.2025,203,20.02.2025\203\rgb\15.27.07.465.png,20.02.2025\203\depth\15.27.07.465.png
6854,800908,3.25,20.02.2025,203,20.02.2025\203\rgb\15.27.07.569.png,20.02.2025\203\depth\15.27.07.569.png
6855,800908,3.25,20.02.2025,203,20.02.2025\203\rgb\15.27.07.667.png,20.02.2025\203\depth\15.27.07.667.png
6856,800908,3.25,20.02.2025,203,20.02.2025\203\rgb\15.27.07.767.png,20.02.2025\203\depth\15.27.07.767.png
6857,800908,3.25,20.02.2025,203,20.02.2025\203\rgb\15.27.07.875.png,20.02.2025\203\depth\15.27.07.875.png
6858,800908,3.25,20.02.2025,203,20.02.2025\203\rgb\15.27.07.982.png,20.02.2025\203\depth\15.27.07.982.png
6859,800908,3.25,20.02.2025,203,20.02.2025\203\rgb\15.27.08.094.png,20.02.2025\203\depth\15.27.08.094.png
6860,800908,3.25,20.02.2025,203,20.02.2025\203\rgb\15.27.08.196.png,20.02.2025\203\depth\15.27.08.196.png
6861,6883,3.25,20.02.2025,204,20.02.2025\204\rgb\15.27.17.329.png,20.02.2025\204\depth\15.27.17.329.png
6862,6883,3.25,20.02.2025,204,20.02.2025\204\rgb\15.27.17.427.png,20.02.2025\204\depth\15.27.17.427.png
6863,6883,3.25,20.02.2025,204,20.02.2025\204\rgb\15.27.17.523.png,20.02.2025\204\depth\15.27.17.523.png
6864,6883,3.25,20.02.2025,204,20.02.2025\204\rgb\15.27.17.618.png,20.02.2025\204\depth\15.27.17.618.png
6865,6883,3.25,20.02.2025,204,20.02.2025\204\rgb\15.27.17.707.png,20.02.2025\204\depth\15.27.17.707.png
6866,6883,3.25,20.02.2025,204,20.02.2025\204\rgb\15.27.17.799.png,20.02.2025\204\depth\15.27.17.799.png
6867,6883,3.25,20.02.2025,204,20.02.2025\204\rgb\15.27.17.889.png,20.02.2025\204\depth\15.27.17.889.png
6868,6883,3.25,20.02.2025,204,20.02.2025\204\rgb\15.27.17.980.png,20.02.2025\204\depth\15.27.17.980.png
6869,6883,3.25,20.02.2025,204,20.02.2025\204\rgb\15.27.18.080.png,20.02.2025\204\depth\15.27.18.080.png
6870,6883,3.25,20.02.2025,204,20.02.2025\204\rgb\15.27.18.167.png,20.02.2025\204\depth\15.27.18.167.png
6871,6883,3.25,20.02.2025,204,20.02.2025\204\rgb\15.27.18.253.png,20.02.2025\204\depth\15.27.18.253.png
6872,6883,3.25,20.02.2025,204,20.02.2025\204\rgb\15.27.18.348.png,20.02.2025\204\depth\15.27.18.348.png
6873,6883,3.25,20.02.2025,204,20.02.2025\204\rgb\15.27.18.450.png,20.02.2025\204\depth\15.27.18.450.png
6874,6883,3.25,20.02.2025,204,20.02.2025\204\rgb\15.27.18.549.png,20.02.2025\204\depth\15.27.18.549.png
6875,6883,3.25,20.02.2025,204,20.02.2025\204\rgb\15.27.18.645.png,20.02.2025\204\depth\15.27.18.645.png
6876,6883,3.25,20.02.2025,204,20.02.2025\204\rgb\15.27.18.737.png,20.02.2025\204\depth\15.27.18.737.png
6877,6883,3.25,20.02.2025,204,20.02.2025\204\rgb\15.27.18.831.png,20.02.2025\204\depth\15.27.18.831.png
6878,6883,3.25,20.02.2025,204,20.02.2025\204\rgb\15.27.18.929.png,20.02.2025\204\depth\15.27.18.929.png
6879,6883,3.25,20.02.2025,204,20.02.2025\204\rgb\15.27.19.018.png,20.02.2025\204\depth\15.27.19.018.png
6880,6883,3.25,20.02.2025,204,20.02.2025\204\rgb\15.27.19.110.png,20.02.2025\204\depth\15.27.19.110.png
6881,6903,3.5,20.02.2025,205,20.02.2025\205\rgb\15.27.35.879.png,20.02.2025\205\depth\15.27.35.879.png
6882,6903,3.5,20.02.2025,205,20.02.2025\205\rgb\15.27.35.978.png,20.02.2025\205\depth\15.27.35.978.png
6883,6903,3.5,20.02.2025,205,20.02.2025\205\rgb\15.27.36.072.png,20.02.2025\205\depth\15.27.36.072.png
6884,6903,3.5,20.02.2025,205,20.02.2025\205\rgb\15.27.36.161.png,20.02.2025\205\depth\15.27.36.161.png
6885,6903,3.5,20.02.2025,205,20.02.2025\205\rgb\15.27.36.254.png,20.02.2025\205\depth\15.27.36.254.png
6886,6903,3.5,20.02.2025,205,20.02.2025\205\rgb\15.27.36.347.png,20.02.2025\205\depth\15.27.36.347.png
6887,6903,3.5,20.02.2025,205,20.02.2025\205\rgb\15.27.36.441.png,20.02.2025\205\depth\15.27.36.441.png
6888,6903,3.5,20.02.2025,205,20.02.2025\205\rgb\15.27.36.533.png,20.02.2025\205\depth\15.27.36.533.png
6889,6903,3.5,20.02.2025,205,20.02.2025\205\rgb\15.27.36.624.png,20.02.2025\205\depth\15.27.36.624.png
6890,6903,3.5,20.02.2025,205,20.02.2025\205\rgb\15.27.36.716.png,20.02.2025\205\depth\15.27.36.716.png
6891,6903,3.5,20.02.2025,205,20.02.2025\205\rgb\15.27.36.817.png,20.02.2025\205\depth\15.27.36.817.png
6892,6903,3.5,20.02.2025,205,20.02.2025\205\rgb\15.27.36.904.png,20.02.2025\205\depth\15.27.36.904.png
6893,6903,3.5,20.02.2025,205,20.02.2025\205\rgb\15.27.36.994.png,20.02.2025\205\depth\15.27.36.994.png
6894,6903,3.5,20.02.2025,205,20.02.2025\205\rgb\15.27.37.085.png,20.02.2025\205\depth\15.27.37.085.png
6895,6903,3.5,20.02.2025,205,20.02.2025\205\rgb\15.27.37.178.png,20.02.2025\205\depth\15.27.37.178.png
6896,6903,3.5,20.02.2025,205,20.02.2025\205\rgb\15.27.37.272.png,20.02.2025\205\depth\15.27.37.272.png
6897,6903,3.5,20.02.2025,205,20.02.2025\205\rgb\15.27.37.363.png,20.02.2025\205\depth\15.27.37.363.png
6898,6903,3.5,20.02.2025,205,20.02.2025\205\rgb\15.27.37.453.png,20.02.2025\205\depth\15.27.37.453.png
6899,6903,3.5,20.02.2025,205,20.02.2025\205\rgb\15.27.37.547.png,20.02.2025\205\depth\15.27.37.547.png
6900,6903,3.5,20.02.2025,205,20.02.2025\205\rgb\15.27.37.639.png,20.02.2025\205\depth\15.27.37.639.png
6901,6857,3.25,20.02.2025,206,20.02.2025\206\rgb\15.27.53.296.png,20.02.2025\206\depth\15.27.53.296.png
6902,6857,3.25,20.02.2025,206,20.02.2025\206\rgb\15.27.53.395.png,20.02.2025\206\depth\15.27.53.395.png
6903,6857,3.25,20.02.2025,206,20.02.2025\206\rgb\15.27.53.487.png,20.02.2025\206\depth\15.27.53.487.png
6904,6857,3.25,20.02.2025,206,20.02.2025\206\rgb\15.27.53.580.png,20.02.2025\206\depth\15.27.53.580.png
6905,6857,3.25,20.02.2025,206,20.02.2025\206\rgb\15.27.53.674.png,20.02.2025\206\depth\15.27.53.674.png
6906,6857,3.25,20.02.2025,206,20.02.2025\206\rgb\15.27.53.765.png,20.02.2025\206\depth\15.27.53.765.png
6907,6857,3.25,20.02.2025,206,20.02.2025\206\rgb\15.27.53.862.png,20.02.2025\206\depth\15.27.53.862.png
6908,6857,3.25,20.02.2025,206,20.02.2025\206\rgb\15.27.53.951.png,20.02.2025\206\depth\15.27.53.951.png
6909,6857,3.25,20.02.2025,206,20.02.2025\206\rgb\15.27.54.105.png,20.02.2025\206\depth\15.27.54.105.png
6910,6857,3.25,20.02.2025,206,20.02.2025\206\rgb\15.27.54.200.png,20.02.2025\206\depth\15.27.54.200.png
6911,6857,3.25,20.02.2025,206,20.02.2025\206\rgb\15.27.54.296.png,20.02.2025\206\depth\15.27.54.296.png
6912,6857,3.25,20.02.2025,206,20.02.2025\206\rgb\15.27.54.391.png,20.02.2025\206\depth\15.27.54.391.png
6913,6857,3.25,20.02.2025,206,20.02.2025\206\rgb\15.27.54.483.png,20.02.2025\206\depth\15.27.54.483.png
6914,6857,3.25,20.02.2025,206,20.02.2025\206\rgb\15.27.54.574.png,20.02.2025\206\depth\15.27.54.574.png
6915,6857,3.25,20.02.2025,206,20.02.2025\206\rgb\15.27.54.667.png,20.02.2025\206\depth\15.27.54.667.png
6916,6857,3.25,20.02.2025,206,20.02.2025\206\rgb\15.27.54.756.png,20.02.2025\206\depth\15.27.54.756.png
6917,6857,3.25,20.02.2025,206,20.02.2025\206\rgb\15.27.54.855.png,20.02.2025\206\depth\15.27.54.855.png
6918,6857,3.25,20.02.2025,206,20.02.2025\206\rgb\15.27.54.957.png,20.02.2025\206\depth\15.27.54.957.png
6919,6857,3.25,20.02.2025,206,20.02.2025\206\rgb\15.27.55.049.png,20.02.2025\206\depth\15.27.55.049.png
6920,6857,3.25,20.02.2025,206,20.02.2025\206\rgb\15.27.55.140.png,20.02.2025\206\depth\15.27.55.140.png
6921,910303,3.25,20.02.2025,207,20.02.2025\207\rgb\15.28.09.672.png,20.02.2025\207\depth\15.28.09.672.png
6922,910303,3.25,20.02.2025,207,20.02.2025\207\rgb\15.28.09.772.png,20.02.2025\207\depth\15.28.09.772.png
6923,910303,3.25,20.02.2025,207,20.02.2025\207\rgb\15.28.09.865.png,20.02.2025\207\depth\15.28.09.865.png
6924,910303,3.25,20.02.2025,207,20.02.2025\207\rgb\15.28.09.956.png,20.02.2025\207\depth\15.28.09.956.png
6925,910303,3.25,20.02.2025,207,20.02.2025\207\rgb\15.28.10.056.png,20.02.2025\207\depth\15.28.10.056.png
6926,910303,3.25,20.02.2025,207,20.02.2025\207\rgb\15.28.10.143.png,20.02.2025\207\depth\15.28.10.143.png
6927,910303,3.25,20.02.2025,207,20.02.2025\207\rgb\15.28.10.235.png,20.02.2025\207\depth\15.28.10.235.png
6928,910303,3.25,20.02.2025,207,20.02.2025\207\rgb\15.28.10.329.png,20.02.2025\207\depth\15.28.10.329.png
6929,910303,3.25,20.02.2025,207,20.02.2025\207\rgb\15.28.10.418.png,20.02.2025\207\depth\15.28.10.418.png
6930,910303,3.25,20.02.2025,207,20.02.2025\207\rgb\15.28.10.520.png,20.02.2025\207\depth\15.28.10.520.png
6931,910303,3.25,20.02.2025,207,20.02.2025\207\rgb\15.28.10.619.png,20.02.2025\207\depth\15.28.10.619.png
6932,910303,3.25,20.02.2025,207,20.02.2025\207\rgb\15.28.10.713.png,20.02.2025\207\depth\15.28.10.713.png
6933,910303,3.25,20.02.2025,207,20.02.2025\207\rgb\15.28.10.805.png,20.02.2025\207\depth\15.28.10.805.png
6934,910303,3.25,20.02.2025,207,20.02.2025\207\rgb\15.28.10.884.png,20.02.2025\207\depth\15.28.10.884.png
6935,910303,3.25,20.02.2025,207,20.02.2025\207\rgb\15.28.10.986.png,20.02.2025\207\depth\15.28.10.986.png
6936,910303,3.25,20.02.2025,207,20.02.2025\207\rgb\15.28.11.085.png,20.02.2025\207\depth\15.28.11.085.png
6937,910303,3.25,20.02.2025,207,20.02.2025\207\rgb\15.28.11.177.png,20.02.2025\207\depth\15.28.11.177.png
6938,910303,3.25,20.02.2025,207,20.02.2025\207\rgb\15.28.11.267.png,20.02.2025\207\depth\15.28.11.267.png
6939,910303,3.25,20.02.2025,207,20.02.2025\207\rgb\15.28.11.360.png,20.02.2025\207\depth\15.28.11.360.png
6940,910303,3.25,20.02.2025,207,20.02.2025\207\rgb\15.28.11.452.png,20.02.2025\207\depth\15.28.11.452.png
6941,5147,3.25,20.02.2025,208,20.02.2025\208\rgb\15.28.27.314.png,20.02.2025\208\depth\15.28.27.314.png
6942,5147,3.25,20.02.2025,208,20.02.2025\208\rgb\15.28.27.412.png,20.02.2025\208\depth\15.28.27.412.png
6943,5147,3.25,20.02.2025,208,20.02.2025\208\rgb\15.28.27.513.png,20.02.2025\208\depth\15.28.27.513.png
6944,5147,3.25,20.02.2025,208,20.02.2025\208\rgb\15.28.27.615.png,20.02.2025\208\depth\15.28.27.615.png
6945,5147,3.25,20.02.2025,208,20.02.2025\208\rgb\15.28.27.708.png,20.02.2025\208\depth\15.28.27.708.png
6946,5147,3.25,20.02.2025,208,20.02.2025\208\rgb\15.28.27.799.png,20.02.2025\208\depth\15.28.27.799.png
6947,5147,3.25,20.02.2025,208,20.02.2025\208\rgb\15.28.27.889.png,20.02.2025\208\depth\15.28.27.889.png
6948,5147,3.25,20.02.2025,208,20.02.2025\208\rgb\15.28.27.986.png,20.02.2025\208\depth\15.28.27.986.png
6949,5147,3.25,20.02.2025,208,20.02.2025\208\rgb\15.28.28.076.png,20.02.2025\208\depth\15.28.28.076.png
6950,5147,3.25,20.02.2025,208,20.02.2025\208\rgb\15.28.28.168.png,20.02.2025\208\depth\15.28.28.168.png
6951,5147,3.25,20.02.2025,208,20.02.2025\208\rgb\15.28.28.259.png,20.02.2025\208\depth\15.28.28.259.png
6952,5147,3.25,20.02.2025,208,20.02.2025\208\rgb\15.28.28.347.png,20.02.2025\208\depth\15.28.28.347.png
6953,5147,3.25,20.02.2025,208,20.02.2025\208\rgb\15.28.28.444.png,20.02.2025\208\depth\15.28.28.444.png
6954,5147,3.25,20.02.2025,208,20.02.2025\208\rgb\15.28.28.536.png,20.02.2025\208\depth\15.28.28.536.png
6955,5147,3.25,20.02.2025,208,20.02.2025\208\rgb\15.28.28.627.png,20.02.2025\208\depth\15.28.28.627.png
6956,5147,3.25,20.02.2025,208,20.02.2025\208\rgb\15.28.28.718.png,20.02.2025\208\depth\15.28.28.718.png
6957,5147,3.25,20.02.2025,208,20.02.2025\208\rgb\15.28.28.818.png,20.02.2025\208\depth\15.28.28.818.png
6958,5147,3.25,20.02.2025,208,20.02.2025\208\rgb\15.28.28.905.png,20.02.2025\208\depth\15.28.28.905.png
6959,5147,3.25,20.02.2025,208,20.02.2025\208\rgb\15.28.28.993.png,20.02.2025\208\depth\15.28.28.993.png
6960,5147,3.25,20.02.2025,208,20.02.2025\208\rgb\15.28.29.088.png,20.02.2025\208\depth\15.28.29.088.png
6961,6832,3.25,20.02.2025,209,20.02.2025\209\rgb\15.28.47.318.png,20.02.2025\209\depth\15.28.47.318.png
6962,6832,3.25,20.02.2025,209,20.02.2025\209\rgb\15.28.47.418.png,20.02.2025\209\depth\15.28.47.418.png
6963,6832,3.25,20.02.2025,209,20.02.2025\209\rgb\15.28.47.510.png,20.02.2025\209\depth\15.28.47.510.png
6964,6832,3.25,20.02.2025,209,20.02.2025\209\rgb\15.28.47.605.png,20.02.2025\209\depth\15.28.47.605.png
6965,6832,3.25,20.02.2025,209,20.02.2025\209\rgb\15.28.47.725.png,20.02.2025\209\depth\15.28.47.725.png
6966,6832,3.25,20.02.2025,209,20.02.2025\209\rgb\15.28.47.817.png,20.02.2025\209\depth\15.28.47.817.png
6967,6832,3.25,20.02.2025,209,20.02.2025\209\rgb\15.28.47.910.png,20.02.2025\209\depth\15.28.47.910.png
6968,6832,3.25,20.02.2025,209,20.02.2025\209\rgb\15.28.48.004.png,20.02.2025\209\depth\15.28.48.004.png
6969,6832,3.25,20.02.2025,209,20.02.2025\209\rgb\15.28.48.092.png,20.02.2025\209\depth\15.28.48.092.png
6970,6832,3.25,20.02.2025,209,20.02.2025\209\rgb\15.28.48.199.png,20.02.2025\209\depth\15.28.48.199.png
6971,6832,3.25,20.02.2025,209,20.02.2025\209\rgb\15.28.48.292.png,20.02.2025\209\depth\15.28.48.292.png
6972,6832,3.25,20.02.2025,209,20.02.2025\209\rgb\15.28.48.387.png,20.02.2025\209\depth\15.28.48.387.png
6973,6832,3.25,20.02.2025,209,20.02.2025\209\rgb\15.28.48.476.png,20.02.2025\209\depth\15.28.48.476.png
6974,6832,3.25,20.02.2025,209,20.02.2025\209\rgb\15.28.48.599.png,20.02.2025\209\depth\15.28.48.599.png
6975,6832,3.25,20.02.2025,209,20.02.2025\209\rgb\15.28.48.690.png,20.02.2025\209\depth\15.28.48.690.png
6976,6832,3.25,20.02.2025,209,20.02.2025\209\rgb\15.28.48.781.png,20.02.2025\209\depth\15.28.48.781.png
6977,6832,3.25,20.02.2025,209,20.02.2025\209\rgb\15.28.48.874.png,20.02.2025\209\depth\15.28.48.874.png
6978,6832,3.25,20.02.2025,209,20.02.2025\209\rgb\15.28.48.971.png,20.02.2025\209\depth\15.28.48.971.png
6979,6832,3.25,20.02.2025,209,20.02.2025\209\rgb\15.28.49.070.png,20.02.2025\209\depth\15.28.49.070.png
6980,6832,3.25,20.02.2025,209,20.02.2025\209\rgb\15.28.49.167.png,20.02.2025\209\depth\15.28.49.167.png
6981,7655,3.25,20.02.2025,210,20.02.2025\210\rgb\15.29.18.122.png,20.02.2025\210\depth\15.29.18.122.png
6982,7655,3.25,20.02.2025,210,20.02.2025\210\rgb\15.29.18.224.png,20.02.2025\210\depth\15.29.18.224.png
6983,7655,3.25,20.02.2025,210,20.02.2025\210\rgb\15.29.18.314.png,20.02.2025\210\depth\15.29.18.314.png
6984,7655,3.25,20.02.2025,210,20.02.2025\210\rgb\15.29.18.412.png,20.02.2025\210\depth\15.29.18.412.png
6985,7655,3.25,20.02.2025,210,20.02.2025\210\rgb\15.29.18.501.png,20.02.2025\210\depth\15.29.18.501.png
6986,7655,3.25,20.02.2025,210,20.02.2025\210\rgb\15.29.18.596.png,20.02.2025\210\depth\15.29.18.596.png
6987,7655,3.25,20.02.2025,210,20.02.2025\210\rgb\15.29.18.688.png,20.02.2025\210\depth\15.29.18.688.png
6988,7655,3.25,20.02.2025,210,20.02.2025\210\rgb\15.29.18.779.png,20.02.2025\210\depth\15.29.18.779.png
6989,7655,3.25,20.02.2025,210,20.02.2025\210\rgb\15.29.18.882.png,20.02.2025\210\depth\15.29.18.882.png
6990,7655,3.25,20.02.2025,210,20.02.2025\210\rgb\15.29.18.978.png,20.02.2025\210\depth\15.29.18.978.png
6991,7655,3.25,20.02.2025,210,20.02.2025\210\rgb\15.29.19.070.png,20.02.2025\210\depth\15.29.19.070.png
6992,7655,3.25,20.02.2025,210,20.02.2025\210\rgb\15.29.19.164.png,20.02.2025\210\depth\15.29.19.164.png
6993,7655,3.25,20.02.2025,210,20.02.2025\210\rgb\15.29.19.257.png,20.02.2025\210\depth\15.29.19.257.png
6994,7655,3.25,20.02.2025,210,20.02.2025\210\rgb\15.29.19.356.png,20.02.2025\210\depth\15.29.19.356.png
6995,7655,3.25,20.02.2025,210,20.02.2025\210\rgb\15.29.19.456.png,20.02.2025\210\depth\15.29.19.456.png
6996,7655,3.25,20.02.2025,210,20.02.2025\210\rgb\15.29.19.547.png,20.02.2025\210\depth\15.29.19.547.png
6997,7655,3.25,20.02.2025,210,20.02.2025\210\rgb\15.29.19.646.png,20.02.2025\210\depth\15.29.19.646.png
6998,7655,3.25,20.02.2025,210,20.02.2025\210\rgb\15.29.19.733.png,20.02.2025\210\depth\15.29.19.733.png
6999,7655,3.25,20.02.2025,210,20.02.2025\210\rgb\15.29.19.836.png,20.02.2025\210\depth\15.29.19.836.png
7000,7655,3.25,20.02.2025,210,20.02.2025\210\rgb\15.29.19.933.png,20.02.2025\210\depth\15.29.19.933.png
7001,910722,3.5,20.02.2025,211,20.02.2025\211\rgb\15.33.11.724.png,20.02.2025\211\depth\15.33.11.724.png
7002,910722,3.5,20.02.2025,211,20.02.2025\211\rgb\15.33.11.818.png,20.02.2025\211\depth\15.33.11.818.png
7003,910722,3.5,20.02.2025,211,20.02.2025\211\rgb\15.33.11.921.png,20.02.2025\211\depth\15.33.11.921.png
7004,910722,3.5,20.02.2025,211,20.02.2025\211\rgb\15.33.12.018.png,20.02.2025\211\depth\15.33.12.018.png
7005,910722,3.5,20.02.2025,211,20.02.2025\211\rgb\15.33.12.111.png,20.02.2025\211\depth\15.33.12.111.png
7006,910722,3.5,20.02.2025,211,20.02.2025\211\rgb\15.33.12.203.png,20.02.2025\211\depth\15.33.12.203.png
7007,910722,3.5,20.02.2025,211,20.02.2025\211\rgb\15.33.12.296.png,20.02.2025\211\depth\15.33.12.296.png
7008,910722,3.5,20.02.2025,211,20.02.2025\211\rgb\15.33.12.385.png,20.02.2025\211\depth\15.33.12.385.png
7009,910722,3.5,20.02.2025,211,20.02.2025\211\rgb\15.33.12.478.png,20.02.2025\211\depth\15.33.12.478.png
7010,910722,3.5,20.02.2025,211,20.02.2025\211\rgb\15.33.12.568.png,20.02.2025\211\depth\15.33.12.568.png
7011,910722,3.5,20.02.2025,211,20.02.2025\211\rgb\15.33.12.660.png,20.02.2025\211\depth\15.33.12.660.png
7012,910722,3.5,20.02.2025,211,20.02.2025\211\rgb\15.33.12.753.png,20.02.2025\211\depth\15.33.12.753.png
7013,910722,3.5,20.02.2025,211,20.02.2025\211\rgb\15.33.12.854.png,20.02.2025\211\depth\15.33.12.854.png
7014,910722,3.5,20.02.2025,211,20.02.2025\211\rgb\15.33.12.952.png,20.02.2025\211\depth\15.33.12.952.png
7015,910722,3.5,20.02.2025,211,20.02.2025\211\rgb\15.33.13.044.png,20.02.2025\211\depth\15.33.13.044.png
7016,910722,3.5,20.02.2025,211,20.02.2025\211\rgb\15.33.13.137.png,20.02.2025\211\depth\15.33.13.137.png
7017,910722,3.5,20.02.2025,211,20.02.2025\211\rgb\15.33.13.230.png,20.02.2025\211\depth\15.33.13.230.png
7018,910722,3.5,20.02.2025,211,20.02.2025\211\rgb\15.33.13.327.png,20.02.2025\211\depth\15.33.13.327.png
7019,910722,3.5,20.02.2025,211,20.02.2025\211\rgb\15.33.13.415.png,20.02.2025\211\depth\15.33.13.415.png
7020,910722,3.5,20.02.2025,211,20.02.2025\211\rgb\15.33.13.505.png,20.02.2025\211\depth\15.33.13.505.png
7021,6884,3.0,20.02.2025,212,20.02.2025\212\rgb\15.33.30.487.png,20.02.2025\212\depth\15.33.30.487.png
7022,6884,3.0,20.02.2025,212,20.02.2025\212\rgb\15.33.30.580.png,20.02.2025\212\depth\15.33.30.580.png
7023,6884,3.0,20.02.2025,212,20.02.2025\212\rgb\15.33.30.686.png,20.02.2025\212\depth\15.33.30.686.png
7024,6884,3.0,20.02.2025,212,20.02.2025\212\rgb\15.33.30.782.png,20.02.2025\212\depth\15.33.30.782.png
7025,6884,3.0,20.02.2025,212,20.02.2025\212\rgb\15.33.30.875.png,20.02.2025\212\depth\15.33.30.875.png
7026,6884,3.0,20.02.2025,212,20.02.2025\212\rgb\15.33.30.966.png,20.02.2025\212\depth\15.33.30.966.png
7027,6884,3.0,20.02.2025,212,20.02.2025\212\rgb\15.33.31.058.png,20.02.2025\212\depth\15.33.31.058.png
7028,6884,3.0,20.02.2025,212,20.02.2025\212\rgb\15.33.31.165.png,20.02.2025\212\depth\15.33.31.165.png
7029,6884,3.0,20.02.2025,212,20.02.2025\212\rgb\15.33.31.257.png,20.02.2025\212\depth\15.33.31.257.png
7030,6884,3.0,20.02.2025,212,20.02.2025\212\rgb\15.33.31.350.png,20.02.2025\212\depth\15.33.31.350.png
7031,6884,3.0,20.02.2025,212,20.02.2025\212\rgb\15.33.31.442.png,20.02.2025\212\depth\15.33.31.442.png
7032,6884,3.0,20.02.2025,212,20.02.2025\212\rgb\15.33.31.534.png,20.02.2025\212\depth\15.33.31.534.png
7033,6884,3.0,20.02.2025,212,20.02.2025\212\rgb\15.33.31.651.png,20.02.2025\212\depth\15.33.31.651.png
7034,6884,3.0,20.02.2025,212,20.02.2025\212\rgb\15.33.31.749.png,20.02.2025\212\depth\15.33.31.749.png
7035,6884,3.0,20.02.2025,212,20.02.2025\212\rgb\15.33.31.842.png,20.02.2025\212\depth\15.33.31.842.png
7036,6884,3.0,20.02.2025,212,20.02.2025\212\rgb\15.33.31.933.png,20.02.2025\212\depth\15.33.31.933.png
7037,6884,3.0,20.02.2025,212,20.02.2025\212\rgb\15.33.32.028.png,20.02.2025\212\depth\15.33.32.028.png
7038,6884,3.0,20.02.2025,212,20.02.2025\212\rgb\15.33.32.129.png,20.02.2025\212\depth\15.33.32.129.png
7039,6884,3.0,20.02.2025,212,20.02.2025\212\rgb\15.33.32.230.png,20.02.2025\212\depth\15.33.32.230.png
7040,6884,3.0,20.02.2025,212,20.02.2025\212\rgb\15.33.32.332.png,20.02.2025\212\depth\15.33.32.332.png
7041,610206,3.5,20.02.2025,213,20.02.2025\213\rgb\15.33.56.672.png,20.02.2025\213\depth\15.33.56.672.png
7042,610206,3.5,20.02.2025,213,20.02.2025\213\rgb\15.33.56.773.png,20.02.2025\213\depth\15.33.56.773.png
7043,610206,3.5,20.02.2025,213,20.02.2025\213\rgb\15.33.56.862.png,20.02.2025\213\depth\15.33.56.862.png
7044,610206,3.5,20.02.2025,213,20.02.2025\213\rgb\15.33.56.955.png,20.02.2025\213\depth\15.33.56.955.png
7045,610206,3.5,20.02.2025,213,20.02.2025\213\rgb\15.33.57.047.png,20.02.2025\213\depth\15.33.57.047.png
7046,610206,3.5,20.02.2025,213,20.02.2025\213\rgb\15.33.57.139.png,20.02.2025\213\depth\15.33.57.139.png
7047,610206,3.5,20.02.2025,213,20.02.2025\213\rgb\15.33.57.231.png,20.02.2025\213\depth\15.33.57.231.png
7048,610206,3.5,20.02.2025,213,20.02.2025\213\rgb\15.33.57.324.png,20.02.2025\213\depth\15.33.57.324.png
7049,610206,3.5,20.02.2025,213,20.02.2025\213\rgb\15.33.57.428.png,20.02.2025\213\depth\15.33.57.428.png
7050,610206,3.5,20.02.2025,213,20.02.2025\213\rgb\15.33.57.523.png,20.02.2025\213\depth\15.33.57.523.png
7051,610206,3.5,20.02.2025,213,20.02.2025\213\rgb\15.33.57.613.png,20.02.2025\213\depth\15.33.57.613.png
7052,610206,3.5,20.02.2025,213,20.02.2025\213\rgb\15.33.57.709.png,20.02.2025\213\depth\15.33.57.709.png
7053,610206,3.5,20.02.2025,213,20.02.2025\213\rgb\15.33.57.800.png,20.02.2025\213\depth\15.33.57.800.png
7054,610206,3.5,20.02.2025,213,20.02.2025\213\rgb\15.33.57.904.png,20.02.2025\213\depth\15.33.57.904.png
7055,610206,3.5,20.02.2025,213,20.02.2025\213\rgb\15.33.57.996.png,20.02.2025\213\depth\15.33.57.996.png
7056,610206,3.5,20.02.2025,213,20.02.2025\213\rgb\15.33.58.091.png,20.02.2025\213\depth\15.33.58.091.png
7057,610206,3.5,20.02.2025,213,20.02.2025\213\rgb\15.33.58.183.png,20.02.2025\213\depth\15.33.58.183.png
7058,610206,3.5,20.02.2025,213,20.02.2025\213\rgb\15.33.58.274.png,20.02.2025\213\depth\15.33.58.274.png
7059,610206,3.5,20.02.2025,213,20.02.2025\213\rgb\15.33.58.362.png,20.02.2025\213\depth\15.33.58.362.png
7060,610206,3.5,20.02.2025,213,20.02.2025\213\rgb\15.33.58.456.png,20.02.2025\213\depth\15.33.58.456.png
7061,801202,3.5,20.02.2025,214,20.02.2025\214\rgb\15.34.06.489.png,20.02.2025\214\depth\15.34.06.489.png
7062,801202,3.5,20.02.2025,214,20.02.2025\214\rgb\15.34.06.580.png,20.02.2025\214\depth\15.34.06.580.png
7063,801202,3.5,20.02.2025,214,20.02.2025\214\rgb\15.34.06.671.png,20.02.2025\214\depth\15.34.06.671.png
7064,801202,3.5,20.02.2025,214,20.02.2025\214\rgb\15.34.06.763.png,20.02.2025\214\depth\15.34.06.763.png
7065,801202,3.5,20.02.2025,214,20.02.2025\214\rgb\15.34.06.868.png,20.02.2025\214\depth\15.34.06.868.png
7066,801202,3.5,20.02.2025,214,20.02.2025\214\rgb\15.34.06.963.png,20.02.2025\214\depth\15.34.06.963.png
7067,801202,3.5,20.02.2025,214,20.02.2025\214\rgb\15.34.07.055.png,20.02.2025\214\depth\15.34.07.055.png
7068,801202,3.5,20.02.2025,214,20.02.2025\214\rgb\15.34.07.147.png,20.02.2025\214\depth\15.34.07.147.png
7069,801202,3.5,20.02.2025,214,20.02.2025\214\rgb\15.34.07.238.png,20.02.2025\214\depth\15.34.07.238.png
7070,801202,3.5,20.02.2025,214,20.02.2025\214\rgb\15.34.07.354.png,20.02.2025\214\depth\15.34.07.354.png
7071,801202,3.5,20.02.2025,214,20.02.2025\214\rgb\15.34.07.452.png,20.02.2025\214\depth\15.34.07.452.png
7072,801202,3.5,20.02.2025,214,20.02.2025\214\rgb\15.34.07.547.png,20.02.2025\214\depth\15.34.07.547.png
7073,801202,3.5,20.02.2025,214,20.02.2025\214\rgb\15.34.07.640.png,20.02.2025\214\depth\15.34.07.640.png
7074,801202,3.5,20.02.2025,214,20.02.2025\214\rgb\15.34.07.734.png,20.02.2025\214\depth\15.34.07.734.png
7075,801202,3.5,20.02.2025,214,20.02.2025\214\rgb\15.34.07.838.png,20.02.2025\214\depth\15.34.07.838.png
7076,801202,3.5,20.02.2025,214,20.02.2025\214\rgb\15.34.07.917.png,20.02.2025\214\depth\15.34.07.917.png
7077,801202,3.5,20.02.2025,214,20.02.2025\214\rgb\15.34.08.011.png,20.02.2025\214\depth\15.34.08.011.png
7078,801202,3.5,20.02.2025,214,20.02.2025\214\rgb\15.34.08.105.png,20.02.2025\214\depth\15.34.08.105.png
7079,801202,3.5,20.02.2025,214,20.02.2025\214\rgb\15.34.08.211.png,20.02.2025\214\depth\15.34.08.211.png
7080,801202,3.5,20.02.2025,214,20.02.2025\214\rgb\15.34.08.318.png,20.02.2025\214\depth\15.34.08.318.png
7081,6677,3.25,20.02.2025,215,20.02.2025\215\rgb\15.34.21.570.png,20.02.2025\215\depth\15.34.21.570.png
7082,6677,3.25,20.02.2025,215,20.02.2025\215\rgb\15.34.21.672.png,20.02.2025\215\depth\15.34.21.672.png
7083,6677,3.25,20.02.2025,215,20.02.2025\215\rgb\15.34.21.776.png,20.02.2025\215\depth\15.34.21.776.png
7084,6677,3.25,20.02.2025,215,20.02.2025\215\rgb\15.34.21.882.png,20.02.2025\215\depth\15.34.21.882.png
7085,6677,3.25,20.02.2025,215,20.02.2025\215\rgb\15.34.21.974.png,20.02.2025\215\depth\15.34.21.974.png
7086,6677,3.25,20.02.2025,215,20.02.2025\215\rgb\15.34.22.069.png,20.02.2025\215\depth\15.34.22.069.png
7087,6677,3.25,20.02.2025,215,20.02.2025\215\rgb\15.34.22.160.png,20.02.2025\215\depth\15.34.22.160.png
7088,6677,3.25,20.02.2025,215,20.02.2025\215\rgb\15.34.22.248.png,20.02.2025\215\depth\15.34.22.248.png
7089,6677,3.25,20.02.2025,215,20.02.2025\215\rgb\15.34.22.343.png,20.02.2025\215\depth\15.34.22.343.png
7090,6677,3.25,20.02.2025,215,20.02.2025\215\rgb\15.34.22.436.png,20.02.2025\215\depth\15.34.22.436.png
7091,6677,3.25,20.02.2025,215,20.02.2025\215\rgb\15.34.22.544.png,20.02.2025\215\depth\15.34.22.544.png
7092,6677,3.25,20.02.2025,215,20.02.2025\215\rgb\15.34.22.636.png,20.02.2025\215\depth\15.34.22.636.png
7093,6677,3.25,20.02.2025,215,20.02.2025\215\rgb\15.34.22.728.png,20.02.2025\215\depth\15.34.22.728.png
7094,6677,3.25,20.02.2025,215,20.02.2025\215\rgb\15.34.22.835.png,20.02.2025\215\depth\15.34.22.835.png
7095,6677,3.25,20.02.2025,215,20.02.2025\215\rgb\15.34.22.930.png,20.02.2025\215\depth\15.34.22.930.png
7096,6677,3.25,20.02.2025,215,20.02.2025\215\rgb\15.34.23.037.png,20.02.2025\215\depth\15.34.23.037.png
7097,6677,3.25,20.02.2025,215,20.02.2025\215\rgb\15.34.23.128.png,20.02.2025\215\depth\15.34.23.128.png
7098,6677,3.25,20.02.2025,215,20.02.2025\215\rgb\15.34.23.228.png,20.02.2025\215\depth\15.34.23.228.png
7099,6677,3.25,20.02.2025,215,20.02.2025\215\rgb\15.34.23.316.png,20.02.2025\215\depth\15.34.23.316.png
7100,6677,3.25,20.02.2025,215,20.02.2025\215\rgb\15.34.23.408.png,20.02.2025\215\depth\15.34.23.408.png
7101,6945,3.25,20.02.2025,216,20.02.2025\216\rgb\15.34.39.125.png,20.02.2025\216\depth\15.34.39.125.png
7102,6945,3.25,20.02.2025,216,20.02.2025\216\rgb\15.34.39.218.png,20.02.2025\216\depth\15.34.39.218.png
7103,6945,3.25,20.02.2025,216,20.02.2025\216\rgb\15.34.39.311.png,20.02.2025\216\depth\15.34.39.311.png
7104,6945,3.25,20.02.2025,216,20.02.2025\216\rgb\15.34.39.403.png,20.02.2025\216\depth\15.34.39.403.png
7105,6945,3.25,20.02.2025,216,20.02.2025\216\rgb\15.34.39.496.png,20.02.2025\216\depth\15.34.39.496.png
7106,6945,3.25,20.02.2025,216,20.02.2025\216\rgb\15.34.39.597.png,20.02.2025\216\depth\15.34.39.597.png
7107,6945,3.25,20.02.2025,216,20.02.2025\216\rgb\15.34.39.695.png,20.02.2025\216\depth\15.34.39.695.png
7108,6945,3.25,20.02.2025,216,20.02.2025\216\rgb\15.34.39.785.png,20.02.2025\216\depth\15.34.39.785.png
7109,6945,3.25,20.02.2025,216,20.02.2025\216\rgb\15.34.39.878.png,20.02.2025\216\depth\15.34.39.878.png
7110,6945,3.25,20.02.2025,216,20.02.2025\216\rgb\15.34.39.968.png,20.02.2025\216\depth\15.34.39.968.png
7111,6945,3.25,20.02.2025,216,20.02.2025\216\rgb\15.34.40.061.png,20.02.2025\216\depth\15.34.40.061.png
7112,6945,3.25,20.02.2025,216,20.02.2025\216\rgb\15.34.40.153.png,20.02.2025\216\depth\15.34.40.153.png
7113,6945,3.25,20.02.2025,216,20.02.2025\216\rgb\15.34.40.248.png,20.02.2025\216\depth\15.34.40.248.png
7114,6945,3.25,20.02.2025,216,20.02.2025\216\rgb\15.34.40.343.png,20.02.2025\216\depth\15.34.40.343.png
7115,6945,3.25,20.02.2025,216,20.02.2025\216\rgb\15.34.40.450.png,20.02.2025\216\depth\15.34.40.450.png
7116,6945,3.25,20.02.2025,216,20.02.2025\216\rgb\15.34.40.545.png,20.02.2025\216\depth\15.34.40.545.png
7117,6945,3.25,20.02.2025,216,20.02.2025\216\rgb\15.34.40.636.png,20.02.2025\216\depth\15.34.40.636.png
7118,6945,3.25,20.02.2025,216,20.02.2025\216\rgb\15.34.40.727.png,20.02.2025\216\depth\15.34.40.727.png
7119,6945,3.25,20.02.2025,216,20.02.2025\216\rgb\15.34.40.817.png,20.02.2025\216\depth\15.34.40.817.png
7120,6945,3.25,20.02.2025,216,20.02.2025\216\rgb\15.34.40.911.png,20.02.2025\216\depth\15.34.40.911.png
7121,801123,3.25,20.02.2025,217,20.02.2025\217\rgb\15.34.55.488.png,20.02.2025\217\depth\15.34.55.488.png
7122,801123,3.25,20.02.2025,217,20.02.2025\217\rgb\15.34.55.585.png,20.02.2025\217\depth\15.34.55.585.png
7123,801123,3.25,20.02.2025,217,20.02.2025\217\rgb\15.34.55.676.png,20.02.2025\217\depth\15.34.55.676.png
7124,801123,3.25,20.02.2025,217,20.02.2025\217\rgb\15.34.55.771.png,20.02.2025\217\depth\15.34.55.771.png
7125,801123,3.25,20.02.2025,217,20.02.2025\217\rgb\15.34.55.863.png,20.02.2025\217\depth\15.34.55.863.png
7126,801123,3.25,20.02.2025,217,20.02.2025\217\rgb\15.34.55.955.png,20.02.2025\217\depth\15.34.55.955.png
7127,801123,3.25,20.02.2025,217,20.02.2025\217\rgb\15.34.56.046.png,20.02.2025\217\depth\15.34.56.046.png
7128,801123,3.25,20.02.2025,217,20.02.2025\217\rgb\15.34.56.140.png,20.02.2025\217\depth\15.34.56.140.png
7129,801123,3.25,20.02.2025,217,20.02.2025\217\rgb\15.34.56.235.png,20.02.2025\217\depth\15.34.56.235.png
7130,801123,3.25,20.02.2025,217,20.02.2025\217\rgb\15.34.56.328.png,20.02.2025\217\depth\15.34.56.328.png
7131,801123,3.25,20.02.2025,217,20.02.2025\217\rgb\15.34.56.417.png,20.02.2025\217\depth\15.34.56.417.png
7132,801123,3.25,20.02.2025,217,20.02.2025\217\rgb\15.34.56.512.png,20.02.2025\217\depth\15.34.56.512.png
7133,801123,3.25,20.02.2025,217,20.02.2025\217\rgb\15.34.56.608.png,20.02.2025\217\depth\15.34.56.608.png
7134,801123,3.25,20.02.2025,217,20.02.2025\217\rgb\15.34.56.700.png,20.02.2025\217\depth\15.34.56.700.png
7135,801123,3.25,20.02.2025,217,20.02.2025\217\rgb\15.34.56.791.png,20.02.2025\217\depth\15.34.56.791.png
7136,801123,3.25,20.02.2025,217,20.02.2025\217\rgb\15.34.56.882.png,20.02.2025\217\depth\15.34.56.882.png
7137,801123,3.25,20.02.2025,217,20.02.2025\217\rgb\15.34.56.977.png,20.02.2025\217\depth\15.34.56.977.png
7138,801123,3.25,20.02.2025,217,20.02.2025\217\rgb\15.34.57.073.png,20.02.2025\217\depth\15.34.57.073.png
7139,801123,3.25,20.02.2025,217,20.02.2025\217\rgb\15.34.57.163.png,20.02.2025\217\depth\15.34.57.163.png
7140,801123,3.25,20.02.2025,217,20.02.2025\217\rgb\15.34.57.254.png,20.02.2025\217\depth\15.34.57.254.png
7141,130228,3.25,20.02.2025,218,20.02.2025\218\rgb\15.35.13.232.png,20.02.2025\218\depth\15.35.13.232.png
7142,130228,3.25,20.02.2025,218,20.02.2025\218\rgb\15.35.13.350.png,20.02.2025\218\depth\15.35.13.350.png
7143,130228,3.25,20.02.2025,218,20.02.2025\218\rgb\15.35.13.443.png,20.02.2025\218\depth\15.35.13.443.png
7144,130228,3.25,20.02.2025,218,20.02.2025\218\rgb\15.35.13.537.png,20.02.2025\218\depth\15.35.13.537.png
7145,130228,3.25,20.02.2025,218,20.02.2025\218\rgb\15.35.13.627.png,20.02.2025\218\depth\15.35.13.627.png
7146,130228,3.25,20.02.2025,218,20.02.2025\218\rgb\15.35.13.718.png,20.02.2025\218\depth\15.35.13.718.png
7147,130228,3.25,20.02.2025,218,20.02.2025\218\rgb\15.35.13.825.png,20.02.2025\218\depth\15.35.13.825.png
7148,130228,3.25,20.02.2025,218,20.02.2025\218\rgb\15.35.13.917.png,20.02.2025\218\depth\15.35.13.917.png
7149,130228,3.25,20.02.2025,218,20.02.2025\218\rgb\15.35.14.012.png,20.02.2025\218\depth\15.35.14.012.png
7150,130228,3.25,20.02.2025,218,20.02.2025\218\rgb\15.35.14.104.png,20.02.2025\218\depth\15.35.14.104.png
7151,130228,3.25,20.02.2025,218,20.02.2025\218\rgb\15.35.14.218.png,20.02.2025\218\depth\15.35.14.218.png
7152,130228,3.25,20.02.2025,218,20.02.2025\218\rgb\15.35.14.308.png,20.02.2025\218\depth\15.35.14.308.png
7153,130228,3.25,20.02.2025,218,20.02.2025\218\rgb\15.35.14.403.png,20.02.2025\218\depth\15.35.14.403.png
7154,130228,3.25,20.02.2025,218,20.02.2025\218\rgb\15.35.14.493.png,20.02.2025\218\depth\15.35.14.493.png
7155,130228,3.25,20.02.2025,218,20.02.2025\218\rgb\15.35.14.585.png,20.02.2025\218\depth\15.35.14.585.png
7156,130228,3.25,20.02.2025,218,20.02.2025\218\rgb\15.35.14.694.png,20.02.2025\218\depth\15.35.14.694.png
7157,130228,3.25,20.02.2025,218,20.02.2025\218\rgb\15.35.14.785.png,20.02.2025\218\depth\15.35.14.785.png
7158,130228,3.25,20.02.2025,218,20.02.2025\218\rgb\15.35.14.876.png,20.02.2025\218\depth\15.35.14.876.png
7159,130228,3.25,20.02.2025,218,20.02.2025\218\rgb\15.35.14.972.png,20.02.2025\218\depth\15.35.14.972.png
7160,130228,3.25,20.02.2025,218,20.02.2025\218\rgb\15.35.15.064.png,20.02.2025\218\depth\15.35.15.064.png
7161,730207,3.0,20.02.2025,219,20.02.2025\219\rgb\15.35.34.380.png,20.02.2025\219\depth\15.35.34.380.png
7162,730207,3.0,20.02.2025,219,20.02.2025\219\rgb\15.35.34.484.png,20.02.2025\219\depth\15.35.34.484.png
7163,730207,3.0,20.02.2025,219,20.02.2025\219\rgb\15.35.34.579.png,20.02.2025\219\depth\15.35.34.579.png
7164,730207,3.0,20.02.2025,219,20.02.2025\219\rgb\15.35.34.677.png,20.02.2025\219\depth\15.35.34.677.png
7165,730207,3.0,20.02.2025,219,20.02.2025\219\rgb\15.35.34.771.png,20.02.2025\219\depth\15.35.34.771.png
7166,730207,3.0,20.02.2025,219,20.02.2025\219\rgb\15.35.34.865.png,20.02.2025\219\depth\15.35.34.865.png
7167,730207,3.0,20.02.2025,219,20.02.2025\219\rgb\15.35.34.957.png,20.02.2025\219\depth\15.35.34.957.png
7168,730207,3.0,20.02.2025,219,20.02.2025\219\rgb\15.35.35.044.png,20.02.2025\219\depth\15.35.35.044.png
7169,730207,3.0,20.02.2025,219,20.02.2025\219\rgb\15.35.35.138.png,20.02.2025\219\depth\15.35.35.138.png
7170,730207,3.0,20.02.2025,219,20.02.2025\219\rgb\15.35.35.227.png,20.02.2025\219\depth\15.35.35.227.png
7171,730207,3.0,20.02.2025,219,20.02.2025\219\rgb\15.35.35.319.png,20.02.2025\219\depth\15.35.35.319.png
7172,730207,3.0,20.02.2025,219,20.02.2025\219\rgb\15.35.35.419.png,20.02.2025\219\depth\15.35.35.419.png
7173,730207,3.0,20.02.2025,219,20.02.2025\219\rgb\15.35.35.519.png,20.02.2025\219\depth\15.35.35.519.png
7174,730207,3.0,20.02.2025,219,20.02.2025\219\rgb\15.35.35.612.png,20.02.2025\219\depth\15.35.35.612.png
7175,730207,3.0,20.02.2025,219,20.02.2025\219\rgb\15.35.35.704.png,20.02.2025\219\depth\15.35.35.704.png
7176,730207,3.0,20.02.2025,219,20.02.2025\219\rgb\15.35.35.796.png,20.02.2025\219\depth\15.35.35.796.png
7177,730207,3.0,20.02.2025,219,20.02.2025\219\rgb\15.35.35.887.png,20.02.2025\219\depth\15.35.35.887.png
7178,730207,3.0,20.02.2025,219,20.02.2025\219\rgb\15.35.35.980.png,20.02.2025\219\depth\15.35.35.980.png
7179,730207,3.0,20.02.2025,219,20.02.2025\219\rgb\15.35.36.073.png,20.02.2025\219\depth\15.35.36.073.png
7180,730207,3.0,20.02.2025,219,20.02.2025\219\rgb\15.35.36.167.png,20.02.2025\219\depth\15.35.36.167.png
7181,6867,3.25,20.02.2025,220,20.02.2025\220\rgb\15.35.48.882.png,20.02.2025\220\depth\15.35.48.882.png
7182,6867,3.25,20.02.2025,220,20.02.2025\220\rgb\15.35.48.981.png,20.02.2025\220\depth\15.35.48.981.png
7183,6867,3.25,20.02.2025,220,20.02.2025\220\rgb\15.35.49.077.png,20.02.2025\220\depth\15.35.49.077.png
7184,6867,3.25,20.02.2025,220,20.02.2025\220\rgb\15.35.49.160.png,20.02.2025\220\depth\15.35.49.160.png
7185,6867,3.25,20.02.2025,220,20.02.2025\220\rgb\15.35.49.257.png,20.02.2025\220\depth\15.35.49.257.png
7186,6867,3.25,20.02.2025,220,20.02.2025\220\rgb\15.35.49.349.png,20.02.2025\220\depth\15.35.49.349.png
7187,6867,3.25,20.02.2025,220,20.02.2025\220\rgb\15.35.49.445.png,20.02.2025\220\depth\15.35.49.445.png
7188,6867,3.25,20.02.2025,220,20.02.2025\220\rgb\15.35.49.533.png,20.02.2025\220\depth\15.35.49.533.png
7189,6867,3.25,20.02.2025,220,20.02.2025\220\rgb\15.35.49.626.png,20.02.2025\220\depth\15.35.49.626.png
7190,6867,3.25,20.02.2025,220,20.02.2025\220\rgb\15.35.49.718.png,20.02.2025\220\depth\15.35.49.718.png
7191,6867,3.25,20.02.2025,220,20.02.2025\220\rgb\15.35.49.811.png,20.02.2025\220\depth\15.35.49.811.png
7192,6867,3.25,20.02.2025,220,20.02.2025\220\rgb\15.35.49.907.png,20.02.2025\220\depth\15.35.49.907.png
7193,6867,3.25,20.02.2025,220,20.02.2025\220\rgb\15.35.49.998.png,20.02.2025\220\depth\15.35.49.998.png
7194,6867,3.25,20.02.2025,220,20.02.2025\220\rgb\15.35.50.098.png,20.02.2025\220\depth\15.35.50.098.png
7195,6867,3.25,20.02.2025,220,20.02.2025\220\rgb\15.35.50.197.png,20.02.2025\220\depth\15.35.50.197.png
7196,6867,3.25,20.02.2025,220,20.02.2025\220\rgb\15.35.50.293.png,20.02.2025\220\depth\15.35.50.293.png
7197,6867,3.25,20.02.2025,220,20.02.2025\220\rgb\15.35.50.380.png,20.02.2025\220\depth\15.35.50.380.png
7198,6867,3.25,20.02.2025,220,20.02.2025\220\rgb\15.35.50.476.png,20.02.2025\220\depth\15.35.50.476.png
7199,6867,3.25,20.02.2025,220,20.02.2025\220\rgb\15.35.50.569.png,20.02.2025\220\depth\15.35.50.569.png
7200,6867,3.25,20.02.2025,220,20.02.2025\220\rgb\15.35.50.659.png,20.02.2025\220\depth\15.35.50.659.png
7201,921119,3.25,20.02.2025,221,20.02.2025\221\rgb\15.36.07.301.png,20.02.2025\221\depth\15.36.07.301.png
7202,921119,3.25,20.02.2025,221,20.02.2025\221\rgb\15.36.07.391.png,20.02.2025\221\depth\15.36.07.391.png
7203,921119,3.25,20.02.2025,221,20.02.2025\221\rgb\15.36.07.482.png,20.02.2025\221\depth\15.36.07.482.png
7204,921119,3.25,20.02.2025,221,20.02.2025\221\rgb\15.36.07.575.png,20.02.2025\221\depth\15.36.07.575.png
7205,921119,3.25,20.02.2025,221,20.02.2025\221\rgb\15.36.07.671.png,20.02.2025\221\depth\15.36.07.671.png
7206,921119,3.25,20.02.2025,221,20.02.2025\221\rgb\15.36.07.759.png,20.02.2025\221\depth\15.36.07.759.png
7207,921119,3.25,20.02.2025,221,20.02.2025\221\rgb\15.36.07.852.png,20.02.2025\221\depth\15.36.07.852.png
7208,921119,3.25,20.02.2025,221,20.02.2025\221\rgb\15.36.07.947.png,20.02.2025\221\depth\15.36.07.947.png
7209,921119,3.25,20.02.2025,221,20.02.2025\221\rgb\15.36.08.039.png,20.02.2025\221\depth\15.36.08.039.png
7210,921119,3.25,20.02.2025,221,20.02.2025\221\rgb\15.36.08.131.png,20.02.2025\221\depth\15.36.08.131.png
7211,921119,3.25,20.02.2025,221,20.02.2025\221\rgb\15.36.08.227.png,20.02.2025\221\depth\15.36.08.227.png
7212,921119,3.25,20.02.2025,221,20.02.2025\221\rgb\15.36.08.314.png,20.02.2025\221\depth\15.36.08.314.png
7213,921119,3.25,20.02.2025,221,20.02.2025\221\rgb\15.36.08.407.png,20.02.2025\221\depth\15.36.08.407.png
7214,921119,3.25,20.02.2025,221,20.02.2025\221\rgb\15.36.08.500.png,20.02.2025\221\depth\15.36.08.500.png
7215,921119,3.25,20.02.2025,221,20.02.2025\221\rgb\15.36.08.594.png,20.02.2025\221\depth\15.36.08.594.png
7216,921119,3.25,20.02.2025,221,20.02.2025\221\rgb\15.36.08.691.png,20.02.2025\221\depth\15.36.08.691.png
7217,921119,3.25,20.02.2025,221,20.02.2025\221\rgb\15.36.08.776.png,20.02.2025\221\depth\15.36.08.776.png
7218,921119,3.25,20.02.2025,221,20.02.2025\221\rgb\15.36.08.871.png,20.02.2025\221\depth\15.36.08.871.png
7219,921119,3.25,20.02.2025,221,20.02.2025\221\rgb\15.36.08.961.png,20.02.2025\221\depth\15.36.08.961.png
7220,921119,3.25,20.02.2025,221,20.02.2025\221\rgb\15.36.09.054.png,20.02.2025\221\depth\15.36.09.054.png
7221,7577,3.25,20.02.2025,222,20.02.2025\222\rgb\15.36.19.706.png,20.02.2025\222\depth\15.36.19.706.png
7222,7577,3.25,20.02.2025,222,20.02.2025\222\rgb\15.36.19.804.png,20.02.2025\222\depth\15.36.19.804.png
7223,7577,3.25,20.02.2025,222,20.02.2025\222\rgb\15.36.19.897.png,20.02.2025\222\depth\15.36.19.897.png
7224,7577,3.25,20.02.2025,222,20.02.2025\222\rgb\15.36.19.995.png,20.02.2025\222\depth\15.36.19.995.png
7225,7577,3.25,20.02.2025,222,20.02.2025\222\rgb\15.36.20.097.png,20.02.2025\222\depth\15.36.20.097.png
7226,7577,3.25,20.02.2025,222,20.02.2025\222\rgb\15.36.20.187.png,20.02.2025\222\depth\15.36.20.187.png
7227,7577,3.25,20.02.2025,222,20.02.2025\222\rgb\15.36.20.280.png,20.02.2025\222\depth\15.36.20.280.png
7228,7577,3.25,20.02.2025,222,20.02.2025\222\rgb\15.36.20.373.png,20.02.2025\222\depth\15.36.20.373.png
7229,7577,3.25,20.02.2025,222,20.02.2025\222\rgb\15.36.20.475.png,20.02.2025\222\depth\15.36.20.475.png
7230,7577,3.25,20.02.2025,222,20.02.2025\222\rgb\15.36.20.589.png,20.02.2025\222\depth\15.36.20.589.png
7231,7577,3.25,20.02.2025,222,20.02.2025\222\rgb\15.36.20.681.png,20.02.2025\222\depth\15.36.20.681.png
7232,7577,3.25,20.02.2025,222,20.02.2025\222\rgb\15.36.20.774.png,20.02.2025\222\depth\15.36.20.774.png
7233,7577,3.25,20.02.2025,222,20.02.2025\222\rgb\15.36.20.868.png,20.02.2025\222\depth\15.36.20.868.png
7234,7577,3.25,20.02.2025,222,20.02.2025\222\rgb\15.36.20.961.png,20.02.2025\222\depth\15.36.20.961.png
7235,7577,3.25,20.02.2025,222,20.02.2025\222\rgb\15.36.21.058.png,20.02.2025\222\depth\15.36.21.058.png
7236,7577,3.25,20.02.2025,222,20.02.2025\222\rgb\15.36.21.148.png,20.02.2025\222\depth\15.36.21.148.png
7237,7577,3.25,20.02.2025,222,20.02.2025\222\rgb\15.36.21.240.png,20.02.2025\222\depth\15.36.21.240.png
7238,7577,3.25,20.02.2025,222,20.02.2025\222\rgb\15.36.21.334.png,20.02.2025\222\depth\15.36.21.334.png
7239,7577,3.25,20.02.2025,222,20.02.2025\222\rgb\15.36.21.431.png,20.02.2025\222\depth\15.36.21.431.png
7240,7577,3.25,20.02.2025,222,20.02.2025\222\rgb\15.36.21.517.png,20.02.2025\222\depth\15.36.21.517.png
7241,610430,3.5,20.02.2025,223,20.02.2025\223\rgb\15.36.40.171.png,20.02.2025\223\depth\15.36.40.171.png
7242,610430,3.5,20.02.2025,223,20.02.2025\223\rgb\15.36.40.260.png,20.02.2025\223\depth\15.36.40.260.png
7243,610430,3.5,20.02.2025,223,20.02.2025\223\rgb\15.36.40.352.png,20.02.2025\223\depth\15.36.40.352.png
7244,610430,3.5,20.02.2025,223,20.02.2025\223\rgb\15.36.40.445.png,20.02.2025\223\depth\15.36.40.445.png
7245,610430,3.5,20.02.2025,223,20.02.2025\223\rgb\15.36.40.539.png,20.02.2025\223\depth\15.36.40.539.png
7246,610430,3.5,20.02.2025,223,20.02.2025\223\rgb\15.36.40.639.png,20.02.2025\223\depth\15.36.40.639.png
7247,610430,3.5,20.02.2025,223,20.02.2025\223\rgb\15.36.40.740.png,20.02.2025\223\depth\15.36.40.740.png
7248,610430,3.5,20.02.2025,223,20.02.2025\223\rgb\15.36.40.832.png,20.02.2025\223\depth\15.36.40.832.png
7249,610430,3.5,20.02.2025,223,20.02.2025\223\rgb\15.36.40.924.png,20.02.2025\223\depth\15.36.40.924.png
7250,610430,3.5,20.02.2025,223,20.02.2025\223\rgb\15.36.41.018.png,20.02.2025\223\depth\15.36.41.018.png
7251,610430,3.5,20.02.2025,223,20.02.2025\223\rgb\15.36.41.117.png,20.02.2025\223\depth\15.36.41.117.png
7252,610430,3.5,20.02.2025,223,20.02.2025\223\rgb\15.36.41.203.png,20.02.2025\223\depth\15.36.41.203.png
7253,610430,3.5,20.02.2025,223,20.02.2025\223\rgb\15.36.41.292.png,20.02.2025\223\depth\15.36.41.292.png
7254,610430,3.5,20.02.2025,223,20.02.2025\223\rgb\15.36.41.386.png,20.02.2025\223\depth\15.36.41.386.png
7255,610430,3.5,20.02.2025,223,20.02.2025\223\rgb\15.36.41.478.png,20.02.2025\223\depth\15.36.41.478.png
7256,610430,3.5,20.02.2025,223,20.02.2025\223\rgb\15.36.41.578.png,20.02.2025\223\depth\15.36.41.578.png
7257,610430,3.5,20.02.2025,223,20.02.2025\223\rgb\15.36.41.679.png,20.02.2025\223\depth\15.36.41.679.png
7258,610430,3.5,20.02.2025,223,20.02.2025\223\rgb\15.36.41.773.png,20.02.2025\223\depth\15.36.41.773.png
7259,610430,3.5,20.02.2025,223,20.02.2025\223\rgb\15.36.41.867.png,20.02.2025\223\depth\15.36.41.867.png
7260,610430,3.5,20.02.2025,223,20.02.2025\223\rgb\15.36.41.961.png,20.02.2025\223\depth\15.36.41.961.png
7261,410419,3.25,20.02.2025,224,20.02.2025\224\rgb\15.36.54.495.png,20.02.2025\224\depth\15.36.54.495.png
7262,410419,3.25,20.02.2025,224,20.02.2025\224\rgb\15.36.54.593.png,20.02.2025\224\depth\15.36.54.593.png
7263,410419,3.25,20.02.2025,224,20.02.2025\224\rgb\15.36.54.684.png,20.02.2025\224\depth\15.36.54.684.png
7264,410419,3.25,20.02.2025,224,20.02.2025\224\rgb\15.36.54.779.png,20.02.2025\224\depth\15.36.54.779.png
7265,410419,3.25,20.02.2025,224,20.02.2025\224\rgb\15.36.54.875.png,20.02.2025\224\depth\15.36.54.875.png
7266,410419,3.25,20.02.2025,224,20.02.2025\224\rgb\15.36.54.968.png,20.02.2025\224\depth\15.36.54.968.png
7267,410419,3.25,20.02.2025,224,20.02.2025\224\rgb\15.36.55.059.png,20.02.2025\224\depth\15.36.55.059.png
7268,410419,3.25,20.02.2025,224,20.02.2025\224\rgb\15.36.55.156.png,20.02.2025\224\depth\15.36.55.156.png
7269,410419,3.25,20.02.2025,224,20.02.2025\224\rgb\15.36.55.245.png,20.02.2025\224\depth\15.36.55.245.png
7270,410419,3.25,20.02.2025,224,20.02.2025\224\rgb\15.36.55.337.png,20.02.2025\224\depth\15.36.55.337.png
7271,410419,3.25,20.02.2025,224,20.02.2025\224\rgb\15.36.55.430.png,20.02.2025\224\depth\15.36.55.430.png
7272,410419,3.25,20.02.2025,224,20.02.2025\224\rgb\15.36.55.520.png,20.02.2025\224\depth\15.36.55.520.png
7273,410419,3.25,20.02.2025,224,20.02.2025\224\rgb\15.36.55.618.png,20.02.2025\224\depth\15.36.55.618.png
7274,410419,3.25,20.02.2025,224,20.02.2025\224\rgb\15.36.55.705.png,20.02.2025\224\depth\15.36.55.705.png
7275,410419,3.25,20.02.2025,224,20.02.2025\224\rgb\15.36.55.799.png,20.02.2025\224\depth\15.36.55.799.png
7276,410419,3.25,20.02.2025,224,20.02.2025\224\rgb\15.36.55.891.png,20.02.2025\224\depth\15.36.55.891.png
7277,410419,3.25,20.02.2025,224,20.02.2025\224\rgb\15.36.55.981.png,20.02.2025\224\depth\15.36.55.981.png
7278,410419,3.25,20.02.2025,224,20.02.2025\224\rgb\15.36.56.084.png,20.02.2025\224\depth\15.36.56.084.png
7279,410419,3.25,20.02.2025,224,20.02.2025\224\rgb\15.36.56.172.png,20.02.2025\224\depth\15.36.56.172.png
7280,410419,3.25,20.02.2025,224,20.02.2025\224\rgb\15.36.56.263.png,20.02.2025\224\depth\15.36.56.263.png
7281,7392,3.25,20.02.2025,225,20.02.2025\225\rgb\15.37.12.597.png,20.02.2025\225\depth\15.37.12.597.png
7282,7392,3.25,20.02.2025,225,20.02.2025\225\rgb\15.37.12.694.png,20.02.2025\225\depth\15.37.12.694.png
7283,7392,3.25,20.02.2025,225,20.02.2025\225\rgb\15.37.12.786.png,20.02.2025\225\depth\15.37.12.786.png
7284,7392,3.25,20.02.2025,225,20.02.2025\225\rgb\15.37.12.879.png,20.02.2025\225\depth\15.37.12.879.png
7285,7392,3.25,20.02.2025,225,20.02.2025\225\rgb\15.37.12.975.png,20.02.2025\225\depth\15.37.12.975.png
7286,7392,3.25,20.02.2025,225,20.02.2025\225\rgb\15.37.13.067.png,20.02.2025\225\depth\15.37.13.067.png
7287,7392,3.25,20.02.2025,225,20.02.2025\225\rgb\15.37.13.155.png,20.02.2025\225\depth\15.37.13.155.png
7288,7392,3.25,20.02.2025,225,20.02.2025\225\rgb\15.37.13.247.png,20.02.2025\225\depth\15.37.13.247.png
7289,7392,3.25,20.02.2025,225,20.02.2025\225\rgb\15.37.13.342.png,20.02.2025\225\depth\15.37.13.342.png
7290,7392,3.25,20.02.2025,225,20.02.2025\225\rgb\15.37.13.438.png,20.02.2025\225\depth\15.37.13.438.png
7291,7392,3.25,20.02.2025,225,20.02.2025\225\rgb\15.37.13.529.png,20.02.2025\225\depth\15.37.13.529.png
7292,7392,3.25,20.02.2025,225,20.02.2025\225\rgb\15.37.13.622.png,20.02.2025\225\depth\15.37.13.622.png
7293,7392,3.25,20.02.2025,225,20.02.2025\225\rgb\15.37.13.714.png,20.02.2025\225\depth\15.37.13.714.png
7294,7392,3.25,20.02.2025,225,20.02.2025\225\rgb\15.37.13.805.png,20.02.2025\225\depth\15.37.13.805.png
7295,7392,3.25,20.02.2025,225,20.02.2025\225\rgb\15.37.13.901.png,20.02.2025\225\depth\15.37.13.901.png
7296,7392,3.25,20.02.2025,225,20.02.2025\225\rgb\15.37.13.993.png,20.02.2025\225\depth\15.37.13.993.png
7297,7392,3.25,20.02.2025,225,20.02.2025\225\rgb\15.37.14.094.png,20.02.2025\225\depth\15.37.14.094.png
7298,7392,3.25,20.02.2025,225,20.02.2025\225\rgb\15.37.14.195.png,20.02.2025\225\depth\15.37.14.195.png
7299,7392,3.25,20.02.2025,225,20.02.2025\225\rgb\15.37.14.281.png,20.02.2025\225\depth\15.37.14.281.png
7300,7392,3.25,20.02.2025,225,20.02.2025\225\rgb\15.37.14.377.png,20.02.2025\225\depth\15.37.14.377.png
7301,6985,3.75,20.02.2025,226,20.02.2025\226\rgb\15.37.28.685.png,20.02.2025\226\depth\15.37.28.685.png
7302,6985,3.75,20.02.2025,226,20.02.2025\226\rgb\15.37.28.777.png,20.02.2025\226\depth\15.37.28.777.png
7303,6985,3.75,20.02.2025,226,20.02.2025\226\rgb\15.37.28.871.png,20.02.2025\226\depth\15.37.28.871.png
7304,6985,3.75,20.02.2025,226,20.02.2025\226\rgb\15.37.28.963.png,20.02.2025\226\depth\15.37.28.963.png
7305,6985,3.75,20.02.2025,226,20.02.2025\226\rgb\15.37.29.070.png,20.02.2025\226\depth\15.37.29.070.png
7306,6985,3.75,20.02.2025,226,20.02.2025\226\rgb\15.37.29.164.png,20.02.2025\226\depth\15.37.29.164.png
7307,6985,3.75,20.02.2025,226,20.02.2025\226\rgb\15.37.29.247.png,20.02.2025\226\depth\15.37.29.247.png
7308,6985,3.75,20.02.2025,226,20.02.2025\226\rgb\15.37.29.348.png,20.02.2025\226\depth\15.37.29.348.png
7309,6985,3.75,20.02.2025,226,20.02.2025\226\rgb\15.37.29.440.png,20.02.2025\226\depth\15.37.29.440.png
7310,6985,3.75,20.02.2025,226,20.02.2025\226\rgb\15.37.29.532.png,20.02.2025\226\depth\15.37.29.532.png
7311,6985,3.75,20.02.2025,226,20.02.2025\226\rgb\15.37.29.632.png,20.02.2025\226\depth\15.37.29.632.png
7312,6985,3.75,20.02.2025,226,20.02.2025\226\rgb\15.37.29.717.png,20.02.2025\226\depth\15.37.29.717.png
7313,6985,3.75,20.02.2025,226,20.02.2025\226\rgb\15.37.29.809.png,20.02.2025\226\depth\15.37.29.809.png
7314,6985,3.75,20.02.2025,226,20.02.2025\226\rgb\15.37.29.902.png,20.02.2025\226\depth\15.37.29.902.png
7315,6985,3.75,20.02.2025,226,20.02.2025\226\rgb\15.37.29.999.png,20.02.2025\226\depth\15.37.29.999.png
7316,6985,3.75,20.02.2025,226,20.02.2025\226\rgb\15.37.30.095.png,20.02.2025\226\depth\15.37.30.095.png
7317,6985,3.75,20.02.2025,226,20.02.2025\226\rgb\15.37.30.181.png,20.02.2025\226\depth\15.37.30.181.png
7318,6985,3.75,20.02.2025,226,20.02.2025\226\rgb\15.37.30.274.png,20.02.2025\226\depth\15.37.30.274.png
7319,6985,3.75,20.02.2025,226,20.02.2025\226\rgb\15.37.30.368.png,20.02.2025\226\depth\15.37.30.368.png
7320,6985,3.75,20.02.2025,226,20.02.2025\226\rgb\15.37.30.463.png,20.02.2025\226\depth\15.37.30.463.png
7321,730303,3.25,20.02.2025,227,20.02.2025\227\rgb\15.37.48.653.png,20.02.2025\227\depth\15.37.48.653.png
7322,730303,3.25,20.02.2025,227,20.02.2025\227\rgb\15.37.48.755.png,20.02.2025\227\depth\15.37.48.755.png
7323,730303,3.25,20.02.2025,227,20.02.2025\227\rgb\15.37.48.846.png,20.02.2025\227\depth\15.37.48.846.png
7324,730303,3.25,20.02.2025,227,20.02.2025\227\rgb\15.37.48.940.png,20.02.2025\227\depth\15.37.48.940.png
7325,730303,3.25,20.02.2025,227,20.02.2025\227\rgb\15.37.49.030.png,20.02.2025\227\depth\15.37.49.030.png
7326,730303,3.25,20.02.2025,227,20.02.2025\227\rgb\15.37.49.123.png,20.02.2025\227\depth\15.37.49.123.png
7327,730303,3.25,20.02.2025,227,20.02.2025\227\rgb\15.37.49.213.png,20.02.2025\227\depth\15.37.49.213.png
7328,730303,3.25,20.02.2025,227,20.02.2025\227\rgb\15.37.49.310.png,20.02.2025\227\depth\15.37.49.310.png
7329,730303,3.25,20.02.2025,227,20.02.2025\227\rgb\15.37.49.401.png,20.02.2025\227\depth\15.37.49.401.png
7330,730303,3.25,20.02.2025,227,20.02.2025\227\rgb\15.37.49.494.png,20.02.2025\227\depth\15.37.49.494.png
7331,730303,3.25,20.02.2025,227,20.02.2025\227\rgb\15.37.49.585.png,20.02.2025\227\depth\15.37.49.585.png
7332,730303,3.25,20.02.2025,227,20.02.2025\227\rgb\15.37.49.691.png,20.02.2025\227\depth\15.37.49.691.png
7333,730303,3.25,20.02.2025,227,20.02.2025\227\rgb\15.37.49.786.png,20.02.2025\227\depth\15.37.49.786.png
7334,730303,3.25,20.02.2025,227,20.02.2025\227\rgb\15.37.49.880.png,20.02.2025\227\depth\15.37.49.880.png
7335,730303,3.25,20.02.2025,227,20.02.2025\227\rgb\15.37.49.974.png,20.02.2025\227\depth\15.37.49.974.png
7336,730303,3.25,20.02.2025,227,20.02.2025\227\rgb\15.37.50.066.png,20.02.2025\227\depth\15.37.50.066.png
7337,730303,3.25,20.02.2025,227,20.02.2025\227\rgb\15.37.50.171.png,20.02.2025\227\depth\15.37.50.171.png
7338,730303,3.25,20.02.2025,227,20.02.2025\227\rgb\15.37.50.268.png,20.02.2025\227\depth\15.37.50.268.png
7339,730303,3.25,20.02.2025,227,20.02.2025\227\rgb\15.37.50.358.png,20.02.2025\227\depth\15.37.50.358.png
7340,730303,3.25,20.02.2025,227,20.02.2025\227\rgb\15.37.50.450.png,20.02.2025\227\depth\15.37.50.450.png
7341,130117,3.25,20.02.2025,228,20.02.2025\228\rgb\15.38.03.258.png,20.02.2025\228\depth\15.38.03.258.png
7342,130117,3.25,20.02.2025,228,20.02.2025\228\rgb\15.38.03.351.png,20.02.2025\228\depth\15.38.03.351.png
7343,130117,3.25,20.02.2025,228,20.02.2025\228\rgb\15.38.03.437.png,20.02.2025\228\depth\15.38.03.437.png
7344,130117,3.25,20.02.2025,228,20.02.2025\228\rgb\15.38.03.530.png,20.02.2025\228\depth\15.38.03.530.png
7345,130117,3.25,20.02.2025,228,20.02.2025\228\rgb\15.38.03.620.png,20.02.2025\228\depth\15.38.03.620.png
7346,130117,3.25,20.02.2025,228,20.02.2025\228\rgb\15.38.03.718.png,20.02.2025\228\depth\15.38.03.718.png
7347,130117,3.25,20.02.2025,228,20.02.2025\228\rgb\15.38.03.805.png,20.02.2025\228\depth\15.38.03.805.png
7348,130117,3.25,20.02.2025,228,20.02.2025\228\rgb\15.38.03.899.png,20.02.2025\228\depth\15.38.03.899.png
7349,130117,3.25,20.02.2025,228,20.02.2025\228\rgb\15.38.03.990.png,20.02.2025\228\depth\15.38.03.990.png
7350,130117,3.25,20.02.2025,228,20.02.2025\228\rgb\15.38.04.082.png,20.02.2025\228\depth\15.38.04.082.png
7351,130117,3.25,20.02.2025,228,20.02.2025\228\rgb\15.38.04.183.png,20.02.2025\228\depth\15.38.04.183.png
7352,130117,3.25,20.02.2025,228,20.02.2025\228\rgb\15.38.04.273.png,20.02.2025\228\depth\15.38.04.273.png
7353,130117,3.25,20.02.2025,228,20.02.2025\228\rgb\15.38.04.357.png,20.02.2025\228\depth\15.38.04.357.png
7354,130117,3.25,20.02.2025,228,20.02.2025\228\rgb\15.38.04.454.png,20.02.2025\228\depth\15.38.04.454.png
7355,130117,3.25,20.02.2025,228,20.02.2025\228\rgb\15.38.04.554.png,20.02.2025\228\depth\15.38.04.554.png
7356,130117,3.25,20.02.2025,228,20.02.2025\228\rgb\15.38.04.638.png,20.02.2025\228\depth\15.38.04.638.png
7357,130117,3.25,20.02.2025,228,20.02.2025\228\rgb\15.38.04.733.png,20.02.2025\228\depth\15.38.04.733.png
7358,130117,3.25,20.02.2025,228,20.02.2025\228\rgb\15.38.04.824.png,20.02.2025\228\depth\15.38.04.824.png
7359,130117,3.25,20.02.2025,228,20.02.2025\228\rgb\15.38.04.914.png,20.02.2025\228\depth\15.38.04.914.png
7360,130117,3.25,20.02.2025,228,20.02.2025\228\rgb\15.38.05.010.png,20.02.2025\228\depth\15.38.05.010.png
7361,6976,3.5,20.02.2025,229,20.02.2025\229\rgb\15.38.37.216.png,20.02.2025\229\depth\15.38.37.216.png
7362,6976,3.5,20.02.2025,229,20.02.2025\229\rgb\15.38.37.318.png,20.02.2025\229\depth\15.38.37.318.png
7363,6976,3.5,20.02.2025,229,20.02.2025\229\rgb\15.38.37.405.png,20.02.2025\229\depth\15.38.37.405.png
7364,6976,3.5,20.02.2025,229,20.02.2025\229\rgb\15.38.37.495.png,20.02.2025\229\depth\15.38.37.495.png
7365,6976,3.5,20.02.2025,229,20.02.2025\229\rgb\15.38.37.585.png,20.02.2025\229\depth\15.38.37.585.png
7366,6976,3.5,20.02.2025,229,20.02.2025\229\rgb\15.38.37.680.png,20.02.2025\229\depth\15.38.37.680.png
7367,6976,3.5,20.02.2025,229,20.02.2025\229\rgb\15.38.37.773.png,20.02.2025\229\depth\15.38.37.773.png
7368,6976,3.5,20.02.2025,229,20.02.2025\229\rgb\15.38.37.878.png,20.02.2025\229\depth\15.38.37.878.png
7369,6976,3.5,20.02.2025,229,20.02.2025\229\rgb\15.38.37.974.png,20.02.2025\229\depth\15.38.37.974.png
7370,6976,3.5,20.02.2025,229,20.02.2025\229\rgb\15.38.38.065.png,20.02.2025\229\depth\15.38.38.065.png
7371,6976,3.5,20.02.2025,229,20.02.2025\229\rgb\15.38.38.159.png,20.02.2025\229\depth\15.38.38.159.png
7372,6976,3.5,20.02.2025,229,20.02.2025\229\rgb\15.38.38.257.png,20.02.2025\229\depth\15.38.38.257.png
7373,6976,3.5,20.02.2025,229,20.02.2025\229\rgb\15.38.38.345.png,20.02.2025\229\depth\15.38.38.345.png
7374,6976,3.5,20.02.2025,229,20.02.2025\229\rgb\15.38.38.439.png,20.02.2025\229\depth\15.38.38.439.png
7375,6976,3.5,20.02.2025,229,20.02.2025\229\rgb\15.38.38.530.png,20.02.2025\229\depth\15.38.38.530.png
7376,6976,3.5,20.02.2025,229,20.02.2025\229\rgb\15.38.38.622.png,20.02.2025\229\depth\15.38.38.622.png
7377,6976,3.5,20.02.2025,229,20.02.2025\229\rgb\15.38.38.715.png,20.02.2025\229\depth\15.38.38.715.png
7378,6976,3.5,20.02.2025,229,20.02.2025\229\rgb\15.38.38.809.png,20.02.2025\229\depth\15.38.38.809.png
7379,6976,3.5,20.02.2025,229,20.02.2025\229\rgb\15.38.38.899.png,20.02.2025\229\depth\15.38.38.899.png
7380,6976,3.5,20.02.2025,229,20.02.2025\229\rgb\15.38.38.996.png,20.02.2025\229\depth\15.38.38.996.png
7381,7414,3.5,20.02.2025,230,20.02.2025\230\rgb\15.38.52.058.png,20.02.2025\230\depth\15.38.52.058.png
7382,7414,3.5,20.02.2025,230,20.02.2025\230\rgb\15.38.52.142.png,20.02.2025\230\depth\15.38.52.142.png
7383,7414,3.5,20.02.2025,230,20.02.2025\230\rgb\15.38.52.234.png,20.02.2025\230\depth\15.38.52.234.png
7384,7414,3.5,20.02.2025,230,20.02.2025\230\rgb\15.38.52.326.png,20.02.2025\230\depth\15.38.52.326.png
7385,7414,3.5,20.02.2025,230,20.02.2025\230\rgb\15.38.52.418.png,20.02.2025\230\depth\15.38.52.418.png
7386,7414,3.5,20.02.2025,230,20.02.2025\230\rgb\15.38.52.519.png,20.02.2025\230\depth\15.38.52.519.png
7387,7414,3.5,20.02.2025,230,20.02.2025\230\rgb\15.38.52.606.png,20.02.2025\230\depth\15.38.52.606.png
7388,7414,3.5,20.02.2025,230,20.02.2025\230\rgb\15.38.52.699.png,20.02.2025\230\depth\15.38.52.699.png
7389,7414,3.5,20.02.2025,230,20.02.2025\230\rgb\15.38.52.791.png,20.02.2025\230\depth\15.38.52.791.png
7390,7414,3.5,20.02.2025,230,20.02.2025\230\rgb\15.38.52.882.png,20.02.2025\230\depth\15.38.52.882.png
7391,7414,3.5,20.02.2025,230,20.02.2025\230\rgb\15.38.52.977.png,20.02.2025\230\depth\15.38.52.977.png
7392,7414,3.5,20.02.2025,230,20.02.2025\230\rgb\15.38.53.072.png,20.02.2025\230\depth\15.38.53.072.png
7393,7414,3.5,20.02.2025,230,20.02.2025\230\rgb\15.38.53.161.png,20.02.2025\230\depth\15.38.53.161.png
7394,7414,3.5,20.02.2025,230,20.02.2025\230\rgb\15.38.53.254.png,20.02.2025\230\depth\15.38.53.254.png
7395,7414,3.5,20.02.2025,230,20.02.2025\230\rgb\15.38.53.347.png,20.02.2025\230\depth\15.38.53.347.png
7396,7414,3.5,20.02.2025,230,20.02.2025\230\rgb\15.38.53.445.png,20.02.2025\230\depth\15.38.53.445.png
7397,7414,3.5,20.02.2025,230,20.02.2025\230\rgb\15.38.53.531.png,20.02.2025\230\depth\15.38.53.531.png
7398,7414,3.5,20.02.2025,230,20.02.2025\230\rgb\15.38.53.623.png,20.02.2025\230\depth\15.38.53.623.png
7399,7414,3.5,20.02.2025,230,20.02.2025\230\rgb\15.38.53.712.png,20.02.2025\230\depth\15.38.53.712.png
7400,7414,3.5,20.02.2025,230,20.02.2025\230\rgb\15.38.53.807.png,20.02.2025\230\depth\15.38.53.807.png
