N,animal_id,BCS,data,frame,RGB_path,depth_path
7401,330403,3.25,20.03.2025,2,20.03.2025\2\rgb\14.04.13.643.png,20.03.2025\2\depth\14.04.13.643.png
7402,330403,3.25,20.03.2025,2,20.03.2025\2\rgb\14.04.13.725.png,20.03.2025\2\depth\14.04.13.725.png
7403,330403,3.25,20.03.2025,2,20.03.2025\2\rgb\14.04.13.818.png,20.03.2025\2\depth\14.04.13.818.png
7404,330403,3.25,20.03.2025,2,20.03.2025\2\rgb\14.04.13.910.png,20.03.2025\2\depth\14.04.13.910.png
7405,330403,3.25,20.03.2025,2,20.03.2025\2\rgb\14.04.14.001.png,20.03.2025\2\depth\14.04.14.001.png
7406,330403,3.25,20.03.2025,2,20.03.2025\2\rgb\14.04.14.093.png,20.03.2025\2\depth\14.04.14.093.png
7407,330403,3.25,20.03.2025,2,20.03.2025\2\rgb\14.04.14.185.png,20.03.2025\2\depth\14.04.14.185.png
7408,330403,3.25,20.03.2025,2,20.03.2025\2\rgb\14.04.14.279.png,20.03.2025\2\depth\14.04.14.279.png
7409,330403,3.25,20.03.2025,2,20.03.2025\2\rgb\14.04.14.372.png,20.03.2025\2\depth\14.04.14.372.png
7410,330403,3.25,20.03.2025,2,20.03.2025\2\rgb\14.04.14.465.png,20.03.2025\2\depth\14.04.14.465.png
7411,330403,3.25,20.03.2025,2,20.03.2025\2\rgb\14.04.14.557.png,20.03.2025\2\depth\14.04.14.557.png
7412,330403,3.25,20.03.2025,2,20.03.2025\2\rgb\14.04.14.665.png,20.03.2025\2\depth\14.04.14.665.png
7413,330403,3.25,20.03.2025,2,20.03.2025\2\rgb\14.04.14.752.png,20.03.2025\2\depth\14.04.14.752.png
7414,330403,3.25,20.03.2025,2,20.03.2025\2\rgb\14.04.14.850.png,20.03.2025\2\depth\14.04.14.850.png
7415,330403,3.25,20.03.2025,2,20.03.2025\2\rgb\14.04.14.943.png,20.03.2025\2\depth\14.04.14.943.png
7416,330403,3.25,20.03.2025,2,20.03.2025\2\rgb\14.04.15.034.png,20.03.2025\2\depth\14.04.15.034.png
7417,330403,3.25,20.03.2025,2,20.03.2025\2\rgb\14.04.15.124.png,20.03.2025\2\depth\14.04.15.124.png
7418,330403,3.25,20.03.2025,2,20.03.2025\2\rgb\14.04.15.218.png,20.03.2025\2\depth\14.04.15.218.png
7419,330403,3.25,20.03.2025,2,20.03.2025\2\rgb\14.04.15.313.png,20.03.2025\2\depth\14.04.15.313.png
7420,330403,3.25,20.03.2025,2,20.03.2025\2\rgb\14.04.15.403.png,20.03.2025\2\depth\14.04.15.403.png
7421,7587,3.5,20.03.2025,3,20.03.2025\3\rgb\14.04.29.408.png,20.03.2025\3\depth\14.04.29.408.png
7422,7587,3.5,20.03.2025,3,20.03.2025\3\rgb\14.04.29.509.png,20.03.2025\3\depth\14.04.29.509.png
7423,7587,3.5,20.03.2025,3,20.03.2025\3\rgb\14.04.29.603.png,20.03.2025\3\depth\14.04.29.603.png
7424,7587,3.5,20.03.2025,3,20.03.2025\3\rgb\14.04.29.698.png,20.03.2025\3\depth\14.04.29.698.png
7425,7587,3.5,20.03.2025,3,20.03.2025\3\rgb\14.04.29.783.png,20.03.2025\3\depth\14.04.29.783.png
7426,7587,3.5,20.03.2025,3,20.03.2025\3\rgb\14.04.29.876.png,20.03.2025\3\depth\14.04.29.876.png
7427,7587,3.5,20.03.2025,3,20.03.2025\3\rgb\14.04.29.966.png,20.03.2025\3\depth\14.04.29.966.png
7428,7587,3.5,20.03.2025,3,20.03.2025\3\rgb\14.04.30.060.png,20.03.2025\3\depth\14.04.30.060.png
7429,7587,3.5,20.03.2025,3,20.03.2025\3\rgb\14.04.30.153.png,20.03.2025\3\depth\14.04.30.153.png
7430,7587,3.5,20.03.2025,3,20.03.2025\3\rgb\14.04.30.246.png,20.03.2025\3\depth\14.04.30.246.png
7431,7587,3.5,20.03.2025,3,20.03.2025\3\rgb\14.04.30.338.png,20.03.2025\3\depth\14.04.30.338.png
7432,7587,3.5,20.03.2025,3,20.03.2025\3\rgb\14.04.30.433.png,20.03.2025\3\depth\14.04.30.433.png
7433,7587,3.5,20.03.2025,3,20.03.2025\3\rgb\14.04.30.529.png,20.03.2025\3\depth\14.04.30.529.png
7434,7587,3.5,20.03.2025,3,20.03.2025\3\rgb\14.04.30.619.png,20.03.2025\3\depth\14.04.30.619.png
7435,7587,3.5,20.03.2025,3,20.03.2025\3\rgb\14.04.30.695.png,20.03.2025\3\depth\14.04.30.695.png
7436,7587,3.5,20.03.2025,3,20.03.2025\3\rgb\14.04.30.789.png,20.03.2025\3\depth\14.04.30.789.png
7437,7587,3.5,20.03.2025,3,20.03.2025\3\rgb\14.04.30.882.png,20.03.2025\3\depth\14.04.30.882.png
7438,7587,3.5,20.03.2025,3,20.03.2025\3\rgb\14.04.30.967.png,20.03.2025\3\depth\14.04.30.967.png
7439,7587,3.5,20.03.2025,3,20.03.2025\3\rgb\14.04.31.066.png,20.03.2025\3\depth\14.04.31.066.png
7440,7587,3.5,20.03.2025,3,20.03.2025\3\rgb\14.04.31.160.png,20.03.2025\3\depth\14.04.31.160.png
7441,810630,3.75,20.03.2025,4,20.03.2025\4\rgb\14.04.45.418.png,20.03.2025\4\depth\14.04.45.418.png
7442,810630,3.75,20.03.2025,4,20.03.2025\4\rgb\14.04.45.518.png,20.03.2025\4\depth\14.04.45.518.png
7443,810630,3.75,20.03.2025,4,20.03.2025\4\rgb\14.04.45.611.png,20.03.2025\4\depth\14.04.45.611.png
7444,810630,3.75,20.03.2025,4,20.03.2025\4\rgb\14.04.45.701.png,20.03.2025\4\depth\14.04.45.701.png
7445,810630,3.75,20.03.2025,4,20.03.2025\4\rgb\14.04.45.795.png,20.03.2025\4\depth\14.04.45.795.png
7446,810630,3.75,20.03.2025,4,20.03.2025\4\rgb\14.04.45.889.png,20.03.2025\4\depth\14.04.45.889.png
7447,810630,3.75,20.03.2025,4,20.03.2025\4\rgb\14.04.45.977.png,20.03.2025\4\depth\14.04.45.977.png
7448,810630,3.75,20.03.2025,4,20.03.2025\4\rgb\14.04.46.075.png,20.03.2025\4\depth\14.04.46.075.png
7449,810630,3.75,20.03.2025,4,20.03.2025\4\rgb\14.04.46.167.png,20.03.2025\4\depth\14.04.46.167.png
7450,810630,3.75,20.03.2025,4,20.03.2025\4\rgb\14.04.46.259.png,20.03.2025\4\depth\14.04.46.259.png
7451,810630,3.75,20.03.2025,4,20.03.2025\4\rgb\14.04.46.353.png,20.03.2025\4\depth\14.04.46.353.png
7452,810630,3.75,20.03.2025,4,20.03.2025\4\rgb\14.04.46.444.png,20.03.2025\4\depth\14.04.46.444.png
7453,810630,3.75,20.03.2025,4,20.03.2025\4\rgb\14.04.46.535.png,20.03.2025\4\depth\14.04.46.535.png
7454,810630,3.75,20.03.2025,4,20.03.2025\4\rgb\14.04.46.626.png,20.03.2025\4\depth\14.04.46.626.png
7455,810630,3.75,20.03.2025,4,20.03.2025\4\rgb\14.04.46.724.png,20.03.2025\4\depth\14.04.46.724.png
7456,810630,3.75,20.03.2025,4,20.03.2025\4\rgb\14.04.46.811.png,20.03.2025\4\depth\14.04.46.811.png
7457,810630,3.75,20.03.2025,4,20.03.2025\4\rgb\14.04.46.903.png,20.03.2025\4\depth\14.04.46.903.png
7458,810630,3.75,20.03.2025,4,20.03.2025\4\rgb\14.04.46.993.png,20.03.2025\4\depth\14.04.46.993.png
7459,810630,3.75,20.03.2025,4,20.03.2025\4\rgb\14.04.47.085.png,20.03.2025\4\depth\14.04.47.085.png
7460,810630,3.75,20.03.2025,4,20.03.2025\4\rgb\14.04.47.180.png,20.03.2025\4\depth\14.04.47.180.png
7461,7075,3.5,20.03.2025,5,20.03.2025\5\rgb\14.05.01.036.png,20.03.2025\5\depth\14.05.01.036.png
7462,7075,3.5,20.03.2025,5,20.03.2025\5\rgb\14.05.01.128.png,20.03.2025\5\depth\14.05.01.128.png
7463,7075,3.5,20.03.2025,5,20.03.2025\5\rgb\14.05.01.218.png,20.03.2025\5\depth\14.05.01.218.png
7464,7075,3.5,20.03.2025,5,20.03.2025\5\rgb\14.05.01.310.png,20.03.2025\5\depth\14.05.01.310.png
7465,7075,3.5,20.03.2025,5,20.03.2025\5\rgb\14.05.01.406.png,20.03.2025\5\depth\14.05.01.406.png
7466,7075,3.5,20.03.2025,5,20.03.2025\5\rgb\14.05.01.494.png,20.03.2025\5\depth\14.05.01.494.png
7467,7075,3.5,20.03.2025,5,20.03.2025\5\rgb\14.05.01.575.png,20.03.2025\5\depth\14.05.01.575.png
7468,7075,3.5,20.03.2025,5,20.03.2025\5\rgb\14.05.01.663.png,20.03.2025\5\depth\14.05.01.663.png
7469,7075,3.5,20.03.2025,5,20.03.2025\5\rgb\14.05.01.760.png,20.03.2025\5\depth\14.05.01.760.png
7470,7075,3.5,20.03.2025,5,20.03.2025\5\rgb\14.05.01.854.png,20.03.2025\5\depth\14.05.01.854.png
7471,7075,3.5,20.03.2025,5,20.03.2025\5\rgb\14.05.01.957.png,20.03.2025\5\depth\14.05.01.957.png
7472,7075,3.5,20.03.2025,5,20.03.2025\5\rgb\14.05.02.052.png,20.03.2025\5\depth\14.05.02.052.png
7473,7075,3.5,20.03.2025,5,20.03.2025\5\rgb\14.05.02.141.png,20.03.2025\5\depth\14.05.02.141.png
7474,7075,3.5,20.03.2025,5,20.03.2025\5\rgb\14.05.02.232.png,20.03.2025\5\depth\14.05.02.232.png
7475,7075,3.5,20.03.2025,5,20.03.2025\5\rgb\14.05.02.327.png,20.03.2025\5\depth\14.05.02.327.png
7476,7075,3.5,20.03.2025,5,20.03.2025\5\rgb\14.05.02.421.png,20.03.2025\5\depth\14.05.02.421.png
7477,7075,3.5,20.03.2025,5,20.03.2025\5\rgb\14.05.02.512.png,20.03.2025\5\depth\14.05.02.512.png
7478,7075,3.5,20.03.2025,5,20.03.2025\5\rgb\14.05.02.603.png,20.03.2025\5\depth\14.05.02.603.png
7479,7075,3.5,20.03.2025,5,20.03.2025\5\rgb\14.05.02.696.png,20.03.2025\5\depth\14.05.02.696.png
7480,7075,3.5,20.03.2025,5,20.03.2025\5\rgb\14.05.02.787.png,20.03.2025\5\depth\14.05.02.787.png
7481,7073,3.25,20.03.2025,6,20.03.2025\6\rgb\14.05.15.618.png,20.03.2025\6\depth\14.05.15.618.png
7482,7073,3.25,20.03.2025,6,20.03.2025\6\rgb\14.05.15.706.png,20.03.2025\6\depth\14.05.15.706.png
7483,7073,3.25,20.03.2025,6,20.03.2025\6\rgb\14.05.15.798.png,20.03.2025\6\depth\14.05.15.798.png
7484,7073,3.25,20.03.2025,6,20.03.2025\6\rgb\14.05.15.891.png,20.03.2025\6\depth\14.05.15.891.png
7485,7073,3.25,20.03.2025,6,20.03.2025\6\rgb\14.05.15.985.png,20.03.2025\6\depth\14.05.15.985.png
7486,7073,3.25,20.03.2025,6,20.03.2025\6\rgb\14.05.16.067.png,20.03.2025\6\depth\14.05.16.067.png
7487,7073,3.25,20.03.2025,6,20.03.2025\6\rgb\14.05.16.165.png,20.03.2025\6\depth\14.05.16.165.png
7488,7073,3.25,20.03.2025,6,20.03.2025\6\rgb\14.05.16.258.png,20.03.2025\6\depth\14.05.16.258.png
7489,7073,3.25,20.03.2025,6,20.03.2025\6\rgb\14.05.16.350.png,20.03.2025\6\depth\14.05.16.350.png
7490,7073,3.25,20.03.2025,6,20.03.2025\6\rgb\14.05.16.444.png,20.03.2025\6\depth\14.05.16.444.png
7491,7073,3.25,20.03.2025,6,20.03.2025\6\rgb\14.05.16.535.png,20.03.2025\6\depth\14.05.16.535.png
7492,7073,3.25,20.03.2025,6,20.03.2025\6\rgb\14.05.16.627.png,20.03.2025\6\depth\14.05.16.627.png
7493,7073,3.25,20.03.2025,6,20.03.2025\6\rgb\14.05.16.721.png,20.03.2025\6\depth\14.05.16.721.png
7494,7073,3.25,20.03.2025,6,20.03.2025\6\rgb\14.05.16.812.png,20.03.2025\6\depth\14.05.16.812.png
7495,7073,3.25,20.03.2025,6,20.03.2025\6\rgb\14.05.16.904.png,20.03.2025\6\depth\14.05.16.904.png
7496,7073,3.25,20.03.2025,6,20.03.2025\6\rgb\14.05.16.995.png,20.03.2025\6\depth\14.05.16.995.png
7497,7073,3.25,20.03.2025,6,20.03.2025\6\rgb\14.05.17.088.png,20.03.2025\6\depth\14.05.17.088.png
7498,7073,3.25,20.03.2025,6,20.03.2025\6\rgb\14.05.17.180.png,20.03.2025\6\depth\14.05.17.180.png
7499,7073,3.25,20.03.2025,6,20.03.2025\6\rgb\14.05.17.257.png,20.03.2025\6\depth\14.05.17.257.png
7500,7073,3.25,20.03.2025,6,20.03.2025\6\rgb\14.05.17.348.png,20.03.2025\6\depth\14.05.17.348.png
7501,7067,3.5,20.03.2025,7,20.03.2025\7\rgb\14.05.30.458.png,20.03.2025\7\depth\14.05.30.458.png
7502,7067,3.5,20.03.2025,7,20.03.2025\7\rgb\14.05.30.547.png,20.03.2025\7\depth\14.05.30.547.png
7503,7067,3.5,20.03.2025,7,20.03.2025\7\rgb\14.05.30.642.png,20.03.2025\7\depth\14.05.30.642.png
7504,7067,3.5,20.03.2025,7,20.03.2025\7\rgb\14.05.30.732.png,20.03.2025\7\depth\14.05.30.732.png
7505,7067,3.5,20.03.2025,7,20.03.2025\7\rgb\14.05.30.825.png,20.03.2025\7\depth\14.05.30.825.png
7506,7067,3.5,20.03.2025,7,20.03.2025\7\rgb\14.05.30.920.png,20.03.2025\7\depth\14.05.30.920.png
7507,7067,3.5,20.03.2025,7,20.03.2025\7\rgb\14.05.31.012.png,20.03.2025\7\depth\14.05.31.012.png
7508,7067,3.5,20.03.2025,7,20.03.2025\7\rgb\14.05.31.096.png,20.03.2025\7\depth\14.05.31.096.png
7509,7067,3.5,20.03.2025,7,20.03.2025\7\rgb\14.05.31.183.png,20.03.2025\7\depth\14.05.31.183.png
7510,7067,3.5,20.03.2025,7,20.03.2025\7\rgb\14.05.31.275.png,20.03.2025\7\depth\14.05.31.275.png
7511,7067,3.5,20.03.2025,7,20.03.2025\7\rgb\14.05.31.366.png,20.03.2025\7\depth\14.05.31.366.png
7512,7067,3.5,20.03.2025,7,20.03.2025\7\rgb\14.05.31.458.png,20.03.2025\7\depth\14.05.31.458.png
7513,7067,3.5,20.03.2025,7,20.03.2025\7\rgb\14.05.31.550.png,20.03.2025\7\depth\14.05.31.550.png
7514,7067,3.5,20.03.2025,7,20.03.2025\7\rgb\14.05.31.646.png,20.03.2025\7\depth\14.05.31.646.png
7515,7067,3.5,20.03.2025,7,20.03.2025\7\rgb\14.05.31.737.png,20.03.2025\7\depth\14.05.31.737.png
7516,7067,3.5,20.03.2025,7,20.03.2025\7\rgb\14.05.31.828.png,20.03.2025\7\depth\14.05.31.828.png
7517,7067,3.5,20.03.2025,7,20.03.2025\7\rgb\14.05.31.926.png,20.03.2025\7\depth\14.05.31.926.png
7518,7067,3.5,20.03.2025,7,20.03.2025\7\rgb\14.05.32.015.png,20.03.2025\7\depth\14.05.32.015.png
7519,7067,3.5,20.03.2025,7,20.03.2025\7\rgb\14.05.32.108.png,20.03.2025\7\depth\14.05.32.108.png
7520,7067,3.5,20.03.2025,7,20.03.2025\7\rgb\14.05.32.200.png,20.03.2025\7\depth\14.05.32.200.png
7521,730411,3.25,20.03.2025,9,20.03.2025\9\rgb\14.06.18.385.png,20.03.2025\9\depth\14.06.18.385.png
7522,730411,3.25,20.03.2025,9,20.03.2025\9\rgb\14.06.18.487.png,20.03.2025\9\depth\14.06.18.487.png
7523,730411,3.25,20.03.2025,9,20.03.2025\9\rgb\14.06.18.580.png,20.03.2025\9\depth\14.06.18.580.png
7524,730411,3.25,20.03.2025,9,20.03.2025\9\rgb\14.06.18.671.png,20.03.2025\9\depth\14.06.18.671.png
7525,730411,3.25,20.03.2025,9,20.03.2025\9\rgb\14.06.18.762.png,20.03.2025\9\depth\14.06.18.762.png
7526,730411,3.25,20.03.2025,9,20.03.2025\9\rgb\14.06.18.856.png,20.03.2025\9\depth\14.06.18.856.png
7527,730411,3.25,20.03.2025,9,20.03.2025\9\rgb\14.06.18.948.png,20.03.2025\9\depth\14.06.18.948.png
7528,730411,3.25,20.03.2025,9,20.03.2025\9\rgb\14.06.19.040.png,20.03.2025\9\depth\14.06.19.040.png
7529,730411,3.25,20.03.2025,9,20.03.2025\9\rgb\14.06.19.133.png,20.03.2025\9\depth\14.06.19.133.png
7530,730411,3.25,20.03.2025,9,20.03.2025\9\rgb\14.06.19.228.png,20.03.2025\9\depth\14.06.19.228.png
7531,730411,3.25,20.03.2025,9,20.03.2025\9\rgb\14.06.19.320.png,20.03.2025\9\depth\14.06.19.320.png
7532,730411,3.25,20.03.2025,9,20.03.2025\9\rgb\14.06.19.414.png,20.03.2025\9\depth\14.06.19.414.png
7533,730411,3.25,20.03.2025,9,20.03.2025\9\rgb\14.06.19.506.png,20.03.2025\9\depth\14.06.19.506.png
7534,730411,3.25,20.03.2025,9,20.03.2025\9\rgb\14.06.19.597.png,20.03.2025\9\depth\14.06.19.597.png
7535,730411,3.25,20.03.2025,9,20.03.2025\9\rgb\14.06.19.688.png,20.03.2025\9\depth\14.06.19.688.png
7536,730411,3.25,20.03.2025,9,20.03.2025\9\rgb\14.06.19.783.png,20.03.2025\9\depth\14.06.19.783.png
7537,730411,3.25,20.03.2025,9,20.03.2025\9\rgb\14.06.19.876.png,20.03.2025\9\depth\14.06.19.876.png
7538,730411,3.25,20.03.2025,9,20.03.2025\9\rgb\14.06.19.968.png,20.03.2025\9\depth\14.06.19.968.png
7539,730411,3.25,20.03.2025,9,20.03.2025\9\rgb\14.06.20.061.png,20.03.2025\9\depth\14.06.20.061.png
7540,730411,3.25,20.03.2025,9,20.03.2025\9\rgb\14.06.20.155.png,20.03.2025\9\depth\14.06.20.155.png
7541,7680,3.25,20.03.2025,10,20.03.2025\10\rgb\14.07.02.745.png,20.03.2025\10\depth\14.07.02.745.png
7542,7680,3.25,20.03.2025,10,20.03.2025\10\rgb\14.07.02.847.png,20.03.2025\10\depth\14.07.02.847.png
7543,7680,3.25,20.03.2025,10,20.03.2025\10\rgb\14.07.02.938.png,20.03.2025\10\depth\14.07.02.938.png
7544,7680,3.25,20.03.2025,10,20.03.2025\10\rgb\14.07.03.032.png,20.03.2025\10\depth\14.07.03.032.png
7545,7680,3.25,20.03.2025,10,20.03.2025\10\rgb\14.07.03.123.png,20.03.2025\10\depth\14.07.03.123.png
7546,7680,3.25,20.03.2025,10,20.03.2025\10\rgb\14.07.03.215.png,20.03.2025\10\depth\14.07.03.215.png
7547,7680,3.25,20.03.2025,10,20.03.2025\10\rgb\14.07.03.308.png,20.03.2025\10\depth\14.07.03.308.png
7548,7680,3.25,20.03.2025,10,20.03.2025\10\rgb\14.07.03.396.png,20.03.2025\10\depth\14.07.03.396.png
7549,7680,3.25,20.03.2025,10,20.03.2025\10\rgb\14.07.03.491.png,20.03.2025\10\depth\14.07.03.491.png
7550,7680,3.25,20.03.2025,10,20.03.2025\10\rgb\14.07.03.587.png,20.03.2025\10\depth\14.07.03.587.png
7551,7680,3.25,20.03.2025,10,20.03.2025\10\rgb\14.07.03.675.png,20.03.2025\10\depth\14.07.03.675.png
7552,7680,3.25,20.03.2025,10,20.03.2025\10\rgb\14.07.03.766.png,20.03.2025\10\depth\14.07.03.766.png
7553,7680,3.25,20.03.2025,10,20.03.2025\10\rgb\14.07.03.860.png,20.03.2025\10\depth\14.07.03.860.png
7554,7680,3.25,20.03.2025,10,20.03.2025\10\rgb\14.07.03.952.png,20.03.2025\10\depth\14.07.03.952.png
7555,7680,3.25,20.03.2025,10,20.03.2025\10\rgb\14.07.04.044.png,20.03.2025\10\depth\14.07.04.044.png
7556,7680,3.25,20.03.2025,10,20.03.2025\10\rgb\14.07.04.136.png,20.03.2025\10\depth\14.07.04.136.png
7557,7680,3.25,20.03.2025,10,20.03.2025\10\rgb\14.07.04.229.png,20.03.2025\10\depth\14.07.04.229.png
7558,7680,3.25,20.03.2025,10,20.03.2025\10\rgb\14.07.04.322.png,20.03.2025\10\depth\14.07.04.322.png
7559,7680,3.25,20.03.2025,10,20.03.2025\10\rgb\14.07.04.415.png,20.03.2025\10\depth\14.07.04.415.png
7560,7680,3.25,20.03.2025,10,20.03.2025\10\rgb\14.07.04.508.png,20.03.2025\10\depth\14.07.04.508.png
7561,7019,3.5,20.03.2025,11,20.03.2025\11\rgb\14.07.16.269.png,20.03.2025\11\depth\14.07.16.269.png
7562,7019,3.5,20.03.2025,11,20.03.2025\11\rgb\14.07.16.367.png,20.03.2025\11\depth\14.07.16.367.png
7563,7019,3.5,20.03.2025,11,20.03.2025\11\rgb\14.07.16.460.png,20.03.2025\11\depth\14.07.16.460.png
7564,7019,3.5,20.03.2025,11,20.03.2025\11\rgb\14.07.16.538.png,20.03.2025\11\depth\14.07.16.538.png
7565,7019,3.5,20.03.2025,11,20.03.2025\11\rgb\14.07.16.630.png,20.03.2025\11\depth\14.07.16.630.png
7566,7019,3.5,20.03.2025,11,20.03.2025\11\rgb\14.07.16.723.png,20.03.2025\11\depth\14.07.16.723.png
7567,7019,3.5,20.03.2025,11,20.03.2025\11\rgb\14.07.16.817.png,20.03.2025\11\depth\14.07.16.817.png
7568,7019,3.5,20.03.2025,11,20.03.2025\11\rgb\14.07.16.913.png,20.03.2025\11\depth\14.07.16.913.png
7569,7019,3.5,20.03.2025,11,20.03.2025\11\rgb\14.07.17.005.png,20.03.2025\11\depth\14.07.17.005.png
7570,7019,3.5,20.03.2025,11,20.03.2025\11\rgb\14.07.17.098.png,20.03.2025\11\depth\14.07.17.098.png
7571,7019,3.5,20.03.2025,11,20.03.2025\11\rgb\14.07.17.189.png,20.03.2025\11\depth\14.07.17.189.png
7572,7019,3.5,20.03.2025,11,20.03.2025\11\rgb\14.07.17.284.png,20.03.2025\11\depth\14.07.17.284.png
7573,7019,3.5,20.03.2025,11,20.03.2025\11\rgb\14.07.17.377.png,20.03.2025\11\depth\14.07.17.377.png
7574,7019,3.5,20.03.2025,11,20.03.2025\11\rgb\14.07.17.470.png,20.03.2025\11\depth\14.07.17.470.png
7575,7019,3.5,20.03.2025,11,20.03.2025\11\rgb\14.07.17.560.png,20.03.2025\11\depth\14.07.17.560.png
7576,7019,3.5,20.03.2025,11,20.03.2025\11\rgb\14.07.17.652.png,20.03.2025\11\depth\14.07.17.652.png
7577,7019,3.5,20.03.2025,11,20.03.2025\11\rgb\14.07.17.748.png,20.03.2025\11\depth\14.07.17.748.png
7578,7019,3.5,20.03.2025,11,20.03.2025\11\rgb\14.07.17.840.png,20.03.2025\11\depth\14.07.17.840.png
7579,7019,3.5,20.03.2025,11,20.03.2025\11\rgb\14.07.17.930.png,20.03.2025\11\depth\14.07.17.930.png
7580,7019,3.5,20.03.2025,11,20.03.2025\11\rgb\14.07.18.023.png,20.03.2025\11\depth\14.07.18.023.png
7581,7043,3.25,20.03.2025,12,20.03.2025\12\rgb\14.07.34.010.png,20.03.2025\12\depth\14.07.34.010.png
7582,7043,3.25,20.03.2025,12,20.03.2025\12\rgb\14.07.34.095.png,20.03.2025\12\depth\14.07.34.095.png
7583,7043,3.25,20.03.2025,12,20.03.2025\12\rgb\14.07.34.187.png,20.03.2025\12\depth\14.07.34.187.png
7584,7043,3.25,20.03.2025,12,20.03.2025\12\rgb\14.07.34.279.png,20.03.2025\12\depth\14.07.34.279.png
7585,7043,3.25,20.03.2025,12,20.03.2025\12\rgb\14.07.34.370.png,20.03.2025\12\depth\14.07.34.370.png
7586,7043,3.25,20.03.2025,12,20.03.2025\12\rgb\14.07.34.463.png,20.03.2025\12\depth\14.07.34.463.png
7587,7043,3.25,20.03.2025,12,20.03.2025\12\rgb\14.07.34.557.png,20.03.2025\12\depth\14.07.34.557.png
7588,7043,3.25,20.03.2025,12,20.03.2025\12\rgb\14.07.34.661.png,20.03.2025\12\depth\14.07.34.661.png
7589,7043,3.25,20.03.2025,12,20.03.2025\12\rgb\14.07.34.754.png,20.03.2025\12\depth\14.07.34.754.png
7590,7043,3.25,20.03.2025,12,20.03.2025\12\rgb\14.07.34.845.png,20.03.2025\12\depth\14.07.34.845.png
7591,7043,3.25,20.03.2025,12,20.03.2025\12\rgb\14.07.34.939.png,20.03.2025\12\depth\14.07.34.939.png
7592,7043,3.25,20.03.2025,12,20.03.2025\12\rgb\14.07.35.034.png,20.03.2025\12\depth\14.07.35.034.png
7593,7043,3.25,20.03.2025,12,20.03.2025\12\rgb\14.07.35.124.png,20.03.2025\12\depth\14.07.35.124.png
7594,7043,3.25,20.03.2025,12,20.03.2025\12\rgb\14.07.35.218.png,20.03.2025\12\depth\14.07.35.218.png
7595,7043,3.25,20.03.2025,12,20.03.2025\12\rgb\14.07.35.309.png,20.03.2025\12\depth\14.07.35.309.png
7596,7043,3.25,20.03.2025,12,20.03.2025\12\rgb\14.07.35.401.png,20.03.2025\12\depth\14.07.35.401.png
7597,7043,3.25,20.03.2025,12,20.03.2025\12\rgb\14.07.35.493.png,20.03.2025\12\depth\14.07.35.493.png
7598,7043,3.25,20.03.2025,12,20.03.2025\12\rgb\14.07.35.588.png,20.03.2025\12\depth\14.07.35.588.png
7599,7043,3.25,20.03.2025,12,20.03.2025\12\rgb\14.07.35.685.png,20.03.2025\12\depth\14.07.35.685.png
7600,7043,3.25,20.03.2025,12,20.03.2025\12\rgb\14.07.35.774.png,20.03.2025\12\depth\14.07.35.774.png
7601,810122,3.5,20.03.2025,13,20.03.2025\13\rgb\14.07.47.707.png,20.03.2025\13\depth\14.07.47.707.png
7602,810122,3.5,20.03.2025,13,20.03.2025\13\rgb\14.07.47.792.png,20.03.2025\13\depth\14.07.47.792.png
7603,810122,3.5,20.03.2025,13,20.03.2025\13\rgb\14.07.47.887.png,20.03.2025\13\depth\14.07.47.887.png
7604,810122,3.5,20.03.2025,13,20.03.2025\13\rgb\14.07.47.978.png,20.03.2025\13\depth\14.07.47.978.png
7605,810122,3.5,20.03.2025,13,20.03.2025\13\rgb\14.07.48.070.png,20.03.2025\13\depth\14.07.48.070.png
7606,810122,3.5,20.03.2025,13,20.03.2025\13\rgb\14.07.48.161.png,20.03.2025\13\depth\14.07.48.161.png
7607,810122,3.5,20.03.2025,13,20.03.2025\13\rgb\14.07.48.253.png,20.03.2025\13\depth\14.07.48.253.png
7608,810122,3.5,20.03.2025,13,20.03.2025\13\rgb\14.07.48.346.png,20.03.2025\13\depth\14.07.48.346.png
7609,810122,3.5,20.03.2025,13,20.03.2025\13\rgb\14.07.48.438.png,20.03.2025\13\depth\14.07.48.438.png
7610,810122,3.5,20.03.2025,13,20.03.2025\13\rgb\14.07.48.532.png,20.03.2025\13\depth\14.07.48.532.png
7611,810122,3.5,20.03.2025,13,20.03.2025\13\rgb\14.07.48.628.png,20.03.2025\13\depth\14.07.48.628.png
7612,810122,3.5,20.03.2025,13,20.03.2025\13\rgb\14.07.48.720.png,20.03.2025\13\depth\14.07.48.720.png
7613,810122,3.5,20.03.2025,13,20.03.2025\13\rgb\14.07.48.812.png,20.03.2025\13\depth\14.07.48.812.png
7614,810122,3.5,20.03.2025,13,20.03.2025\13\rgb\14.07.48.906.png,20.03.2025\13\depth\14.07.48.906.png
7615,810122,3.5,20.03.2025,13,20.03.2025\13\rgb\14.07.48.998.png,20.03.2025\13\depth\14.07.48.998.png
7616,810122,3.5,20.03.2025,13,20.03.2025\13\rgb\14.07.49.088.png,20.03.2025\13\depth\14.07.49.088.png
7617,810122,3.5,20.03.2025,13,20.03.2025\13\rgb\14.07.49.180.png,20.03.2025\13\depth\14.07.49.180.png
7618,810122,3.5,20.03.2025,13,20.03.2025\13\rgb\14.07.49.258.png,20.03.2025\13\depth\14.07.49.258.png
7619,810122,3.5,20.03.2025,13,20.03.2025\13\rgb\14.07.49.351.png,20.03.2025\13\depth\14.07.49.351.png
7620,810122,3.5,20.03.2025,13,20.03.2025\13\rgb\14.07.49.441.png,20.03.2025\13\depth\14.07.49.441.png
7621,7521,3.25,20.03.2025,14,20.03.2025\14\rgb\14.08.02.399.png,20.03.2025\14\depth\14.08.02.399.png
7622,7521,3.25,20.03.2025,14,20.03.2025\14\rgb\14.08.02.493.png,20.03.2025\14\depth\14.08.02.493.png
7623,7521,3.25,20.03.2025,14,20.03.2025\14\rgb\14.08.02.588.png,20.03.2025\14\depth\14.08.02.588.png
7624,7521,3.25,20.03.2025,14,20.03.2025\14\rgb\14.08.02.684.png,20.03.2025\14\depth\14.08.02.684.png
7625,7521,3.25,20.03.2025,14,20.03.2025\14\rgb\14.08.02.789.png,20.03.2025\14\depth\14.08.02.789.png
7626,7521,3.25,20.03.2025,14,20.03.2025\14\rgb\14.08.02.881.png,20.03.2025\14\depth\14.08.02.881.png
7627,7521,3.25,20.03.2025,14,20.03.2025\14\rgb\14.08.02.972.png,20.03.2025\14\depth\14.08.02.972.png
7628,7521,3.25,20.03.2025,14,20.03.2025\14\rgb\14.08.03.063.png,20.03.2025\14\depth\14.08.03.063.png
7629,7521,3.25,20.03.2025,14,20.03.2025\14\rgb\14.08.03.155.png,20.03.2025\14\depth\14.08.03.155.png
7630,7521,3.25,20.03.2025,14,20.03.2025\14\rgb\14.08.03.246.png,20.03.2025\14\depth\14.08.03.246.png
7631,7521,3.25,20.03.2025,14,20.03.2025\14\rgb\14.08.03.339.png,20.03.2025\14\depth\14.08.03.339.png
7632,7521,3.25,20.03.2025,14,20.03.2025\14\rgb\14.08.03.430.png,20.03.2025\14\depth\14.08.03.430.png
7633,7521,3.25,20.03.2025,14,20.03.2025\14\rgb\14.08.03.526.png,20.03.2025\14\depth\14.08.03.526.png
7634,7521,3.25,20.03.2025,14,20.03.2025\14\rgb\14.08.03.629.png,20.03.2025\14\depth\14.08.03.629.png
7635,7521,3.25,20.03.2025,14,20.03.2025\14\rgb\14.08.03.723.png,20.03.2025\14\depth\14.08.03.723.png
7636,7521,3.25,20.03.2025,14,20.03.2025\14\rgb\14.08.03.814.png,20.03.2025\14\depth\14.08.03.814.png
7637,7521,3.25,20.03.2025,14,20.03.2025\14\rgb\14.08.03.907.png,20.03.2025\14\depth\14.08.03.907.png
7638,7521,3.25,20.03.2025,14,20.03.2025\14\rgb\14.08.03.996.png,20.03.2025\14\depth\14.08.03.996.png
7639,7521,3.25,20.03.2025,14,20.03.2025\14\rgb\14.08.04.090.png,20.03.2025\14\depth\14.08.04.090.png
7640,7521,3.25,20.03.2025,14,20.03.2025\14\rgb\14.08.04.186.png,20.03.2025\14\depth\14.08.04.186.png
7641,530131,3.25,20.03.2025,15,20.03.2025\15\rgb\14.08.16.511.png,20.03.2025\15\depth\14.08.16.511.png
7642,530131,3.25,20.03.2025,15,20.03.2025\15\rgb\14.08.16.611.png,20.03.2025\15\depth\14.08.16.611.png
7643,530131,3.25,20.03.2025,15,20.03.2025\15\rgb\14.08.16.701.png,20.03.2025\15\depth\14.08.16.701.png
7644,530131,3.25,20.03.2025,15,20.03.2025\15\rgb\14.08.16.794.png,20.03.2025\15\depth\14.08.16.794.png
7645,530131,3.25,20.03.2025,15,20.03.2025\15\rgb\14.08.16.888.png,20.03.2025\15\depth\14.08.16.888.png
7646,530131,3.25,20.03.2025,15,20.03.2025\15\rgb\14.08.16.981.png,20.03.2025\15\depth\14.08.16.981.png
7647,530131,3.25,20.03.2025,15,20.03.2025\15\rgb\14.08.17.071.png,20.03.2025\15\depth\14.08.17.071.png
7648,530131,3.25,20.03.2025,15,20.03.2025\15\rgb\14.08.17.163.png,20.03.2025\15\depth\14.08.17.163.png
7649,530131,3.25,20.03.2025,15,20.03.2025\15\rgb\14.08.17.255.png,20.03.2025\15\depth\14.08.17.255.png
7650,530131,3.25,20.03.2025,15,20.03.2025\15\rgb\14.08.17.352.png,20.03.2025\15\depth\14.08.17.352.png
7651,530131,3.25,20.03.2025,15,20.03.2025\15\rgb\14.08.17.441.png,20.03.2025\15\depth\14.08.17.441.png
7652,530131,3.25,20.03.2025,15,20.03.2025\15\rgb\14.08.17.533.png,20.03.2025\15\depth\14.08.17.533.png
7653,530131,3.25,20.03.2025,15,20.03.2025\15\rgb\14.08.17.624.png,20.03.2025\15\depth\14.08.17.624.png
7654,530131,3.25,20.03.2025,15,20.03.2025\15\rgb\14.08.17.717.png,20.03.2025\15\depth\14.08.17.717.png
7655,530131,3.25,20.03.2025,15,20.03.2025\15\rgb\14.08.17.809.png,20.03.2025\15\depth\14.08.17.809.png
7656,530131,3.25,20.03.2025,15,20.03.2025\15\rgb\14.08.17.901.png,20.03.2025\15\depth\14.08.17.901.png
7657,530131,3.25,20.03.2025,15,20.03.2025\15\rgb\14.08.17.991.png,20.03.2025\15\depth\14.08.17.991.png
7658,530131,3.25,20.03.2025,15,20.03.2025\15\rgb\14.08.18.085.png,20.03.2025\15\depth\14.08.18.085.png
7659,530131,3.25,20.03.2025,15,20.03.2025\15\rgb\14.08.18.176.png,20.03.2025\15\depth\14.08.18.176.png
7660,530131,3.25,20.03.2025,15,20.03.2025\15\rgb\14.08.18.271.png,20.03.2025\15\depth\14.08.18.271.png
7661,330409,3.0,20.03.2025,16,20.03.2025\16\rgb\14.08.32.928.png,20.03.2025\16\depth\14.08.32.928.png
7662,330409,3.0,20.03.2025,16,20.03.2025\16\rgb\14.08.33.015.png,20.03.2025\16\depth\14.08.33.015.png
7663,330409,3.0,20.03.2025,16,20.03.2025\16\rgb\14.08.33.107.png,20.03.2025\16\depth\14.08.33.107.png
7664,330409,3.0,20.03.2025,16,20.03.2025\16\rgb\14.08.33.199.png,20.03.2025\16\depth\14.08.33.199.png
7665,330409,3.0,20.03.2025,16,20.03.2025\16\rgb\14.08.33.292.png,20.03.2025\16\depth\14.08.33.292.png
7666,330409,3.0,20.03.2025,16,20.03.2025\16\rgb\14.08.33.385.png,20.03.2025\16\depth\14.08.33.385.png
7667,330409,3.0,20.03.2025,16,20.03.2025\16\rgb\14.08.33.475.png,20.03.2025\16\depth\14.08.33.475.png
7668,330409,3.0,20.03.2025,16,20.03.2025\16\rgb\14.08.33.569.png,20.03.2025\16\depth\14.08.33.569.png
7669,330409,3.0,20.03.2025,16,20.03.2025\16\rgb\14.08.33.659.png,20.03.2025\16\depth\14.08.33.659.png
7670,330409,3.0,20.03.2025,16,20.03.2025\16\rgb\14.08.33.753.png,20.03.2025\16\depth\14.08.33.753.png
7671,330409,3.0,20.03.2025,16,20.03.2025\16\rgb\14.08.33.847.png,20.03.2025\16\depth\14.08.33.847.png
7672,330409,3.0,20.03.2025,16,20.03.2025\16\rgb\14.08.33.938.png,20.03.2025\16\depth\14.08.33.938.png
7673,330409,3.0,20.03.2025,16,20.03.2025\16\rgb\14.08.34.031.png,20.03.2025\16\depth\14.08.34.031.png
7674,330409,3.0,20.03.2025,16,20.03.2025\16\rgb\14.08.34.125.png,20.03.2025\16\depth\14.08.34.125.png
7675,330409,3.0,20.03.2025,16,20.03.2025\16\rgb\14.08.34.220.png,20.03.2025\16\depth\14.08.34.220.png
7676,330409,3.0,20.03.2025,16,20.03.2025\16\rgb\14.08.34.310.png,20.03.2025\16\depth\14.08.34.310.png
7677,330409,3.0,20.03.2025,16,20.03.2025\16\rgb\14.08.34.400.png,20.03.2025\16\depth\14.08.34.400.png
7678,330409,3.0,20.03.2025,16,20.03.2025\16\rgb\14.08.34.494.png,20.03.2025\16\depth\14.08.34.494.png
7679,330409,3.0,20.03.2025,16,20.03.2025\16\rgb\14.08.34.586.png,20.03.2025\16\depth\14.08.34.586.png
7680,330409,3.0,20.03.2025,16,20.03.2025\16\rgb\14.08.34.679.png,20.03.2025\16\depth\14.08.34.679.png
7681,7682,3.25,20.03.2025,17,20.03.2025\17\rgb\14.08.49.400.png,20.03.2025\17\depth\14.08.49.400.png
7682,7682,3.25,20.03.2025,17,20.03.2025\17\rgb\14.08.49.498.png,20.03.2025\17\depth\14.08.49.498.png
7683,7682,3.25,20.03.2025,17,20.03.2025\17\rgb\14.08.49.587.png,20.03.2025\17\depth\14.08.49.587.png
7684,7682,3.25,20.03.2025,17,20.03.2025\17\rgb\14.08.49.680.png,20.03.2025\17\depth\14.08.49.680.png
7685,7682,3.25,20.03.2025,17,20.03.2025\17\rgb\14.08.49.773.png,20.03.2025\17\depth\14.08.49.773.png
7686,7682,3.25,20.03.2025,17,20.03.2025\17\rgb\14.08.49.864.png,20.03.2025\17\depth\14.08.49.864.png
7687,7682,3.25,20.03.2025,17,20.03.2025\17\rgb\14.08.49.959.png,20.03.2025\17\depth\14.08.49.959.png
7688,7682,3.25,20.03.2025,17,20.03.2025\17\rgb\14.08.50.052.png,20.03.2025\17\depth\14.08.50.052.png
7689,7682,3.25,20.03.2025,17,20.03.2025\17\rgb\14.08.50.147.png,20.03.2025\17\depth\14.08.50.147.png
7690,7682,3.25,20.03.2025,17,20.03.2025\17\rgb\14.08.50.240.png,20.03.2025\17\depth\14.08.50.240.png
7691,7682,3.25,20.03.2025,17,20.03.2025\17\rgb\14.08.50.332.png,20.03.2025\17\depth\14.08.50.332.png
7692,7682,3.25,20.03.2025,17,20.03.2025\17\rgb\14.08.50.424.png,20.03.2025\17\depth\14.08.50.424.png
7693,7682,3.25,20.03.2025,17,20.03.2025\17\rgb\14.08.50.517.png,20.03.2025\17\depth\14.08.50.517.png
7694,7682,3.25,20.03.2025,17,20.03.2025\17\rgb\14.08.50.611.png,20.03.2025\17\depth\14.08.50.611.png
7695,7682,3.25,20.03.2025,17,20.03.2025\17\rgb\14.08.50.700.png,20.03.2025\17\depth\14.08.50.700.png
7696,7682,3.25,20.03.2025,17,20.03.2025\17\rgb\14.08.50.794.png,20.03.2025\17\depth\14.08.50.794.png
7697,7682,3.25,20.03.2025,17,20.03.2025\17\rgb\14.08.50.888.png,20.03.2025\17\depth\14.08.50.888.png
7698,7682,3.25,20.03.2025,17,20.03.2025\17\rgb\14.08.50.983.png,20.03.2025\17\depth\14.08.50.983.png
7699,7682,3.25,20.03.2025,17,20.03.2025\17\rgb\14.08.51.073.png,20.03.2025\17\depth\14.08.51.073.png
7700,7682,3.25,20.03.2025,17,20.03.2025\17\rgb\14.08.51.164.png,20.03.2025\17\depth\14.08.51.164.png
7701,730316,3.0,20.03.2025,18,20.03.2025\18\rgb\14.09.02.395.png,20.03.2025\18\depth\14.09.02.395.png
7702,730316,3.0,20.03.2025,18,20.03.2025\18\rgb\14.09.02.481.png,20.03.2025\18\depth\14.09.02.481.png
7703,730316,3.0,20.03.2025,18,20.03.2025\18\rgb\14.09.02.576.png,20.03.2025\18\depth\14.09.02.576.png
7704,730316,3.0,20.03.2025,18,20.03.2025\18\rgb\14.09.02.667.png,20.03.2025\18\depth\14.09.02.667.png
7705,730316,3.0,20.03.2025,18,20.03.2025\18\rgb\14.09.02.757.png,20.03.2025\18\depth\14.09.02.757.png
7706,730316,3.0,20.03.2025,18,20.03.2025\18\rgb\14.09.02.851.png,20.03.2025\18\depth\14.09.02.851.png
7707,730316,3.0,20.03.2025,18,20.03.2025\18\rgb\14.09.02.944.png,20.03.2025\18\depth\14.09.02.944.png
7708,730316,3.0,20.03.2025,18,20.03.2025\18\rgb\14.09.03.037.png,20.03.2025\18\depth\14.09.03.037.png
7709,730316,3.0,20.03.2025,18,20.03.2025\18\rgb\14.09.03.130.png,20.03.2025\18\depth\14.09.03.130.png
7710,730316,3.0,20.03.2025,18,20.03.2025\18\rgb\14.09.03.220.png,20.03.2025\18\depth\14.09.03.220.png
7711,730316,3.0,20.03.2025,18,20.03.2025\18\rgb\14.09.03.312.png,20.03.2025\18\depth\14.09.03.312.png
7712,730316,3.0,20.03.2025,18,20.03.2025\18\rgb\14.09.03.404.png,20.03.2025\18\depth\14.09.03.404.png
7713,730316,3.0,20.03.2025,18,20.03.2025\18\rgb\14.09.03.496.png,20.03.2025\18\depth\14.09.03.496.png
7714,730316,3.0,20.03.2025,18,20.03.2025\18\rgb\14.09.03.588.png,20.03.2025\18\depth\14.09.03.588.png
7715,730316,3.0,20.03.2025,18,20.03.2025\18\rgb\14.09.03.678.png,20.03.2025\18\depth\14.09.03.678.png
7716,730316,3.0,20.03.2025,18,20.03.2025\18\rgb\14.09.03.770.png,20.03.2025\18\depth\14.09.03.770.png
7717,730316,3.0,20.03.2025,18,20.03.2025\18\rgb\14.09.03.864.png,20.03.2025\18\depth\14.09.03.864.png
7718,730316,3.0,20.03.2025,18,20.03.2025\18\rgb\14.09.03.954.png,20.03.2025\18\depth\14.09.03.954.png
7719,730316,3.0,20.03.2025,18,20.03.2025\18\rgb\14.09.04.050.png,20.03.2025\18\depth\14.09.04.050.png
7720,730316,3.0,20.03.2025,18,20.03.2025\18\rgb\14.09.04.138.png,20.03.2025\18\depth\14.09.04.138.png
7721,6868,3.25,20.03.2025,19,20.03.2025\19\rgb\14.09.18.094.png,20.03.2025\19\depth\14.09.18.094.png
7722,6868,3.25,20.03.2025,19,20.03.2025\19\rgb\14.09.18.180.png,20.03.2025\19\depth\14.09.18.180.png
7723,6868,3.25,20.03.2025,19,20.03.2025\19\rgb\14.09.18.271.png,20.03.2025\19\depth\14.09.18.271.png
7724,6868,3.25,20.03.2025,19,20.03.2025\19\rgb\14.09.18.362.png,20.03.2025\19\depth\14.09.18.362.png
7725,6868,3.25,20.03.2025,19,20.03.2025\19\rgb\14.09.18.454.png,20.03.2025\19\depth\14.09.18.454.png
7726,6868,3.25,20.03.2025,19,20.03.2025\19\rgb\14.09.18.547.png,20.03.2025\19\depth\14.09.18.547.png
7727,6868,3.25,20.03.2025,19,20.03.2025\19\rgb\14.09.18.641.png,20.03.2025\19\depth\14.09.18.641.png
7728,6868,3.25,20.03.2025,19,20.03.2025\19\rgb\14.09.18.731.png,20.03.2025\19\depth\14.09.18.731.png
7729,6868,3.25,20.03.2025,19,20.03.2025\19\rgb\14.09.18.826.png,20.03.2025\19\depth\14.09.18.826.png
7730,6868,3.25,20.03.2025,19,20.03.2025\19\rgb\14.09.18.917.png,20.03.2025\19\depth\14.09.18.917.png
7731,6868,3.25,20.03.2025,19,20.03.2025\19\rgb\14.09.19.010.png,20.03.2025\19\depth\14.09.19.010.png
7732,6868,3.25,20.03.2025,19,20.03.2025\19\rgb\14.09.19.102.png,20.03.2025\19\depth\14.09.19.102.png
7733,6868,3.25,20.03.2025,19,20.03.2025\19\rgb\14.09.19.194.png,20.03.2025\19\depth\14.09.19.194.png
7734,6868,3.25,20.03.2025,19,20.03.2025\19\rgb\14.09.19.286.png,20.03.2025\19\depth\14.09.19.286.png
7735,6868,3.25,20.03.2025,19,20.03.2025\19\rgb\14.09.19.382.png,20.03.2025\19\depth\14.09.19.382.png
7736,6868,3.25,20.03.2025,19,20.03.2025\19\rgb\14.09.19.473.png,20.03.2025\19\depth\14.09.19.473.png
7737,6868,3.25,20.03.2025,19,20.03.2025\19\rgb\14.09.19.563.png,20.03.2025\19\depth\14.09.19.563.png
7738,6868,3.25,20.03.2025,19,20.03.2025\19\rgb\14.09.19.656.png,20.03.2025\19\depth\14.09.19.656.png
7739,6868,3.25,20.03.2025,19,20.03.2025\19\rgb\14.09.19.750.png,20.03.2025\19\depth\14.09.19.750.png
7740,6868,3.25,20.03.2025,19,20.03.2025\19\rgb\14.09.19.843.png,20.03.2025\19\depth\14.09.19.843.png
7741,930407,3.5,20.03.2025,20,20.03.2025\20\rgb\14.09.32.045.png,20.03.2025\20\depth\14.09.32.045.png
7742,930407,3.5,20.03.2025,20,20.03.2025\20\rgb\14.09.32.132.png,20.03.2025\20\depth\14.09.32.132.png
7743,930407,3.5,20.03.2025,20,20.03.2025\20\rgb\14.09.32.230.png,20.03.2025\20\depth\14.09.32.230.png
7744,930407,3.5,20.03.2025,20,20.03.2025\20\rgb\14.09.32.332.png,20.03.2025\20\depth\14.09.32.332.png
7745,930407,3.5,20.03.2025,20,20.03.2025\20\rgb\14.09.32.428.png,20.03.2025\20\depth\14.09.32.428.png
7746,930407,3.5,20.03.2025,20,20.03.2025\20\rgb\14.09.32.523.png,20.03.2025\20\depth\14.09.32.523.png
7747,930407,3.5,20.03.2025,20,20.03.2025\20\rgb\14.09.32.613.png,20.03.2025\20\depth\14.09.32.613.png
7748,930407,3.5,20.03.2025,20,20.03.2025\20\rgb\14.09.32.706.png,20.03.2025\20\depth\14.09.32.706.png
7749,930407,3.5,20.03.2025,20,20.03.2025\20\rgb\14.09.32.799.png,20.03.2025\20\depth\14.09.32.799.png
7750,930407,3.5,20.03.2025,20,20.03.2025\20\rgb\14.09.32.892.png,20.03.2025\20\depth\14.09.32.892.png
7751,930407,3.5,20.03.2025,20,20.03.2025\20\rgb\14.09.32.985.png,20.03.2025\20\depth\14.09.32.985.png
7752,930407,3.5,20.03.2025,20,20.03.2025\20\rgb\14.09.33.077.png,20.03.2025\20\depth\14.09.33.077.png
7753,930407,3.5,20.03.2025,20,20.03.2025\20\rgb\14.09.33.170.png,20.03.2025\20\depth\14.09.33.170.png
7754,930407,3.5,20.03.2025,20,20.03.2025\20\rgb\14.09.33.263.png,20.03.2025\20\depth\14.09.33.263.png
7755,930407,3.5,20.03.2025,20,20.03.2025\20\rgb\14.09.33.359.png,20.03.2025\20\depth\14.09.33.359.png
7756,930407,3.5,20.03.2025,20,20.03.2025\20\rgb\14.09.33.452.png,20.03.2025\20\depth\14.09.33.452.png
7757,930407,3.5,20.03.2025,20,20.03.2025\20\rgb\14.09.33.544.png,20.03.2025\20\depth\14.09.33.544.png
7758,930407,3.5,20.03.2025,20,20.03.2025\20\rgb\14.09.33.636.png,20.03.2025\20\depth\14.09.33.636.png
7759,930407,3.5,20.03.2025,20,20.03.2025\20\rgb\14.09.33.726.png,20.03.2025\20\depth\14.09.33.726.png
7760,930407,3.5,20.03.2025,20,20.03.2025\20\rgb\14.09.33.822.png,20.03.2025\20\depth\14.09.33.822.png
7761,710404,3.75,20.03.2025,21,20.03.2025\21\rgb\14.09.49.120.png,20.03.2025\21\depth\14.09.49.120.png
7762,710404,3.75,20.03.2025,21,20.03.2025\21\rgb\14.09.49.220.png,20.03.2025\21\depth\14.09.49.220.png
7763,710404,3.75,20.03.2025,21,20.03.2025\21\rgb\14.09.49.312.png,20.03.2025\21\depth\14.09.49.312.png
7764,710404,3.75,20.03.2025,21,20.03.2025\21\rgb\14.09.49.404.png,20.03.2025\21\depth\14.09.49.404.png
7765,710404,3.75,20.03.2025,21,20.03.2025\21\rgb\14.09.49.495.png,20.03.2025\21\depth\14.09.49.495.png
7766,710404,3.75,20.03.2025,21,20.03.2025\21\rgb\14.09.49.589.png,20.03.2025\21\depth\14.09.49.589.png
7767,710404,3.75,20.03.2025,21,20.03.2025\21\rgb\14.09.49.680.png,20.03.2025\21\depth\14.09.49.680.png
7768,710404,3.75,20.03.2025,21,20.03.2025\21\rgb\14.09.49.773.png,20.03.2025\21\depth\14.09.49.773.png
7769,710404,3.75,20.03.2025,21,20.03.2025\21\rgb\14.09.49.866.png,20.03.2025\21\depth\14.09.49.866.png
7770,710404,3.75,20.03.2025,21,20.03.2025\21\rgb\14.09.49.960.png,20.03.2025\21\depth\14.09.49.960.png
7771,710404,3.75,20.03.2025,21,20.03.2025\21\rgb\14.09.50.052.png,20.03.2025\21\depth\14.09.50.052.png
7772,710404,3.75,20.03.2025,21,20.03.2025\21\rgb\14.09.50.144.png,20.03.2025\21\depth\14.09.50.144.png
7773,710404,3.75,20.03.2025,21,20.03.2025\21\rgb\14.09.50.239.png,20.03.2025\21\depth\14.09.50.239.png
7774,710404,3.75,20.03.2025,21,20.03.2025\21\rgb\14.09.50.329.png,20.03.2025\21\depth\14.09.50.329.png
7775,710404,3.75,20.03.2025,21,20.03.2025\21\rgb\14.09.50.420.png,20.03.2025\21\depth\14.09.50.420.png
7776,710404,3.75,20.03.2025,21,20.03.2025\21\rgb\14.09.50.512.png,20.03.2025\21\depth\14.09.50.512.png
7777,710404,3.75,20.03.2025,21,20.03.2025\21\rgb\14.09.50.606.png,20.03.2025\21\depth\14.09.50.606.png
7778,710404,3.75,20.03.2025,21,20.03.2025\21\rgb\14.09.50.697.png,20.03.2025\21\depth\14.09.50.697.png
7779,710404,3.75,20.03.2025,21,20.03.2025\21\rgb\14.09.50.793.png,20.03.2025\21\depth\14.09.50.793.png
7780,710404,3.75,20.03.2025,21,20.03.2025\21\rgb\14.09.50.884.png,20.03.2025\21\depth\14.09.50.884.png
7781,630409,3.0,20.03.2025,22,20.03.2025\22\rgb\14.10.05.672.png,20.03.2025\22\depth\14.10.05.672.png
7782,630409,3.0,20.03.2025,22,20.03.2025\22\rgb\14.10.05.772.png,20.03.2025\22\depth\14.10.05.772.png
7783,630409,3.0,20.03.2025,22,20.03.2025\22\rgb\14.10.05.864.png,20.03.2025\22\depth\14.10.05.864.png
7784,630409,3.0,20.03.2025,22,20.03.2025\22\rgb\14.10.05.956.png,20.03.2025\22\depth\14.10.05.956.png
7785,630409,3.0,20.03.2025,22,20.03.2025\22\rgb\14.10.06.046.png,20.03.2025\22\depth\14.10.06.046.png
7786,630409,3.0,20.03.2025,22,20.03.2025\22\rgb\14.10.06.139.png,20.03.2025\22\depth\14.10.06.139.png
7787,630409,3.0,20.03.2025,22,20.03.2025\22\rgb\14.10.06.229.png,20.03.2025\22\depth\14.10.06.229.png
7788,630409,3.0,20.03.2025,22,20.03.2025\22\rgb\14.10.06.323.png,20.03.2025\22\depth\14.10.06.323.png
7789,630409,3.0,20.03.2025,22,20.03.2025\22\rgb\14.10.06.419.png,20.03.2025\22\depth\14.10.06.419.png
7790,630409,3.0,20.03.2025,22,20.03.2025\22\rgb\14.10.06.503.png,20.03.2025\22\depth\14.10.06.503.png
7791,630409,3.0,20.03.2025,22,20.03.2025\22\rgb\14.10.06.590.png,20.03.2025\22\depth\14.10.06.590.png
7792,630409,3.0,20.03.2025,22,20.03.2025\22\rgb\14.10.06.680.png,20.03.2025\22\depth\14.10.06.680.png
7793,630409,3.0,20.03.2025,22,20.03.2025\22\rgb\14.10.06.772.png,20.03.2025\22\depth\14.10.06.772.png
7794,630409,3.0,20.03.2025,22,20.03.2025\22\rgb\14.10.06.865.png,20.03.2025\22\depth\14.10.06.865.png
7795,630409,3.0,20.03.2025,22,20.03.2025\22\rgb\14.10.06.958.png,20.03.2025\22\depth\14.10.06.958.png
7796,630409,3.0,20.03.2025,22,20.03.2025\22\rgb\14.10.07.051.png,20.03.2025\22\depth\14.10.07.051.png
7797,630409,3.0,20.03.2025,22,20.03.2025\22\rgb\14.10.07.146.png,20.03.2025\22\depth\14.10.07.146.png
7798,630409,3.0,20.03.2025,22,20.03.2025\22\rgb\14.10.07.236.png,20.03.2025\22\depth\14.10.07.236.png
7799,630409,3.0,20.03.2025,22,20.03.2025\22\rgb\14.10.07.328.png,20.03.2025\22\depth\14.10.07.328.png
7800,630409,3.0,20.03.2025,22,20.03.2025\22\rgb\14.10.07.423.png,20.03.2025\22\depth\14.10.07.423.png
7801,930312,3.0,20.03.2025,23,20.03.2025\23\rgb\14.10.18.975.png,20.03.2025\23\depth\14.10.18.975.png
7802,930312,3.0,20.03.2025,23,20.03.2025\23\rgb\14.10.19.059.png,20.03.2025\23\depth\14.10.19.059.png
7803,930312,3.0,20.03.2025,23,20.03.2025\23\rgb\14.10.19.153.png,20.03.2025\23\depth\14.10.19.153.png
7804,930312,3.0,20.03.2025,23,20.03.2025\23\rgb\14.10.19.245.png,20.03.2025\23\depth\14.10.19.245.png
7805,930312,3.0,20.03.2025,23,20.03.2025\23\rgb\14.10.19.339.png,20.03.2025\23\depth\14.10.19.339.png
7806,930312,3.0,20.03.2025,23,20.03.2025\23\rgb\14.10.19.431.png,20.03.2025\23\depth\14.10.19.431.png
7807,930312,3.0,20.03.2025,23,20.03.2025\23\rgb\14.10.19.526.png,20.03.2025\23\depth\14.10.19.526.png
7808,930312,3.0,20.03.2025,23,20.03.2025\23\rgb\14.10.19.616.png,20.03.2025\23\depth\14.10.19.616.png
7809,930312,3.0,20.03.2025,23,20.03.2025\23\rgb\14.10.19.708.png,20.03.2025\23\depth\14.10.19.708.png
7810,930312,3.0,20.03.2025,23,20.03.2025\23\rgb\14.10.19.803.png,20.03.2025\23\depth\14.10.19.803.png
7811,930312,3.0,20.03.2025,23,20.03.2025\23\rgb\14.10.19.894.png,20.03.2025\23\depth\14.10.19.894.png
7812,930312,3.0,20.03.2025,23,20.03.2025\23\rgb\14.10.19.988.png,20.03.2025\23\depth\14.10.19.988.png
7813,930312,3.0,20.03.2025,23,20.03.2025\23\rgb\14.10.20.079.png,20.03.2025\23\depth\14.10.20.079.png
7814,930312,3.0,20.03.2025,23,20.03.2025\23\rgb\14.10.20.173.png,20.03.2025\23\depth\14.10.20.173.png
7815,930312,3.0,20.03.2025,23,20.03.2025\23\rgb\14.10.20.263.png,20.03.2025\23\depth\14.10.20.263.png
7816,930312,3.0,20.03.2025,23,20.03.2025\23\rgb\14.10.20.355.png,20.03.2025\23\depth\14.10.20.355.png
7817,930312,3.0,20.03.2025,23,20.03.2025\23\rgb\14.10.20.449.png,20.03.2025\23\depth\14.10.20.449.png
7818,930312,3.0,20.03.2025,23,20.03.2025\23\rgb\14.10.20.539.png,20.03.2025\23\depth\14.10.20.539.png
7819,930312,3.0,20.03.2025,23,20.03.2025\23\rgb\14.10.20.634.png,20.03.2025\23\depth\14.10.20.634.png
7820,930312,3.0,20.03.2025,23,20.03.2025\23\rgb\14.10.20.724.png,20.03.2025\23\depth\14.10.20.724.png
7821,7082,3.75,20.03.2025,24,20.03.2025\24\rgb\14.10.34.761.png,20.03.2025\24\depth\14.10.34.761.png
7822,7082,3.75,20.03.2025,24,20.03.2025\24\rgb\14.10.34.861.png,20.03.2025\24\depth\14.10.34.861.png
7823,7082,3.75,20.03.2025,24,20.03.2025\24\rgb\14.10.34.955.png,20.03.2025\24\depth\14.10.34.955.png
7824,7082,3.75,20.03.2025,24,20.03.2025\24\rgb\14.10.35.052.png,20.03.2025\24\depth\14.10.35.052.png
7825,7082,3.75,20.03.2025,24,20.03.2025\24\rgb\14.10.35.142.png,20.03.2025\24\depth\14.10.35.142.png
7826,7082,3.75,20.03.2025,24,20.03.2025\24\rgb\14.10.35.233.png,20.03.2025\24\depth\14.10.35.233.png
7827,7082,3.75,20.03.2025,24,20.03.2025\24\rgb\14.10.35.325.png,20.03.2025\24\depth\14.10.35.325.png
7828,7082,3.75,20.03.2025,24,20.03.2025\24\rgb\14.10.35.415.png,20.03.2025\24\depth\14.10.35.415.png
7829,7082,3.75,20.03.2025,24,20.03.2025\24\rgb\14.10.35.496.png,20.03.2025\24\depth\14.10.35.496.png
7830,7082,3.75,20.03.2025,24,20.03.2025\24\rgb\14.10.35.587.png,20.03.2025\24\depth\14.10.35.587.png
7831,7082,3.75,20.03.2025,24,20.03.2025\24\rgb\14.10.35.677.png,20.03.2025\24\depth\14.10.35.677.png
7832,7082,3.75,20.03.2025,24,20.03.2025\24\rgb\14.10.35.770.png,20.03.2025\24\depth\14.10.35.770.png
7833,7082,3.75,20.03.2025,24,20.03.2025\24\rgb\14.10.35.864.png,20.03.2025\24\depth\14.10.35.864.png
7834,7082,3.75,20.03.2025,24,20.03.2025\24\rgb\14.10.35.956.png,20.03.2025\24\depth\14.10.35.956.png
7835,7082,3.75,20.03.2025,24,20.03.2025\24\rgb\14.10.36.053.png,20.03.2025\24\depth\14.10.36.053.png
7836,7082,3.75,20.03.2025,24,20.03.2025\24\rgb\14.10.36.141.png,20.03.2025\24\depth\14.10.36.141.png
7837,7082,3.75,20.03.2025,24,20.03.2025\24\rgb\14.10.36.233.png,20.03.2025\24\depth\14.10.36.233.png
7838,7082,3.75,20.03.2025,24,20.03.2025\24\rgb\14.10.36.325.png,20.03.2025\24\depth\14.10.36.325.png
7839,7082,3.75,20.03.2025,24,20.03.2025\24\rgb\14.10.36.420.png,20.03.2025\24\depth\14.10.36.420.png
7840,7082,3.75,20.03.2025,24,20.03.2025\24\rgb\14.10.36.513.png,20.03.2025\24\depth\14.10.36.513.png
7841,730215,3.5,20.03.2025,25,20.03.2025\25\rgb\14.10.49.190.png,20.03.2025\25\depth\14.10.49.190.png
7842,730215,3.5,20.03.2025,25,20.03.2025\25\rgb\14.10.49.278.png,20.03.2025\25\depth\14.10.49.278.png
7843,730215,3.5,20.03.2025,25,20.03.2025\25\rgb\14.10.49.371.png,20.03.2025\25\depth\14.10.49.371.png
7844,730215,3.5,20.03.2025,25,20.03.2025\25\rgb\14.10.49.463.png,20.03.2025\25\depth\14.10.49.463.png
7845,730215,3.5,20.03.2025,25,20.03.2025\25\rgb\14.10.49.556.png,20.03.2025\25\depth\14.10.49.556.png
7846,730215,3.5,20.03.2025,25,20.03.2025\25\rgb\14.10.49.633.png,20.03.2025\25\depth\14.10.49.633.png
7847,730215,3.5,20.03.2025,25,20.03.2025\25\rgb\14.10.49.726.png,20.03.2025\25\depth\14.10.49.726.png
7848,730215,3.5,20.03.2025,25,20.03.2025\25\rgb\14.10.49.817.png,20.03.2025\25\depth\14.10.49.817.png
7849,730215,3.5,20.03.2025,25,20.03.2025\25\rgb\14.10.49.909.png,20.03.2025\25\depth\14.10.49.909.png
7850,730215,3.5,20.03.2025,25,20.03.2025\25\rgb\14.10.50.004.png,20.03.2025\25\depth\14.10.50.004.png
7851,730215,3.5,20.03.2025,25,20.03.2025\25\rgb\14.10.50.094.png,20.03.2025\25\depth\14.10.50.094.png
7852,730215,3.5,20.03.2025,25,20.03.2025\25\rgb\14.10.50.187.png,20.03.2025\25\depth\14.10.50.187.png
7853,730215,3.5,20.03.2025,25,20.03.2025\25\rgb\14.10.50.279.png,20.03.2025\25\depth\14.10.50.279.png
7854,730215,3.5,20.03.2025,25,20.03.2025\25\rgb\14.10.50.374.png,20.03.2025\25\depth\14.10.50.374.png
7855,730215,3.5,20.03.2025,25,20.03.2025\25\rgb\14.10.50.465.png,20.03.2025\25\depth\14.10.50.465.png
7856,730215,3.5,20.03.2025,25,20.03.2025\25\rgb\14.10.50.558.png,20.03.2025\25\depth\14.10.50.558.png
7857,730215,3.5,20.03.2025,25,20.03.2025\25\rgb\14.10.50.651.png,20.03.2025\25\depth\14.10.50.651.png
7858,730215,3.5,20.03.2025,25,20.03.2025\25\rgb\14.10.50.743.png,20.03.2025\25\depth\14.10.50.743.png
7859,730215,3.5,20.03.2025,25,20.03.2025\25\rgb\14.10.50.821.png,20.03.2025\25\depth\14.10.50.821.png
7860,730215,3.5,20.03.2025,25,20.03.2025\25\rgb\14.10.50.914.png,20.03.2025\25\depth\14.10.50.914.png
7861,430317,3.5,20.03.2025,26,20.03.2025\26\rgb\14.11.04.004.png,20.03.2025\26\depth\14.11.04.004.png
7862,430317,3.5,20.03.2025,26,20.03.2025\26\rgb\14.11.04.105.png,20.03.2025\26\depth\14.11.04.105.png
7863,430317,3.5,20.03.2025,26,20.03.2025\26\rgb\14.11.04.196.png,20.03.2025\26\depth\14.11.04.196.png
7864,430317,3.5,20.03.2025,26,20.03.2025\26\rgb\14.11.04.291.png,20.03.2025\26\depth\14.11.04.291.png
7865,430317,3.5,20.03.2025,26,20.03.2025\26\rgb\14.11.04.399.png,20.03.2025\26\depth\14.11.04.399.png
7866,430317,3.5,20.03.2025,26,20.03.2025\26\rgb\14.11.04.489.png,20.03.2025\26\depth\14.11.04.489.png
7867,430317,3.5,20.03.2025,26,20.03.2025\26\rgb\14.11.04.595.png,20.03.2025\26\depth\14.11.04.595.png
7868,430317,3.5,20.03.2025,26,20.03.2025\26\rgb\14.11.04.685.png,20.03.2025\26\depth\14.11.04.685.png
7869,430317,3.5,20.03.2025,26,20.03.2025\26\rgb\14.11.04.776.png,20.03.2025\26\depth\14.11.04.776.png
7870,430317,3.5,20.03.2025,26,20.03.2025\26\rgb\14.11.04.882.png,20.03.2025\26\depth\14.11.04.882.png
7871,430317,3.5,20.03.2025,26,20.03.2025\26\rgb\14.11.04.975.png,20.03.2025\26\depth\14.11.04.975.png
7872,430317,3.5,20.03.2025,26,20.03.2025\26\rgb\14.11.05.070.png,20.03.2025\26\depth\14.11.05.070.png
7873,430317,3.5,20.03.2025,26,20.03.2025\26\rgb\14.11.05.174.png,20.03.2025\26\depth\14.11.05.174.png
7874,430317,3.5,20.03.2025,26,20.03.2025\26\rgb\14.11.05.265.png,20.03.2025\26\depth\14.11.05.265.png
7875,430317,3.5,20.03.2025,26,20.03.2025\26\rgb\14.11.05.365.png,20.03.2025\26\depth\14.11.05.365.png
7876,430317,3.5,20.03.2025,26,20.03.2025\26\rgb\14.11.05.466.png,20.03.2025\26\depth\14.11.05.466.png
7877,430317,3.5,20.03.2025,26,20.03.2025\26\rgb\14.11.05.569.png,20.03.2025\26\depth\14.11.05.569.png
7878,430317,3.5,20.03.2025,26,20.03.2025\26\rgb\14.11.05.662.png,20.03.2025\26\depth\14.11.05.662.png
7879,430317,3.5,20.03.2025,26,20.03.2025\26\rgb\14.11.05.768.png,20.03.2025\26\depth\14.11.05.768.png
7880,430317,3.5,20.03.2025,26,20.03.2025\26\rgb\14.11.05.865.png,20.03.2025\26\depth\14.11.05.865.png
7881,7737,3.25,20.03.2025,27,20.03.2025\27\rgb\14.11.19.736.png,20.03.2025\27\depth\14.11.19.736.png
7882,7737,3.25,20.03.2025,27,20.03.2025\27\rgb\14.11.19.835.png,20.03.2025\27\depth\14.11.19.835.png
7883,7737,3.25,20.03.2025,27,20.03.2025\27\rgb\14.11.19.929.png,20.03.2025\27\depth\14.11.19.929.png
7884,7737,3.25,20.03.2025,27,20.03.2025\27\rgb\14.11.20.024.png,20.03.2025\27\depth\14.11.20.024.png
7885,7737,3.25,20.03.2025,27,20.03.2025\27\rgb\14.11.20.113.png,20.03.2025\27\depth\14.11.20.113.png
7886,7737,3.25,20.03.2025,27,20.03.2025\27\rgb\14.11.20.208.png,20.03.2025\27\depth\14.11.20.208.png
7887,7737,3.25,20.03.2025,27,20.03.2025\27\rgb\14.11.20.299.png,20.03.2025\27\depth\14.11.20.299.png
7888,7737,3.25,20.03.2025,27,20.03.2025\27\rgb\14.11.20.390.png,20.03.2025\27\depth\14.11.20.390.png
7889,7737,3.25,20.03.2025,27,20.03.2025\27\rgb\14.11.20.483.png,20.03.2025\27\depth\14.11.20.483.png
7890,7737,3.25,20.03.2025,27,20.03.2025\27\rgb\14.11.20.572.png,20.03.2025\27\depth\14.11.20.572.png
7891,7737,3.25,20.03.2025,27,20.03.2025\27\rgb\14.11.20.664.png,20.03.2025\27\depth\14.11.20.664.png
7892,7737,3.25,20.03.2025,27,20.03.2025\27\rgb\14.11.20.757.png,20.03.2025\27\depth\14.11.20.757.png
7893,7737,3.25,20.03.2025,27,20.03.2025\27\rgb\14.11.20.851.png,20.03.2025\27\depth\14.11.20.851.png
7894,7737,3.25,20.03.2025,27,20.03.2025\27\rgb\14.11.20.942.png,20.03.2025\27\depth\14.11.20.942.png
7895,7737,3.25,20.03.2025,27,20.03.2025\27\rgb\14.11.21.034.png,20.03.2025\27\depth\14.11.21.034.png
7896,7737,3.25,20.03.2025,27,20.03.2025\27\rgb\14.11.21.127.png,20.03.2025\27\depth\14.11.21.127.png
7897,7737,3.25,20.03.2025,27,20.03.2025\27\rgb\14.11.21.221.png,20.03.2025\27\depth\14.11.21.221.png
7898,7737,3.25,20.03.2025,27,20.03.2025\27\rgb\14.11.21.316.png,20.03.2025\27\depth\14.11.21.316.png
7899,7737,3.25,20.03.2025,27,20.03.2025\27\rgb\14.11.21.405.png,20.03.2025\27\depth\14.11.21.405.png
7900,7737,3.25,20.03.2025,27,20.03.2025\27\rgb\14.11.21.498.png,20.03.2025\27\depth\14.11.21.498.png
7901,801216,3.25,20.03.2025,28,20.03.2025\28\rgb\14.11.35.172.png,20.03.2025\28\depth\14.11.35.172.png
7902,801216,3.25,20.03.2025,28,20.03.2025\28\rgb\14.11.35.257.png,20.03.2025\28\depth\14.11.35.257.png
7903,801216,3.25,20.03.2025,28,20.03.2025\28\rgb\14.11.35.348.png,20.03.2025\28\depth\14.11.35.348.png
7904,801216,3.25,20.03.2025,28,20.03.2025\28\rgb\14.11.35.441.png,20.03.2025\28\depth\14.11.35.441.png
7905,801216,3.25,20.03.2025,28,20.03.2025\28\rgb\14.11.35.534.png,20.03.2025\28\depth\14.11.35.534.png
7906,801216,3.25,20.03.2025,28,20.03.2025\28\rgb\14.11.35.626.png,20.03.2025\28\depth\14.11.35.626.png
7907,801216,3.25,20.03.2025,28,20.03.2025\28\rgb\14.11.35.720.png,20.03.2025\28\depth\14.11.35.720.png
7908,801216,3.25,20.03.2025,28,20.03.2025\28\rgb\14.11.35.810.png,20.03.2025\28\depth\14.11.35.810.png
7909,801216,3.25,20.03.2025,28,20.03.2025\28\rgb\14.11.35.904.png,20.03.2025\28\depth\14.11.35.904.png
7910,801216,3.25,20.03.2025,28,20.03.2025\28\rgb\14.11.35.992.png,20.03.2025\28\depth\14.11.35.992.png
7911,801216,3.25,20.03.2025,28,20.03.2025\28\rgb\14.11.36.085.png,20.03.2025\28\depth\14.11.36.085.png
7912,801216,3.25,20.03.2025,28,20.03.2025\28\rgb\14.11.36.179.png,20.03.2025\28\depth\14.11.36.179.png
7913,801216,3.25,20.03.2025,28,20.03.2025\28\rgb\14.11.36.269.png,20.03.2025\28\depth\14.11.36.269.png
7914,801216,3.25,20.03.2025,28,20.03.2025\28\rgb\14.11.36.363.png,20.03.2025\28\depth\14.11.36.363.png
7915,801216,3.25,20.03.2025,28,20.03.2025\28\rgb\14.11.36.454.png,20.03.2025\28\depth\14.11.36.454.png
7916,801216,3.25,20.03.2025,28,20.03.2025\28\rgb\14.11.36.548.png,20.03.2025\28\depth\14.11.36.548.png
7917,801216,3.25,20.03.2025,28,20.03.2025\28\rgb\14.11.36.633.png,20.03.2025\28\depth\14.11.36.633.png
7918,801216,3.25,20.03.2025,28,20.03.2025\28\rgb\14.11.36.731.png,20.03.2025\28\depth\14.11.36.731.png
7919,801216,3.25,20.03.2025,28,20.03.2025\28\rgb\14.11.36.825.png,20.03.2025\28\depth\14.11.36.825.png
7920,801216,3.25,20.03.2025,28,20.03.2025\28\rgb\14.11.36.917.png,20.03.2025\28\depth\14.11.36.917.png
7921,530315,3.25,20.03.2025,29,20.03.2025\29\rgb\14.11.50.842.png,20.03.2025\29\depth\14.11.50.842.png
7922,530315,3.25,20.03.2025,29,20.03.2025\29\rgb\14.11.50.944.png,20.03.2025\29\depth\14.11.50.944.png
7923,530315,3.25,20.03.2025,29,20.03.2025\29\rgb\14.11.51.035.png,20.03.2025\29\depth\14.11.51.035.png
7924,530315,3.25,20.03.2025,29,20.03.2025\29\rgb\14.11.51.129.png,20.03.2025\29\depth\14.11.51.129.png
7925,530315,3.25,20.03.2025,29,20.03.2025\29\rgb\14.11.51.222.png,20.03.2025\29\depth\14.11.51.222.png
7926,530315,3.25,20.03.2025,29,20.03.2025\29\rgb\14.11.51.315.png,20.03.2025\29\depth\14.11.51.315.png
7927,530315,3.25,20.03.2025,29,20.03.2025\29\rgb\14.11.51.407.png,20.03.2025\29\depth\14.11.51.407.png
7928,530315,3.25,20.03.2025,29,20.03.2025\29\rgb\14.11.51.501.png,20.03.2025\29\depth\14.11.51.501.png
7929,530315,3.25,20.03.2025,29,20.03.2025\29\rgb\14.11.51.608.png,20.03.2025\29\depth\14.11.51.608.png
7930,530315,3.25,20.03.2025,29,20.03.2025\29\rgb\14.11.51.698.png,20.03.2025\29\depth\14.11.51.698.png
7931,530315,3.25,20.03.2025,29,20.03.2025\29\rgb\14.11.51.799.png,20.03.2025\29\depth\14.11.51.799.png
7932,530315,3.25,20.03.2025,29,20.03.2025\29\rgb\14.11.51.891.png,20.03.2025\29\depth\14.11.51.891.png
7933,530315,3.25,20.03.2025,29,20.03.2025\29\rgb\14.11.51.984.png,20.03.2025\29\depth\14.11.51.984.png
7934,530315,3.25,20.03.2025,29,20.03.2025\29\rgb\14.11.52.075.png,20.03.2025\29\depth\14.11.52.075.png
7935,530315,3.25,20.03.2025,29,20.03.2025\29\rgb\14.11.52.168.png,20.03.2025\29\depth\14.11.52.168.png
7936,530315,3.25,20.03.2025,29,20.03.2025\29\rgb\14.11.52.258.png,20.03.2025\29\depth\14.11.52.258.png
7937,530315,3.25,20.03.2025,29,20.03.2025\29\rgb\14.11.52.353.png,20.03.2025\29\depth\14.11.52.353.png
7938,530315,3.25,20.03.2025,29,20.03.2025\29\rgb\14.11.52.446.png,20.03.2025\29\depth\14.11.52.446.png
7939,530315,3.25,20.03.2025,29,20.03.2025\29\rgb\14.11.52.537.png,20.03.2025\29\depth\14.11.52.537.png
7940,530315,3.25,20.03.2025,29,20.03.2025\29\rgb\14.11.52.630.png,20.03.2025\29\depth\14.11.52.630.png
7941,230405,3.0,20.03.2025,30,20.03.2025\30\rgb\14.12.19.954.png,20.03.2025\30\depth\14.12.19.954.png
7942,230405,3.0,20.03.2025,30,20.03.2025\30\rgb\14.12.20.053.png,20.03.2025\30\depth\14.12.20.053.png
7943,230405,3.0,20.03.2025,30,20.03.2025\30\rgb\14.12.20.147.png,20.03.2025\30\depth\14.12.20.147.png
7944,230405,3.0,20.03.2025,30,20.03.2025\30\rgb\14.12.20.238.png,20.03.2025\30\depth\14.12.20.238.png
7945,230405,3.0,20.03.2025,30,20.03.2025\30\rgb\14.12.20.332.png,20.03.2025\30\depth\14.12.20.332.png
7946,230405,3.0,20.03.2025,30,20.03.2025\30\rgb\14.12.20.425.png,20.03.2025\30\depth\14.12.20.425.png
7947,230405,3.0,20.03.2025,30,20.03.2025\30\rgb\14.12.20.514.png,20.03.2025\30\depth\14.12.20.514.png
7948,230405,3.0,20.03.2025,30,20.03.2025\30\rgb\14.12.20.609.png,20.03.2025\30\depth\14.12.20.609.png
7949,230405,3.0,20.03.2025,30,20.03.2025\30\rgb\14.12.20.696.png,20.03.2025\30\depth\14.12.20.696.png
7950,230405,3.0,20.03.2025,30,20.03.2025\30\rgb\14.12.20.791.png,20.03.2025\30\depth\14.12.20.791.png
7951,230405,3.0,20.03.2025,30,20.03.2025\30\rgb\14.12.20.884.png,20.03.2025\30\depth\14.12.20.884.png
7952,230405,3.0,20.03.2025,30,20.03.2025\30\rgb\14.12.20.976.png,20.03.2025\30\depth\14.12.20.976.png
7953,230405,3.0,20.03.2025,30,20.03.2025\30\rgb\14.12.21.068.png,20.03.2025\30\depth\14.12.21.068.png
7954,230405,3.0,20.03.2025,30,20.03.2025\30\rgb\14.12.21.162.png,20.03.2025\30\depth\14.12.21.162.png
7955,230405,3.0,20.03.2025,30,20.03.2025\30\rgb\14.12.21.259.png,20.03.2025\30\depth\14.12.21.259.png
7956,230405,3.0,20.03.2025,30,20.03.2025\30\rgb\14.12.21.349.png,20.03.2025\30\depth\14.12.21.349.png
7957,230405,3.0,20.03.2025,30,20.03.2025\30\rgb\14.12.21.440.png,20.03.2025\30\depth\14.12.21.440.png
7958,230405,3.0,20.03.2025,30,20.03.2025\30\rgb\14.12.21.530.png,20.03.2025\30\depth\14.12.21.530.png
7959,230405,3.0,20.03.2025,30,20.03.2025\30\rgb\14.12.21.624.png,20.03.2025\30\depth\14.12.21.624.png
7960,230405,3.0,20.03.2025,30,20.03.2025\30\rgb\14.12.21.708.png,20.03.2025\30\depth\14.12.21.708.png
7961,7060,4.0,20.03.2025,31,20.03.2025\31\rgb\14.12.36.921.png,20.03.2025\31\depth\14.12.36.921.png
7962,7060,4.0,20.03.2025,31,20.03.2025\31\rgb\14.12.37.008.png,20.03.2025\31\depth\14.12.37.008.png
7963,7060,4.0,20.03.2025,31,20.03.2025\31\rgb\14.12.37.101.png,20.03.2025\31\depth\14.12.37.101.png
7964,7060,4.0,20.03.2025,31,20.03.2025\31\rgb\14.12.37.191.png,20.03.2025\31\depth\14.12.37.191.png
7965,7060,4.0,20.03.2025,31,20.03.2025\31\rgb\14.12.37.286.png,20.03.2025\31\depth\14.12.37.286.png
7966,7060,4.0,20.03.2025,31,20.03.2025\31\rgb\14.12.37.380.png,20.03.2025\31\depth\14.12.37.380.png
7967,7060,4.0,20.03.2025,31,20.03.2025\31\rgb\14.12.37.473.png,20.03.2025\31\depth\14.12.37.473.png
7968,7060,4.0,20.03.2025,31,20.03.2025\31\rgb\14.12.37.566.png,20.03.2025\31\depth\14.12.37.566.png
7969,7060,4.0,20.03.2025,31,20.03.2025\31\rgb\14.12.37.660.png,20.03.2025\31\depth\14.12.37.660.png
7970,7060,4.0,20.03.2025,31,20.03.2025\31\rgb\14.12.37.753.png,20.03.2025\31\depth\14.12.37.753.png
7971,7060,4.0,20.03.2025,31,20.03.2025\31\rgb\14.12.37.847.png,20.03.2025\31\depth\14.12.37.847.png
7972,7060,4.0,20.03.2025,31,20.03.2025\31\rgb\14.12.37.939.png,20.03.2025\31\depth\14.12.37.939.png
7973,7060,4.0,20.03.2025,31,20.03.2025\31\rgb\14.12.38.033.png,20.03.2025\31\depth\14.12.38.033.png
7974,7060,4.0,20.03.2025,31,20.03.2025\31\rgb\14.12.38.126.png,20.03.2025\31\depth\14.12.38.126.png
7975,7060,4.0,20.03.2025,31,20.03.2025\31\rgb\14.12.38.220.png,20.03.2025\31\depth\14.12.38.220.png
7976,7060,4.0,20.03.2025,31,20.03.2025\31\rgb\14.12.38.313.png,20.03.2025\31\depth\14.12.38.313.png
7977,7060,4.0,20.03.2025,31,20.03.2025\31\rgb\14.12.38.407.png,20.03.2025\31\depth\14.12.38.407.png
7978,7060,4.0,20.03.2025,31,20.03.2025\31\rgb\14.12.38.498.png,20.03.2025\31\depth\14.12.38.498.png
7979,7060,4.0,20.03.2025,31,20.03.2025\31\rgb\14.12.38.590.png,20.03.2025\31\depth\14.12.38.590.png
7980,7060,4.0,20.03.2025,31,20.03.2025\31\rgb\14.12.38.683.png,20.03.2025\31\depth\14.12.38.683.png
7981,7693,3.25,20.03.2025,32,20.03.2025\32\rgb\14.12.52.664.png,20.03.2025\32\depth\14.12.52.664.png
7982,7693,3.25,20.03.2025,32,20.03.2025\32\rgb\14.12.52.761.png,20.03.2025\32\depth\14.12.52.761.png
7983,7693,3.25,20.03.2025,32,20.03.2025\32\rgb\14.12.52.855.png,20.03.2025\32\depth\14.12.52.855.png
7984,7693,3.25,20.03.2025,32,20.03.2025\32\rgb\14.12.52.947.png,20.03.2025\32\depth\14.12.52.947.png
7985,7693,3.25,20.03.2025,32,20.03.2025\32\rgb\14.12.53.040.png,20.03.2025\32\depth\14.12.53.040.png
7986,7693,3.25,20.03.2025,32,20.03.2025\32\rgb\14.12.53.133.png,20.03.2025\32\depth\14.12.53.133.png
7987,7693,3.25,20.03.2025,32,20.03.2025\32\rgb\14.12.53.228.png,20.03.2025\32\depth\14.12.53.228.png
7988,7693,3.25,20.03.2025,32,20.03.2025\32\rgb\14.12.53.335.png,20.03.2025\32\depth\14.12.53.335.png
7989,7693,3.25,20.03.2025,32,20.03.2025\32\rgb\14.12.53.427.png,20.03.2025\32\depth\14.12.53.427.png
7990,7693,3.25,20.03.2025,32,20.03.2025\32\rgb\14.12.53.521.png,20.03.2025\32\depth\14.12.53.521.png
7991,7693,3.25,20.03.2025,32,20.03.2025\32\rgb\14.12.53.609.png,20.03.2025\32\depth\14.12.53.609.png
7992,7693,3.25,20.03.2025,32,20.03.2025\32\rgb\14.12.53.703.png,20.03.2025\32\depth\14.12.53.703.png
7993,7693,3.25,20.03.2025,32,20.03.2025\32\rgb\14.12.53.796.png,20.03.2025\32\depth\14.12.53.796.png
7994,7693,3.25,20.03.2025,32,20.03.2025\32\rgb\14.12.53.891.png,20.03.2025\32\depth\14.12.53.891.png
7995,7693,3.25,20.03.2025,32,20.03.2025\32\rgb\14.12.53.984.png,20.03.2025\32\depth\14.12.53.984.png
7996,7693,3.25,20.03.2025,32,20.03.2025\32\rgb\14.12.54.076.png,20.03.2025\32\depth\14.12.54.076.png
7997,7693,3.25,20.03.2025,32,20.03.2025\32\rgb\14.12.54.170.png,20.03.2025\32\depth\14.12.54.170.png
7998,7693,3.25,20.03.2025,32,20.03.2025\32\rgb\14.12.54.260.png,20.03.2025\32\depth\14.12.54.260.png
7999,7693,3.25,20.03.2025,32,20.03.2025\32\rgb\14.12.54.355.png,20.03.2025\32\depth\14.12.54.355.png
8000,7693,3.25,20.03.2025,32,20.03.2025\32\rgb\14.12.54.448.png,20.03.2025\32\depth\14.12.54.448.png
8001,7044,3.5,20.03.2025,33,20.03.2025\33\rgb\14.13.07.069.png,20.03.2025\33\depth\14.13.07.069.png
8002,7044,3.5,20.03.2025,33,20.03.2025\33\rgb\14.13.07.152.png,20.03.2025\33\depth\14.13.07.152.png
8003,7044,3.5,20.03.2025,33,20.03.2025\33\rgb\14.13.07.245.png,20.03.2025\33\depth\14.13.07.245.png
8004,7044,3.5,20.03.2025,33,20.03.2025\33\rgb\14.13.07.338.png,20.03.2025\33\depth\14.13.07.338.png
8005,7044,3.5,20.03.2025,33,20.03.2025\33\rgb\14.13.07.430.png,20.03.2025\33\depth\14.13.07.430.png
8006,7044,3.5,20.03.2025,33,20.03.2025\33\rgb\14.13.07.523.png,20.03.2025\33\depth\14.13.07.523.png
8007,7044,3.5,20.03.2025,33,20.03.2025\33\rgb\14.13.07.616.png,20.03.2025\33\depth\14.13.07.616.png
8008,7044,3.5,20.03.2025,33,20.03.2025\33\rgb\14.13.07.709.png,20.03.2025\33\depth\14.13.07.709.png
8009,7044,3.5,20.03.2025,33,20.03.2025\33\rgb\14.13.07.798.png,20.03.2025\33\depth\14.13.07.798.png
8010,7044,3.5,20.03.2025,33,20.03.2025\33\rgb\14.13.07.891.png,20.03.2025\33\depth\14.13.07.891.png
8011,7044,3.5,20.03.2025,33,20.03.2025\33\rgb\14.13.07.983.png,20.03.2025\33\depth\14.13.07.983.png
8012,7044,3.5,20.03.2025,33,20.03.2025\33\rgb\14.13.08.073.png,20.03.2025\33\depth\14.13.08.073.png
8013,7044,3.5,20.03.2025,33,20.03.2025\33\rgb\14.13.08.166.png,20.03.2025\33\depth\14.13.08.166.png
8014,7044,3.5,20.03.2025,33,20.03.2025\33\rgb\14.13.08.261.png,20.03.2025\33\depth\14.13.08.261.png
8015,7044,3.5,20.03.2025,33,20.03.2025\33\rgb\14.13.08.353.png,20.03.2025\33\depth\14.13.08.353.png
8016,7044,3.5,20.03.2025,33,20.03.2025\33\rgb\14.13.08.446.png,20.03.2025\33\depth\14.13.08.446.png
8017,7044,3.5,20.03.2025,33,20.03.2025\33\rgb\14.13.08.538.png,20.03.2025\33\depth\14.13.08.538.png
8018,7044,3.5,20.03.2025,33,20.03.2025\33\rgb\14.13.08.631.png,20.03.2025\33\depth\14.13.08.631.png
8019,7044,3.5,20.03.2025,33,20.03.2025\33\rgb\14.13.08.729.png,20.03.2025\33\depth\14.13.08.729.png
8020,7044,3.5,20.03.2025,33,20.03.2025\33\rgb\14.13.08.816.png,20.03.2025\33\depth\14.13.08.816.png
8021,1930,3.0,20.03.2025,34,20.03.2025\34\rgb\14.13.22.734.png,20.03.2025\34\depth\14.13.22.734.png
8022,1930,3.0,20.03.2025,34,20.03.2025\34\rgb\14.13.22.834.png,20.03.2025\34\depth\14.13.22.834.png
8023,1930,3.0,20.03.2025,34,20.03.2025\34\rgb\14.13.22.923.png,20.03.2025\34\depth\14.13.22.923.png
8024,1930,3.0,20.03.2025,34,20.03.2025\34\rgb\14.13.23.022.png,20.03.2025\34\depth\14.13.23.022.png
8025,1930,3.0,20.03.2025,34,20.03.2025\34\rgb\14.13.23.111.png,20.03.2025\34\depth\14.13.23.111.png
8026,1930,3.0,20.03.2025,34,20.03.2025\34\rgb\14.13.23.206.png,20.03.2025\34\depth\14.13.23.206.png
8027,1930,3.0,20.03.2025,34,20.03.2025\34\rgb\14.13.23.296.png,20.03.2025\34\depth\14.13.23.296.png
8028,1930,3.0,20.03.2025,34,20.03.2025\34\rgb\14.13.23.390.png,20.03.2025\34\depth\14.13.23.390.png
8029,1930,3.0,20.03.2025,34,20.03.2025\34\rgb\14.13.23.482.png,20.03.2025\34\depth\14.13.23.482.png
8030,1930,3.0,20.03.2025,34,20.03.2025\34\rgb\14.13.23.573.png,20.03.2025\34\depth\14.13.23.573.png
8031,1930,3.0,20.03.2025,34,20.03.2025\34\rgb\14.13.23.663.png,20.03.2025\34\depth\14.13.23.663.png
8032,1930,3.0,20.03.2025,34,20.03.2025\34\rgb\14.13.23.757.png,20.03.2025\34\depth\14.13.23.757.png
8033,1930,3.0,20.03.2025,34,20.03.2025\34\rgb\14.13.23.849.png,20.03.2025\34\depth\14.13.23.849.png
8034,1930,3.0,20.03.2025,34,20.03.2025\34\rgb\14.13.23.942.png,20.03.2025\34\depth\14.13.23.942.png
8035,1930,3.0,20.03.2025,34,20.03.2025\34\rgb\14.13.24.034.png,20.03.2025\34\depth\14.13.24.034.png
8036,1930,3.0,20.03.2025,34,20.03.2025\34\rgb\14.13.24.126.png,20.03.2025\34\depth\14.13.24.126.png
8037,1930,3.0,20.03.2025,34,20.03.2025\34\rgb\14.13.24.216.png,20.03.2025\34\depth\14.13.24.216.png
8038,1930,3.0,20.03.2025,34,20.03.2025\34\rgb\14.13.24.311.png,20.03.2025\34\depth\14.13.24.311.png
8039,1930,3.0,20.03.2025,34,20.03.2025\34\rgb\14.13.24.402.png,20.03.2025\34\depth\14.13.24.402.png
8040,1930,3.0,20.03.2025,34,20.03.2025\34\rgb\14.13.24.495.png,20.03.2025\34\depth\14.13.24.495.png
8041,6995,3.25,20.03.2025,35,20.03.2025\35\rgb\14.13.38.986.png,20.03.2025\35\depth\14.13.38.986.png
8042,6995,3.25,20.03.2025,35,20.03.2025\35\rgb\14.13.39.072.png,20.03.2025\35\depth\14.13.39.072.png
8043,6995,3.25,20.03.2025,35,20.03.2025\35\rgb\14.13.39.162.png,20.03.2025\35\depth\14.13.39.162.png
8044,6995,3.25,20.03.2025,35,20.03.2025\35\rgb\14.13.39.255.png,20.03.2025\35\depth\14.13.39.255.png
8045,6995,3.25,20.03.2025,35,20.03.2025\35\rgb\14.13.39.349.png,20.03.2025\35\depth\14.13.39.349.png
8046,6995,3.25,20.03.2025,35,20.03.2025\35\rgb\14.13.39.442.png,20.03.2025\35\depth\14.13.39.442.png
8047,6995,3.25,20.03.2025,35,20.03.2025\35\rgb\14.13.39.534.png,20.03.2025\35\depth\14.13.39.534.png
8048,6995,3.25,20.03.2025,35,20.03.2025\35\rgb\14.13.39.624.png,20.03.2025\35\depth\14.13.39.624.png
8049,6995,3.25,20.03.2025,35,20.03.2025\35\rgb\14.13.39.720.png,20.03.2025\35\depth\14.13.39.720.png
8050,6995,3.25,20.03.2025,35,20.03.2025\35\rgb\14.13.39.812.png,20.03.2025\35\depth\14.13.39.812.png
8051,6995,3.25,20.03.2025,35,20.03.2025\35\rgb\14.13.39.902.png,20.03.2025\35\depth\14.13.39.902.png
8052,6995,3.25,20.03.2025,35,20.03.2025\35\rgb\14.13.39.994.png,20.03.2025\35\depth\14.13.39.994.png
8053,6995,3.25,20.03.2025,35,20.03.2025\35\rgb\14.13.40.087.png,20.03.2025\35\depth\14.13.40.087.png
8054,6995,3.25,20.03.2025,35,20.03.2025\35\rgb\14.13.40.181.png,20.03.2025\35\depth\14.13.40.181.png
8055,6995,3.25,20.03.2025,35,20.03.2025\35\rgb\14.13.40.274.png,20.03.2025\35\depth\14.13.40.274.png
8056,6995,3.25,20.03.2025,35,20.03.2025\35\rgb\14.13.40.368.png,20.03.2025\35\depth\14.13.40.368.png
8057,6995,3.25,20.03.2025,35,20.03.2025\35\rgb\14.13.40.460.png,20.03.2025\35\depth\14.13.40.460.png
8058,6995,3.25,20.03.2025,35,20.03.2025\35\rgb\14.13.40.554.png,20.03.2025\35\depth\14.13.40.554.png
8059,6995,3.25,20.03.2025,35,20.03.2025\35\rgb\14.13.40.644.png,20.03.2025\35\depth\14.13.40.644.png
8060,6995,3.25,20.03.2025,35,20.03.2025\35\rgb\14.13.40.737.png,20.03.2025\35\depth\14.13.40.737.png
8061,730319,3.25,20.03.2025,36,20.03.2025\36\rgb\14.13.52.174.png,20.03.2025\36\depth\14.13.52.174.png
8062,730319,3.25,20.03.2025,36,20.03.2025\36\rgb\14.13.52.265.png,20.03.2025\36\depth\14.13.52.265.png
8063,730319,3.25,20.03.2025,36,20.03.2025\36\rgb\14.13.52.356.png,20.03.2025\36\depth\14.13.52.356.png
8064,730319,3.25,20.03.2025,36,20.03.2025\36\rgb\14.13.52.451.png,20.03.2025\36\depth\14.13.52.451.png
8065,730319,3.25,20.03.2025,36,20.03.2025\36\rgb\14.13.52.544.png,20.03.2025\36\depth\14.13.52.544.png
8066,730319,3.25,20.03.2025,36,20.03.2025\36\rgb\14.13.52.638.png,20.03.2025\36\depth\14.13.52.638.png
8067,730319,3.25,20.03.2025,36,20.03.2025\36\rgb\14.13.52.727.png,20.03.2025\36\depth\14.13.52.727.png
8068,730319,3.25,20.03.2025,36,20.03.2025\36\rgb\14.13.52.821.png,20.03.2025\36\depth\14.13.52.821.png
8069,730319,3.25,20.03.2025,36,20.03.2025\36\rgb\14.13.52.914.png,20.03.2025\36\depth\14.13.52.914.png
8070,730319,3.25,20.03.2025,36,20.03.2025\36\rgb\14.13.53.006.png,20.03.2025\36\depth\14.13.53.006.png
8071,730319,3.25,20.03.2025,36,20.03.2025\36\rgb\14.13.53.098.png,20.03.2025\36\depth\14.13.53.098.png
8072,730319,3.25,20.03.2025,36,20.03.2025\36\rgb\14.13.53.191.png,20.03.2025\36\depth\14.13.53.191.png
8073,730319,3.25,20.03.2025,36,20.03.2025\36\rgb\14.13.53.284.png,20.03.2025\36\depth\14.13.53.284.png
8074,730319,3.25,20.03.2025,36,20.03.2025\36\rgb\14.13.53.375.png,20.03.2025\36\depth\14.13.53.375.png
8075,730319,3.25,20.03.2025,36,20.03.2025\36\rgb\14.13.53.468.png,20.03.2025\36\depth\14.13.53.468.png
8076,730319,3.25,20.03.2025,36,20.03.2025\36\rgb\14.13.53.561.png,20.03.2025\36\depth\14.13.53.561.png
8077,730319,3.25,20.03.2025,36,20.03.2025\36\rgb\14.13.53.669.png,20.03.2025\36\depth\14.13.53.669.png
8078,730319,3.25,20.03.2025,36,20.03.2025\36\rgb\14.13.53.762.png,20.03.2025\36\depth\14.13.53.762.png
8079,730319,3.25,20.03.2025,36,20.03.2025\36\rgb\14.13.53.854.png,20.03.2025\36\depth\14.13.53.854.png
8080,730319,3.25,20.03.2025,36,20.03.2025\36\rgb\14.13.53.949.png,20.03.2025\36\depth\14.13.53.949.png
8081,6922,3.0,20.03.2025,37,20.03.2025\37\rgb\14.14.08.539.png,20.03.2025\37\depth\14.14.08.539.png
8082,6922,3.0,20.03.2025,37,20.03.2025\37\rgb\14.14.08.638.png,20.03.2025\37\depth\14.14.08.638.png
8083,6922,3.0,20.03.2025,37,20.03.2025\37\rgb\14.14.08.729.png,20.03.2025\37\depth\14.14.08.729.png
8084,6922,3.0,20.03.2025,37,20.03.2025\37\rgb\14.14.08.823.png,20.03.2025\37\depth\14.14.08.823.png
8085,6922,3.0,20.03.2025,37,20.03.2025\37\rgb\14.14.08.917.png,20.03.2025\37\depth\14.14.08.917.png
8086,6922,3.0,20.03.2025,37,20.03.2025\37\rgb\14.14.09.009.png,20.03.2025\37\depth\14.14.09.009.png
8087,6922,3.0,20.03.2025,37,20.03.2025\37\rgb\14.14.09.104.png,20.03.2025\37\depth\14.14.09.104.png
8088,6922,3.0,20.03.2025,37,20.03.2025\37\rgb\14.14.09.196.png,20.03.2025\37\depth\14.14.09.196.png
8089,6922,3.0,20.03.2025,37,20.03.2025\37\rgb\14.14.09.287.png,20.03.2025\37\depth\14.14.09.287.png
8090,6922,3.0,20.03.2025,37,20.03.2025\37\rgb\14.14.09.380.png,20.03.2025\37\depth\14.14.09.380.png
8091,6922,3.0,20.03.2025,37,20.03.2025\37\rgb\14.14.09.471.png,20.03.2025\37\depth\14.14.09.471.png
8092,6922,3.0,20.03.2025,37,20.03.2025\37\rgb\14.14.09.564.png,20.03.2025\37\depth\14.14.09.564.png
8093,6922,3.0,20.03.2025,37,20.03.2025\37\rgb\14.14.09.654.png,20.03.2025\37\depth\14.14.09.654.png
8094,6922,3.0,20.03.2025,37,20.03.2025\37\rgb\14.14.09.748.png,20.03.2025\37\depth\14.14.09.748.png
8095,6922,3.0,20.03.2025,37,20.03.2025\37\rgb\14.14.09.842.png,20.03.2025\37\depth\14.14.09.842.png
8096,6922,3.0,20.03.2025,37,20.03.2025\37\rgb\14.14.09.932.png,20.03.2025\37\depth\14.14.09.932.png
8097,6922,3.0,20.03.2025,37,20.03.2025\37\rgb\14.14.10.026.png,20.03.2025\37\depth\14.14.10.026.png
8098,6922,3.0,20.03.2025,37,20.03.2025\37\rgb\14.14.10.118.png,20.03.2025\37\depth\14.14.10.118.png
8099,6922,3.0,20.03.2025,37,20.03.2025\37\rgb\14.14.10.212.png,20.03.2025\37\depth\14.14.10.212.png
8100,6922,3.0,20.03.2025,37,20.03.2025\37\rgb\14.14.10.304.png,20.03.2025\37\depth\14.14.10.304.png
8101,610329,3.25,20.03.2025,38,20.03.2025\38\rgb\14.14.23.947.png,20.03.2025\38\depth\14.14.23.947.png
8102,610329,3.25,20.03.2025,38,20.03.2025\38\rgb\14.14.24.035.png,20.03.2025\38\depth\14.14.24.035.png
8103,610329,3.25,20.03.2025,38,20.03.2025\38\rgb\14.14.24.124.png,20.03.2025\38\depth\14.14.24.124.png
8104,610329,3.25,20.03.2025,38,20.03.2025\38\rgb\14.14.24.220.png,20.03.2025\38\depth\14.14.24.220.png
8105,610329,3.25,20.03.2025,38,20.03.2025\38\rgb\14.14.24.309.png,20.03.2025\38\depth\14.14.24.309.png
8106,610329,3.25,20.03.2025,38,20.03.2025\38\rgb\14.14.24.402.png,20.03.2025\38\depth\14.14.24.402.png
8107,610329,3.25,20.03.2025,38,20.03.2025\38\rgb\14.14.24.492.png,20.03.2025\38\depth\14.14.24.492.png
8108,610329,3.25,20.03.2025,38,20.03.2025\38\rgb\14.14.24.587.png,20.03.2025\38\depth\14.14.24.587.png
8109,610329,3.25,20.03.2025,38,20.03.2025\38\rgb\14.14.24.678.png,20.03.2025\38\depth\14.14.24.678.png
8110,610329,3.25,20.03.2025,38,20.03.2025\38\rgb\14.14.24.769.png,20.03.2025\38\depth\14.14.24.769.png
8111,610329,3.25,20.03.2025,38,20.03.2025\38\rgb\14.14.24.861.png,20.03.2025\38\depth\14.14.24.861.png
8112,610329,3.25,20.03.2025,38,20.03.2025\38\rgb\14.14.24.955.png,20.03.2025\38\depth\14.14.24.955.png
8113,610329,3.25,20.03.2025,38,20.03.2025\38\rgb\14.14.25.047.png,20.03.2025\38\depth\14.14.25.047.png
8114,610329,3.25,20.03.2025,38,20.03.2025\38\rgb\14.14.25.140.png,20.03.2025\38\depth\14.14.25.140.png
8115,610329,3.25,20.03.2025,38,20.03.2025\38\rgb\14.14.25.232.png,20.03.2025\38\depth\14.14.25.232.png
8116,610329,3.25,20.03.2025,38,20.03.2025\38\rgb\14.14.25.325.png,20.03.2025\38\depth\14.14.25.325.png
8117,610329,3.25,20.03.2025,38,20.03.2025\38\rgb\14.14.25.421.png,20.03.2025\38\depth\14.14.25.421.png
8118,610329,3.25,20.03.2025,38,20.03.2025\38\rgb\14.14.25.513.png,20.03.2025\38\depth\14.14.25.513.png
8119,610329,3.25,20.03.2025,38,20.03.2025\38\rgb\14.14.25.605.png,20.03.2025\38\depth\14.14.25.605.png
8120,610329,3.25,20.03.2025,38,20.03.2025\38\rgb\14.14.25.697.png,20.03.2025\38\depth\14.14.25.697.png
8121,7039,3.5,20.03.2025,39,20.03.2025\39\rgb\14.16.25.095.png,20.03.2025\39\depth\14.16.25.095.png
8122,7039,3.5,20.03.2025,39,20.03.2025\39\rgb\14.16.25.197.png,20.03.2025\39\depth\14.16.25.197.png
8123,7039,3.5,20.03.2025,39,20.03.2025\39\rgb\14.16.25.288.png,20.03.2025\39\depth\14.16.25.288.png
8124,7039,3.5,20.03.2025,39,20.03.2025\39\rgb\14.16.25.384.png,20.03.2025\39\depth\14.16.25.384.png
8125,7039,3.5,20.03.2025,39,20.03.2025\39\rgb\14.16.25.477.png,20.03.2025\39\depth\14.16.25.477.png
8126,7039,3.5,20.03.2025,39,20.03.2025\39\rgb\14.16.25.565.png,20.03.2025\39\depth\14.16.25.565.png
8127,7039,3.5,20.03.2025,39,20.03.2025\39\rgb\14.16.25.657.png,20.03.2025\39\depth\14.16.25.657.png
8128,7039,3.5,20.03.2025,39,20.03.2025\39\rgb\14.16.25.750.png,20.03.2025\39\depth\14.16.25.750.png
8129,7039,3.5,20.03.2025,39,20.03.2025\39\rgb\14.16.25.842.png,20.03.2025\39\depth\14.16.25.842.png
8130,7039,3.5,20.03.2025,39,20.03.2025\39\rgb\14.16.25.933.png,20.03.2025\39\depth\14.16.25.933.png
8131,7039,3.5,20.03.2025,39,20.03.2025\39\rgb\14.16.26.027.png,20.03.2025\39\depth\14.16.26.027.png
8132,7039,3.5,20.03.2025,39,20.03.2025\39\rgb\14.16.26.120.png,20.03.2025\39\depth\14.16.26.120.png
8133,7039,3.5,20.03.2025,39,20.03.2025\39\rgb\14.16.26.214.png,20.03.2025\39\depth\14.16.26.214.png
8134,7039,3.5,20.03.2025,39,20.03.2025\39\rgb\14.16.26.303.png,20.03.2025\39\depth\14.16.26.303.png
8135,7039,3.5,20.03.2025,39,20.03.2025\39\rgb\14.16.26.397.png,20.03.2025\39\depth\14.16.26.397.png
8136,7039,3.5,20.03.2025,39,20.03.2025\39\rgb\14.16.26.487.png,20.03.2025\39\depth\14.16.26.487.png
8137,7039,3.5,20.03.2025,39,20.03.2025\39\rgb\14.16.26.581.png,20.03.2025\39\depth\14.16.26.581.png
8138,7039,3.5,20.03.2025,39,20.03.2025\39\rgb\14.16.26.674.png,20.03.2025\39\depth\14.16.26.674.png
8139,7039,3.5,20.03.2025,39,20.03.2025\39\rgb\14.16.26.764.png,20.03.2025\39\depth\14.16.26.764.png
8140,7039,3.5,20.03.2025,39,20.03.2025\39\rgb\14.16.26.863.png,20.03.2025\39\depth\14.16.26.863.png
8141,6937,3.25,20.03.2025,41,20.03.2025\41\rgb\14.17.00.179.png,20.03.2025\41\depth\14.17.00.179.png
8142,6937,3.25,20.03.2025,41,20.03.2025\41\rgb\14.17.00.265.png,20.03.2025\41\depth\14.17.00.265.png
8143,6937,3.25,20.03.2025,41,20.03.2025\41\rgb\14.17.00.356.png,20.03.2025\41\depth\14.17.00.356.png
8144,6937,3.25,20.03.2025,41,20.03.2025\41\rgb\14.17.00.447.png,20.03.2025\41\depth\14.17.00.447.png
8145,6937,3.25,20.03.2025,41,20.03.2025\41\rgb\14.17.00.538.png,20.03.2025\41\depth\14.17.00.538.png
8146,6937,3.25,20.03.2025,41,20.03.2025\41\rgb\14.17.00.633.png,20.03.2025\41\depth\14.17.00.633.png
8147,6937,3.25,20.03.2025,41,20.03.2025\41\rgb\14.17.00.723.png,20.03.2025\41\depth\14.17.00.723.png
8148,6937,3.25,20.03.2025,41,20.03.2025\41\rgb\14.17.00.818.png,20.03.2025\41\depth\14.17.00.818.png
8149,6937,3.25,20.03.2025,41,20.03.2025\41\rgb\14.17.00.911.png,20.03.2025\41\depth\14.17.00.911.png
8150,6937,3.25,20.03.2025,41,20.03.2025\41\rgb\14.17.01.001.png,20.03.2025\41\depth\14.17.01.001.png
8151,6937,3.25,20.03.2025,41,20.03.2025\41\rgb\14.17.01.093.png,20.03.2025\41\depth\14.17.01.093.png
8152,6937,3.25,20.03.2025,41,20.03.2025\41\rgb\14.17.01.188.png,20.03.2025\41\depth\14.17.01.188.png
8153,6937,3.25,20.03.2025,41,20.03.2025\41\rgb\14.17.01.281.png,20.03.2025\41\depth\14.17.01.281.png
8154,6937,3.25,20.03.2025,41,20.03.2025\41\rgb\14.17.01.374.png,20.03.2025\41\depth\14.17.01.374.png
8155,6937,3.25,20.03.2025,41,20.03.2025\41\rgb\14.17.01.468.png,20.03.2025\41\depth\14.17.01.468.png
8156,6937,3.25,20.03.2025,41,20.03.2025\41\rgb\14.17.01.560.png,20.03.2025\41\depth\14.17.01.560.png
8157,6937,3.25,20.03.2025,41,20.03.2025\41\rgb\14.17.01.652.png,20.03.2025\41\depth\14.17.01.652.png
8158,6937,3.25,20.03.2025,41,20.03.2025\41\rgb\14.17.01.744.png,20.03.2025\41\depth\14.17.01.744.png
8159,6937,3.25,20.03.2025,41,20.03.2025\41\rgb\14.17.01.838.png,20.03.2025\41\depth\14.17.01.838.png
8160,6937,3.25,20.03.2025,41,20.03.2025\41\rgb\14.17.01.930.png,20.03.2025\41\depth\14.17.01.930.png
8161,7579,3.0,20.03.2025,42,20.03.2025\42\rgb\14.17.11.914.png,20.03.2025\42\depth\14.17.11.914.png
8162,7579,3.0,20.03.2025,42,20.03.2025\42\rgb\14.17.11.998.png,20.03.2025\42\depth\14.17.11.998.png
8163,7579,3.0,20.03.2025,42,20.03.2025\42\rgb\14.17.12.092.png,20.03.2025\42\depth\14.17.12.092.png
8164,7579,3.0,20.03.2025,42,20.03.2025\42\rgb\14.17.12.185.png,20.03.2025\42\depth\14.17.12.185.png
8165,7579,3.0,20.03.2025,42,20.03.2025\42\rgb\14.17.12.276.png,20.03.2025\42\depth\14.17.12.276.png
8166,7579,3.0,20.03.2025,42,20.03.2025\42\rgb\14.17.12.372.png,20.03.2025\42\depth\14.17.12.372.png
8167,7579,3.0,20.03.2025,42,20.03.2025\42\rgb\14.17.12.463.png,20.03.2025\42\depth\14.17.12.463.png
8168,7579,3.0,20.03.2025,42,20.03.2025\42\rgb\14.17.12.543.png,20.03.2025\42\depth\14.17.12.543.png
8169,7579,3.0,20.03.2025,42,20.03.2025\42\rgb\14.17.12.631.png,20.03.2025\42\depth\14.17.12.631.png
8170,7579,3.0,20.03.2025,42,20.03.2025\42\rgb\14.17.12.727.png,20.03.2025\42\depth\14.17.12.727.png
8171,7579,3.0,20.03.2025,42,20.03.2025\42\rgb\14.17.12.823.png,20.03.2025\42\depth\14.17.12.823.png
8172,7579,3.0,20.03.2025,42,20.03.2025\42\rgb\14.17.12.913.png,20.03.2025\42\depth\14.17.12.913.png
8173,7579,3.0,20.03.2025,42,20.03.2025\42\rgb\14.17.13.004.png,20.03.2025\42\depth\14.17.13.004.png
8174,7579,3.0,20.03.2025,42,20.03.2025\42\rgb\14.17.13.096.png,20.03.2025\42\depth\14.17.13.096.png
8175,7579,3.0,20.03.2025,42,20.03.2025\42\rgb\14.17.13.190.png,20.03.2025\42\depth\14.17.13.190.png
8176,7579,3.0,20.03.2025,42,20.03.2025\42\rgb\14.17.13.284.png,20.03.2025\42\depth\14.17.13.284.png
8177,7579,3.0,20.03.2025,42,20.03.2025\42\rgb\14.17.13.372.png,20.03.2025\42\depth\14.17.13.372.png
8178,7579,3.0,20.03.2025,42,20.03.2025\42\rgb\14.17.13.463.png,20.03.2025\42\depth\14.17.13.463.png
8179,7579,3.0,20.03.2025,42,20.03.2025\42\rgb\14.17.13.558.png,20.03.2025\42\depth\14.17.13.558.png
8180,7579,3.0,20.03.2025,42,20.03.2025\42\rgb\14.17.13.654.png,20.03.2025\42\depth\14.17.13.654.png
8181,6754,3.25,20.03.2025,43,20.03.2025\43\rgb\14.17.26.675.png,20.03.2025\43\depth\14.17.26.675.png
8182,6754,3.25,20.03.2025,43,20.03.2025\43\rgb\14.17.26.760.png,20.03.2025\43\depth\14.17.26.760.png
8183,6754,3.25,20.03.2025,43,20.03.2025\43\rgb\14.17.26.855.png,20.03.2025\43\depth\14.17.26.855.png
8184,6754,3.25,20.03.2025,43,20.03.2025\43\rgb\14.17.26.946.png,20.03.2025\43\depth\14.17.26.946.png
8185,6754,3.25,20.03.2025,43,20.03.2025\43\rgb\14.17.27.038.png,20.03.2025\43\depth\14.17.27.038.png
8186,6754,3.25,20.03.2025,43,20.03.2025\43\rgb\14.17.27.132.png,20.03.2025\43\depth\14.17.27.132.png
8187,6754,3.25,20.03.2025,43,20.03.2025\43\rgb\14.17.27.224.png,20.03.2025\43\depth\14.17.27.224.png
8188,6754,3.25,20.03.2025,43,20.03.2025\43\rgb\14.17.27.318.png,20.03.2025\43\depth\14.17.27.318.png
8189,6754,3.25,20.03.2025,43,20.03.2025\43\rgb\14.17.27.411.png,20.03.2025\43\depth\14.17.27.411.png
8190,6754,3.25,20.03.2025,43,20.03.2025\43\rgb\14.17.27.501.png,20.03.2025\43\depth\14.17.27.501.png
8191,6754,3.25,20.03.2025,43,20.03.2025\43\rgb\14.17.27.587.png,20.03.2025\43\depth\14.17.27.587.png
8192,6754,3.25,20.03.2025,43,20.03.2025\43\rgb\14.17.27.688.png,20.03.2025\43\depth\14.17.27.688.png
8193,6754,3.25,20.03.2025,43,20.03.2025\43\rgb\14.17.27.780.png,20.03.2025\43\depth\14.17.27.780.png
8194,6754,3.25,20.03.2025,43,20.03.2025\43\rgb\14.17.27.868.png,20.03.2025\43\depth\14.17.27.868.png
8195,6754,3.25,20.03.2025,43,20.03.2025\43\rgb\14.17.27.959.png,20.03.2025\43\depth\14.17.27.959.png
8196,6754,3.25,20.03.2025,43,20.03.2025\43\rgb\14.17.28.054.png,20.03.2025\43\depth\14.17.28.054.png
8197,6754,3.25,20.03.2025,43,20.03.2025\43\rgb\14.17.28.149.png,20.03.2025\43\depth\14.17.28.149.png
8198,6754,3.25,20.03.2025,43,20.03.2025\43\rgb\14.17.28.241.png,20.03.2025\43\depth\14.17.28.241.png
8199,6754,3.25,20.03.2025,43,20.03.2025\43\rgb\14.17.28.331.png,20.03.2025\43\depth\14.17.28.331.png
8200,6754,3.25,20.03.2025,43,20.03.2025\43\rgb\14.17.28.423.png,20.03.2025\43\depth\14.17.28.423.png
8201,330414,3.5,20.03.2025,44,20.03.2025\44\rgb\14.17.43.765.png,20.03.2025\44\depth\14.17.43.765.png
8202,330414,3.5,20.03.2025,44,20.03.2025\44\rgb\14.17.43.862.png,20.03.2025\44\depth\14.17.43.862.png
8203,330414,3.5,20.03.2025,44,20.03.2025\44\rgb\14.17.43.956.png,20.03.2025\44\depth\14.17.43.956.png
8204,330414,3.5,20.03.2025,44,20.03.2025\44\rgb\14.17.44.056.png,20.03.2025\44\depth\14.17.44.056.png
8205,330414,3.5,20.03.2025,44,20.03.2025\44\rgb\14.17.44.142.png,20.03.2025\44\depth\14.17.44.142.png
8206,330414,3.5,20.03.2025,44,20.03.2025\44\rgb\14.17.44.236.png,20.03.2025\44\depth\14.17.44.236.png
8207,330414,3.5,20.03.2025,44,20.03.2025\44\rgb\14.17.44.324.png,20.03.2025\44\depth\14.17.44.324.png
8208,330414,3.5,20.03.2025,44,20.03.2025\44\rgb\14.17.44.422.png,20.03.2025\44\depth\14.17.44.422.png
8209,330414,3.5,20.03.2025,44,20.03.2025\44\rgb\14.17.44.511.png,20.03.2025\44\depth\14.17.44.511.png
8210,330414,3.5,20.03.2025,44,20.03.2025\44\rgb\14.17.44.604.png,20.03.2025\44\depth\14.17.44.604.png
8211,330414,3.5,20.03.2025,44,20.03.2025\44\rgb\14.17.44.696.png,20.03.2025\44\depth\14.17.44.696.png
8212,330414,3.5,20.03.2025,44,20.03.2025\44\rgb\14.17.44.790.png,20.03.2025\44\depth\14.17.44.790.png
8213,330414,3.5,20.03.2025,44,20.03.2025\44\rgb\14.17.44.885.png,20.03.2025\44\depth\14.17.44.885.png
8214,330414,3.5,20.03.2025,44,20.03.2025\44\rgb\14.17.44.978.png,20.03.2025\44\depth\14.17.44.978.png
8215,330414,3.5,20.03.2025,44,20.03.2025\44\rgb\14.17.45.068.png,20.03.2025\44\depth\14.17.45.068.png
8216,330414,3.5,20.03.2025,44,20.03.2025\44\rgb\14.17.45.162.png,20.03.2025\44\depth\14.17.45.162.png
8217,330414,3.5,20.03.2025,44,20.03.2025\44\rgb\14.17.45.257.png,20.03.2025\44\depth\14.17.45.257.png
8218,330414,3.5,20.03.2025,44,20.03.2025\44\rgb\14.17.45.346.png,20.03.2025\44\depth\14.17.45.346.png
8219,330414,3.5,20.03.2025,44,20.03.2025\44\rgb\14.17.45.441.png,20.03.2025\44\depth\14.17.45.441.png
8220,330414,3.5,20.03.2025,44,20.03.2025\44\rgb\14.17.45.528.png,20.03.2025\44\depth\14.17.45.528.png
8221,710215,3.5,20.03.2025,45,20.03.2025\45\rgb\14.17.57.837.png,20.03.2025\45\depth\14.17.57.837.png
8222,710215,3.5,20.03.2025,45,20.03.2025\45\rgb\14.17.57.922.png,20.03.2025\45\depth\14.17.57.922.png
8223,710215,3.5,20.03.2025,45,20.03.2025\45\rgb\14.17.58.016.png,20.03.2025\45\depth\14.17.58.016.png
8224,710215,3.5,20.03.2025,45,20.03.2025\45\rgb\14.17.58.107.png,20.03.2025\45\depth\14.17.58.107.png
8225,710215,3.5,20.03.2025,45,20.03.2025\45\rgb\14.17.58.199.png,20.03.2025\45\depth\14.17.58.199.png
8226,710215,3.5,20.03.2025,45,20.03.2025\45\rgb\14.17.58.292.png,20.03.2025\45\depth\14.17.58.292.png
8227,710215,3.5,20.03.2025,45,20.03.2025\45\rgb\14.17.58.385.png,20.03.2025\45\depth\14.17.58.385.png
8228,710215,3.5,20.03.2025,45,20.03.2025\45\rgb\14.17.58.477.png,20.03.2025\45\depth\14.17.58.477.png
8229,710215,3.5,20.03.2025,45,20.03.2025\45\rgb\14.17.58.567.png,20.03.2025\45\depth\14.17.58.567.png
8230,710215,3.5,20.03.2025,45,20.03.2025\45\rgb\14.17.58.661.png,20.03.2025\45\depth\14.17.58.661.png
8231,710215,3.5,20.03.2025,45,20.03.2025\45\rgb\14.17.58.755.png,20.03.2025\45\depth\14.17.58.755.png
8232,710215,3.5,20.03.2025,45,20.03.2025\45\rgb\14.17.58.845.png,20.03.2025\45\depth\14.17.58.845.png
8233,710215,3.5,20.03.2025,45,20.03.2025\45\rgb\14.17.58.938.png,20.03.2025\45\depth\14.17.58.938.png
8234,710215,3.5,20.03.2025,45,20.03.2025\45\rgb\14.17.59.029.png,20.03.2025\45\depth\14.17.59.029.png
8235,710215,3.5,20.03.2025,45,20.03.2025\45\rgb\14.17.59.122.png,20.03.2025\45\depth\14.17.59.122.png
8236,710215,3.5,20.03.2025,45,20.03.2025\45\rgb\14.17.59.217.png,20.03.2025\45\depth\14.17.59.217.png
8237,710215,3.5,20.03.2025,45,20.03.2025\45\rgb\14.17.59.308.png,20.03.2025\45\depth\14.17.59.308.png
8238,710215,3.5,20.03.2025,45,20.03.2025\45\rgb\14.17.59.402.png,20.03.2025\45\depth\14.17.59.402.png
8239,710215,3.5,20.03.2025,45,20.03.2025\45\rgb\14.17.59.496.png,20.03.2025\45\depth\14.17.59.496.png
8240,710215,3.5,20.03.2025,45,20.03.2025\45\rgb\14.17.59.588.png,20.03.2025\45\depth\14.17.59.588.png
8241,6780,3.25,20.03.2025,46,20.03.2025\46\rgb\14.18.10.959.png,20.03.2025\46\depth\14.18.10.959.png
8242,6780,3.25,20.03.2025,46,20.03.2025\46\rgb\14.18.11.051.png,20.03.2025\46\depth\14.18.11.051.png
8243,6780,3.25,20.03.2025,46,20.03.2025\46\rgb\14.18.11.143.png,20.03.2025\46\depth\14.18.11.143.png
8244,6780,3.25,20.03.2025,46,20.03.2025\46\rgb\14.18.11.236.png,20.03.2025\46\depth\14.18.11.236.png
8245,6780,3.25,20.03.2025,46,20.03.2025\46\rgb\14.18.11.329.png,20.03.2025\46\depth\14.18.11.329.png
8246,6780,3.25,20.03.2025,46,20.03.2025\46\rgb\14.18.11.424.png,20.03.2025\46\depth\14.18.11.424.png
8247,6780,3.25,20.03.2025,46,20.03.2025\46\rgb\14.18.11.516.png,20.03.2025\46\depth\14.18.11.516.png
8248,6780,3.25,20.03.2025,46,20.03.2025\46\rgb\14.18.11.607.png,20.03.2025\46\depth\14.18.11.607.png
8249,6780,3.25,20.03.2025,46,20.03.2025\46\rgb\14.18.11.700.png,20.03.2025\46\depth\14.18.11.700.png
8250,6780,3.25,20.03.2025,46,20.03.2025\46\rgb\14.18.11.793.png,20.03.2025\46\depth\14.18.11.793.png
8251,6780,3.25,20.03.2025,46,20.03.2025\46\rgb\14.18.11.889.png,20.03.2025\46\depth\14.18.11.889.png
8252,6780,3.25,20.03.2025,46,20.03.2025\46\rgb\14.18.11.978.png,20.03.2025\46\depth\14.18.11.978.png
8253,6780,3.25,20.03.2025,46,20.03.2025\46\rgb\14.18.12.071.png,20.03.2025\46\depth\14.18.12.071.png
8254,6780,3.25,20.03.2025,46,20.03.2025\46\rgb\14.18.12.164.png,20.03.2025\46\depth\14.18.12.164.png
8255,6780,3.25,20.03.2025,46,20.03.2025\46\rgb\14.18.12.258.png,20.03.2025\46\depth\14.18.12.258.png
8256,6780,3.25,20.03.2025,46,20.03.2025\46\rgb\14.18.12.351.png,20.03.2025\46\depth\14.18.12.351.png
8257,6780,3.25,20.03.2025,46,20.03.2025\46\rgb\14.18.12.442.png,20.03.2025\46\depth\14.18.12.442.png
8258,6780,3.25,20.03.2025,46,20.03.2025\46\rgb\14.18.12.535.png,20.03.2025\46\depth\14.18.12.535.png
8259,6780,3.25,20.03.2025,46,20.03.2025\46\rgb\14.18.12.623.png,20.03.2025\46\depth\14.18.12.623.png
8260,6780,3.25,20.03.2025,46,20.03.2025\46\rgb\14.18.12.722.png,20.03.2025\46\depth\14.18.12.722.png
8261,7709,3.25,20.03.2025,47,20.03.2025\47\rgb\14.18.28.599.png,20.03.2025\47\depth\14.18.28.599.png
8262,7709,3.25,20.03.2025,47,20.03.2025\47\rgb\14.18.28.685.png,20.03.2025\47\depth\14.18.28.685.png
8263,7709,3.25,20.03.2025,47,20.03.2025\47\rgb\14.18.28.778.png,20.03.2025\47\depth\14.18.28.778.png
8264,7709,3.25,20.03.2025,47,20.03.2025\47\rgb\14.18.28.870.png,20.03.2025\47\depth\14.18.28.870.png
8265,7709,3.25,20.03.2025,47,20.03.2025\47\rgb\14.18.28.959.png,20.03.2025\47\depth\14.18.28.959.png
8266,7709,3.25,20.03.2025,47,20.03.2025\47\rgb\14.18.29.052.png,20.03.2025\47\depth\14.18.29.052.png
8267,7709,3.25,20.03.2025,47,20.03.2025\47\rgb\14.18.29.146.png,20.03.2025\47\depth\14.18.29.146.png
8268,7709,3.25,20.03.2025,47,20.03.2025\47\rgb\14.18.29.239.png,20.03.2025\47\depth\14.18.29.239.png
8269,7709,3.25,20.03.2025,47,20.03.2025\47\rgb\14.18.29.326.png,20.03.2025\47\depth\14.18.29.326.png
8270,7709,3.25,20.03.2025,47,20.03.2025\47\rgb\14.18.29.422.png,20.03.2025\47\depth\14.18.29.422.png
8271,7709,3.25,20.03.2025,47,20.03.2025\47\rgb\14.18.29.516.png,20.03.2025\47\depth\14.18.29.516.png
8272,7709,3.25,20.03.2025,47,20.03.2025\47\rgb\14.18.29.610.png,20.03.2025\47\depth\14.18.29.610.png
8273,7709,3.25,20.03.2025,47,20.03.2025\47\rgb\14.18.29.703.png,20.03.2025\47\depth\14.18.29.703.png
8274,7709,3.25,20.03.2025,47,20.03.2025\47\rgb\14.18.29.794.png,20.03.2025\47\depth\14.18.29.794.png
8275,7709,3.25,20.03.2025,47,20.03.2025\47\rgb\14.18.29.888.png,20.03.2025\47\depth\14.18.29.888.png
8276,7709,3.25,20.03.2025,47,20.03.2025\47\rgb\14.18.29.979.png,20.03.2025\47\depth\14.18.29.979.png
8277,7709,3.25,20.03.2025,47,20.03.2025\47\rgb\14.18.30.055.png,20.03.2025\47\depth\14.18.30.055.png
8278,7709,3.25,20.03.2025,47,20.03.2025\47\rgb\14.18.30.133.png,20.03.2025\47\depth\14.18.30.133.png
8279,7709,3.25,20.03.2025,47,20.03.2025\47\rgb\14.18.30.225.png,20.03.2025\47\depth\14.18.30.225.png
8280,7709,3.25,20.03.2025,47,20.03.2025\47\rgb\14.18.30.320.png,20.03.2025\47\depth\14.18.30.320.png
8281,7643,3.25,20.03.2025,48,20.03.2025\48\rgb\14.18.42.586.png,20.03.2025\48\depth\14.18.42.586.png
8282,7643,3.25,20.03.2025,48,20.03.2025\48\rgb\14.18.42.670.png,20.03.2025\48\depth\14.18.42.670.png
8283,7643,3.25,20.03.2025,48,20.03.2025\48\rgb\14.18.42.772.png,20.03.2025\48\depth\14.18.42.772.png
8284,7643,3.25,20.03.2025,48,20.03.2025\48\rgb\14.18.42.864.png,20.03.2025\48\depth\14.18.42.864.png
8285,7643,3.25,20.03.2025,48,20.03.2025\48\rgb\14.18.42.960.png,20.03.2025\48\depth\14.18.42.960.png
8286,7643,3.25,20.03.2025,48,20.03.2025\48\rgb\14.18.43.052.png,20.03.2025\48\depth\14.18.43.052.png
8287,7643,3.25,20.03.2025,48,20.03.2025\48\rgb\14.18.43.146.png,20.03.2025\48\depth\14.18.43.146.png
8288,7643,3.25,20.03.2025,48,20.03.2025\48\rgb\14.18.43.240.png,20.03.2025\48\depth\14.18.43.240.png
8289,7643,3.25,20.03.2025,48,20.03.2025\48\rgb\14.18.43.330.png,20.03.2025\48\depth\14.18.43.330.png
8290,7643,3.25,20.03.2025,48,20.03.2025\48\rgb\14.18.43.422.png,20.03.2025\48\depth\14.18.43.422.png
8291,7643,3.25,20.03.2025,48,20.03.2025\48\rgb\14.18.43.517.png,20.03.2025\48\depth\14.18.43.517.png
8292,7643,3.25,20.03.2025,48,20.03.2025\48\rgb\14.18.43.611.png,20.03.2025\48\depth\14.18.43.611.png
8293,7643,3.25,20.03.2025,48,20.03.2025\48\rgb\14.18.43.700.png,20.03.2025\48\depth\14.18.43.700.png
8294,7643,3.25,20.03.2025,48,20.03.2025\48\rgb\14.18.43.793.png,20.03.2025\48\depth\14.18.43.793.png
8295,7643,3.25,20.03.2025,48,20.03.2025\48\rgb\14.18.43.889.png,20.03.2025\48\depth\14.18.43.889.png
8296,7643,3.25,20.03.2025,48,20.03.2025\48\rgb\14.18.43.980.png,20.03.2025\48\depth\14.18.43.980.png
8297,7643,3.25,20.03.2025,48,20.03.2025\48\rgb\14.18.44.074.png,20.03.2025\48\depth\14.18.44.074.png
8298,7643,3.25,20.03.2025,48,20.03.2025\48\rgb\14.18.44.165.png,20.03.2025\48\depth\14.18.44.165.png
8299,7643,3.25,20.03.2025,48,20.03.2025\48\rgb\14.18.44.259.png,20.03.2025\48\depth\14.18.44.259.png
8300,7643,3.25,20.03.2025,48,20.03.2025\48\rgb\14.18.44.352.png,20.03.2025\48\depth\14.18.44.352.png
8301,7680,3.25,20.03.2025,49,20.03.2025\49\rgb\14.18.59.873.png,20.03.2025\49\depth\14.18.59.873.png
8302,7680,3.25,20.03.2025,49,20.03.2025\49\rgb\14.18.59.973.png,20.03.2025\49\depth\14.18.59.973.png
8303,7680,3.25,20.03.2025,49,20.03.2025\49\rgb\14.19.00.067.png,20.03.2025\49\depth\14.19.00.067.png
8304,7680,3.25,20.03.2025,49,20.03.2025\49\rgb\14.19.00.159.png,20.03.2025\49\depth\14.19.00.159.png
8305,7680,3.25,20.03.2025,49,20.03.2025\49\rgb\14.19.00.252.png,20.03.2025\49\depth\14.19.00.252.png
8306,7680,3.25,20.03.2025,49,20.03.2025\49\rgb\14.19.00.344.png,20.03.2025\49\depth\14.19.00.344.png
8307,7680,3.25,20.03.2025,49,20.03.2025\49\rgb\14.19.00.438.png,20.03.2025\49\depth\14.19.00.438.png
8308,7680,3.25,20.03.2025,49,20.03.2025\49\rgb\14.19.00.532.png,20.03.2025\49\depth\14.19.00.532.png
8309,7680,3.25,20.03.2025,49,20.03.2025\49\rgb\14.19.00.623.png,20.03.2025\49\depth\14.19.00.623.png
8310,7680,3.25,20.03.2025,49,20.03.2025\49\rgb\14.19.00.718.png,20.03.2025\49\depth\14.19.00.718.png
8311,7680,3.25,20.03.2025,49,20.03.2025\49\rgb\14.19.00.810.png,20.03.2025\49\depth\14.19.00.810.png
8312,7680,3.25,20.03.2025,49,20.03.2025\49\rgb\14.19.00.902.png,20.03.2025\49\depth\14.19.00.902.png
8313,7680,3.25,20.03.2025,49,20.03.2025\49\rgb\14.19.00.994.png,20.03.2025\49\depth\14.19.00.994.png
8314,7680,3.25,20.03.2025,49,20.03.2025\49\rgb\14.19.01.087.png,20.03.2025\49\depth\14.19.01.087.png
8315,7680,3.25,20.03.2025,49,20.03.2025\49\rgb\14.19.01.179.png,20.03.2025\49\depth\14.19.01.179.png
8316,7680,3.25,20.03.2025,49,20.03.2025\49\rgb\14.19.01.257.png,20.03.2025\49\depth\14.19.01.257.png
8317,7680,3.25,20.03.2025,49,20.03.2025\49\rgb\14.19.01.351.png,20.03.2025\49\depth\14.19.01.351.png
8318,7680,3.25,20.03.2025,49,20.03.2025\49\rgb\14.19.01.443.png,20.03.2025\49\depth\14.19.01.443.png
8319,7680,3.25,20.03.2025,49,20.03.2025\49\rgb\14.19.01.533.png,20.03.2025\49\depth\14.19.01.533.png
8320,7680,3.25,20.03.2025,49,20.03.2025\49\rgb\14.19.01.627.png,20.03.2025\49\depth\14.19.01.627.png
8321,7659,3.25,20.03.2025,50,20.03.2025\50\rgb\14.19.14.867.png,20.03.2025\50\depth\14.19.14.867.png
8322,7659,3.25,20.03.2025,50,20.03.2025\50\rgb\14.19.14.958.png,20.03.2025\50\depth\14.19.14.958.png
8323,7659,3.25,20.03.2025,50,20.03.2025\50\rgb\14.19.15.052.png,20.03.2025\50\depth\14.19.15.052.png
8324,7659,3.25,20.03.2025,50,20.03.2025\50\rgb\14.19.15.145.png,20.03.2025\50\depth\14.19.15.145.png
8325,7659,3.25,20.03.2025,50,20.03.2025\50\rgb\14.19.15.237.png,20.03.2025\50\depth\14.19.15.237.png
8326,7659,3.25,20.03.2025,50,20.03.2025\50\rgb\14.19.15.330.png,20.03.2025\50\depth\14.19.15.330.png
8327,7659,3.25,20.03.2025,50,20.03.2025\50\rgb\14.19.15.423.png,20.03.2025\50\depth\14.19.15.423.png
8328,7659,3.25,20.03.2025,50,20.03.2025\50\rgb\14.19.15.517.png,20.03.2025\50\depth\14.19.15.517.png
8329,7659,3.25,20.03.2025,50,20.03.2025\50\rgb\14.19.15.611.png,20.03.2025\50\depth\14.19.15.611.png
8330,7659,3.25,20.03.2025,50,20.03.2025\50\rgb\14.19.15.703.png,20.03.2025\50\depth\14.19.15.703.png
8331,7659,3.25,20.03.2025,50,20.03.2025\50\rgb\14.19.15.795.png,20.03.2025\50\depth\14.19.15.795.png
8332,7659,3.25,20.03.2025,50,20.03.2025\50\rgb\14.19.15.886.png,20.03.2025\50\depth\14.19.15.886.png
8333,7659,3.25,20.03.2025,50,20.03.2025\50\rgb\14.19.15.980.png,20.03.2025\50\depth\14.19.15.980.png
8334,7659,3.25,20.03.2025,50,20.03.2025\50\rgb\14.19.16.073.png,20.03.2025\50\depth\14.19.16.073.png
8335,7659,3.25,20.03.2025,50,20.03.2025\50\rgb\14.19.16.163.png,20.03.2025\50\depth\14.19.16.163.png
8336,7659,3.25,20.03.2025,50,20.03.2025\50\rgb\14.19.16.258.png,20.03.2025\50\depth\14.19.16.258.png
8337,7659,3.25,20.03.2025,50,20.03.2025\50\rgb\14.19.16.351.png,20.03.2025\50\depth\14.19.16.351.png
8338,7659,3.25,20.03.2025,50,20.03.2025\50\rgb\14.19.16.442.png,20.03.2025\50\depth\14.19.16.442.png
8339,7659,3.25,20.03.2025,50,20.03.2025\50\rgb\14.19.16.533.png,20.03.2025\50\depth\14.19.16.533.png
8340,7659,3.25,20.03.2025,50,20.03.2025\50\rgb\14.19.16.624.png,20.03.2025\50\depth\14.19.16.624.png
8341,630415,3.25,20.03.2025,51,20.03.2025\51\rgb\14.19.29.104.png,20.03.2025\51\depth\14.19.29.104.png
8342,630415,3.25,20.03.2025,51,20.03.2025\51\rgb\14.19.29.204.png,20.03.2025\51\depth\14.19.29.204.png
8343,630415,3.25,20.03.2025,51,20.03.2025\51\rgb\14.19.29.295.png,20.03.2025\51\depth\14.19.29.295.png
8344,630415,3.25,20.03.2025,51,20.03.2025\51\rgb\14.19.29.387.png,20.03.2025\51\depth\14.19.29.387.png
8345,630415,3.25,20.03.2025,51,20.03.2025\51\rgb\14.19.29.480.png,20.03.2025\51\depth\14.19.29.480.png
8346,630415,3.25,20.03.2025,51,20.03.2025\51\rgb\14.19.29.571.png,20.03.2025\51\depth\14.19.29.571.png
8347,630415,3.25,20.03.2025,51,20.03.2025\51\rgb\14.19.29.664.png,20.03.2025\51\depth\14.19.29.664.png
8348,630415,3.25,20.03.2025,51,20.03.2025\51\rgb\14.19.29.759.png,20.03.2025\51\depth\14.19.29.759.png
8349,630415,3.25,20.03.2025,51,20.03.2025\51\rgb\14.19.29.853.png,20.03.2025\51\depth\14.19.29.853.png
8350,630415,3.25,20.03.2025,51,20.03.2025\51\rgb\14.19.29.957.png,20.03.2025\51\depth\14.19.29.957.png
8351,630415,3.25,20.03.2025,51,20.03.2025\51\rgb\14.19.30.050.png,20.03.2025\51\depth\14.19.30.050.png
8352,630415,3.25,20.03.2025,51,20.03.2025\51\rgb\14.19.30.142.png,20.03.2025\51\depth\14.19.30.142.png
8353,630415,3.25,20.03.2025,51,20.03.2025\51\rgb\14.19.30.232.png,20.03.2025\51\depth\14.19.30.232.png
8354,630415,3.25,20.03.2025,51,20.03.2025\51\rgb\14.19.30.326.png,20.03.2025\51\depth\14.19.30.326.png
8355,630415,3.25,20.03.2025,51,20.03.2025\51\rgb\14.19.30.419.png,20.03.2025\51\depth\14.19.30.419.png
8356,630415,3.25,20.03.2025,51,20.03.2025\51\rgb\14.19.30.515.png,20.03.2025\51\depth\14.19.30.515.png
8357,630415,3.25,20.03.2025,51,20.03.2025\51\rgb\14.19.30.606.png,20.03.2025\51\depth\14.19.30.606.png
8358,630415,3.25,20.03.2025,51,20.03.2025\51\rgb\14.19.30.698.png,20.03.2025\51\depth\14.19.30.698.png
8359,630415,3.25,20.03.2025,51,20.03.2025\51\rgb\14.19.30.791.png,20.03.2025\51\depth\14.19.30.791.png
8360,630415,3.25,20.03.2025,51,20.03.2025\51\rgb\14.19.30.885.png,20.03.2025\51\depth\14.19.30.885.png
8361,5011,3.25,20.03.2025,52,20.03.2025\52\rgb\14.19.43.604.png,20.03.2025\52\depth\14.19.43.604.png
8362,5011,3.25,20.03.2025,52,20.03.2025\52\rgb\14.19.43.692.png,20.03.2025\52\depth\14.19.43.692.png
8363,5011,3.25,20.03.2025,52,20.03.2025\52\rgb\14.19.43.785.png,20.03.2025\52\depth\14.19.43.785.png
8364,5011,3.25,20.03.2025,52,20.03.2025\52\rgb\14.19.43.878.png,20.03.2025\52\depth\14.19.43.878.png
8365,5011,3.25,20.03.2025,52,20.03.2025\52\rgb\14.19.43.968.png,20.03.2025\52\depth\14.19.43.968.png
8366,5011,3.25,20.03.2025,52,20.03.2025\52\rgb\14.19.44.072.png,20.03.2025\52\depth\14.19.44.072.png
8367,5011,3.25,20.03.2025,52,20.03.2025\52\rgb\14.19.44.168.png,20.03.2025\52\depth\14.19.44.168.png
8368,5011,3.25,20.03.2025,52,20.03.2025\52\rgb\14.19.44.260.png,20.03.2025\52\depth\14.19.44.260.png
8369,5011,3.25,20.03.2025,52,20.03.2025\52\rgb\14.19.44.353.png,20.03.2025\52\depth\14.19.44.353.png
8370,5011,3.25,20.03.2025,52,20.03.2025\52\rgb\14.19.44.451.png,20.03.2025\52\depth\14.19.44.451.png
8371,5011,3.25,20.03.2025,52,20.03.2025\52\rgb\14.19.44.541.png,20.03.2025\52\depth\14.19.44.541.png
8372,5011,3.25,20.03.2025,52,20.03.2025\52\rgb\14.19.44.635.png,20.03.2025\52\depth\14.19.44.635.png
8373,5011,3.25,20.03.2025,52,20.03.2025\52\rgb\14.19.44.726.png,20.03.2025\52\depth\14.19.44.726.png
8374,5011,3.25,20.03.2025,52,20.03.2025\52\rgb\14.19.44.821.png,20.03.2025\52\depth\14.19.44.821.png
8375,5011,3.25,20.03.2025,52,20.03.2025\52\rgb\14.19.44.916.png,20.03.2025\52\depth\14.19.44.916.png
8376,5011,3.25,20.03.2025,52,20.03.2025\52\rgb\14.19.45.006.png,20.03.2025\52\depth\14.19.45.006.png
8377,5011,3.25,20.03.2025,52,20.03.2025\52\rgb\14.19.45.099.png,20.03.2025\52\depth\14.19.45.099.png
8378,5011,3.25,20.03.2025,52,20.03.2025\52\rgb\14.19.45.191.png,20.03.2025\52\depth\14.19.45.191.png
8379,5011,3.25,20.03.2025,52,20.03.2025\52\rgb\14.19.45.285.png,20.03.2025\52\depth\14.19.45.285.png
8380,5011,3.25,20.03.2025,52,20.03.2025\52\rgb\14.19.45.380.png,20.03.2025\52\depth\14.19.45.380.png
8381,901220,3.25,20.03.2025,53,20.03.2025\53\rgb\14.20.00.933.png,20.03.2025\53\depth\14.20.00.933.png
8382,901220,3.25,20.03.2025,53,20.03.2025\53\rgb\14.20.01.025.png,20.03.2025\53\depth\14.20.01.025.png
8383,901220,3.25,20.03.2025,53,20.03.2025\53\rgb\14.20.01.120.png,20.03.2025\53\depth\14.20.01.120.png
8384,901220,3.25,20.03.2025,53,20.03.2025\53\rgb\14.20.01.224.png,20.03.2025\53\depth\14.20.01.224.png
8385,901220,3.25,20.03.2025,53,20.03.2025\53\rgb\14.20.01.318.png,20.03.2025\53\depth\14.20.01.318.png
8386,901220,3.25,20.03.2025,53,20.03.2025\53\rgb\14.20.01.411.png,20.03.2025\53\depth\14.20.01.411.png
8387,901220,3.25,20.03.2025,53,20.03.2025\53\rgb\14.20.01.502.png,20.03.2025\53\depth\14.20.01.502.png
8388,901220,3.25,20.03.2025,53,20.03.2025\53\rgb\14.20.01.593.png,20.03.2025\53\depth\14.20.01.593.png
8389,901220,3.25,20.03.2025,53,20.03.2025\53\rgb\14.20.01.686.png,20.03.2025\53\depth\14.20.01.686.png
8390,901220,3.25,20.03.2025,53,20.03.2025\53\rgb\14.20.01.779.png,20.03.2025\53\depth\14.20.01.779.png
8391,901220,3.25,20.03.2025,53,20.03.2025\53\rgb\14.20.01.869.png,20.03.2025\53\depth\14.20.01.869.png
8392,901220,3.25,20.03.2025,53,20.03.2025\53\rgb\14.20.01.948.png,20.03.2025\53\depth\14.20.01.948.png
8393,901220,3.25,20.03.2025,53,20.03.2025\53\rgb\14.20.02.054.png,20.03.2025\53\depth\14.20.02.054.png
8394,901220,3.25,20.03.2025,53,20.03.2025\53\rgb\14.20.02.147.png,20.03.2025\53\depth\14.20.02.147.png
8395,901220,3.25,20.03.2025,53,20.03.2025\53\rgb\14.20.02.242.png,20.03.2025\53\depth\14.20.02.242.png
8396,901220,3.25,20.03.2025,53,20.03.2025\53\rgb\14.20.02.334.png,20.03.2025\53\depth\14.20.02.334.png
8397,901220,3.25,20.03.2025,53,20.03.2025\53\rgb\14.20.02.430.png,20.03.2025\53\depth\14.20.02.430.png
8398,901220,3.25,20.03.2025,53,20.03.2025\53\rgb\14.20.02.522.png,20.03.2025\53\depth\14.20.02.522.png
8399,901220,3.25,20.03.2025,53,20.03.2025\53\rgb\14.20.02.616.png,20.03.2025\53\depth\14.20.02.616.png
8400,901220,3.25,20.03.2025,53,20.03.2025\53\rgb\14.20.02.710.png,20.03.2025\53\depth\14.20.02.710.png
8401,6564,3.25,20.03.2025,54,20.03.2025\54\rgb\14.20.16.604.png,20.03.2025\54\depth\14.20.16.604.png
8402,6564,3.25,20.03.2025,54,20.03.2025\54\rgb\14.20.16.704.png,20.03.2025\54\depth\14.20.16.704.png
8403,6564,3.25,20.03.2025,54,20.03.2025\54\rgb\14.20.16.795.png,20.03.2025\54\depth\14.20.16.795.png
8404,6564,3.25,20.03.2025,54,20.03.2025\54\rgb\14.20.16.891.png,20.03.2025\54\depth\14.20.16.891.png
8405,6564,3.25,20.03.2025,54,20.03.2025\54\rgb\14.20.16.984.png,20.03.2025\54\depth\14.20.16.984.png
8406,6564,3.25,20.03.2025,54,20.03.2025\54\rgb\14.20.17.076.png,20.03.2025\54\depth\14.20.17.076.png
8407,6564,3.25,20.03.2025,54,20.03.2025\54\rgb\14.20.17.168.png,20.03.2025\54\depth\14.20.17.168.png
8408,6564,3.25,20.03.2025,54,20.03.2025\54\rgb\14.20.17.261.png,20.03.2025\54\depth\14.20.17.261.png
8409,6564,3.25,20.03.2025,54,20.03.2025\54\rgb\14.20.17.356.png,20.03.2025\54\depth\14.20.17.356.png
8410,6564,3.25,20.03.2025,54,20.03.2025\54\rgb\14.20.17.445.png,20.03.2025\54\depth\14.20.17.445.png
8411,6564,3.25,20.03.2025,54,20.03.2025\54\rgb\14.20.17.535.png,20.03.2025\54\depth\14.20.17.535.png
8412,6564,3.25,20.03.2025,54,20.03.2025\54\rgb\14.20.17.630.png,20.03.2025\54\depth\14.20.17.630.png
8413,6564,3.25,20.03.2025,54,20.03.2025\54\rgb\14.20.17.723.png,20.03.2025\54\depth\14.20.17.723.png
8414,6564,3.25,20.03.2025,54,20.03.2025\54\rgb\14.20.17.808.png,20.03.2025\54\depth\14.20.17.808.png
8415,6564,3.25,20.03.2025,54,20.03.2025\54\rgb\14.20.17.909.png,20.03.2025\54\depth\14.20.17.909.png
8416,6564,3.25,20.03.2025,54,20.03.2025\54\rgb\14.20.18.000.png,20.03.2025\54\depth\14.20.18.000.png
8417,6564,3.25,20.03.2025,54,20.03.2025\54\rgb\14.20.18.090.png,20.03.2025\54\depth\14.20.18.090.png
8418,6564,3.25,20.03.2025,54,20.03.2025\54\rgb\14.20.18.185.png,20.03.2025\54\depth\14.20.18.185.png
8419,6564,3.25,20.03.2025,54,20.03.2025\54\rgb\14.20.18.276.png,20.03.2025\54\depth\14.20.18.276.png
8420,6564,3.25,20.03.2025,54,20.03.2025\54\rgb\14.20.18.366.png,20.03.2025\54\depth\14.20.18.366.png
8421,1723,3.25,20.03.2025,55,20.03.2025\55\rgb\14.20.31.436.png,20.03.2025\55\depth\14.20.31.436.png
8422,1723,3.25,20.03.2025,55,20.03.2025\55\rgb\14.20.31.533.png,20.03.2025\55\depth\14.20.31.533.png
8423,1723,3.25,20.03.2025,55,20.03.2025\55\rgb\14.20.31.625.png,20.03.2025\55\depth\14.20.31.625.png
8424,1723,3.25,20.03.2025,55,20.03.2025\55\rgb\14.20.31.718.png,20.03.2025\55\depth\14.20.31.718.png
8425,1723,3.25,20.03.2025,55,20.03.2025\55\rgb\14.20.31.811.png,20.03.2025\55\depth\14.20.31.811.png
8426,1723,3.25,20.03.2025,55,20.03.2025\55\rgb\14.20.31.902.png,20.03.2025\55\depth\14.20.31.902.png
8427,1723,3.25,20.03.2025,55,20.03.2025\55\rgb\14.20.31.996.png,20.03.2025\55\depth\14.20.31.996.png
8428,1723,3.25,20.03.2025,55,20.03.2025\55\rgb\14.20.32.088.png,20.03.2025\55\depth\14.20.32.088.png
8429,1723,3.25,20.03.2025,55,20.03.2025\55\rgb\14.20.32.182.png,20.03.2025\55\depth\14.20.32.182.png
8430,1723,3.25,20.03.2025,55,20.03.2025\55\rgb\14.20.32.288.png,20.03.2025\55\depth\14.20.32.288.png
8431,1723,3.25,20.03.2025,55,20.03.2025\55\rgb\14.20.32.380.png,20.03.2025\55\depth\14.20.32.380.png
8432,1723,3.25,20.03.2025,55,20.03.2025\55\rgb\14.20.32.470.png,20.03.2025\55\depth\14.20.32.470.png
8433,1723,3.25,20.03.2025,55,20.03.2025\55\rgb\14.20.32.562.png,20.03.2025\55\depth\14.20.32.562.png
8434,1723,3.25,20.03.2025,55,20.03.2025\55\rgb\14.20.32.656.png,20.03.2025\55\depth\14.20.32.656.png
8435,1723,3.25,20.03.2025,55,20.03.2025\55\rgb\14.20.32.747.png,20.03.2025\55\depth\14.20.32.747.png
8436,1723,3.25,20.03.2025,55,20.03.2025\55\rgb\14.20.32.831.png,20.03.2025\55\depth\14.20.32.831.png
8437,1723,3.25,20.03.2025,55,20.03.2025\55\rgb\14.20.32.930.png,20.03.2025\55\depth\14.20.32.930.png
8438,1723,3.25,20.03.2025,55,20.03.2025\55\rgb\14.20.33.024.png,20.03.2025\55\depth\14.20.33.024.png
8439,1723,3.25,20.03.2025,55,20.03.2025\55\rgb\14.20.33.117.png,20.03.2025\55\depth\14.20.33.117.png
8440,1723,3.25,20.03.2025,55,20.03.2025\55\rgb\14.20.33.206.png,20.03.2025\55\depth\14.20.33.206.png
8441,1840,3.25,20.03.2025,56,20.03.2025\56\rgb\14.20.47.409.png,20.03.2025\56\depth\14.20.47.409.png
8442,1840,3.25,20.03.2025,56,20.03.2025\56\rgb\14.20.47.508.png,20.03.2025\56\depth\14.20.47.508.png
8443,1840,3.25,20.03.2025,56,20.03.2025\56\rgb\14.20.47.600.png,20.03.2025\56\depth\14.20.47.600.png
8444,1840,3.25,20.03.2025,56,20.03.2025\56\rgb\14.20.47.692.png,20.03.2025\56\depth\14.20.47.692.png
8445,1840,3.25,20.03.2025,56,20.03.2025\56\rgb\14.20.47.786.png,20.03.2025\56\depth\14.20.47.786.png
8446,1840,3.25,20.03.2025,56,20.03.2025\56\rgb\14.20.47.877.png,20.03.2025\56\depth\14.20.47.877.png
8447,1840,3.25,20.03.2025,56,20.03.2025\56\rgb\14.20.47.968.png,20.03.2025\56\depth\14.20.47.968.png
8448,1840,3.25,20.03.2025,56,20.03.2025\56\rgb\14.20.48.063.png,20.03.2025\56\depth\14.20.48.063.png
8449,1840,3.25,20.03.2025,56,20.03.2025\56\rgb\14.20.48.156.png,20.03.2025\56\depth\14.20.48.156.png
8450,1840,3.25,20.03.2025,56,20.03.2025\56\rgb\14.20.48.250.png,20.03.2025\56\depth\14.20.48.250.png
8451,1840,3.25,20.03.2025,56,20.03.2025\56\rgb\14.20.48.340.png,20.03.2025\56\depth\14.20.48.340.png
8452,1840,3.25,20.03.2025,56,20.03.2025\56\rgb\14.20.48.435.png,20.03.2025\56\depth\14.20.48.435.png
8453,1840,3.25,20.03.2025,56,20.03.2025\56\rgb\14.20.48.526.png,20.03.2025\56\depth\14.20.48.526.png
8454,1840,3.25,20.03.2025,56,20.03.2025\56\rgb\14.20.48.632.png,20.03.2025\56\depth\14.20.48.632.png
8455,1840,3.25,20.03.2025,56,20.03.2025\56\rgb\14.20.48.723.png,20.03.2025\56\depth\14.20.48.723.png
8456,1840,3.25,20.03.2025,56,20.03.2025\56\rgb\14.20.48.817.png,20.03.2025\56\depth\14.20.48.817.png
8457,1840,3.25,20.03.2025,56,20.03.2025\56\rgb\14.20.48.908.png,20.03.2025\56\depth\14.20.48.908.png
8458,1840,3.25,20.03.2025,56,20.03.2025\56\rgb\14.20.49.001.png,20.03.2025\56\depth\14.20.49.001.png
8459,1840,3.25,20.03.2025,56,20.03.2025\56\rgb\14.20.49.093.png,20.03.2025\56\depth\14.20.49.093.png
8460,1840,3.25,20.03.2025,56,20.03.2025\56\rgb\14.20.49.186.png,20.03.2025\56\depth\14.20.49.186.png
8461,830224,3.0,20.03.2025,57,20.03.2025\57\rgb\14.21.03.653.png,20.03.2025\57\depth\14.21.03.653.png
8462,830224,3.0,20.03.2025,57,20.03.2025\57\rgb\14.21.03.754.png,20.03.2025\57\depth\14.21.03.754.png
8463,830224,3.0,20.03.2025,57,20.03.2025\57\rgb\14.21.03.843.png,20.03.2025\57\depth\14.21.03.843.png
8464,830224,3.0,20.03.2025,57,20.03.2025\57\rgb\14.21.03.934.png,20.03.2025\57\depth\14.21.03.934.png
8465,830224,3.0,20.03.2025,57,20.03.2025\57\rgb\14.21.04.029.png,20.03.2025\57\depth\14.21.04.029.png
8466,830224,3.0,20.03.2025,57,20.03.2025\57\rgb\14.21.04.121.png,20.03.2025\57\depth\14.21.04.121.png
8467,830224,3.0,20.03.2025,57,20.03.2025\57\rgb\14.21.04.213.png,20.03.2025\57\depth\14.21.04.213.png
8468,830224,3.0,20.03.2025,57,20.03.2025\57\rgb\14.21.04.305.png,20.03.2025\57\depth\14.21.04.305.png
8469,830224,3.0,20.03.2025,57,20.03.2025\57\rgb\14.21.04.396.png,20.03.2025\57\depth\14.21.04.396.png
8470,830224,3.0,20.03.2025,57,20.03.2025\57\rgb\14.21.04.488.png,20.03.2025\57\depth\14.21.04.488.png
8471,830224,3.0,20.03.2025,57,20.03.2025\57\rgb\14.21.04.580.png,20.03.2025\57\depth\14.21.04.580.png
8472,830224,3.0,20.03.2025,57,20.03.2025\57\rgb\14.21.04.675.png,20.03.2025\57\depth\14.21.04.675.png
8473,830224,3.0,20.03.2025,57,20.03.2025\57\rgb\14.21.04.769.png,20.03.2025\57\depth\14.21.04.769.png
8474,830224,3.0,20.03.2025,57,20.03.2025\57\rgb\14.21.04.861.png,20.03.2025\57\depth\14.21.04.861.png
8475,830224,3.0,20.03.2025,57,20.03.2025\57\rgb\14.21.04.955.png,20.03.2025\57\depth\14.21.04.955.png
8476,830224,3.0,20.03.2025,57,20.03.2025\57\rgb\14.21.05.046.png,20.03.2025\57\depth\14.21.05.046.png
8477,830224,3.0,20.03.2025,57,20.03.2025\57\rgb\14.21.05.138.png,20.03.2025\57\depth\14.21.05.138.png
8478,830224,3.0,20.03.2025,57,20.03.2025\57\rgb\14.21.05.230.png,20.03.2025\57\depth\14.21.05.230.png
8479,830224,3.0,20.03.2025,57,20.03.2025\57\rgb\14.21.05.323.png,20.03.2025\57\depth\14.21.05.323.png
8480,830224,3.0,20.03.2025,57,20.03.2025\57\rgb\14.21.05.416.png,20.03.2025\57\depth\14.21.05.416.png
8481,7014,3.75,20.03.2025,58,20.03.2025\58\rgb\14.21.17.891.png,20.03.2025\58\depth\14.21.17.891.png
8482,7014,3.75,20.03.2025,58,20.03.2025\58\rgb\14.21.17.976.png,20.03.2025\58\depth\14.21.17.976.png
8483,7014,3.75,20.03.2025,58,20.03.2025\58\rgb\14.21.18.061.png,20.03.2025\58\depth\14.21.18.061.png
8484,7014,3.75,20.03.2025,58,20.03.2025\58\rgb\14.21.18.155.png,20.03.2025\58\depth\14.21.18.155.png
8485,7014,3.75,20.03.2025,58,20.03.2025\58\rgb\14.21.18.248.png,20.03.2025\58\depth\14.21.18.248.png
8486,7014,3.75,20.03.2025,58,20.03.2025\58\rgb\14.21.18.342.png,20.03.2025\58\depth\14.21.18.342.png
8487,7014,3.75,20.03.2025,58,20.03.2025\58\rgb\14.21.18.433.png,20.03.2025\58\depth\14.21.18.433.png
8488,7014,3.75,20.03.2025,58,20.03.2025\58\rgb\14.21.18.525.png,20.03.2025\58\depth\14.21.18.525.png
8489,7014,3.75,20.03.2025,58,20.03.2025\58\rgb\14.21.18.603.png,20.03.2025\58\depth\14.21.18.603.png
8490,7014,3.75,20.03.2025,58,20.03.2025\58\rgb\14.21.18.694.png,20.03.2025\58\depth\14.21.18.694.png
8491,7014,3.75,20.03.2025,58,20.03.2025\58\rgb\14.21.18.786.png,20.03.2025\58\depth\14.21.18.786.png
8492,7014,3.75,20.03.2025,58,20.03.2025\58\rgb\14.21.18.882.png,20.03.2025\58\depth\14.21.18.882.png
8493,7014,3.75,20.03.2025,58,20.03.2025\58\rgb\14.21.18.973.png,20.03.2025\58\depth\14.21.18.973.png
8494,7014,3.75,20.03.2025,58,20.03.2025\58\rgb\14.21.19.065.png,20.03.2025\58\depth\14.21.19.065.png
8495,7014,3.75,20.03.2025,58,20.03.2025\58\rgb\14.21.19.158.png,20.03.2025\58\depth\14.21.19.158.png
8496,7014,3.75,20.03.2025,58,20.03.2025\58\rgb\14.21.19.251.png,20.03.2025\58\depth\14.21.19.251.png
8497,7014,3.75,20.03.2025,58,20.03.2025\58\rgb\14.21.19.343.png,20.03.2025\58\depth\14.21.19.343.png
8498,7014,3.75,20.03.2025,58,20.03.2025\58\rgb\14.21.19.435.png,20.03.2025\58\depth\14.21.19.435.png
8499,7014,3.75,20.03.2025,58,20.03.2025\58\rgb\14.21.19.525.png,20.03.2025\58\depth\14.21.19.525.png
8500,7014,3.75,20.03.2025,58,20.03.2025\58\rgb\14.21.19.619.png,20.03.2025\58\depth\14.21.19.619.png
8501,7025,3.5,20.03.2025,59,20.03.2025\59\rgb\14.21.32.721.png,20.03.2025\59\depth\14.21.32.721.png
8502,7025,3.5,20.03.2025,59,20.03.2025\59\rgb\14.21.32.808.png,20.03.2025\59\depth\14.21.32.808.png
8503,7025,3.5,20.03.2025,59,20.03.2025\59\rgb\14.21.32.899.png,20.03.2025\59\depth\14.21.32.899.png
8504,7025,3.5,20.03.2025,59,20.03.2025\59\rgb\14.21.32.991.png,20.03.2025\59\depth\14.21.32.991.png
8505,7025,3.5,20.03.2025,59,20.03.2025\59\rgb\14.21.33.076.png,20.03.2025\59\depth\14.21.33.076.png
8506,7025,3.5,20.03.2025,59,20.03.2025\59\rgb\14.21.33.179.png,20.03.2025\59\depth\14.21.33.179.png
8507,7025,3.5,20.03.2025,59,20.03.2025\59\rgb\14.21.33.270.png,20.03.2025\59\depth\14.21.33.270.png
8508,7025,3.5,20.03.2025,59,20.03.2025\59\rgb\14.21.33.362.png,20.03.2025\59\depth\14.21.33.362.png
8509,7025,3.5,20.03.2025,59,20.03.2025\59\rgb\14.21.33.454.png,20.03.2025\59\depth\14.21.33.454.png
8510,7025,3.5,20.03.2025,59,20.03.2025\59\rgb\14.21.33.549.png,20.03.2025\59\depth\14.21.33.549.png
8511,7025,3.5,20.03.2025,59,20.03.2025\59\rgb\14.21.33.641.png,20.03.2025\59\depth\14.21.33.641.png
8512,7025,3.5,20.03.2025,59,20.03.2025\59\rgb\14.21.33.733.png,20.03.2025\59\depth\14.21.33.733.png
8513,7025,3.5,20.03.2025,59,20.03.2025\59\rgb\14.21.33.825.png,20.03.2025\59\depth\14.21.33.825.png
8514,7025,3.5,20.03.2025,59,20.03.2025\59\rgb\14.21.33.919.png,20.03.2025\59\depth\14.21.33.919.png
8515,7025,3.5,20.03.2025,59,20.03.2025\59\rgb\14.21.34.013.png,20.03.2025\59\depth\14.21.34.013.png
8516,7025,3.5,20.03.2025,59,20.03.2025\59\rgb\14.21.34.104.png,20.03.2025\59\depth\14.21.34.104.png
8517,7025,3.5,20.03.2025,59,20.03.2025\59\rgb\14.21.34.197.png,20.03.2025\59\depth\14.21.34.197.png
8518,7025,3.5,20.03.2025,59,20.03.2025\59\rgb\14.21.34.289.png,20.03.2025\59\depth\14.21.34.289.png
8519,7025,3.5,20.03.2025,59,20.03.2025\59\rgb\14.21.34.383.png,20.03.2025\59\depth\14.21.34.383.png
8520,7025,3.5,20.03.2025,59,20.03.2025\59\rgb\14.21.34.475.png,20.03.2025\59\depth\14.21.34.475.png
8521,7018,3.5,20.03.2025,60,20.03.2025\60\rgb\14.21.49.592.png,20.03.2025\60\depth\14.21.49.592.png
8522,7018,3.5,20.03.2025,60,20.03.2025\60\rgb\14.21.49.692.png,20.03.2025\60\depth\14.21.49.692.png
8523,7018,3.5,20.03.2025,60,20.03.2025\60\rgb\14.21.49.786.png,20.03.2025\60\depth\14.21.49.786.png
8524,7018,3.5,20.03.2025,60,20.03.2025\60\rgb\14.21.49.879.png,20.03.2025\60\depth\14.21.49.879.png
8525,7018,3.5,20.03.2025,60,20.03.2025\60\rgb\14.21.49.972.png,20.03.2025\60\depth\14.21.49.972.png
8526,7018,3.5,20.03.2025,60,20.03.2025\60\rgb\14.21.50.060.png,20.03.2025\60\depth\14.21.50.060.png
8527,7018,3.5,20.03.2025,60,20.03.2025\60\rgb\14.21.50.154.png,20.03.2025\60\depth\14.21.50.154.png
8528,7018,3.5,20.03.2025,60,20.03.2025\60\rgb\14.21.50.250.png,20.03.2025\60\depth\14.21.50.250.png
8529,7018,3.5,20.03.2025,60,20.03.2025\60\rgb\14.21.50.344.png,20.03.2025\60\depth\14.21.50.344.png
8530,7018,3.5,20.03.2025,60,20.03.2025\60\rgb\14.21.50.435.png,20.03.2025\60\depth\14.21.50.435.png
8531,7018,3.5,20.03.2025,60,20.03.2025\60\rgb\14.21.50.530.png,20.03.2025\60\depth\14.21.50.530.png
8532,7018,3.5,20.03.2025,60,20.03.2025\60\rgb\14.21.50.621.png,20.03.2025\60\depth\14.21.50.621.png
8533,7018,3.5,20.03.2025,60,20.03.2025\60\rgb\14.21.50.715.png,20.03.2025\60\depth\14.21.50.715.png
8534,7018,3.5,20.03.2025,60,20.03.2025\60\rgb\14.21.50.808.png,20.03.2025\60\depth\14.21.50.808.png
8535,7018,3.5,20.03.2025,60,20.03.2025\60\rgb\14.21.50.900.png,20.03.2025\60\depth\14.21.50.900.png
8536,7018,3.5,20.03.2025,60,20.03.2025\60\rgb\14.21.50.993.png,20.03.2025\60\depth\14.21.50.993.png
8537,7018,3.5,20.03.2025,60,20.03.2025\60\rgb\14.21.51.085.png,20.03.2025\60\depth\14.21.51.085.png
8538,7018,3.5,20.03.2025,60,20.03.2025\60\rgb\14.21.51.180.png,20.03.2025\60\depth\14.21.51.180.png
8539,7018,3.5,20.03.2025,60,20.03.2025\60\rgb\14.21.51.273.png,20.03.2025\60\depth\14.21.51.273.png
8540,7018,3.5,20.03.2025,60,20.03.2025\60\rgb\14.21.51.365.png,20.03.2025\60\depth\14.21.51.365.png
8541,5016,3.25,20.03.2025,61,20.03.2025\61\rgb\14.22.02.778.png,20.03.2025\61\depth\14.22.02.778.png
8542,5016,3.25,20.03.2025,61,20.03.2025\61\rgb\14.22.02.866.png,20.03.2025\61\depth\14.22.02.866.png
8543,5016,3.25,20.03.2025,61,20.03.2025\61\rgb\14.22.02.959.png,20.03.2025\61\depth\14.22.02.959.png
8544,5016,3.25,20.03.2025,61,20.03.2025\61\rgb\14.22.03.054.png,20.03.2025\61\depth\14.22.03.054.png
8545,5016,3.25,20.03.2025,61,20.03.2025\61\rgb\14.22.03.137.png,20.03.2025\61\depth\14.22.03.137.png
8546,5016,3.25,20.03.2025,61,20.03.2025\61\rgb\14.22.03.236.png,20.03.2025\61\depth\14.22.03.236.png
8547,5016,3.25,20.03.2025,61,20.03.2025\61\rgb\14.22.03.327.png,20.03.2025\61\depth\14.22.03.327.png
8548,5016,3.25,20.03.2025,61,20.03.2025\61\rgb\14.22.03.423.png,20.03.2025\61\depth\14.22.03.423.png
8549,5016,3.25,20.03.2025,61,20.03.2025\61\rgb\14.22.03.511.png,20.03.2025\61\depth\14.22.03.511.png
8550,5016,3.25,20.03.2025,61,20.03.2025\61\rgb\14.22.03.603.png,20.03.2025\61\depth\14.22.03.603.png
8551,5016,3.25,20.03.2025,61,20.03.2025\61\rgb\14.22.03.696.png,20.03.2025\61\depth\14.22.03.696.png
8552,5016,3.25,20.03.2025,61,20.03.2025\61\rgb\14.22.03.786.png,20.03.2025\61\depth\14.22.03.786.png
8553,5016,3.25,20.03.2025,61,20.03.2025\61\rgb\14.22.03.879.png,20.03.2025\61\depth\14.22.03.879.png
8554,5016,3.25,20.03.2025,61,20.03.2025\61\rgb\14.22.03.972.png,20.03.2025\61\depth\14.22.03.972.png
8555,5016,3.25,20.03.2025,61,20.03.2025\61\rgb\14.22.04.063.png,20.03.2025\61\depth\14.22.04.063.png
8556,5016,3.25,20.03.2025,61,20.03.2025\61\rgb\14.22.04.156.png,20.03.2025\61\depth\14.22.04.156.png
8557,5016,3.25,20.03.2025,61,20.03.2025\61\rgb\14.22.04.248.png,20.03.2025\61\depth\14.22.04.248.png
8558,5016,3.25,20.03.2025,61,20.03.2025\61\rgb\14.22.04.344.png,20.03.2025\61\depth\14.22.04.344.png
8559,5016,3.25,20.03.2025,61,20.03.2025\61\rgb\14.22.04.432.png,20.03.2025\61\depth\14.22.04.432.png
8560,5016,3.25,20.03.2025,61,20.03.2025\61\rgb\14.22.04.526.png,20.03.2025\61\depth\14.22.04.526.png
8561,7683,3.25,20.03.2025,62,20.03.2025\62\rgb\14.22.17.088.png,20.03.2025\62\depth\14.22.17.088.png
8562,7683,3.25,20.03.2025,62,20.03.2025\62\rgb\14.22.17.173.png,20.03.2025\62\depth\14.22.17.173.png
8563,7683,3.25,20.03.2025,62,20.03.2025\62\rgb\14.22.17.264.png,20.03.2025\62\depth\14.22.17.264.png
8564,7683,3.25,20.03.2025,62,20.03.2025\62\rgb\14.22.17.358.png,20.03.2025\62\depth\14.22.17.358.png
8565,7683,3.25,20.03.2025,62,20.03.2025\62\rgb\14.22.17.450.png,20.03.2025\62\depth\14.22.17.450.png
8566,7683,3.25,20.03.2025,62,20.03.2025\62\rgb\14.22.17.541.png,20.03.2025\62\depth\14.22.17.541.png
8567,7683,3.25,20.03.2025,62,20.03.2025\62\rgb\14.22.17.632.png,20.03.2025\62\depth\14.22.17.632.png
8568,7683,3.25,20.03.2025,62,20.03.2025\62\rgb\14.22.17.725.png,20.03.2025\62\depth\14.22.17.725.png
8569,7683,3.25,20.03.2025,62,20.03.2025\62\rgb\14.22.17.822.png,20.03.2025\62\depth\14.22.17.822.png
8570,7683,3.25,20.03.2025,62,20.03.2025\62\rgb\14.22.17.912.png,20.03.2025\62\depth\14.22.17.912.png
8571,7683,3.25,20.03.2025,62,20.03.2025\62\rgb\14.22.18.006.png,20.03.2025\62\depth\14.22.18.006.png
8572,7683,3.25,20.03.2025,62,20.03.2025\62\rgb\14.22.18.097.png,20.03.2025\62\depth\14.22.18.097.png
8573,7683,3.25,20.03.2025,62,20.03.2025\62\rgb\14.22.18.185.png,20.03.2025\62\depth\14.22.18.185.png
8574,7683,3.25,20.03.2025,62,20.03.2025\62\rgb\14.22.18.284.png,20.03.2025\62\depth\14.22.18.284.png
8575,7683,3.25,20.03.2025,62,20.03.2025\62\rgb\14.22.18.376.png,20.03.2025\62\depth\14.22.18.376.png
8576,7683,3.25,20.03.2025,62,20.03.2025\62\rgb\14.22.18.468.png,20.03.2025\62\depth\14.22.18.468.png
8577,7683,3.25,20.03.2025,62,20.03.2025\62\rgb\14.22.18.559.png,20.03.2025\62\depth\14.22.18.559.png
8578,7683,3.25,20.03.2025,62,20.03.2025\62\rgb\14.22.18.654.png,20.03.2025\62\depth\14.22.18.654.png
8579,7683,3.25,20.03.2025,62,20.03.2025\62\rgb\14.22.18.749.png,20.03.2025\62\depth\14.22.18.749.png
8580,7683,3.25,20.03.2025,62,20.03.2025\62\rgb\14.22.18.841.png,20.03.2025\62\depth\14.22.18.841.png
8581,930327,3.5,20.03.2025,63,20.03.2025\63\rgb\14.22.31.765.png,20.03.2025\63\depth\14.22.31.765.png
8582,930327,3.5,20.03.2025,63,20.03.2025\63\rgb\14.22.31.862.png,20.03.2025\63\depth\14.22.31.862.png
8583,930327,3.5,20.03.2025,63,20.03.2025\63\rgb\14.22.31.955.png,20.03.2025\63\depth\14.22.31.955.png
8584,930327,3.5,20.03.2025,63,20.03.2025\63\rgb\14.22.32.047.png,20.03.2025\63\depth\14.22.32.047.png
8585,930327,3.5,20.03.2025,63,20.03.2025\63\rgb\14.22.32.138.png,20.03.2025\63\depth\14.22.32.138.png
8586,930327,3.5,20.03.2025,63,20.03.2025\63\rgb\14.22.32.233.png,20.03.2025\63\depth\14.22.32.233.png
8587,930327,3.5,20.03.2025,63,20.03.2025\63\rgb\14.22.32.326.png,20.03.2025\63\depth\14.22.32.326.png
8588,930327,3.5,20.03.2025,63,20.03.2025\63\rgb\14.22.32.416.png,20.03.2025\63\depth\14.22.32.416.png
8589,930327,3.5,20.03.2025,63,20.03.2025\63\rgb\14.22.32.509.png,20.03.2025\63\depth\14.22.32.509.png
8590,930327,3.5,20.03.2025,63,20.03.2025\63\rgb\14.22.32.603.png,20.03.2025\63\depth\14.22.32.603.png
8591,930327,3.5,20.03.2025,63,20.03.2025\63\rgb\14.22.32.696.png,20.03.2025\63\depth\14.22.32.696.png
8592,930327,3.5,20.03.2025,63,20.03.2025\63\rgb\14.22.32.789.png,20.03.2025\63\depth\14.22.32.789.png
8593,930327,3.5,20.03.2025,63,20.03.2025\63\rgb\14.22.32.881.png,20.03.2025\63\depth\14.22.32.881.png
8594,930327,3.5,20.03.2025,63,20.03.2025\63\rgb\14.22.32.973.png,20.03.2025\63\depth\14.22.32.973.png
8595,930327,3.5,20.03.2025,63,20.03.2025\63\rgb\14.22.33.065.png,20.03.2025\63\depth\14.22.33.065.png
8596,930327,3.5,20.03.2025,63,20.03.2025\63\rgb\14.22.33.152.png,20.03.2025\63\depth\14.22.33.152.png
8597,930327,3.5,20.03.2025,63,20.03.2025\63\rgb\14.22.33.258.png,20.03.2025\63\depth\14.22.33.258.png
8598,930327,3.5,20.03.2025,63,20.03.2025\63\rgb\14.22.33.346.png,20.03.2025\63\depth\14.22.33.346.png
8599,930327,3.5,20.03.2025,63,20.03.2025\63\rgb\14.22.33.441.png,20.03.2025\63\depth\14.22.33.441.png
8600,930327,3.5,20.03.2025,63,20.03.2025\63\rgb\14.22.33.531.png,20.03.2025\63\depth\14.22.33.531.png
8601,7648,3.25,20.03.2025,64,20.03.2025\64\rgb\14.22.48.629.png,20.03.2025\64\depth\14.22.48.629.png
8602,7648,3.25,20.03.2025,64,20.03.2025\64\rgb\14.22.48.725.png,20.03.2025\64\depth\14.22.48.725.png
8603,7648,3.25,20.03.2025,64,20.03.2025\64\rgb\14.22.48.819.png,20.03.2025\64\depth\14.22.48.819.png
8604,7648,3.25,20.03.2025,64,20.03.2025\64\rgb\14.22.48.909.png,20.03.2025\64\depth\14.22.48.909.png
8605,7648,3.25,20.03.2025,64,20.03.2025\64\rgb\14.22.49.007.png,20.03.2025\64\depth\14.22.49.007.png
8606,7648,3.25,20.03.2025,64,20.03.2025\64\rgb\14.22.49.096.png,20.03.2025\64\depth\14.22.49.096.png
8607,7648,3.25,20.03.2025,64,20.03.2025\64\rgb\14.22.49.189.png,20.03.2025\64\depth\14.22.49.189.png
8608,7648,3.25,20.03.2025,64,20.03.2025\64\rgb\14.22.49.282.png,20.03.2025\64\depth\14.22.49.282.png
8609,7648,3.25,20.03.2025,64,20.03.2025\64\rgb\14.22.49.375.png,20.03.2025\64\depth\14.22.49.375.png
8610,7648,3.25,20.03.2025,64,20.03.2025\64\rgb\14.22.49.467.png,20.03.2025\64\depth\14.22.49.467.png
8611,7648,3.25,20.03.2025,64,20.03.2025\64\rgb\14.22.49.560.png,20.03.2025\64\depth\14.22.49.560.png
8612,7648,3.25,20.03.2025,64,20.03.2025\64\rgb\14.22.49.655.png,20.03.2025\64\depth\14.22.49.655.png
8613,7648,3.25,20.03.2025,64,20.03.2025\64\rgb\14.22.49.748.png,20.03.2025\64\depth\14.22.49.748.png
8614,7648,3.25,20.03.2025,64,20.03.2025\64\rgb\14.22.49.838.png,20.03.2025\64\depth\14.22.49.838.png
8615,7648,3.25,20.03.2025,64,20.03.2025\64\rgb\14.22.49.929.png,20.03.2025\64\depth\14.22.49.929.png
8616,7648,3.25,20.03.2025,64,20.03.2025\64\rgb\14.22.50.024.png,20.03.2025\64\depth\14.22.50.024.png
8617,7648,3.25,20.03.2025,64,20.03.2025\64\rgb\14.22.50.118.png,20.03.2025\64\depth\14.22.50.118.png
8618,7648,3.25,20.03.2025,64,20.03.2025\64\rgb\14.22.50.209.png,20.03.2025\64\depth\14.22.50.209.png
8619,7648,3.25,20.03.2025,64,20.03.2025\64\rgb\14.22.50.301.png,20.03.2025\64\depth\14.22.50.301.png
8620,7648,3.25,20.03.2025,64,20.03.2025\64\rgb\14.22.50.394.png,20.03.2025\64\depth\14.22.50.394.png
8621,7036,3.5,20.03.2025,65,20.03.2025\65\rgb\14.23.04.697.png,20.03.2025\65\depth\14.23.04.697.png
8622,7036,3.5,20.03.2025,65,20.03.2025\65\rgb\14.23.04.784.png,20.03.2025\65\depth\14.23.04.784.png
8623,7036,3.5,20.03.2025,65,20.03.2025\65\rgb\14.23.04.875.png,20.03.2025\65\depth\14.23.04.875.png
8624,7036,3.5,20.03.2025,65,20.03.2025\65\rgb\14.23.04.968.png,20.03.2025\65\depth\14.23.04.968.png
8625,7036,3.5,20.03.2025,65,20.03.2025\65\rgb\14.23.05.061.png,20.03.2025\65\depth\14.23.05.061.png
8626,7036,3.5,20.03.2025,65,20.03.2025\65\rgb\14.23.05.154.png,20.03.2025\65\depth\14.23.05.154.png
8627,7036,3.5,20.03.2025,65,20.03.2025\65\rgb\14.23.05.246.png,20.03.2025\65\depth\14.23.05.246.png
8628,7036,3.5,20.03.2025,65,20.03.2025\65\rgb\14.23.05.340.png,20.03.2025\65\depth\14.23.05.340.png
8629,7036,3.5,20.03.2025,65,20.03.2025\65\rgb\14.23.05.429.png,20.03.2025\65\depth\14.23.05.429.png
8630,7036,3.5,20.03.2025,65,20.03.2025\65\rgb\14.23.05.523.png,20.03.2025\65\depth\14.23.05.523.png
8631,7036,3.5,20.03.2025,65,20.03.2025\65\rgb\14.23.05.617.png,20.03.2025\65\depth\14.23.05.617.png
8632,7036,3.5,20.03.2025,65,20.03.2025\65\rgb\14.23.05.712.png,20.03.2025\65\depth\14.23.05.712.png
8633,7036,3.5,20.03.2025,65,20.03.2025\65\rgb\14.23.05.804.png,20.03.2025\65\depth\14.23.05.804.png
8634,7036,3.5,20.03.2025,65,20.03.2025\65\rgb\14.23.05.893.png,20.03.2025\65\depth\14.23.05.893.png
8635,7036,3.5,20.03.2025,65,20.03.2025\65\rgb\14.23.05.987.png,20.03.2025\65\depth\14.23.05.987.png
8636,7036,3.5,20.03.2025,65,20.03.2025\65\rgb\14.23.06.081.png,20.03.2025\65\depth\14.23.06.081.png
8637,7036,3.5,20.03.2025,65,20.03.2025\65\rgb\14.23.06.171.png,20.03.2025\65\depth\14.23.06.171.png
8638,7036,3.5,20.03.2025,65,20.03.2025\65\rgb\14.23.06.265.png,20.03.2025\65\depth\14.23.06.265.png
8639,7036,3.5,20.03.2025,65,20.03.2025\65\rgb\14.23.06.357.png,20.03.2025\65\depth\14.23.06.357.png
8640,7036,3.5,20.03.2025,65,20.03.2025\65\rgb\14.23.06.451.png,20.03.2025\65\depth\14.23.06.451.png
8641,6932,3.25,20.03.2025,66,20.03.2025\66\rgb\14.23.20.858.png,20.03.2025\66\depth\14.23.20.858.png
8642,6932,3.25,20.03.2025,66,20.03.2025\66\rgb\14.23.20.946.png,20.03.2025\66\depth\14.23.20.946.png
8643,6932,3.25,20.03.2025,66,20.03.2025\66\rgb\14.23.21.037.png,20.03.2025\66\depth\14.23.21.037.png
8644,6932,3.25,20.03.2025,66,20.03.2025\66\rgb\14.23.21.128.png,20.03.2025\66\depth\14.23.21.128.png
8645,6932,3.25,20.03.2025,66,20.03.2025\66\rgb\14.23.21.222.png,20.03.2025\66\depth\14.23.21.222.png
8646,6932,3.25,20.03.2025,66,20.03.2025\66\rgb\14.23.21.318.png,20.03.2025\66\depth\14.23.21.318.png
8647,6932,3.25,20.03.2025,66,20.03.2025\66\rgb\14.23.21.411.png,20.03.2025\66\depth\14.23.21.411.png
8648,6932,3.25,20.03.2025,66,20.03.2025\66\rgb\14.23.21.499.png,20.03.2025\66\depth\14.23.21.499.png
8649,6932,3.25,20.03.2025,66,20.03.2025\66\rgb\14.23.21.593.png,20.03.2025\66\depth\14.23.21.593.png
8650,6932,3.25,20.03.2025,66,20.03.2025\66\rgb\14.23.21.686.png,20.03.2025\66\depth\14.23.21.686.png
8651,6932,3.25,20.03.2025,66,20.03.2025\66\rgb\14.23.21.778.png,20.03.2025\66\depth\14.23.21.778.png
8652,6932,3.25,20.03.2025,66,20.03.2025\66\rgb\14.23.21.866.png,20.03.2025\66\depth\14.23.21.866.png
8653,6932,3.25,20.03.2025,66,20.03.2025\66\rgb\14.23.21.959.png,20.03.2025\66\depth\14.23.21.959.png
8654,6932,3.25,20.03.2025,66,20.03.2025\66\rgb\14.23.22.052.png,20.03.2025\66\depth\14.23.22.052.png
8655,6932,3.25,20.03.2025,66,20.03.2025\66\rgb\14.23.22.146.png,20.03.2025\66\depth\14.23.22.146.png
8656,6932,3.25,20.03.2025,66,20.03.2025\66\rgb\14.23.22.239.png,20.03.2025\66\depth\14.23.22.239.png
8657,6932,3.25,20.03.2025,66,20.03.2025\66\rgb\14.23.22.331.png,20.03.2025\66\depth\14.23.22.331.png
8658,6932,3.25,20.03.2025,66,20.03.2025\66\rgb\14.23.22.423.png,20.03.2025\66\depth\14.23.22.423.png
8659,6932,3.25,20.03.2025,66,20.03.2025\66\rgb\14.23.22.518.png,20.03.2025\66\depth\14.23.22.518.png
8660,6932,3.25,20.03.2025,66,20.03.2025\66\rgb\14.23.22.611.png,20.03.2025\66\depth\14.23.22.611.png
8661,7601,3.25,20.03.2025,67,20.03.2025\67\rgb\14.23.49.601.png,20.03.2025\67\depth\14.23.49.601.png
8662,7601,3.25,20.03.2025,67,20.03.2025\67\rgb\14.23.49.699.png,20.03.2025\67\depth\14.23.49.699.png
8663,7601,3.25,20.03.2025,67,20.03.2025\67\rgb\14.23.49.792.png,20.03.2025\67\depth\14.23.49.792.png
8664,7601,3.25,20.03.2025,67,20.03.2025\67\rgb\14.23.49.889.png,20.03.2025\67\depth\14.23.49.889.png
8665,7601,3.25,20.03.2025,67,20.03.2025\67\rgb\14.23.49.978.png,20.03.2025\67\depth\14.23.49.978.png
8666,7601,3.25,20.03.2025,67,20.03.2025\67\rgb\14.23.50.069.png,20.03.2025\67\depth\14.23.50.069.png
8667,7601,3.25,20.03.2025,67,20.03.2025\67\rgb\14.23.50.161.png,20.03.2025\67\depth\14.23.50.161.png
8668,7601,3.25,20.03.2025,67,20.03.2025\67\rgb\14.23.50.253.png,20.03.2025\67\depth\14.23.50.253.png
8669,7601,3.25,20.03.2025,67,20.03.2025\67\rgb\14.23.50.348.png,20.03.2025\67\depth\14.23.50.348.png
8670,7601,3.25,20.03.2025,67,20.03.2025\67\rgb\14.23.50.444.png,20.03.2025\67\depth\14.23.50.444.png
8671,7601,3.25,20.03.2025,67,20.03.2025\67\rgb\14.23.50.532.png,20.03.2025\67\depth\14.23.50.532.png
8672,7601,3.25,20.03.2025,67,20.03.2025\67\rgb\14.23.50.627.png,20.03.2025\67\depth\14.23.50.627.png
8673,7601,3.25,20.03.2025,67,20.03.2025\67\rgb\14.23.50.720.png,20.03.2025\67\depth\14.23.50.720.png
8674,7601,3.25,20.03.2025,67,20.03.2025\67\rgb\14.23.50.813.png,20.03.2025\67\depth\14.23.50.813.png
8675,7601,3.25,20.03.2025,67,20.03.2025\67\rgb\14.23.50.904.png,20.03.2025\67\depth\14.23.50.904.png
8676,7601,3.25,20.03.2025,67,20.03.2025\67\rgb\14.23.50.994.png,20.03.2025\67\depth\14.23.50.994.png
8677,7601,3.25,20.03.2025,67,20.03.2025\67\rgb\14.23.51.086.png,20.03.2025\67\depth\14.23.51.086.png
8678,7601,3.25,20.03.2025,67,20.03.2025\67\rgb\14.23.51.179.png,20.03.2025\67\depth\14.23.51.179.png
8679,7601,3.25,20.03.2025,67,20.03.2025\67\rgb\14.23.51.277.png,20.03.2025\67\depth\14.23.51.277.png
8680,7601,3.25,20.03.2025,67,20.03.2025\67\rgb\14.23.51.366.png,20.03.2025\67\depth\14.23.51.366.png
8681,7658,3.25,20.03.2025,68,20.03.2025\68\rgb\14.24.20.928.png,20.03.2025\68\depth\14.24.20.928.png
8682,7658,3.25,20.03.2025,68,20.03.2025\68\rgb\14.24.21.014.png,20.03.2025\68\depth\14.24.21.014.png
8683,7658,3.25,20.03.2025,68,20.03.2025\68\rgb\14.24.21.107.png,20.03.2025\68\depth\14.24.21.107.png
8684,7658,3.25,20.03.2025,68,20.03.2025\68\rgb\14.24.21.198.png,20.03.2025\68\depth\14.24.21.198.png
8685,7658,3.25,20.03.2025,68,20.03.2025\68\rgb\14.24.21.291.png,20.03.2025\68\depth\14.24.21.291.png
8686,7658,3.25,20.03.2025,68,20.03.2025\68\rgb\14.24.21.384.png,20.03.2025\68\depth\14.24.21.384.png
8687,7658,3.25,20.03.2025,68,20.03.2025\68\rgb\14.24.21.476.png,20.03.2025\68\depth\14.24.21.476.png
8688,7658,3.25,20.03.2025,68,20.03.2025\68\rgb\14.24.21.566.png,20.03.2025\68\depth\14.24.21.566.png
8689,7658,3.25,20.03.2025,68,20.03.2025\68\rgb\14.24.21.660.png,20.03.2025\68\depth\14.24.21.660.png
8690,7658,3.25,20.03.2025,68,20.03.2025\68\rgb\14.24.21.753.png,20.03.2025\68\depth\14.24.21.753.png
8691,7658,3.25,20.03.2025,68,20.03.2025\68\rgb\14.24.21.844.png,20.03.2025\68\depth\14.24.21.844.png
8692,7658,3.25,20.03.2025,68,20.03.2025\68\rgb\14.24.21.935.png,20.03.2025\68\depth\14.24.21.935.png
8693,7658,3.25,20.03.2025,68,20.03.2025\68\rgb\14.24.22.030.png,20.03.2025\68\depth\14.24.22.030.png
8694,7658,3.25,20.03.2025,68,20.03.2025\68\rgb\14.24.22.120.png,20.03.2025\68\depth\14.24.22.120.png
8695,7658,3.25,20.03.2025,68,20.03.2025\68\rgb\14.24.22.233.png,20.03.2025\68\depth\14.24.22.233.png
8696,7658,3.25,20.03.2025,68,20.03.2025\68\rgb\14.24.22.321.png,20.03.2025\68\depth\14.24.22.321.png
8697,7658,3.25,20.03.2025,68,20.03.2025\68\rgb\14.24.22.417.png,20.03.2025\68\depth\14.24.22.417.png
8698,7658,3.25,20.03.2025,68,20.03.2025\68\rgb\14.24.22.508.png,20.03.2025\68\depth\14.24.22.508.png
8699,7658,3.25,20.03.2025,68,20.03.2025\68\rgb\14.24.22.599.png,20.03.2025\68\depth\14.24.22.599.png
8700,7658,3.25,20.03.2025,68,20.03.2025\68\rgb\14.24.22.690.png,20.03.2025\68\depth\14.24.22.690.png
8701,7651,3.25,20.03.2025,69,20.03.2025\69\rgb\14.24.36.273.png,20.03.2025\69\depth\14.24.36.273.png
8702,7651,3.25,20.03.2025,69,20.03.2025\69\rgb\14.24.36.353.png,20.03.2025\69\depth\14.24.36.353.png
8703,7651,3.25,20.03.2025,69,20.03.2025\69\rgb\14.24.36.438.png,20.03.2025\69\depth\14.24.36.438.png
8704,7651,3.25,20.03.2025,69,20.03.2025\69\rgb\14.24.36.532.png,20.03.2025\69\depth\14.24.36.532.png
8705,7651,3.25,20.03.2025,69,20.03.2025\69\rgb\14.24.36.623.png,20.03.2025\69\depth\14.24.36.623.png
8706,7651,3.25,20.03.2025,69,20.03.2025\69\rgb\14.24.36.719.png,20.03.2025\69\depth\14.24.36.719.png
8707,7651,3.25,20.03.2025,69,20.03.2025\69\rgb\14.24.36.808.png,20.03.2025\69\depth\14.24.36.808.png
8708,7651,3.25,20.03.2025,69,20.03.2025\69\rgb\14.24.36.900.png,20.03.2025\69\depth\14.24.36.900.png
8709,7651,3.25,20.03.2025,69,20.03.2025\69\rgb\14.24.36.977.png,20.03.2025\69\depth\14.24.36.977.png
8710,7651,3.25,20.03.2025,69,20.03.2025\69\rgb\14.24.37.069.png,20.03.2025\69\depth\14.24.37.069.png
8711,7651,3.25,20.03.2025,69,20.03.2025\69\rgb\14.24.37.161.png,20.03.2025\69\depth\14.24.37.161.png
8712,7651,3.25,20.03.2025,69,20.03.2025\69\rgb\14.24.37.253.png,20.03.2025\69\depth\14.24.37.253.png
8713,7651,3.25,20.03.2025,69,20.03.2025\69\rgb\14.24.37.345.png,20.03.2025\69\depth\14.24.37.345.png
8714,7651,3.25,20.03.2025,69,20.03.2025\69\rgb\14.24.37.436.png,20.03.2025\69\depth\14.24.37.436.png
8715,7651,3.25,20.03.2025,69,20.03.2025\69\rgb\14.24.37.529.png,20.03.2025\69\depth\14.24.37.529.png
8716,7651,3.25,20.03.2025,69,20.03.2025\69\rgb\14.24.37.616.png,20.03.2025\69\depth\14.24.37.616.png
8717,7651,3.25,20.03.2025,69,20.03.2025\69\rgb\14.24.37.697.png,20.03.2025\69\depth\14.24.37.697.png
8718,7651,3.25,20.03.2025,69,20.03.2025\69\rgb\14.24.37.790.png,20.03.2025\69\depth\14.24.37.790.png
8719,7651,3.25,20.03.2025,69,20.03.2025\69\rgb\14.24.37.881.png,20.03.2025\69\depth\14.24.37.881.png
8720,7651,3.25,20.03.2025,69,20.03.2025\69\rgb\14.24.37.971.png,20.03.2025\69\depth\14.24.37.971.png
8721,6789,3.25,20.03.2025,70,20.03.2025\70\rgb\14.26.56.596.png,20.03.2025\70\depth\14.26.56.596.png
8722,6789,3.25,20.03.2025,70,20.03.2025\70\rgb\14.26.56.692.png,20.03.2025\70\depth\14.26.56.692.png
8723,6789,3.25,20.03.2025,70,20.03.2025\70\rgb\14.26.56.784.png,20.03.2025\70\depth\14.26.56.784.png
8724,6789,3.25,20.03.2025,70,20.03.2025\70\rgb\14.26.56.877.png,20.03.2025\70\depth\14.26.56.877.png
8725,6789,3.25,20.03.2025,70,20.03.2025\70\rgb\14.26.56.968.png,20.03.2025\70\depth\14.26.56.968.png
8726,6789,3.25,20.03.2025,70,20.03.2025\70\rgb\14.26.57.061.png,20.03.2025\70\depth\14.26.57.061.png
8727,6789,3.25,20.03.2025,70,20.03.2025\70\rgb\14.26.57.154.png,20.03.2025\70\depth\14.26.57.154.png
8728,6789,3.25,20.03.2025,70,20.03.2025\70\rgb\14.26.57.249.png,20.03.2025\70\depth\14.26.57.249.png
8729,6789,3.25,20.03.2025,70,20.03.2025\70\rgb\14.26.57.361.png,20.03.2025\70\depth\14.26.57.361.png
8730,6789,3.25,20.03.2025,70,20.03.2025\70\rgb\14.26.57.451.png,20.03.2025\70\depth\14.26.57.451.png
8731,6789,3.25,20.03.2025,70,20.03.2025\70\rgb\14.26.57.539.png,20.03.2025\70\depth\14.26.57.539.png
8732,6789,3.25,20.03.2025,70,20.03.2025\70\rgb\14.26.57.633.png,20.03.2025\70\depth\14.26.57.633.png
8733,6789,3.25,20.03.2025,70,20.03.2025\70\rgb\14.26.57.724.png,20.03.2025\70\depth\14.26.57.724.png
8734,6789,3.25,20.03.2025,70,20.03.2025\70\rgb\14.26.57.821.png,20.03.2025\70\depth\14.26.57.821.png
8735,6789,3.25,20.03.2025,70,20.03.2025\70\rgb\14.26.57.912.png,20.03.2025\70\depth\14.26.57.912.png
8736,6789,3.25,20.03.2025,70,20.03.2025\70\rgb\14.26.58.002.png,20.03.2025\70\depth\14.26.58.002.png
8737,6789,3.25,20.03.2025,70,20.03.2025\70\rgb\14.26.58.094.png,20.03.2025\70\depth\14.26.58.094.png
8738,6789,3.25,20.03.2025,70,20.03.2025\70\rgb\14.26.58.189.png,20.03.2025\70\depth\14.26.58.189.png
8739,6789,3.25,20.03.2025,70,20.03.2025\70\rgb\14.26.58.279.png,20.03.2025\70\depth\14.26.58.279.png
8740,6789,3.25,20.03.2025,70,20.03.2025\70\rgb\14.26.58.370.png,20.03.2025\70\depth\14.26.58.370.png
8741,7044,3.25,20.03.2025,71,20.03.2025\71\rgb\14.28.06.953.png,20.03.2025\71\depth\14.28.06.953.png
8742,7044,3.25,20.03.2025,71,20.03.2025\71\rgb\14.28.07.041.png,20.03.2025\71\depth\14.28.07.041.png
8743,7044,3.25,20.03.2025,71,20.03.2025\71\rgb\14.28.07.133.png,20.03.2025\71\depth\14.28.07.133.png
8744,7044,3.25,20.03.2025,71,20.03.2025\71\rgb\14.28.07.210.png,20.03.2025\71\depth\14.28.07.210.png
8745,7044,3.25,20.03.2025,71,20.03.2025\71\rgb\14.28.07.305.png,20.03.2025\71\depth\14.28.07.305.png
8746,7044,3.25,20.03.2025,71,20.03.2025\71\rgb\14.28.07.399.png,20.03.2025\71\depth\14.28.07.399.png
8747,7044,3.25,20.03.2025,71,20.03.2025\71\rgb\14.28.07.489.png,20.03.2025\71\depth\14.28.07.489.png
8748,7044,3.25,20.03.2025,71,20.03.2025\71\rgb\14.28.07.584.png,20.03.2025\71\depth\14.28.07.584.png
8749,7044,3.25,20.03.2025,71,20.03.2025\71\rgb\14.28.07.674.png,20.03.2025\71\depth\14.28.07.674.png
8750,7044,3.25,20.03.2025,71,20.03.2025\71\rgb\14.28.07.767.png,20.03.2025\71\depth\14.28.07.767.png
8751,7044,3.25,20.03.2025,71,20.03.2025\71\rgb\14.28.07.856.png,20.03.2025\71\depth\14.28.07.856.png
8752,7044,3.25,20.03.2025,71,20.03.2025\71\rgb\14.28.07.952.png,20.03.2025\71\depth\14.28.07.952.png
8753,7044,3.25,20.03.2025,71,20.03.2025\71\rgb\14.28.08.044.png,20.03.2025\71\depth\14.28.08.044.png
8754,7044,3.25,20.03.2025,71,20.03.2025\71\rgb\14.28.08.136.png,20.03.2025\71\depth\14.28.08.136.png
8755,7044,3.25,20.03.2025,71,20.03.2025\71\rgb\14.28.08.230.png,20.03.2025\71\depth\14.28.08.230.png
8756,7044,3.25,20.03.2025,71,20.03.2025\71\rgb\14.28.08.323.png,20.03.2025\71\depth\14.28.08.323.png
8757,7044,3.25,20.03.2025,71,20.03.2025\71\rgb\14.28.08.415.png,20.03.2025\71\depth\14.28.08.415.png
8758,7044,3.25,20.03.2025,71,20.03.2025\71\rgb\14.28.08.507.png,20.03.2025\71\depth\14.28.08.507.png
8759,7044,3.25,20.03.2025,71,20.03.2025\71\rgb\14.28.08.599.png,20.03.2025\71\depth\14.28.08.599.png
8760,7044,3.25,20.03.2025,71,20.03.2025\71\rgb\14.28.08.686.png,20.03.2025\71\depth\14.28.08.686.png
8761,610125,4.0,20.03.2025,72,20.03.2025\72\rgb\14.28.20.678.png,20.03.2025\72\depth\14.28.20.678.png
8762,610125,4.0,20.03.2025,72,20.03.2025\72\rgb\14.28.20.779.png,20.03.2025\72\depth\14.28.20.779.png
8763,610125,4.0,20.03.2025,72,20.03.2025\72\rgb\14.28.20.871.png,20.03.2025\72\depth\14.28.20.871.png
8764,610125,4.0,20.03.2025,72,20.03.2025\72\rgb\14.28.20.961.png,20.03.2025\72\depth\14.28.20.961.png
8765,610125,4.0,20.03.2025,72,20.03.2025\72\rgb\14.28.21.056.png,20.03.2025\72\depth\14.28.21.056.png
8766,610125,4.0,20.03.2025,72,20.03.2025\72\rgb\14.28.21.148.png,20.03.2025\72\depth\14.28.21.148.png
8767,610125,4.0,20.03.2025,72,20.03.2025\72\rgb\14.28.21.241.png,20.03.2025\72\depth\14.28.21.241.png
8768,610125,4.0,20.03.2025,72,20.03.2025\72\rgb\14.28.21.333.png,20.03.2025\72\depth\14.28.21.333.png
8769,610125,4.0,20.03.2025,72,20.03.2025\72\rgb\14.28.21.428.png,20.03.2025\72\depth\14.28.21.428.png
8770,610125,4.0,20.03.2025,72,20.03.2025\72\rgb\14.28.21.521.png,20.03.2025\72\depth\14.28.21.521.png
8771,610125,4.0,20.03.2025,72,20.03.2025\72\rgb\14.28.21.613.png,20.03.2025\72\depth\14.28.21.613.png
8772,610125,4.0,20.03.2025,72,20.03.2025\72\rgb\14.28.21.702.png,20.03.2025\72\depth\14.28.21.702.png
8773,610125,4.0,20.03.2025,72,20.03.2025\72\rgb\14.28.21.792.png,20.03.2025\72\depth\14.28.21.792.png
8774,610125,4.0,20.03.2025,72,20.03.2025\72\rgb\14.28.21.891.png,20.03.2025\72\depth\14.28.21.891.png
8775,610125,4.0,20.03.2025,72,20.03.2025\72\rgb\14.28.21.981.png,20.03.2025\72\depth\14.28.21.981.png
8776,610125,4.0,20.03.2025,72,20.03.2025\72\rgb\14.28.22.074.png,20.03.2025\72\depth\14.28.22.074.png
8777,610125,4.0,20.03.2025,72,20.03.2025\72\rgb\14.28.22.164.png,20.03.2025\72\depth\14.28.22.164.png
8778,610125,4.0,20.03.2025,72,20.03.2025\72\rgb\14.28.22.257.png,20.03.2025\72\depth\14.28.22.257.png
8779,610125,4.0,20.03.2025,72,20.03.2025\72\rgb\14.28.22.349.png,20.03.2025\72\depth\14.28.22.349.png
8780,610125,4.0,20.03.2025,72,20.03.2025\72\rgb\14.28.22.441.png,20.03.2025\72\depth\14.28.22.441.png
8781,930319,3.25,20.03.2025,73,20.03.2025\73\rgb\14.28.36.065.png,20.03.2025\73\depth\14.28.36.065.png
8782,930319,3.25,20.03.2025,73,20.03.2025\73\rgb\14.28.36.160.png,20.03.2025\73\depth\14.28.36.160.png
8783,930319,3.25,20.03.2025,73,20.03.2025\73\rgb\14.28.36.254.png,20.03.2025\73\depth\14.28.36.254.png
8784,930319,3.25,20.03.2025,73,20.03.2025\73\rgb\14.28.36.346.png,20.03.2025\73\depth\14.28.36.346.png
8785,930319,3.25,20.03.2025,73,20.03.2025\73\rgb\14.28.36.438.png,20.03.2025\73\depth\14.28.36.438.png
8786,930319,3.25,20.03.2025,73,20.03.2025\73\rgb\14.28.36.531.png,20.03.2025\73\depth\14.28.36.531.png
8787,930319,3.25,20.03.2025,73,20.03.2025\73\rgb\14.28.36.628.png,20.03.2025\73\depth\14.28.36.628.png
8788,930319,3.25,20.03.2025,73,20.03.2025\73\rgb\14.28.36.723.png,20.03.2025\73\depth\14.28.36.723.png
8789,930319,3.25,20.03.2025,73,20.03.2025\73\rgb\14.28.36.812.png,20.03.2025\73\depth\14.28.36.812.png
8790,930319,3.25,20.03.2025,73,20.03.2025\73\rgb\14.28.36.907.png,20.03.2025\73\depth\14.28.36.907.png
8791,930319,3.25,20.03.2025,73,20.03.2025\73\rgb\14.28.37.000.png,20.03.2025\73\depth\14.28.37.000.png
8792,930319,3.25,20.03.2025,73,20.03.2025\73\rgb\14.28.37.091.png,20.03.2025\73\depth\14.28.37.091.png
8793,930319,3.25,20.03.2025,73,20.03.2025\73\rgb\14.28.37.185.png,20.03.2025\73\depth\14.28.37.185.png
8794,930319,3.25,20.03.2025,73,20.03.2025\73\rgb\14.28.37.275.png,20.03.2025\73\depth\14.28.37.275.png
8795,930319,3.25,20.03.2025,73,20.03.2025\73\rgb\14.28.37.368.png,20.03.2025\73\depth\14.28.37.368.png
8796,930319,3.25,20.03.2025,73,20.03.2025\73\rgb\14.28.37.461.png,20.03.2025\73\depth\14.28.37.461.png
8797,930319,3.25,20.03.2025,73,20.03.2025\73\rgb\14.28.37.554.png,20.03.2025\73\depth\14.28.37.554.png
8798,930319,3.25,20.03.2025,73,20.03.2025\73\rgb\14.28.37.646.png,20.03.2025\73\depth\14.28.37.646.png
8799,930319,3.25,20.03.2025,73,20.03.2025\73\rgb\14.28.37.736.png,20.03.2025\73\depth\14.28.37.736.png
8800,930319,3.25,20.03.2025,73,20.03.2025\73\rgb\14.28.37.831.png,20.03.2025\73\depth\14.28.37.831.png
8801,1910,3.5,20.03.2025,74,20.03.2025\74\rgb\14.28.51.355.png,20.03.2025\74\depth\14.28.51.355.png
8802,1910,3.5,20.03.2025,74,20.03.2025\74\rgb\14.28.51.451.png,20.03.2025\74\depth\14.28.51.451.png
8803,1910,3.5,20.03.2025,74,20.03.2025\74\rgb\14.28.51.544.png,20.03.2025\74\depth\14.28.51.544.png
8804,1910,3.5,20.03.2025,74,20.03.2025\74\rgb\14.28.51.635.png,20.03.2025\74\depth\14.28.51.635.png
8805,1910,3.5,20.03.2025,74,20.03.2025\74\rgb\14.28.51.728.png,20.03.2025\74\depth\14.28.51.728.png
8806,1910,3.5,20.03.2025,74,20.03.2025\74\rgb\14.28.51.819.png,20.03.2025\74\depth\14.28.51.819.png
8807,1910,3.5,20.03.2025,74,20.03.2025\74\rgb\14.28.51.913.png,20.03.2025\74\depth\14.28.51.913.png
8808,1910,3.5,20.03.2025,74,20.03.2025\74\rgb\14.28.52.006.png,20.03.2025\74\depth\14.28.52.006.png
8809,1910,3.5,20.03.2025,74,20.03.2025\74\rgb\14.28.52.096.png,20.03.2025\74\depth\14.28.52.096.png
8810,1910,3.5,20.03.2025,74,20.03.2025\74\rgb\14.28.52.190.png,20.03.2025\74\depth\14.28.52.190.png
8811,1910,3.5,20.03.2025,74,20.03.2025\74\rgb\14.28.52.284.png,20.03.2025\74\depth\14.28.52.284.png
8812,1910,3.5,20.03.2025,74,20.03.2025\74\rgb\14.28.52.384.png,20.03.2025\74\depth\14.28.52.384.png
8813,1910,3.5,20.03.2025,74,20.03.2025\74\rgb\14.28.52.485.png,20.03.2025\74\depth\14.28.52.485.png
8814,1910,3.5,20.03.2025,74,20.03.2025\74\rgb\14.28.52.579.png,20.03.2025\74\depth\14.28.52.579.png
8815,1910,3.5,20.03.2025,74,20.03.2025\74\rgb\14.28.52.672.png,20.03.2025\74\depth\14.28.52.672.png
8816,1910,3.5,20.03.2025,74,20.03.2025\74\rgb\14.28.52.763.png,20.03.2025\74\depth\14.28.52.763.png
8817,1910,3.5,20.03.2025,74,20.03.2025\74\rgb\14.28.52.854.png,20.03.2025\74\depth\14.28.52.854.png
8818,1910,3.5,20.03.2025,74,20.03.2025\74\rgb\14.28.52.931.png,20.03.2025\74\depth\14.28.52.931.png
8819,1910,3.5,20.03.2025,74,20.03.2025\74\rgb\14.28.53.025.png,20.03.2025\74\depth\14.28.53.025.png
8820,1910,3.5,20.03.2025,74,20.03.2025\74\rgb\14.28.53.118.png,20.03.2025\74\depth\14.28.53.118.png
8821,7634,3.25,20.03.2025,75,20.03.2025\75\rgb\14.29.06.539.png,20.03.2025\75\depth\14.29.06.539.png
8822,7634,3.25,20.03.2025,75,20.03.2025\75\rgb\14.29.06.627.png,20.03.2025\75\depth\14.29.06.627.png
8823,7634,3.25,20.03.2025,75,20.03.2025\75\rgb\14.29.06.715.png,20.03.2025\75\depth\14.29.06.715.png
8824,7634,3.25,20.03.2025,75,20.03.2025\75\rgb\14.29.06.810.png,20.03.2025\75\depth\14.29.06.810.png
8825,7634,3.25,20.03.2025,75,20.03.2025\75\rgb\14.29.06.898.png,20.03.2025\75\depth\14.29.06.898.png
8826,7634,3.25,20.03.2025,75,20.03.2025\75\rgb\14.29.06.993.png,20.03.2025\75\depth\14.29.06.993.png
8827,7634,3.25,20.03.2025,75,20.03.2025\75\rgb\14.29.07.071.png,20.03.2025\75\depth\14.29.07.071.png
8828,7634,3.25,20.03.2025,75,20.03.2025\75\rgb\14.29.07.161.png,20.03.2025\75\depth\14.29.07.161.png
8829,7634,3.25,20.03.2025,75,20.03.2025\75\rgb\14.29.07.256.png,20.03.2025\75\depth\14.29.07.256.png
8830,7634,3.25,20.03.2025,75,20.03.2025\75\rgb\14.29.07.349.png,20.03.2025\75\depth\14.29.07.349.png
8831,7634,3.25,20.03.2025,75,20.03.2025\75\rgb\14.29.07.439.png,20.03.2025\75\depth\14.29.07.439.png
8832,7634,3.25,20.03.2025,75,20.03.2025\75\rgb\14.29.07.532.png,20.03.2025\75\depth\14.29.07.532.png
8833,7634,3.25,20.03.2025,75,20.03.2025\75\rgb\14.29.07.626.png,20.03.2025\75\depth\14.29.07.626.png
8834,7634,3.25,20.03.2025,75,20.03.2025\75\rgb\14.29.07.717.png,20.03.2025\75\depth\14.29.07.717.png
8835,7634,3.25,20.03.2025,75,20.03.2025\75\rgb\14.29.07.810.png,20.03.2025\75\depth\14.29.07.810.png
8836,7634,3.25,20.03.2025,75,20.03.2025\75\rgb\14.29.07.900.png,20.03.2025\75\depth\14.29.07.900.png
8837,7634,3.25,20.03.2025,75,20.03.2025\75\rgb\14.29.07.995.png,20.03.2025\75\depth\14.29.07.995.png
8838,7634,3.25,20.03.2025,75,20.03.2025\75\rgb\14.29.08.087.png,20.03.2025\75\depth\14.29.08.087.png
8839,7634,3.25,20.03.2025,75,20.03.2025\75\rgb\14.29.08.180.png,20.03.2025\75\depth\14.29.08.180.png
8840,7634,3.25,20.03.2025,75,20.03.2025\75\rgb\14.29.08.271.png,20.03.2025\75\depth\14.29.08.271.png
8841,7668,3.5,20.03.2025,76,20.03.2025\76\rgb\14.29.21.969.png,20.03.2025\76\depth\14.29.21.969.png
8842,7668,3.5,20.03.2025,76,20.03.2025\76\rgb\14.29.22.054.png,20.03.2025\76\depth\14.29.22.054.png
8843,7668,3.5,20.03.2025,76,20.03.2025\76\rgb\14.29.22.145.png,20.03.2025\76\depth\14.29.22.145.png
8844,7668,3.5,20.03.2025,76,20.03.2025\76\rgb\14.29.22.237.png,20.03.2025\76\depth\14.29.22.237.png
8845,7668,3.5,20.03.2025,76,20.03.2025\76\rgb\14.29.22.329.png,20.03.2025\76\depth\14.29.22.329.png
8846,7668,3.5,20.03.2025,76,20.03.2025\76\rgb\14.29.22.421.png,20.03.2025\76\depth\14.29.22.421.png
8847,7668,3.5,20.03.2025,76,20.03.2025\76\rgb\14.29.22.514.png,20.03.2025\76\depth\14.29.22.514.png
8848,7668,3.5,20.03.2025,76,20.03.2025\76\rgb\14.29.22.609.png,20.03.2025\76\depth\14.29.22.609.png
8849,7668,3.5,20.03.2025,76,20.03.2025\76\rgb\14.29.22.700.png,20.03.2025\76\depth\14.29.22.700.png
8850,7668,3.5,20.03.2025,76,20.03.2025\76\rgb\14.29.22.793.png,20.03.2025\76\depth\14.29.22.793.png
8851,7668,3.5,20.03.2025,76,20.03.2025\76\rgb\14.29.22.885.png,20.03.2025\76\depth\14.29.22.885.png
8852,7668,3.5,20.03.2025,76,20.03.2025\76\rgb\14.29.22.979.png,20.03.2025\76\depth\14.29.22.979.png
8853,7668,3.5,20.03.2025,76,20.03.2025\76\rgb\14.29.23.071.png,20.03.2025\76\depth\14.29.23.071.png
8854,7668,3.5,20.03.2025,76,20.03.2025\76\rgb\14.29.23.163.png,20.03.2025\76\depth\14.29.23.163.png
8855,7668,3.5,20.03.2025,76,20.03.2025\76\rgb\14.29.23.254.png,20.03.2025\76\depth\14.29.23.254.png
8856,7668,3.5,20.03.2025,76,20.03.2025\76\rgb\14.29.23.351.png,20.03.2025\76\depth\14.29.23.351.png
8857,7668,3.5,20.03.2025,76,20.03.2025\76\rgb\14.29.23.442.png,20.03.2025\76\depth\14.29.23.442.png
8858,7668,3.5,20.03.2025,76,20.03.2025\76\rgb\14.29.23.532.png,20.03.2025\76\depth\14.29.23.532.png
8859,7668,3.5,20.03.2025,76,20.03.2025\76\rgb\14.29.23.625.png,20.03.2025\76\depth\14.29.23.625.png
8860,7668,3.5,20.03.2025,76,20.03.2025\76\rgb\14.29.23.721.png,20.03.2025\76\depth\14.29.23.721.png
8861,830404,3.25,20.03.2025,77,20.03.2025\77\rgb\14.29.36.875.png,20.03.2025\77\depth\14.29.36.875.png
8862,830404,3.25,20.03.2025,77,20.03.2025\77\rgb\14.29.36.961.png,20.03.2025\77\depth\14.29.36.961.png
8863,830404,3.25,20.03.2025,77,20.03.2025\77\rgb\14.29.37.053.png,20.03.2025\77\depth\14.29.37.053.png
8864,830404,3.25,20.03.2025,77,20.03.2025\77\rgb\14.29.37.145.png,20.03.2025\77\depth\14.29.37.145.png
8865,830404,3.25,20.03.2025,77,20.03.2025\77\rgb\14.29.37.237.png,20.03.2025\77\depth\14.29.37.237.png
8866,830404,3.25,20.03.2025,77,20.03.2025\77\rgb\14.29.37.329.png,20.03.2025\77\depth\14.29.37.329.png
8867,830404,3.25,20.03.2025,77,20.03.2025\77\rgb\14.29.37.419.png,20.03.2025\77\depth\14.29.37.419.png
8868,830404,3.25,20.03.2025,77,20.03.2025\77\rgb\14.29.37.512.png,20.03.2025\77\depth\14.29.37.512.png
8869,830404,3.25,20.03.2025,77,20.03.2025\77\rgb\14.29.37.606.png,20.03.2025\77\depth\14.29.37.606.png
8870,830404,3.25,20.03.2025,77,20.03.2025\77\rgb\14.29.37.699.png,20.03.2025\77\depth\14.29.37.699.png
8871,830404,3.25,20.03.2025,77,20.03.2025\77\rgb\14.29.37.791.png,20.03.2025\77\depth\14.29.37.791.png
8872,830404,3.25,20.03.2025,77,20.03.2025\77\rgb\14.29.37.885.png,20.03.2025\77\depth\14.29.37.885.png
8873,830404,3.25,20.03.2025,77,20.03.2025\77\rgb\14.29.37.977.png,20.03.2025\77\depth\14.29.37.977.png
8874,830404,3.25,20.03.2025,77,20.03.2025\77\rgb\14.29.38.068.png,20.03.2025\77\depth\14.29.38.068.png
8875,830404,3.25,20.03.2025,77,20.03.2025\77\rgb\14.29.38.160.png,20.03.2025\77\depth\14.29.38.160.png
8876,830404,3.25,20.03.2025,77,20.03.2025\77\rgb\14.29.38.254.png,20.03.2025\77\depth\14.29.38.254.png
8877,830404,3.25,20.03.2025,77,20.03.2025\77\rgb\14.29.38.346.png,20.03.2025\77\depth\14.29.38.346.png
8878,830404,3.25,20.03.2025,77,20.03.2025\77\rgb\14.29.38.438.png,20.03.2025\77\depth\14.29.38.438.png
8879,830404,3.25,20.03.2025,77,20.03.2025\77\rgb\14.29.38.529.png,20.03.2025\77\depth\14.29.38.529.png
8880,830404,3.25,20.03.2025,77,20.03.2025\77\rgb\14.29.38.620.png,20.03.2025\77\depth\14.29.38.620.png
8881,7409,3.0,20.03.2025,78,20.03.2025\78\rgb\14.29.54.404.png,20.03.2025\78\depth\14.29.54.404.png
8882,7409,3.0,20.03.2025,78,20.03.2025\78\rgb\14.29.54.506.png,20.03.2025\78\depth\14.29.54.506.png
8883,7409,3.0,20.03.2025,78,20.03.2025\78\rgb\14.29.54.592.png,20.03.2025\78\depth\14.29.54.592.png
8884,7409,3.0,20.03.2025,78,20.03.2025\78\rgb\14.29.54.687.png,20.03.2025\78\depth\14.29.54.687.png
8885,7409,3.0,20.03.2025,78,20.03.2025\78\rgb\14.29.54.782.png,20.03.2025\78\depth\14.29.54.782.png
8886,7409,3.0,20.03.2025,78,20.03.2025\78\rgb\14.29.54.873.png,20.03.2025\78\depth\14.29.54.873.png
8887,7409,3.0,20.03.2025,78,20.03.2025\78\rgb\14.29.54.960.png,20.03.2025\78\depth\14.29.54.960.png
8888,7409,3.0,20.03.2025,78,20.03.2025\78\rgb\14.29.55.053.png,20.03.2025\78\depth\14.29.55.053.png
8889,7409,3.0,20.03.2025,78,20.03.2025\78\rgb\14.29.55.145.png,20.03.2025\78\depth\14.29.55.145.png
8890,7409,3.0,20.03.2025,78,20.03.2025\78\rgb\14.29.55.238.png,20.03.2025\78\depth\14.29.55.238.png
8891,7409,3.0,20.03.2025,78,20.03.2025\78\rgb\14.29.55.329.png,20.03.2025\78\depth\14.29.55.329.png
8892,7409,3.0,20.03.2025,78,20.03.2025\78\rgb\14.29.55.422.png,20.03.2025\78\depth\14.29.55.422.png
8893,7409,3.0,20.03.2025,78,20.03.2025\78\rgb\14.29.55.517.png,20.03.2025\78\depth\14.29.55.517.png
8894,7409,3.0,20.03.2025,78,20.03.2025\78\rgb\14.29.55.606.png,20.03.2025\78\depth\14.29.55.606.png
8895,7409,3.0,20.03.2025,78,20.03.2025\78\rgb\14.29.55.697.png,20.03.2025\78\depth\14.29.55.697.png
8896,7409,3.0,20.03.2025,78,20.03.2025\78\rgb\14.29.55.791.png,20.03.2025\78\depth\14.29.55.791.png
8897,7409,3.0,20.03.2025,78,20.03.2025\78\rgb\14.29.55.885.png,20.03.2025\78\depth\14.29.55.885.png
8898,7409,3.0,20.03.2025,78,20.03.2025\78\rgb\14.29.55.975.png,20.03.2025\78\depth\14.29.55.975.png
8899,7409,3.0,20.03.2025,78,20.03.2025\78\rgb\14.29.56.069.png,20.03.2025\78\depth\14.29.56.069.png
8900,7409,3.0,20.03.2025,78,20.03.2025\78\rgb\14.29.56.160.png,20.03.2025\78\depth\14.29.56.160.png
8901,7639,3.25,20.03.2025,79,20.03.2025\79\rgb\14.30.08.125.png,20.03.2025\79\depth\14.30.08.125.png
8902,7639,3.25,20.03.2025,79,20.03.2025\79\rgb\14.30.08.217.png,20.03.2025\79\depth\14.30.08.217.png
8903,7639,3.25,20.03.2025,79,20.03.2025\79\rgb\14.30.08.306.png,20.03.2025\79\depth\14.30.08.306.png
8904,7639,3.25,20.03.2025,79,20.03.2025\79\rgb\14.30.08.398.png,20.03.2025\79\depth\14.30.08.398.png
8905,7639,3.25,20.03.2025,79,20.03.2025\79\rgb\14.30.08.491.png,20.03.2025\79\depth\14.30.08.491.png
8906,7639,3.25,20.03.2025,79,20.03.2025\79\rgb\14.30.08.585.png,20.03.2025\79\depth\14.30.08.585.png
8907,7639,3.25,20.03.2025,79,20.03.2025\79\rgb\14.30.08.674.png,20.03.2025\79\depth\14.30.08.674.png
8908,7639,3.25,20.03.2025,79,20.03.2025\79\rgb\14.30.08.765.png,20.03.2025\79\depth\14.30.08.765.png
8909,7639,3.25,20.03.2025,79,20.03.2025\79\rgb\14.30.08.851.png,20.03.2025\79\depth\14.30.08.851.png
8910,7639,3.25,20.03.2025,79,20.03.2025\79\rgb\14.30.08.936.png,20.03.2025\79\depth\14.30.08.936.png
8911,7639,3.25,20.03.2025,79,20.03.2025\79\rgb\14.30.09.028.png,20.03.2025\79\depth\14.30.09.028.png
8912,7639,3.25,20.03.2025,79,20.03.2025\79\rgb\14.30.09.123.png,20.03.2025\79\depth\14.30.09.123.png
8913,7639,3.25,20.03.2025,79,20.03.2025\79\rgb\14.30.09.214.png,20.03.2025\79\depth\14.30.09.214.png
8914,7639,3.25,20.03.2025,79,20.03.2025\79\rgb\14.30.09.306.png,20.03.2025\79\depth\14.30.09.306.png
8915,7639,3.25,20.03.2025,79,20.03.2025\79\rgb\14.30.09.398.png,20.03.2025\79\depth\14.30.09.398.png
8916,7639,3.25,20.03.2025,79,20.03.2025\79\rgb\14.30.09.492.png,20.03.2025\79\depth\14.30.09.492.png
8917,7639,3.25,20.03.2025,79,20.03.2025\79\rgb\14.30.09.586.png,20.03.2025\79\depth\14.30.09.586.png
8918,7639,3.25,20.03.2025,79,20.03.2025\79\rgb\14.30.09.678.png,20.03.2025\79\depth\14.30.09.678.png
8919,7639,3.25,20.03.2025,79,20.03.2025\79\rgb\14.30.09.772.png,20.03.2025\79\depth\14.30.09.772.png
8920,7639,3.25,20.03.2025,79,20.03.2025\79\rgb\14.30.09.864.png,20.03.2025\79\depth\14.30.09.864.png
8921,7513,3.25,20.03.2025,80,20.03.2025\80\rgb\14.30.22.920.png,20.03.2025\80\depth\14.30.22.920.png
8922,7513,3.25,20.03.2025,80,20.03.2025\80\rgb\14.30.23.007.png,20.03.2025\80\depth\14.30.23.007.png
8923,7513,3.25,20.03.2025,80,20.03.2025\80\rgb\14.30.23.100.png,20.03.2025\80\depth\14.30.23.100.png
8924,7513,3.25,20.03.2025,80,20.03.2025\80\rgb\14.30.23.192.png,20.03.2025\80\depth\14.30.23.192.png
8925,7513,3.25,20.03.2025,80,20.03.2025\80\rgb\14.30.23.285.png,20.03.2025\80\depth\14.30.23.285.png
8926,7513,3.25,20.03.2025,80,20.03.2025\80\rgb\14.30.23.379.png,20.03.2025\80\depth\14.30.23.379.png
8927,7513,3.25,20.03.2025,80,20.03.2025\80\rgb\14.30.23.472.png,20.03.2025\80\depth\14.30.23.472.png
8928,7513,3.25,20.03.2025,80,20.03.2025\80\rgb\14.30.23.565.png,20.03.2025\80\depth\14.30.23.565.png
8929,7513,3.25,20.03.2025,80,20.03.2025\80\rgb\14.30.23.658.png,20.03.2025\80\depth\14.30.23.658.png
8930,7513,3.25,20.03.2025,80,20.03.2025\80\rgb\14.30.23.751.png,20.03.2025\80\depth\14.30.23.751.png
8931,7513,3.25,20.03.2025,80,20.03.2025\80\rgb\14.30.23.842.png,20.03.2025\80\depth\14.30.23.842.png
8932,7513,3.25,20.03.2025,80,20.03.2025\80\rgb\14.30.23.934.png,20.03.2025\80\depth\14.30.23.934.png
8933,7513,3.25,20.03.2025,80,20.03.2025\80\rgb\14.30.24.027.png,20.03.2025\80\depth\14.30.24.027.png
8934,7513,3.25,20.03.2025,80,20.03.2025\80\rgb\14.30.24.121.png,20.03.2025\80\depth\14.30.24.121.png
8935,7513,3.25,20.03.2025,80,20.03.2025\80\rgb\14.30.24.213.png,20.03.2025\80\depth\14.30.24.213.png
8936,7513,3.25,20.03.2025,80,20.03.2025\80\rgb\14.30.24.304.png,20.03.2025\80\depth\14.30.24.304.png
8937,7513,3.25,20.03.2025,80,20.03.2025\80\rgb\14.30.24.397.png,20.03.2025\80\depth\14.30.24.397.png
8938,7513,3.25,20.03.2025,80,20.03.2025\80\rgb\14.30.24.488.png,20.03.2025\80\depth\14.30.24.488.png
8939,7513,3.25,20.03.2025,80,20.03.2025\80\rgb\14.30.24.583.png,20.03.2025\80\depth\14.30.24.583.png
8940,7513,3.25,20.03.2025,80,20.03.2025\80\rgb\14.30.24.675.png,20.03.2025\80\depth\14.30.24.675.png
8941,7640,3.25,20.03.2025,81,20.03.2025\81\rgb\14.32.27.494.png,20.03.2025\81\depth\14.32.27.494.png
8942,7640,3.25,20.03.2025,81,20.03.2025\81\rgb\14.32.27.590.png,20.03.2025\81\depth\14.32.27.590.png
8943,7640,3.25,20.03.2025,81,20.03.2025\81\rgb\14.32.27.684.png,20.03.2025\81\depth\14.32.27.684.png
8944,7640,3.25,20.03.2025,81,20.03.2025\81\rgb\14.32.27.776.png,20.03.2025\81\depth\14.32.27.776.png
8945,7640,3.25,20.03.2025,81,20.03.2025\81\rgb\14.32.27.870.png,20.03.2025\81\depth\14.32.27.870.png
8946,7640,3.25,20.03.2025,81,20.03.2025\81\rgb\14.32.27.961.png,20.03.2025\81\depth\14.32.27.961.png
8947,7640,3.25,20.03.2025,81,20.03.2025\81\rgb\14.32.28.053.png,20.03.2025\81\depth\14.32.28.053.png
8948,7640,3.25,20.03.2025,81,20.03.2025\81\rgb\14.32.28.147.png,20.03.2025\81\depth\14.32.28.147.png
8949,7640,3.25,20.03.2025,81,20.03.2025\81\rgb\14.32.28.240.png,20.03.2025\81\depth\14.32.28.240.png
8950,7640,3.25,20.03.2025,81,20.03.2025\81\rgb\14.32.28.331.png,20.03.2025\81\depth\14.32.28.331.png
8951,7640,3.25,20.03.2025,81,20.03.2025\81\rgb\14.32.28.422.png,20.03.2025\81\depth\14.32.28.422.png
8952,7640,3.25,20.03.2025,81,20.03.2025\81\rgb\14.32.28.517.png,20.03.2025\81\depth\14.32.28.517.png
8953,7640,3.25,20.03.2025,81,20.03.2025\81\rgb\14.32.28.607.png,20.03.2025\81\depth\14.32.28.607.png
8954,7640,3.25,20.03.2025,81,20.03.2025\81\rgb\14.32.28.700.png,20.03.2025\81\depth\14.32.28.700.png
8955,7640,3.25,20.03.2025,81,20.03.2025\81\rgb\14.32.28.792.png,20.03.2025\81\depth\14.32.28.792.png
8956,7640,3.25,20.03.2025,81,20.03.2025\81\rgb\14.32.28.886.png,20.03.2025\81\depth\14.32.28.886.png
8957,7640,3.25,20.03.2025,81,20.03.2025\81\rgb\14.32.28.976.png,20.03.2025\81\depth\14.32.28.976.png
8958,7640,3.25,20.03.2025,81,20.03.2025\81\rgb\14.32.29.072.png,20.03.2025\81\depth\14.32.29.072.png
8959,7640,3.25,20.03.2025,81,20.03.2025\81\rgb\14.32.29.156.png,20.03.2025\81\depth\14.32.29.156.png
8960,7640,3.25,20.03.2025,81,20.03.2025\81\rgb\14.32.29.242.png,20.03.2025\81\depth\14.32.29.242.png
8961,7051,4.0,20.03.2025,82,20.03.2025\82\rgb\14.32.43.314.png,20.03.2025\82\depth\14.32.43.314.png
8962,7051,4.0,20.03.2025,82,20.03.2025\82\rgb\14.32.43.398.png,20.03.2025\82\depth\14.32.43.398.png
8963,7051,4.0,20.03.2025,82,20.03.2025\82\rgb\14.32.43.489.png,20.03.2025\82\depth\14.32.43.489.png
8964,7051,4.0,20.03.2025,82,20.03.2025\82\rgb\14.32.43.581.png,20.03.2025\82\depth\14.32.43.581.png
8965,7051,4.0,20.03.2025,82,20.03.2025\82\rgb\14.32.43.676.png,20.03.2025\82\depth\14.32.43.676.png
8966,7051,4.0,20.03.2025,82,20.03.2025\82\rgb\14.32.43.767.png,20.03.2025\82\depth\14.32.43.767.png
8967,7051,4.0,20.03.2025,82,20.03.2025\82\rgb\14.32.43.858.png,20.03.2025\82\depth\14.32.43.858.png
8968,7051,4.0,20.03.2025,82,20.03.2025\82\rgb\14.32.43.953.png,20.03.2025\82\depth\14.32.43.953.png
8969,7051,4.0,20.03.2025,82,20.03.2025\82\rgb\14.32.44.045.png,20.03.2025\82\depth\14.32.44.045.png
8970,7051,4.0,20.03.2025,82,20.03.2025\82\rgb\14.32.44.143.png,20.03.2025\82\depth\14.32.44.143.png
8971,7051,4.0,20.03.2025,82,20.03.2025\82\rgb\14.32.44.225.png,20.03.2025\82\depth\14.32.44.225.png
8972,7051,4.0,20.03.2025,82,20.03.2025\82\rgb\14.32.44.311.png,20.03.2025\82\depth\14.32.44.311.png
8973,7051,4.0,20.03.2025,82,20.03.2025\82\rgb\14.32.44.400.png,20.03.2025\82\depth\14.32.44.400.png
8974,7051,4.0,20.03.2025,82,20.03.2025\82\rgb\14.32.44.494.png,20.03.2025\82\depth\14.32.44.494.png
8975,7051,4.0,20.03.2025,82,20.03.2025\82\rgb\14.32.44.585.png,20.03.2025\82\depth\14.32.44.585.png
8976,7051,4.0,20.03.2025,82,20.03.2025\82\rgb\14.32.44.682.png,20.03.2025\82\depth\14.32.44.682.png
8977,7051,4.0,20.03.2025,82,20.03.2025\82\rgb\14.32.44.771.png,20.03.2025\82\depth\14.32.44.771.png
8978,7051,4.0,20.03.2025,82,20.03.2025\82\rgb\14.32.44.866.png,20.03.2025\82\depth\14.32.44.866.png
8979,7051,4.0,20.03.2025,82,20.03.2025\82\rgb\14.32.44.958.png,20.03.2025\82\depth\14.32.44.958.png
8980,7051,4.0,20.03.2025,82,20.03.2025\82\rgb\14.32.45.051.png,20.03.2025\82\depth\14.32.45.051.png
8981,6934,4.0,20.03.2025,83,20.03.2025\83\rgb\14.32.58.040.png,20.03.2025\83\depth\14.32.58.040.png
8982,6934,4.0,20.03.2025,83,20.03.2025\83\rgb\14.32.58.127.png,20.03.2025\83\depth\14.32.58.127.png
8983,6934,4.0,20.03.2025,83,20.03.2025\83\rgb\14.32.58.221.png,20.03.2025\83\depth\14.32.58.221.png
8984,6934,4.0,20.03.2025,83,20.03.2025\83\rgb\14.32.58.313.png,20.03.2025\83\depth\14.32.58.313.png
8985,6934,4.0,20.03.2025,83,20.03.2025\83\rgb\14.32.58.403.png,20.03.2025\83\depth\14.32.58.403.png
8986,6934,4.0,20.03.2025,83,20.03.2025\83\rgb\14.32.58.496.png,20.03.2025\83\depth\14.32.58.496.png
8987,6934,4.0,20.03.2025,83,20.03.2025\83\rgb\14.32.58.589.png,20.03.2025\83\depth\14.32.58.589.png
8988,6934,4.0,20.03.2025,83,20.03.2025\83\rgb\14.32.58.664.png,20.03.2025\83\depth\14.32.58.664.png
8989,6934,4.0,20.03.2025,83,20.03.2025\83\rgb\14.32.58.757.png,20.03.2025\83\depth\14.32.58.757.png
8990,6934,4.0,20.03.2025,83,20.03.2025\83\rgb\14.32.58.849.png,20.03.2025\83\depth\14.32.58.849.png
8991,6934,4.0,20.03.2025,83,20.03.2025\83\rgb\14.32.58.944.png,20.03.2025\83\depth\14.32.58.944.png
8992,6934,4.0,20.03.2025,83,20.03.2025\83\rgb\14.32.59.035.png,20.03.2025\83\depth\14.32.59.035.png
8993,6934,4.0,20.03.2025,83,20.03.2025\83\rgb\14.32.59.129.png,20.03.2025\83\depth\14.32.59.129.png
8994,6934,4.0,20.03.2025,83,20.03.2025\83\rgb\14.32.59.213.png,20.03.2025\83\depth\14.32.59.213.png
8995,6934,4.0,20.03.2025,83,20.03.2025\83\rgb\14.32.59.298.png,20.03.2025\83\depth\14.32.59.298.png
8996,6934,4.0,20.03.2025,83,20.03.2025\83\rgb\14.32.59.389.png,20.03.2025\83\depth\14.32.59.389.png
8997,6934,4.0,20.03.2025,83,20.03.2025\83\rgb\14.32.59.484.png,20.03.2025\83\depth\14.32.59.484.png
8998,6934,4.0,20.03.2025,83,20.03.2025\83\rgb\14.32.59.577.png,20.03.2025\83\depth\14.32.59.577.png
8999,6934,4.0,20.03.2025,83,20.03.2025\83\rgb\14.32.59.667.png,20.03.2025\83\depth\14.32.59.667.png
9000,6934,4.0,20.03.2025,83,20.03.2025\83\rgb\14.32.59.760.png,20.03.2025\83\depth\14.32.59.760.png
9001,5160,3.25,20.03.2025,84,20.03.2025\84\rgb\14.33.13.348.png,20.03.2025\84\depth\14.33.13.348.png
9002,5160,3.25,20.03.2025,84,20.03.2025\84\rgb\14.33.13.433.png,20.03.2025\84\depth\14.33.13.433.png
9003,5160,3.25,20.03.2025,84,20.03.2025\84\rgb\14.33.13.528.png,20.03.2025\84\depth\14.33.13.528.png
9004,5160,3.25,20.03.2025,84,20.03.2025\84\rgb\14.33.13.618.png,20.03.2025\84\depth\14.33.13.618.png
9005,5160,3.25,20.03.2025,84,20.03.2025\84\rgb\14.33.13.711.png,20.03.2025\84\depth\14.33.13.711.png
9006,5160,3.25,20.03.2025,84,20.03.2025\84\rgb\14.33.13.802.png,20.03.2025\84\depth\14.33.13.802.png
9007,5160,3.25,20.03.2025,84,20.03.2025\84\rgb\14.33.13.892.png,20.03.2025\84\depth\14.33.13.892.png
9008,5160,3.25,20.03.2025,84,20.03.2025\84\rgb\14.33.13.984.png,20.03.2025\84\depth\14.33.13.984.png
9009,5160,3.25,20.03.2025,84,20.03.2025\84\rgb\14.33.14.079.png,20.03.2025\84\depth\14.33.14.079.png
9010,5160,3.25,20.03.2025,84,20.03.2025\84\rgb\14.33.14.171.png,20.03.2025\84\depth\14.33.14.171.png
9011,5160,3.25,20.03.2025,84,20.03.2025\84\rgb\14.33.14.255.png,20.03.2025\84\depth\14.33.14.255.png
9012,5160,3.25,20.03.2025,84,20.03.2025\84\rgb\14.33.14.342.png,20.03.2025\84\depth\14.33.14.342.png
9013,5160,3.25,20.03.2025,84,20.03.2025\84\rgb\14.33.14.432.png,20.03.2025\84\depth\14.33.14.432.png
9014,5160,3.25,20.03.2025,84,20.03.2025\84\rgb\14.33.14.523.png,20.03.2025\84\depth\14.33.14.523.png
9015,5160,3.25,20.03.2025,84,20.03.2025\84\rgb\14.33.14.618.png,20.03.2025\84\depth\14.33.14.618.png
9016,5160,3.25,20.03.2025,84,20.03.2025\84\rgb\14.33.14.712.png,20.03.2025\84\depth\14.33.14.712.png
9017,5160,3.25,20.03.2025,84,20.03.2025\84\rgb\14.33.14.803.png,20.03.2025\84\depth\14.33.14.803.png
9018,5160,3.25,20.03.2025,84,20.03.2025\84\rgb\14.33.14.894.png,20.03.2025\84\depth\14.33.14.894.png
9019,5160,3.25,20.03.2025,84,20.03.2025\84\rgb\14.33.14.986.png,20.03.2025\84\depth\14.33.14.986.png
9020,5160,3.25,20.03.2025,84,20.03.2025\84\rgb\14.33.15.080.png,20.03.2025\84\depth\14.33.15.080.png
9021,6221,3.5,20.03.2025,85,20.03.2025\85\rgb\14.33.34.680.png,20.03.2025\85\depth\14.33.34.680.png
9022,6221,3.5,20.03.2025,85,20.03.2025\85\rgb\14.33.34.768.png,20.03.2025\85\depth\14.33.34.768.png
9023,6221,3.5,20.03.2025,85,20.03.2025\85\rgb\14.33.34.861.png,20.03.2025\85\depth\14.33.34.861.png
9024,6221,3.5,20.03.2025,85,20.03.2025\85\rgb\14.33.34.954.png,20.03.2025\85\depth\14.33.34.954.png
9025,6221,3.5,20.03.2025,85,20.03.2025\85\rgb\14.33.35.048.png,20.03.2025\85\depth\14.33.35.048.png
9026,6221,3.5,20.03.2025,85,20.03.2025\85\rgb\14.33.35.142.png,20.03.2025\85\depth\14.33.35.142.png
9027,6221,3.5,20.03.2025,85,20.03.2025\85\rgb\14.33.35.232.png,20.03.2025\85\depth\14.33.35.232.png
9028,6221,3.5,20.03.2025,85,20.03.2025\85\rgb\14.33.35.327.png,20.03.2025\85\depth\14.33.35.327.png
9029,6221,3.5,20.03.2025,85,20.03.2025\85\rgb\14.33.35.419.png,20.03.2025\85\depth\14.33.35.419.png
9030,6221,3.5,20.03.2025,85,20.03.2025\85\rgb\14.33.35.513.png,20.03.2025\85\depth\14.33.35.513.png
9031,6221,3.5,20.03.2025,85,20.03.2025\85\rgb\14.33.35.608.png,20.03.2025\85\depth\14.33.35.608.png
9032,6221,3.5,20.03.2025,85,20.03.2025\85\rgb\14.33.35.698.png,20.03.2025\85\depth\14.33.35.698.png
9033,6221,3.5,20.03.2025,85,20.03.2025\85\rgb\14.33.35.790.png,20.03.2025\85\depth\14.33.35.790.png
9034,6221,3.5,20.03.2025,85,20.03.2025\85\rgb\14.33.35.883.png,20.03.2025\85\depth\14.33.35.883.png
9035,6221,3.5,20.03.2025,85,20.03.2025\85\rgb\14.33.35.960.png,20.03.2025\85\depth\14.33.35.960.png
9036,6221,3.5,20.03.2025,85,20.03.2025\85\rgb\14.33.36.053.png,20.03.2025\85\depth\14.33.36.053.png
9037,6221,3.5,20.03.2025,85,20.03.2025\85\rgb\14.33.36.147.png,20.03.2025\85\depth\14.33.36.147.png
9038,6221,3.5,20.03.2025,85,20.03.2025\85\rgb\14.33.36.239.png,20.03.2025\85\depth\14.33.36.239.png
9039,6221,3.5,20.03.2025,85,20.03.2025\85\rgb\14.33.36.332.png,20.03.2025\85\depth\14.33.36.332.png
9040,6221,3.5,20.03.2025,85,20.03.2025\85\rgb\14.33.36.425.png,20.03.2025\85\depth\14.33.36.425.png
9041,7653,3.25,20.03.2025,86,20.03.2025\86\rgb\14.33.44.085.png,20.03.2025\86\depth\14.33.44.085.png
9042,7653,3.25,20.03.2025,86,20.03.2025\86\rgb\14.33.44.187.png,20.03.2025\86\depth\14.33.44.187.png
9043,7653,3.25,20.03.2025,86,20.03.2025\86\rgb\14.33.44.275.png,20.03.2025\86\depth\14.33.44.275.png
9044,7653,3.25,20.03.2025,86,20.03.2025\86\rgb\14.33.44.363.png,20.03.2025\86\depth\14.33.44.363.png
9045,7653,3.25,20.03.2025,86,20.03.2025\86\rgb\14.33.44.449.png,20.03.2025\86\depth\14.33.44.449.png
9046,7653,3.25,20.03.2025,86,20.03.2025\86\rgb\14.33.44.540.png,20.03.2025\86\depth\14.33.44.540.png
9047,7653,3.25,20.03.2025,86,20.03.2025\86\rgb\14.33.44.632.png,20.03.2025\86\depth\14.33.44.632.png
9048,7653,3.25,20.03.2025,86,20.03.2025\86\rgb\14.33.44.727.png,20.03.2025\86\depth\14.33.44.727.png
9049,7653,3.25,20.03.2025,86,20.03.2025\86\rgb\14.33.44.817.png,20.03.2025\86\depth\14.33.44.817.png
9050,7653,3.25,20.03.2025,86,20.03.2025\86\rgb\14.33.44.910.png,20.03.2025\86\depth\14.33.44.910.png
9051,7653,3.25,20.03.2025,86,20.03.2025\86\rgb\14.33.45.003.png,20.03.2025\86\depth\14.33.45.003.png
9052,7653,3.25,20.03.2025,86,20.03.2025\86\rgb\14.33.45.094.png,20.03.2025\86\depth\14.33.45.094.png
9053,7653,3.25,20.03.2025,86,20.03.2025\86\rgb\14.33.45.188.png,20.03.2025\86\depth\14.33.45.188.png
9054,7653,3.25,20.03.2025,86,20.03.2025\86\rgb\14.33.45.282.png,20.03.2025\86\depth\14.33.45.282.png
9055,7653,3.25,20.03.2025,86,20.03.2025\86\rgb\14.33.45.374.png,20.03.2025\86\depth\14.33.45.374.png
9056,7653,3.25,20.03.2025,86,20.03.2025\86\rgb\14.33.45.464.png,20.03.2025\86\depth\14.33.45.464.png
9057,7653,3.25,20.03.2025,86,20.03.2025\86\rgb\14.33.45.559.png,20.03.2025\86\depth\14.33.45.559.png
9058,7653,3.25,20.03.2025,86,20.03.2025\86\rgb\14.33.45.652.png,20.03.2025\86\depth\14.33.45.652.png
9059,7653,3.25,20.03.2025,86,20.03.2025\86\rgb\14.33.45.743.png,20.03.2025\86\depth\14.33.45.743.png
9060,7653,3.25,20.03.2025,86,20.03.2025\86\rgb\14.33.45.836.png,20.03.2025\86\depth\14.33.45.836.png
9061,7736,3.0,20.03.2025,87,20.03.2025\87\rgb\14.33.58.073.png,20.03.2025\87\depth\14.33.58.073.png
9062,7736,3.0,20.03.2025,87,20.03.2025\87\rgb\14.33.58.158.png,20.03.2025\87\depth\14.33.58.158.png
9063,7736,3.0,20.03.2025,87,20.03.2025\87\rgb\14.33.58.253.png,20.03.2025\87\depth\14.33.58.253.png
9064,7736,3.0,20.03.2025,87,20.03.2025\87\rgb\14.33.58.347.png,20.03.2025\87\depth\14.33.58.347.png
9065,7736,3.0,20.03.2025,87,20.03.2025\87\rgb\14.33.58.438.png,20.03.2025\87\depth\14.33.58.438.png
9066,7736,3.0,20.03.2025,87,20.03.2025\87\rgb\14.33.58.533.png,20.03.2025\87\depth\14.33.58.533.png
9067,7736,3.0,20.03.2025,87,20.03.2025\87\rgb\14.33.58.624.png,20.03.2025\87\depth\14.33.58.624.png
9068,7736,3.0,20.03.2025,87,20.03.2025\87\rgb\14.33.58.717.png,20.03.2025\87\depth\14.33.58.717.png
9069,7736,3.0,20.03.2025,87,20.03.2025\87\rgb\14.33.58.809.png,20.03.2025\87\depth\14.33.58.809.png
9070,7736,3.0,20.03.2025,87,20.03.2025\87\rgb\14.33.58.902.png,20.03.2025\87\depth\14.33.58.902.png
9071,7736,3.0,20.03.2025,87,20.03.2025\87\rgb\14.33.59.012.png,20.03.2025\87\depth\14.33.59.012.png
9072,7736,3.0,20.03.2025,87,20.03.2025\87\rgb\14.33.59.105.png,20.03.2025\87\depth\14.33.59.105.png
9073,7736,3.0,20.03.2025,87,20.03.2025\87\rgb\14.33.59.213.png,20.03.2025\87\depth\14.33.59.213.png
9074,7736,3.0,20.03.2025,87,20.03.2025\87\rgb\14.33.59.305.png,20.03.2025\87\depth\14.33.59.305.png
9075,7736,3.0,20.03.2025,87,20.03.2025\87\rgb\14.33.59.391.png,20.03.2025\87\depth\14.33.59.391.png
9076,7736,3.0,20.03.2025,87,20.03.2025\87\rgb\14.33.59.489.png,20.03.2025\87\depth\14.33.59.489.png
9077,7736,3.0,20.03.2025,87,20.03.2025\87\rgb\14.33.59.580.png,20.03.2025\87\depth\14.33.59.580.png
9078,7736,3.0,20.03.2025,87,20.03.2025\87\rgb\14.33.59.672.png,20.03.2025\87\depth\14.33.59.672.png
9079,7736,3.0,20.03.2025,87,20.03.2025\87\rgb\14.33.59.763.png,20.03.2025\87\depth\14.33.59.763.png
9080,7736,3.0,20.03.2025,87,20.03.2025\87\rgb\14.33.59.857.png,20.03.2025\87\depth\14.33.59.857.png
9081,5036,3.0,20.03.2025,88,20.03.2025\88\rgb\14.34.15.056.png,20.03.2025\88\depth\14.34.15.056.png
9082,5036,3.0,20.03.2025,88,20.03.2025\88\rgb\14.34.15.143.png,20.03.2025\88\depth\14.34.15.143.png
9083,5036,3.0,20.03.2025,88,20.03.2025\88\rgb\14.34.15.236.png,20.03.2025\88\depth\14.34.15.236.png
9084,5036,3.0,20.03.2025,88,20.03.2025\88\rgb\14.34.15.327.png,20.03.2025\88\depth\14.34.15.327.png
9085,5036,3.0,20.03.2025,88,20.03.2025\88\rgb\14.34.15.419.png,20.03.2025\88\depth\14.34.15.419.png
9086,5036,3.0,20.03.2025,88,20.03.2025\88\rgb\14.34.15.514.png,20.03.2025\88\depth\14.34.15.514.png
9087,5036,3.0,20.03.2025,88,20.03.2025\88\rgb\14.34.15.604.png,20.03.2025\88\depth\14.34.15.604.png
9088,5036,3.0,20.03.2025,88,20.03.2025\88\rgb\14.34.15.697.png,20.03.2025\88\depth\14.34.15.697.png
9089,5036,3.0,20.03.2025,88,20.03.2025\88\rgb\14.34.15.789.png,20.03.2025\88\depth\14.34.15.789.png
9090,5036,3.0,20.03.2025,88,20.03.2025\88\rgb\14.34.15.883.png,20.03.2025\88\depth\14.34.15.883.png
9091,5036,3.0,20.03.2025,88,20.03.2025\88\rgb\14.34.15.974.png,20.03.2025\88\depth\14.34.15.974.png
9092,5036,3.0,20.03.2025,88,20.03.2025\88\rgb\14.34.16.066.png,20.03.2025\88\depth\14.34.16.066.png
9093,5036,3.0,20.03.2025,88,20.03.2025\88\rgb\14.34.16.178.png,20.03.2025\88\depth\14.34.16.178.png
9094,5036,3.0,20.03.2025,88,20.03.2025\88\rgb\14.34.16.267.png,20.03.2025\88\depth\14.34.16.267.png
9095,5036,3.0,20.03.2025,88,20.03.2025\88\rgb\14.34.16.359.png,20.03.2025\88\depth\14.34.16.359.png
9096,5036,3.0,20.03.2025,88,20.03.2025\88\rgb\14.34.16.452.png,20.03.2025\88\depth\14.34.16.452.png
9097,5036,3.0,20.03.2025,88,20.03.2025\88\rgb\14.34.16.545.png,20.03.2025\88\depth\14.34.16.545.png
9098,5036,3.0,20.03.2025,88,20.03.2025\88\rgb\14.34.16.637.png,20.03.2025\88\depth\14.34.16.637.png
9099,5036,3.0,20.03.2025,88,20.03.2025\88\rgb\14.34.16.726.png,20.03.2025\88\depth\14.34.16.726.png
9100,5036,3.0,20.03.2025,88,20.03.2025\88\rgb\14.34.16.805.png,20.03.2025\88\depth\14.34.16.805.png
9101,5024,3.25,20.03.2025,89,20.03.2025\89\rgb\14.34.44.042.png,20.03.2025\89\depth\14.34.44.042.png
9102,5024,3.25,20.03.2025,89,20.03.2025\89\rgb\14.34.44.145.png,20.03.2025\89\depth\14.34.44.145.png
9103,5024,3.25,20.03.2025,89,20.03.2025\89\rgb\14.34.44.239.png,20.03.2025\89\depth\14.34.44.239.png
9104,5024,3.25,20.03.2025,89,20.03.2025\89\rgb\14.34.44.331.png,20.03.2025\89\depth\14.34.44.331.png
9105,5024,3.25,20.03.2025,89,20.03.2025\89\rgb\14.34.44.417.png,20.03.2025\89\depth\14.34.44.417.png
9106,5024,3.25,20.03.2025,89,20.03.2025\89\rgb\14.34.44.516.png,20.03.2025\89\depth\14.34.44.516.png
9107,5024,3.25,20.03.2025,89,20.03.2025\89\rgb\14.34.44.610.png,20.03.2025\89\depth\14.34.44.610.png
9108,5024,3.25,20.03.2025,89,20.03.2025\89\rgb\14.34.44.702.png,20.03.2025\89\depth\14.34.44.702.png
9109,5024,3.25,20.03.2025,89,20.03.2025\89\rgb\14.34.44.792.png,20.03.2025\89\depth\14.34.44.792.png
9110,5024,3.25,20.03.2025,89,20.03.2025\89\rgb\14.34.44.884.png,20.03.2025\89\depth\14.34.44.884.png
9111,5024,3.25,20.03.2025,89,20.03.2025\89\rgb\14.34.44.978.png,20.03.2025\89\depth\14.34.44.978.png
9112,5024,3.25,20.03.2025,89,20.03.2025\89\rgb\14.34.45.070.png,20.03.2025\89\depth\14.34.45.070.png
9113,5024,3.25,20.03.2025,89,20.03.2025\89\rgb\14.34.45.148.png,20.03.2025\89\depth\14.34.45.148.png
9114,5024,3.25,20.03.2025,89,20.03.2025\89\rgb\14.34.45.239.png,20.03.2025\89\depth\14.34.45.239.png
9115,5024,3.25,20.03.2025,89,20.03.2025\89\rgb\14.34.45.332.png,20.03.2025\89\depth\14.34.45.332.png
9116,5024,3.25,20.03.2025,89,20.03.2025\89\rgb\14.34.45.426.png,20.03.2025\89\depth\14.34.45.426.png
9117,5024,3.25,20.03.2025,89,20.03.2025\89\rgb\14.34.45.517.png,20.03.2025\89\depth\14.34.45.517.png
9118,5024,3.25,20.03.2025,89,20.03.2025\89\rgb\14.34.45.609.png,20.03.2025\89\depth\14.34.45.609.png
9119,5024,3.25,20.03.2025,89,20.03.2025\89\rgb\14.34.45.702.png,20.03.2025\89\depth\14.34.45.702.png
9120,5024,3.25,20.03.2025,89,20.03.2025\89\rgb\14.34.45.795.png,20.03.2025\89\depth\14.34.45.795.png
9121,330424,3.0,20.03.2025,90,20.03.2025\90\rgb\14.35.00.939.png,20.03.2025\90\depth\14.35.00.939.png
9122,330424,3.0,20.03.2025,90,20.03.2025\90\rgb\14.35.01.026.png,20.03.2025\90\depth\14.35.01.026.png
9123,330424,3.0,20.03.2025,90,20.03.2025\90\rgb\14.35.01.130.png,20.03.2025\90\depth\14.35.01.130.png
9124,330424,3.0,20.03.2025,90,20.03.2025\90\rgb\14.35.01.222.png,20.03.2025\90\depth\14.35.01.222.png
9125,330424,3.0,20.03.2025,90,20.03.2025\90\rgb\14.35.01.317.png,20.03.2025\90\depth\14.35.01.317.png
9126,330424,3.0,20.03.2025,90,20.03.2025\90\rgb\14.35.01.409.png,20.03.2025\90\depth\14.35.01.409.png
9127,330424,3.0,20.03.2025,90,20.03.2025\90\rgb\14.35.01.501.png,20.03.2025\90\depth\14.35.01.501.png
9128,330424,3.0,20.03.2025,90,20.03.2025\90\rgb\14.35.01.594.png,20.03.2025\90\depth\14.35.01.594.png
9129,330424,3.0,20.03.2025,90,20.03.2025\90\rgb\14.35.01.687.png,20.03.2025\90\depth\14.35.01.687.png
9130,330424,3.0,20.03.2025,90,20.03.2025\90\rgb\14.35.01.777.png,20.03.2025\90\depth\14.35.01.777.png
9131,330424,3.0,20.03.2025,90,20.03.2025\90\rgb\14.35.01.871.png,20.03.2025\90\depth\14.35.01.871.png
9132,330424,3.0,20.03.2025,90,20.03.2025\90\rgb\14.35.01.966.png,20.03.2025\90\depth\14.35.01.966.png
9133,330424,3.0,20.03.2025,90,20.03.2025\90\rgb\14.35.02.058.png,20.03.2025\90\depth\14.35.02.058.png
9134,330424,3.0,20.03.2025,90,20.03.2025\90\rgb\14.35.02.149.png,20.03.2025\90\depth\14.35.02.149.png
9135,330424,3.0,20.03.2025,90,20.03.2025\90\rgb\14.35.02.243.png,20.03.2025\90\depth\14.35.02.243.png
9136,330424,3.0,20.03.2025,90,20.03.2025\90\rgb\14.35.02.335.png,20.03.2025\90\depth\14.35.02.335.png
9137,330424,3.0,20.03.2025,90,20.03.2025\90\rgb\14.35.02.428.png,20.03.2025\90\depth\14.35.02.428.png
9138,330424,3.0,20.03.2025,90,20.03.2025\90\rgb\14.35.02.523.png,20.03.2025\90\depth\14.35.02.523.png
9139,330424,3.0,20.03.2025,90,20.03.2025\90\rgb\14.35.02.613.png,20.03.2025\90\depth\14.35.02.613.png
9140,330424,3.0,20.03.2025,90,20.03.2025\90\rgb\14.35.02.708.png,20.03.2025\90\depth\14.35.02.708.png
9141,7086,3.25,20.03.2025,91,20.03.2025\91\rgb\14.35.17.331.png,20.03.2025\91\depth\14.35.17.331.png
9142,7086,3.25,20.03.2025,91,20.03.2025\91\rgb\14.35.17.417.png,20.03.2025\91\depth\14.35.17.417.png
9143,7086,3.25,20.03.2025,91,20.03.2025\91\rgb\14.35.17.510.png,20.03.2025\91\depth\14.35.17.510.png
9144,7086,3.25,20.03.2025,91,20.03.2025\91\rgb\14.35.17.601.png,20.03.2025\91\depth\14.35.17.601.png
9145,7086,3.25,20.03.2025,91,20.03.2025\91\rgb\14.35.17.695.png,20.03.2025\91\depth\14.35.17.695.png
9146,7086,3.25,20.03.2025,91,20.03.2025\91\rgb\14.35.17.789.png,20.03.2025\91\depth\14.35.17.789.png
9147,7086,3.25,20.03.2025,91,20.03.2025\91\rgb\14.35.17.893.png,20.03.2025\91\depth\14.35.17.893.png
9148,7086,3.25,20.03.2025,91,20.03.2025\91\rgb\14.35.17.989.png,20.03.2025\91\depth\14.35.17.989.png
9149,7086,3.25,20.03.2025,91,20.03.2025\91\rgb\14.35.18.082.png,20.03.2025\91\depth\14.35.18.082.png
9150,7086,3.25,20.03.2025,91,20.03.2025\91\rgb\14.35.18.173.png,20.03.2025\91\depth\14.35.18.173.png
9151,7086,3.25,20.03.2025,91,20.03.2025\91\rgb\14.35.18.266.png,20.03.2025\91\depth\14.35.18.266.png
9152,7086,3.25,20.03.2025,91,20.03.2025\91\rgb\14.35.18.358.png,20.03.2025\91\depth\14.35.18.358.png
9153,7086,3.25,20.03.2025,91,20.03.2025\91\rgb\14.35.18.450.png,20.03.2025\91\depth\14.35.18.450.png
9154,7086,3.25,20.03.2025,91,20.03.2025\91\rgb\14.35.18.541.png,20.03.2025\91\depth\14.35.18.541.png
9155,7086,3.25,20.03.2025,91,20.03.2025\91\rgb\14.35.18.635.png,20.03.2025\91\depth\14.35.18.635.png
9156,7086,3.25,20.03.2025,91,20.03.2025\91\rgb\14.35.18.728.png,20.03.2025\91\depth\14.35.18.728.png
9157,7086,3.25,20.03.2025,91,20.03.2025\91\rgb\14.35.18.822.png,20.03.2025\91\depth\14.35.18.822.png
9158,7086,3.25,20.03.2025,91,20.03.2025\91\rgb\14.35.18.914.png,20.03.2025\91\depth\14.35.18.914.png
9159,7086,3.25,20.03.2025,91,20.03.2025\91\rgb\14.35.19.005.png,20.03.2025\91\depth\14.35.19.005.png
9160,7086,3.25,20.03.2025,91,20.03.2025\91\rgb\14.35.19.099.png,20.03.2025\91\depth\14.35.19.099.png
9161,330404,3.25,20.03.2025,92,20.03.2025\92\rgb\14.35.31.491.png,20.03.2025\92\depth\14.35.31.491.png
9162,330404,3.25,20.03.2025,92,20.03.2025\92\rgb\14.35.31.578.png,20.03.2025\92\depth\14.35.31.578.png
9163,330404,3.25,20.03.2025,92,20.03.2025\92\rgb\14.35.31.670.png,20.03.2025\92\depth\14.35.31.670.png
9164,330404,3.25,20.03.2025,92,20.03.2025\92\rgb\14.35.31.760.png,20.03.2025\92\depth\14.35.31.760.png
9165,330404,3.25,20.03.2025,92,20.03.2025\92\rgb\14.35.31.851.png,20.03.2025\92\depth\14.35.31.851.png
9166,330404,3.25,20.03.2025,92,20.03.2025\92\rgb\14.35.31.945.png,20.03.2025\92\depth\14.35.31.945.png
9167,330404,3.25,20.03.2025,92,20.03.2025\92\rgb\14.35.32.038.png,20.03.2025\92\depth\14.35.32.038.png
9168,330404,3.25,20.03.2025,92,20.03.2025\92\rgb\14.35.32.130.png,20.03.2025\92\depth\14.35.32.130.png
9169,330404,3.25,20.03.2025,92,20.03.2025\92\rgb\14.35.32.224.png,20.03.2025\92\depth\14.35.32.224.png
9170,330404,3.25,20.03.2025,92,20.03.2025\92\rgb\14.35.32.317.png,20.03.2025\92\depth\14.35.32.317.png
9171,330404,3.25,20.03.2025,92,20.03.2025\92\rgb\14.35.32.409.png,20.03.2025\92\depth\14.35.32.409.png
9172,330404,3.25,20.03.2025,92,20.03.2025\92\rgb\14.35.32.501.png,20.03.2025\92\depth\14.35.32.501.png
9173,330404,3.25,20.03.2025,92,20.03.2025\92\rgb\14.35.32.595.png,20.03.2025\92\depth\14.35.32.595.png
9174,330404,3.25,20.03.2025,92,20.03.2025\92\rgb\14.35.32.686.png,20.03.2025\92\depth\14.35.32.686.png
9175,330404,3.25,20.03.2025,92,20.03.2025\92\rgb\14.35.32.780.png,20.03.2025\92\depth\14.35.32.780.png
9176,330404,3.25,20.03.2025,92,20.03.2025\92\rgb\14.35.32.874.png,20.03.2025\92\depth\14.35.32.874.png
9177,330404,3.25,20.03.2025,92,20.03.2025\92\rgb\14.35.32.963.png,20.03.2025\92\depth\14.35.32.963.png
9178,330404,3.25,20.03.2025,92,20.03.2025\92\rgb\14.35.33.055.png,20.03.2025\92\depth\14.35.33.055.png
9179,330404,3.25,20.03.2025,92,20.03.2025\92\rgb\14.35.33.150.png,20.03.2025\92\depth\14.35.33.150.png
9180,330404,3.25,20.03.2025,92,20.03.2025\92\rgb\14.35.33.244.png,20.03.2025\92\depth\14.35.33.244.png
9181,7047,3.25,20.03.2025,93,20.03.2025\93\rgb\14.35.47.493.png,20.03.2025\93\depth\14.35.47.493.png
9182,7047,3.25,20.03.2025,93,20.03.2025\93\rgb\14.35.47.579.png,20.03.2025\93\depth\14.35.47.579.png
9183,7047,3.25,20.03.2025,93,20.03.2025\93\rgb\14.35.47.671.png,20.03.2025\93\depth\14.35.47.671.png
9184,7047,3.25,20.03.2025,93,20.03.2025\93\rgb\14.35.47.764.png,20.03.2025\93\depth\14.35.47.764.png
9185,7047,3.25,20.03.2025,93,20.03.2025\93\rgb\14.35.47.856.png,20.03.2025\93\depth\14.35.47.856.png
9186,7047,3.25,20.03.2025,93,20.03.2025\93\rgb\14.35.47.949.png,20.03.2025\93\depth\14.35.47.949.png
9187,7047,3.25,20.03.2025,93,20.03.2025\93\rgb\14.35.48.040.png,20.03.2025\93\depth\14.35.48.040.png
9188,7047,3.25,20.03.2025,93,20.03.2025\93\rgb\14.35.48.131.png,20.03.2025\93\depth\14.35.48.131.png
9189,7047,3.25,20.03.2025,93,20.03.2025\93\rgb\14.35.48.223.png,20.03.2025\93\depth\14.35.48.223.png
9190,7047,3.25,20.03.2025,93,20.03.2025\93\rgb\14.35.48.317.png,20.03.2025\93\depth\14.35.48.317.png
9191,7047,3.25,20.03.2025,93,20.03.2025\93\rgb\14.35.48.409.png,20.03.2025\93\depth\14.35.48.409.png
9192,7047,3.25,20.03.2025,93,20.03.2025\93\rgb\14.35.48.502.png,20.03.2025\93\depth\14.35.48.502.png
9193,7047,3.25,20.03.2025,93,20.03.2025\93\rgb\14.35.48.594.png,20.03.2025\93\depth\14.35.48.594.png
9194,7047,3.25,20.03.2025,93,20.03.2025\93\rgb\14.35.48.689.png,20.03.2025\93\depth\14.35.48.689.png
9195,7047,3.25,20.03.2025,93,20.03.2025\93\rgb\14.35.48.780.png,20.03.2025\93\depth\14.35.48.780.png
9196,7047,3.25,20.03.2025,93,20.03.2025\93\rgb\14.35.48.873.png,20.03.2025\93\depth\14.35.48.873.png
9197,7047,3.25,20.03.2025,93,20.03.2025\93\rgb\14.35.48.965.png,20.03.2025\93\depth\14.35.48.965.png
9198,7047,3.25,20.03.2025,93,20.03.2025\93\rgb\14.35.49.056.png,20.03.2025\93\depth\14.35.49.056.png
9199,7047,3.25,20.03.2025,93,20.03.2025\93\rgb\14.35.49.152.png,20.03.2025\93\depth\14.35.49.152.png
9200,7047,3.25,20.03.2025,93,20.03.2025\93\rgb\14.35.49.244.png,20.03.2025\93\depth\14.35.49.244.png
9201,6940,3.25,20.03.2025,94,20.03.2025\94\rgb\14.36.01.979.png,20.03.2025\94\depth\14.36.01.979.png
9202,6940,3.25,20.03.2025,94,20.03.2025\94\rgb\14.36.02.083.png,20.03.2025\94\depth\14.36.02.083.png
9203,6940,3.25,20.03.2025,94,20.03.2025\94\rgb\14.36.02.175.png,20.03.2025\94\depth\14.36.02.175.png
9204,6940,3.25,20.03.2025,94,20.03.2025\94\rgb\14.36.02.267.png,20.03.2025\94\depth\14.36.02.267.png
9205,6940,3.25,20.03.2025,94,20.03.2025\94\rgb\14.36.02.360.png,20.03.2025\94\depth\14.36.02.360.png
9206,6940,3.25,20.03.2025,94,20.03.2025\94\rgb\14.36.02.453.png,20.03.2025\94\depth\14.36.02.453.png
9207,6940,3.25,20.03.2025,94,20.03.2025\94\rgb\14.36.02.547.png,20.03.2025\94\depth\14.36.02.547.png
9208,6940,3.25,20.03.2025,94,20.03.2025\94\rgb\14.36.02.639.png,20.03.2025\94\depth\14.36.02.639.png
9209,6940,3.25,20.03.2025,94,20.03.2025\94\rgb\14.36.02.727.png,20.03.2025\94\depth\14.36.02.727.png
9210,6940,3.25,20.03.2025,94,20.03.2025\94\rgb\14.36.02.823.png,20.03.2025\94\depth\14.36.02.823.png
9211,6940,3.25,20.03.2025,94,20.03.2025\94\rgb\14.36.02.914.png,20.03.2025\94\depth\14.36.02.914.png
9212,6940,3.25,20.03.2025,94,20.03.2025\94\rgb\14.36.03.009.png,20.03.2025\94\depth\14.36.03.009.png
9213,6940,3.25,20.03.2025,94,20.03.2025\94\rgb\14.36.03.099.png,20.03.2025\94\depth\14.36.03.099.png
9214,6940,3.25,20.03.2025,94,20.03.2025\94\rgb\14.36.03.190.png,20.03.2025\94\depth\14.36.03.190.png
9215,6940,3.25,20.03.2025,94,20.03.2025\94\rgb\14.36.03.283.png,20.03.2025\94\depth\14.36.03.283.png
9216,6940,3.25,20.03.2025,94,20.03.2025\94\rgb\14.36.03.377.png,20.03.2025\94\depth\14.36.03.377.png
9217,6940,3.25,20.03.2025,94,20.03.2025\94\rgb\14.36.03.468.png,20.03.2025\94\depth\14.36.03.468.png
9218,6940,3.25,20.03.2025,94,20.03.2025\94\rgb\14.36.03.559.png,20.03.2025\94\depth\14.36.03.559.png
9219,6940,3.25,20.03.2025,94,20.03.2025\94\rgb\14.36.03.652.png,20.03.2025\94\depth\14.36.03.652.png
9220,6940,3.25,20.03.2025,94,20.03.2025\94\rgb\14.36.03.745.png,20.03.2025\94\depth\14.36.03.745.png
9221,7046,3.25,20.03.2025,95,20.03.2025\95\rgb\14.36.17.011.png,20.03.2025\95\depth\14.36.17.011.png
9222,7046,3.25,20.03.2025,95,20.03.2025\95\rgb\14.36.17.112.png,20.03.2025\95\depth\14.36.17.112.png
9223,7046,3.25,20.03.2025,95,20.03.2025\95\rgb\14.36.17.207.png,20.03.2025\95\depth\14.36.17.207.png
9224,7046,3.25,20.03.2025,95,20.03.2025\95\rgb\14.36.17.299.png,20.03.2025\95\depth\14.36.17.299.png
9225,7046,3.25,20.03.2025,95,20.03.2025\95\rgb\14.36.17.391.png,20.03.2025\95\depth\14.36.17.391.png
9226,7046,3.25,20.03.2025,95,20.03.2025\95\rgb\14.36.17.483.png,20.03.2025\95\depth\14.36.17.483.png
9227,7046,3.25,20.03.2025,95,20.03.2025\95\rgb\14.36.17.577.png,20.03.2025\95\depth\14.36.17.577.png
9228,7046,3.25,20.03.2025,95,20.03.2025\95\rgb\14.36.17.665.png,20.03.2025\95\depth\14.36.17.665.png
9229,7046,3.25,20.03.2025,95,20.03.2025\95\rgb\14.36.17.759.png,20.03.2025\95\depth\14.36.17.759.png
9230,7046,3.25,20.03.2025,95,20.03.2025\95\rgb\14.36.17.853.png,20.03.2025\95\depth\14.36.17.853.png
9231,7046,3.25,20.03.2025,95,20.03.2025\95\rgb\14.36.17.946.png,20.03.2025\95\depth\14.36.17.946.png
9232,7046,3.25,20.03.2025,95,20.03.2025\95\rgb\14.36.18.021.png,20.03.2025\95\depth\14.36.18.021.png
9233,7046,3.25,20.03.2025,95,20.03.2025\95\rgb\14.36.18.117.png,20.03.2025\95\depth\14.36.18.117.png
9234,7046,3.25,20.03.2025,95,20.03.2025\95\rgb\14.36.18.208.png,20.03.2025\95\depth\14.36.18.208.png
9235,7046,3.25,20.03.2025,95,20.03.2025\95\rgb\14.36.18.298.png,20.03.2025\95\depth\14.36.18.298.png
9236,7046,3.25,20.03.2025,95,20.03.2025\95\rgb\14.36.18.392.png,20.03.2025\95\depth\14.36.18.392.png
9237,7046,3.25,20.03.2025,95,20.03.2025\95\rgb\14.36.18.487.png,20.03.2025\95\depth\14.36.18.487.png
9238,7046,3.25,20.03.2025,95,20.03.2025\95\rgb\14.36.18.579.png,20.03.2025\95\depth\14.36.18.579.png
9239,7046,3.25,20.03.2025,95,20.03.2025\95\rgb\14.36.18.674.png,20.03.2025\95\depth\14.36.18.674.png
9240,7046,3.25,20.03.2025,95,20.03.2025\95\rgb\14.36.18.765.png,20.03.2025\95\depth\14.36.18.765.png
9241,6989,3.5,20.03.2025,96,20.03.2025\96\rgb\14.36.33.403.png,20.03.2025\96\depth\14.36.33.403.png
9242,6989,3.5,20.03.2025,96,20.03.2025\96\rgb\14.36.33.505.png,20.03.2025\96\depth\14.36.33.505.png
9243,6989,3.5,20.03.2025,96,20.03.2025\96\rgb\14.36.33.597.png,20.03.2025\96\depth\14.36.33.597.png
9244,6989,3.5,20.03.2025,96,20.03.2025\96\rgb\14.36.33.689.png,20.03.2025\96\depth\14.36.33.689.png
9245,6989,3.5,20.03.2025,96,20.03.2025\96\rgb\14.36.33.785.png,20.03.2025\96\depth\14.36.33.785.png
9246,6989,3.5,20.03.2025,96,20.03.2025\96\rgb\14.36.33.877.png,20.03.2025\96\depth\14.36.33.877.png
9247,6989,3.5,20.03.2025,96,20.03.2025\96\rgb\14.36.33.970.png,20.03.2025\96\depth\14.36.33.970.png
9248,6989,3.5,20.03.2025,96,20.03.2025\96\rgb\14.36.34.062.png,20.03.2025\96\depth\14.36.34.062.png
9249,6989,3.5,20.03.2025,96,20.03.2025\96\rgb\14.36.34.155.png,20.03.2025\96\depth\14.36.34.155.png
9250,6989,3.5,20.03.2025,96,20.03.2025\96\rgb\14.36.34.248.png,20.03.2025\96\depth\14.36.34.248.png
9251,6989,3.5,20.03.2025,96,20.03.2025\96\rgb\14.36.34.345.png,20.03.2025\96\depth\14.36.34.345.png
9252,6989,3.5,20.03.2025,96,20.03.2025\96\rgb\14.36.34.435.png,20.03.2025\96\depth\14.36.34.435.png
9253,6989,3.5,20.03.2025,96,20.03.2025\96\rgb\14.36.34.530.png,20.03.2025\96\depth\14.36.34.530.png
9254,6989,3.5,20.03.2025,96,20.03.2025\96\rgb\14.36.34.618.png,20.03.2025\96\depth\14.36.34.618.png
9255,6989,3.5,20.03.2025,96,20.03.2025\96\rgb\14.36.34.713.png,20.03.2025\96\depth\14.36.34.713.png
9256,6989,3.5,20.03.2025,96,20.03.2025\96\rgb\14.36.34.806.png,20.03.2025\96\depth\14.36.34.806.png
9257,6989,3.5,20.03.2025,96,20.03.2025\96\rgb\14.36.34.900.png,20.03.2025\96\depth\14.36.34.900.png
9258,6989,3.5,20.03.2025,96,20.03.2025\96\rgb\14.36.34.991.png,20.03.2025\96\depth\14.36.34.991.png
9259,6989,3.5,20.03.2025,96,20.03.2025\96\rgb\14.36.35.083.png,20.03.2025\96\depth\14.36.35.083.png
9260,6989,3.5,20.03.2025,96,20.03.2025\96\rgb\14.36.35.171.png,20.03.2025\96\depth\14.36.35.171.png
9261,6983,3.25,20.03.2025,97,20.03.2025\97\rgb\14.36.48.186.png,20.03.2025\97\depth\14.36.48.186.png
9262,6983,3.25,20.03.2025,97,20.03.2025\97\rgb\14.36.48.275.png,20.03.2025\97\depth\14.36.48.275.png
9263,6983,3.25,20.03.2025,97,20.03.2025\97\rgb\14.36.48.366.png,20.03.2025\97\depth\14.36.48.366.png
9264,6983,3.25,20.03.2025,97,20.03.2025\97\rgb\14.36.48.456.png,20.03.2025\97\depth\14.36.48.456.png
9265,6983,3.25,20.03.2025,97,20.03.2025\97\rgb\14.36.48.549.png,20.03.2025\97\depth\14.36.48.549.png
9266,6983,3.25,20.03.2025,97,20.03.2025\97\rgb\14.36.48.642.png,20.03.2025\97\depth\14.36.48.642.png
9267,6983,3.25,20.03.2025,97,20.03.2025\97\rgb\14.36.48.736.png,20.03.2025\97\depth\14.36.48.736.png
9268,6983,3.25,20.03.2025,97,20.03.2025\97\rgb\14.36.48.826.png,20.03.2025\97\depth\14.36.48.826.png
9269,6983,3.25,20.03.2025,97,20.03.2025\97\rgb\14.36.48.922.png,20.03.2025\97\depth\14.36.48.922.png
9270,6983,3.25,20.03.2025,97,20.03.2025\97\rgb\14.36.49.013.png,20.03.2025\97\depth\14.36.49.013.png
9271,6983,3.25,20.03.2025,97,20.03.2025\97\rgb\14.36.49.104.png,20.03.2025\97\depth\14.36.49.104.png
9272,6983,3.25,20.03.2025,97,20.03.2025\97\rgb\14.36.49.198.png,20.03.2025\97\depth\14.36.49.198.png
9273,6983,3.25,20.03.2025,97,20.03.2025\97\rgb\14.36.49.290.png,20.03.2025\97\depth\14.36.49.290.png
9274,6983,3.25,20.03.2025,97,20.03.2025\97\rgb\14.36.49.384.png,20.03.2025\97\depth\14.36.49.384.png
9275,6983,3.25,20.03.2025,97,20.03.2025\97\rgb\14.36.49.477.png,20.03.2025\97\depth\14.36.49.477.png
9276,6983,3.25,20.03.2025,97,20.03.2025\97\rgb\14.36.49.569.png,20.03.2025\97\depth\14.36.49.569.png
9277,6983,3.25,20.03.2025,97,20.03.2025\97\rgb\14.36.49.665.png,20.03.2025\97\depth\14.36.49.665.png
9278,6983,3.25,20.03.2025,97,20.03.2025\97\rgb\14.36.49.753.png,20.03.2025\97\depth\14.36.49.753.png
9279,6983,3.25,20.03.2025,97,20.03.2025\97\rgb\14.36.49.845.png,20.03.2025\97\depth\14.36.49.845.png
9280,6983,3.25,20.03.2025,97,20.03.2025\97\rgb\14.36.49.939.png,20.03.2025\97\depth\14.36.49.939.png
9281,7023,3.5,20.03.2025,98,20.03.2025\98\rgb\14.37.02.534.png,20.03.2025\98\depth\14.37.02.534.png
9282,7023,3.5,20.03.2025,98,20.03.2025\98\rgb\14.37.02.620.png,20.03.2025\98\depth\14.37.02.620.png
9283,7023,3.5,20.03.2025,98,20.03.2025\98\rgb\14.37.02.712.png,20.03.2025\98\depth\14.37.02.712.png
9284,7023,3.5,20.03.2025,98,20.03.2025\98\rgb\14.37.02.806.png,20.03.2025\98\depth\14.37.02.806.png
9285,7023,3.5,20.03.2025,98,20.03.2025\98\rgb\14.37.02.898.png,20.03.2025\98\depth\14.37.02.898.png
9286,7023,3.5,20.03.2025,98,20.03.2025\98\rgb\14.37.02.991.png,20.03.2025\98\depth\14.37.02.991.png
9287,7023,3.5,20.03.2025,98,20.03.2025\98\rgb\14.37.03.084.png,20.03.2025\98\depth\14.37.03.084.png
9288,7023,3.5,20.03.2025,98,20.03.2025\98\rgb\14.37.03.176.png,20.03.2025\98\depth\14.37.03.176.png
9289,7023,3.5,20.03.2025,98,20.03.2025\98\rgb\14.37.03.270.png,20.03.2025\98\depth\14.37.03.270.png
9290,7023,3.5,20.03.2025,98,20.03.2025\98\rgb\14.37.03.361.png,20.03.2025\98\depth\14.37.03.361.png
9291,7023,3.5,20.03.2025,98,20.03.2025\98\rgb\14.37.03.454.png,20.03.2025\98\depth\14.37.03.454.png
9292,7023,3.5,20.03.2025,98,20.03.2025\98\rgb\14.37.03.545.png,20.03.2025\98\depth\14.37.03.545.png
9293,7023,3.5,20.03.2025,98,20.03.2025\98\rgb\14.37.03.637.png,20.03.2025\98\depth\14.37.03.637.png
9294,7023,3.5,20.03.2025,98,20.03.2025\98\rgb\14.37.03.725.png,20.03.2025\98\depth\14.37.03.725.png
9295,7023,3.5,20.03.2025,98,20.03.2025\98\rgb\14.37.03.821.png,20.03.2025\98\depth\14.37.03.821.png
9296,7023,3.5,20.03.2025,98,20.03.2025\98\rgb\14.37.03.926.png,20.03.2025\98\depth\14.37.03.926.png
9297,7023,3.5,20.03.2025,98,20.03.2025\98\rgb\14.37.04.018.png,20.03.2025\98\depth\14.37.04.018.png
9298,7023,3.5,20.03.2025,98,20.03.2025\98\rgb\14.37.04.111.png,20.03.2025\98\depth\14.37.04.111.png
9299,7023,3.5,20.03.2025,98,20.03.2025\98\rgb\14.37.04.202.png,20.03.2025\98\depth\14.37.04.202.png
9300,7023,3.5,20.03.2025,98,20.03.2025\98\rgb\14.37.04.294.png,20.03.2025\98\depth\14.37.04.294.png
9301,7677,3.5,20.03.2025,99,20.03.2025\99\rgb\14.37.17.328.png,20.03.2025\99\depth\14.37.17.328.png
9302,7677,3.5,20.03.2025,99,20.03.2025\99\rgb\14.37.17.429.png,20.03.2025\99\depth\14.37.17.429.png
9303,7677,3.5,20.03.2025,99,20.03.2025\99\rgb\14.37.17.522.png,20.03.2025\99\depth\14.37.17.522.png
9304,7677,3.5,20.03.2025,99,20.03.2025\99\rgb\14.37.17.614.png,20.03.2025\99\depth\14.37.17.614.png
9305,7677,3.5,20.03.2025,99,20.03.2025\99\rgb\14.37.17.708.png,20.03.2025\99\depth\14.37.17.708.png
9306,7677,3.5,20.03.2025,99,20.03.2025\99\rgb\14.37.17.797.png,20.03.2025\99\depth\14.37.17.797.png
9307,7677,3.5,20.03.2025,99,20.03.2025\99\rgb\14.37.17.890.png,20.03.2025\99\depth\14.37.17.890.png
9308,7677,3.5,20.03.2025,99,20.03.2025\99\rgb\14.37.17.982.png,20.03.2025\99\depth\14.37.17.982.png
9309,7677,3.5,20.03.2025,99,20.03.2025\99\rgb\14.37.18.076.png,20.03.2025\99\depth\14.37.18.076.png
9310,7677,3.5,20.03.2025,99,20.03.2025\99\rgb\14.37.18.169.png,20.03.2025\99\depth\14.37.18.169.png
9311,7677,3.5,20.03.2025,99,20.03.2025\99\rgb\14.37.18.261.png,20.03.2025\99\depth\14.37.18.261.png
9312,7677,3.5,20.03.2025,99,20.03.2025\99\rgb\14.37.18.354.png,20.03.2025\99\depth\14.37.18.354.png
9313,7677,3.5,20.03.2025,99,20.03.2025\99\rgb\14.37.18.445.png,20.03.2025\99\depth\14.37.18.445.png
9314,7677,3.5,20.03.2025,99,20.03.2025\99\rgb\14.37.18.538.png,20.03.2025\99\depth\14.37.18.538.png
9315,7677,3.5,20.03.2025,99,20.03.2025\99\rgb\14.37.18.629.png,20.03.2025\99\depth\14.37.18.629.png
9316,7677,3.5,20.03.2025,99,20.03.2025\99\rgb\14.37.18.723.png,20.03.2025\99\depth\14.37.18.723.png
9317,7677,3.5,20.03.2025,99,20.03.2025\99\rgb\14.37.18.817.png,20.03.2025\99\depth\14.37.18.817.png
9318,7677,3.5,20.03.2025,99,20.03.2025\99\rgb\14.37.18.909.png,20.03.2025\99\depth\14.37.18.909.png
9319,7677,3.5,20.03.2025,99,20.03.2025\99\rgb\14.37.19.003.png,20.03.2025\99\depth\14.37.19.003.png
9320,7677,3.5,20.03.2025,99,20.03.2025\99\rgb\14.37.19.095.png,20.03.2025\99\depth\14.37.19.095.png
9321,7631,3.25,20.03.2025,100,20.03.2025\100\rgb\14.37.35.202.png,20.03.2025\100\depth\14.37.35.202.png
9322,7631,3.25,20.03.2025,100,20.03.2025\100\rgb\14.37.35.299.png,20.03.2025\100\depth\14.37.35.299.png
9323,7631,3.25,20.03.2025,100,20.03.2025\100\rgb\14.37.35.391.png,20.03.2025\100\depth\14.37.35.391.png
9324,7631,3.25,20.03.2025,100,20.03.2025\100\rgb\14.37.35.485.png,20.03.2025\100\depth\14.37.35.485.png
9325,7631,3.25,20.03.2025,100,20.03.2025\100\rgb\14.37.35.577.png,20.03.2025\100\depth\14.37.35.577.png
9326,7631,3.25,20.03.2025,100,20.03.2025\100\rgb\14.37.35.667.png,20.03.2025\100\depth\14.37.35.667.png
9327,7631,3.25,20.03.2025,100,20.03.2025\100\rgb\14.37.35.759.png,20.03.2025\100\depth\14.37.35.759.png
9328,7631,3.25,20.03.2025,100,20.03.2025\100\rgb\14.37.35.853.png,20.03.2025\100\depth\14.37.35.853.png
9329,7631,3.25,20.03.2025,100,20.03.2025\100\rgb\14.37.35.958.png,20.03.2025\100\depth\14.37.35.958.png
9330,7631,3.25,20.03.2025,100,20.03.2025\100\rgb\14.37.36.050.png,20.03.2025\100\depth\14.37.36.050.png
9331,7631,3.25,20.03.2025,100,20.03.2025\100\rgb\14.37.36.144.png,20.03.2025\100\depth\14.37.36.144.png
9332,7631,3.25,20.03.2025,100,20.03.2025\100\rgb\14.37.36.235.png,20.03.2025\100\depth\14.37.36.235.png
9333,7631,3.25,20.03.2025,100,20.03.2025\100\rgb\14.37.36.328.png,20.03.2025\100\depth\14.37.36.328.png
9334,7631,3.25,20.03.2025,100,20.03.2025\100\rgb\14.37.36.420.png,20.03.2025\100\depth\14.37.36.420.png
9335,7631,3.25,20.03.2025,100,20.03.2025\100\rgb\14.37.36.514.png,20.03.2025\100\depth\14.37.36.514.png
9336,7631,3.25,20.03.2025,100,20.03.2025\100\rgb\14.37.36.605.png,20.03.2025\100\depth\14.37.36.605.png
9337,7631,3.25,20.03.2025,100,20.03.2025\100\rgb\14.37.36.696.png,20.03.2025\100\depth\14.37.36.696.png
9338,7631,3.25,20.03.2025,100,20.03.2025\100\rgb\14.37.36.789.png,20.03.2025\100\depth\14.37.36.789.png
9339,7631,3.25,20.03.2025,100,20.03.2025\100\rgb\14.37.36.894.png,20.03.2025\100\depth\14.37.36.894.png
9340,7631,3.25,20.03.2025,100,20.03.2025\100\rgb\14.37.36.989.png,20.03.2025\100\depth\14.37.36.989.png
9341,7674,3.25,20.03.2025,101,20.03.2025\101\rgb\14.38.02.252.png,20.03.2025\101\depth\14.38.02.252.png
9342,7674,3.25,20.03.2025,101,20.03.2025\101\rgb\14.38.02.337.png,20.03.2025\101\depth\14.38.02.337.png
9343,7674,3.25,20.03.2025,101,20.03.2025\101\rgb\14.38.02.432.png,20.03.2025\101\depth\14.38.02.432.png
9344,7674,3.25,20.03.2025,101,20.03.2025\101\rgb\14.38.02.521.png,20.03.2025\101\depth\14.38.02.521.png
9345,7674,3.25,20.03.2025,101,20.03.2025\101\rgb\14.38.02.614.png,20.03.2025\101\depth\14.38.02.614.png
9346,7674,3.25,20.03.2025,101,20.03.2025\101\rgb\14.38.02.707.png,20.03.2025\101\depth\14.38.02.707.png
9347,7674,3.25,20.03.2025,101,20.03.2025\101\rgb\14.38.02.797.png,20.03.2025\101\depth\14.38.02.797.png
9348,7674,3.25,20.03.2025,101,20.03.2025\101\rgb\14.38.02.890.png,20.03.2025\101\depth\14.38.02.890.png
9349,7674,3.25,20.03.2025,101,20.03.2025\101\rgb\14.38.02.982.png,20.03.2025\101\depth\14.38.02.982.png
9350,7674,3.25,20.03.2025,101,20.03.2025\101\rgb\14.38.03.074.png,20.03.2025\101\depth\14.38.03.074.png
9351,7674,3.25,20.03.2025,101,20.03.2025\101\rgb\14.38.03.169.png,20.03.2025\101\depth\14.38.03.169.png
9352,7674,3.25,20.03.2025,101,20.03.2025\101\rgb\14.38.03.255.png,20.03.2025\101\depth\14.38.03.255.png
9353,7674,3.25,20.03.2025,101,20.03.2025\101\rgb\14.38.03.352.png,20.03.2025\101\depth\14.38.03.352.png
9354,7674,3.25,20.03.2025,101,20.03.2025\101\rgb\14.38.03.442.png,20.03.2025\101\depth\14.38.03.442.png
9355,7674,3.25,20.03.2025,101,20.03.2025\101\rgb\14.38.03.535.png,20.03.2025\101\depth\14.38.03.535.png
9356,7674,3.25,20.03.2025,101,20.03.2025\101\rgb\14.38.03.626.png,20.03.2025\101\depth\14.38.03.626.png
9357,7674,3.25,20.03.2025,101,20.03.2025\101\rgb\14.38.03.720.png,20.03.2025\101\depth\14.38.03.720.png
9358,7674,3.25,20.03.2025,101,20.03.2025\101\rgb\14.38.03.810.png,20.03.2025\101\depth\14.38.03.810.png
9359,7674,3.25,20.03.2025,101,20.03.2025\101\rgb\14.38.03.901.png,20.03.2025\101\depth\14.38.03.901.png
9360,7674,3.25,20.03.2025,101,20.03.2025\101\rgb\14.38.03.993.png,20.03.2025\101\depth\14.38.03.993.png
9361,7591,3.25,20.03.2025,102,20.03.2025\102\rgb\14.38.15.715.png,20.03.2025\102\depth\14.38.15.715.png
9362,7591,3.25,20.03.2025,102,20.03.2025\102\rgb\14.38.15.818.png,20.03.2025\102\depth\14.38.15.818.png
9363,7591,3.25,20.03.2025,102,20.03.2025\102\rgb\14.38.15.913.png,20.03.2025\102\depth\14.38.15.913.png
9364,7591,3.25,20.03.2025,102,20.03.2025\102\rgb\14.38.16.006.png,20.03.2025\102\depth\14.38.16.006.png
9365,7591,3.25,20.03.2025,102,20.03.2025\102\rgb\14.38.16.098.png,20.03.2025\102\depth\14.38.16.098.png
9366,7591,3.25,20.03.2025,102,20.03.2025\102\rgb\14.38.16.190.png,20.03.2025\102\depth\14.38.16.190.png
9367,7591,3.25,20.03.2025,102,20.03.2025\102\rgb\14.38.16.282.png,20.03.2025\102\depth\14.38.16.282.png
9368,7591,3.25,20.03.2025,102,20.03.2025\102\rgb\14.38.16.375.png,20.03.2025\102\depth\14.38.16.375.png
9369,7591,3.25,20.03.2025,102,20.03.2025\102\rgb\14.38.16.471.png,20.03.2025\102\depth\14.38.16.471.png
9370,7591,3.25,20.03.2025,102,20.03.2025\102\rgb\14.38.16.560.png,20.03.2025\102\depth\14.38.16.560.png
9371,7591,3.25,20.03.2025,102,20.03.2025\102\rgb\14.38.16.655.png,20.03.2025\102\depth\14.38.16.655.png
9372,7591,3.25,20.03.2025,102,20.03.2025\102\rgb\14.38.16.745.png,20.03.2025\102\depth\14.38.16.745.png
9373,7591,3.25,20.03.2025,102,20.03.2025\102\rgb\14.38.16.838.png,20.03.2025\102\depth\14.38.16.838.png
9374,7591,3.25,20.03.2025,102,20.03.2025\102\rgb\14.38.16.931.png,20.03.2025\102\depth\14.38.16.931.png
9375,7591,3.25,20.03.2025,102,20.03.2025\102\rgb\14.38.17.022.png,20.03.2025\102\depth\14.38.17.022.png
9376,7591,3.25,20.03.2025,102,20.03.2025\102\rgb\14.38.17.115.png,20.03.2025\102\depth\14.38.17.115.png
9377,7591,3.25,20.03.2025,102,20.03.2025\102\rgb\14.38.17.207.png,20.03.2025\102\depth\14.38.17.207.png
9378,7591,3.25,20.03.2025,102,20.03.2025\102\rgb\14.38.17.299.png,20.03.2025\102\depth\14.38.17.299.png
9379,7591,3.25,20.03.2025,102,20.03.2025\102\rgb\14.38.17.391.png,20.03.2025\102\depth\14.38.17.391.png
9380,7591,3.25,20.03.2025,102,20.03.2025\102\rgb\14.38.17.484.png,20.03.2025\102\depth\14.38.17.484.png
9381,6876,3.5,20.03.2025,103,20.03.2025\103\rgb\14.38.32.267.png,20.03.2025\103\depth\14.38.32.267.png
9382,6876,3.5,20.03.2025,103,20.03.2025\103\rgb\14.38.32.353.png,20.03.2025\103\depth\14.38.32.353.png
9383,6876,3.5,20.03.2025,103,20.03.2025\103\rgb\14.38.32.446.png,20.03.2025\103\depth\14.38.32.446.png
9384,6876,3.5,20.03.2025,103,20.03.2025\103\rgb\14.38.32.538.png,20.03.2025\103\depth\14.38.32.538.png
9385,6876,3.5,20.03.2025,103,20.03.2025\103\rgb\14.38.32.632.png,20.03.2025\103\depth\14.38.32.632.png
9386,6876,3.5,20.03.2025,103,20.03.2025\103\rgb\14.38.32.725.png,20.03.2025\103\depth\14.38.32.725.png
9387,6876,3.5,20.03.2025,103,20.03.2025\103\rgb\14.38.32.817.png,20.03.2025\103\depth\14.38.32.817.png
9388,6876,3.5,20.03.2025,103,20.03.2025\103\rgb\14.38.32.911.png,20.03.2025\103\depth\14.38.32.911.png
9389,6876,3.5,20.03.2025,103,20.03.2025\103\rgb\14.38.33.001.png,20.03.2025\103\depth\14.38.33.001.png
9390,6876,3.5,20.03.2025,103,20.03.2025\103\rgb\14.38.33.095.png,20.03.2025\103\depth\14.38.33.095.png
9391,6876,3.5,20.03.2025,103,20.03.2025\103\rgb\14.38.33.187.png,20.03.2025\103\depth\14.38.33.187.png
9392,6876,3.5,20.03.2025,103,20.03.2025\103\rgb\14.38.33.280.png,20.03.2025\103\depth\14.38.33.280.png
9393,6876,3.5,20.03.2025,103,20.03.2025\103\rgb\14.38.33.376.png,20.03.2025\103\depth\14.38.33.376.png
9394,6876,3.5,20.03.2025,103,20.03.2025\103\rgb\14.38.33.466.png,20.03.2025\103\depth\14.38.33.466.png
9395,6876,3.5,20.03.2025,103,20.03.2025\103\rgb\14.38.33.556.png,20.03.2025\103\depth\14.38.33.556.png
9396,6876,3.5,20.03.2025,103,20.03.2025\103\rgb\14.38.33.652.png,20.03.2025\103\depth\14.38.33.652.png
9397,6876,3.5,20.03.2025,103,20.03.2025\103\rgb\14.38.33.744.png,20.03.2025\103\depth\14.38.33.744.png
9398,6876,3.5,20.03.2025,103,20.03.2025\103\rgb\14.38.33.837.png,20.03.2025\103\depth\14.38.33.837.png
9399,6876,3.5,20.03.2025,103,20.03.2025\103\rgb\14.38.33.928.png,20.03.2025\103\depth\14.38.33.928.png
9400,6876,3.5,20.03.2025,103,20.03.2025\103\rgb\14.38.34.021.png,20.03.2025\103\depth\14.38.34.021.png
9401,7724,3.25,20.03.2025,104,20.03.2025\104\rgb\14.38.46.290.png,20.03.2025\104\depth\14.38.46.290.png
9402,7724,3.25,20.03.2025,104,20.03.2025\104\rgb\14.38.46.376.png,20.03.2025\104\depth\14.38.46.376.png
9403,7724,3.25,20.03.2025,104,20.03.2025\104\rgb\14.38.46.472.png,20.03.2025\104\depth\14.38.46.472.png
9404,7724,3.25,20.03.2025,104,20.03.2025\104\rgb\14.38.46.561.png,20.03.2025\104\depth\14.38.46.561.png
9405,7724,3.25,20.03.2025,104,20.03.2025\104\rgb\14.38.46.656.png,20.03.2025\104\depth\14.38.46.656.png
9406,7724,3.25,20.03.2025,104,20.03.2025\104\rgb\14.38.46.744.png,20.03.2025\104\depth\14.38.46.744.png
9407,7724,3.25,20.03.2025,104,20.03.2025\104\rgb\14.38.46.838.png,20.03.2025\104\depth\14.38.46.838.png
9408,7724,3.25,20.03.2025,104,20.03.2025\104\rgb\14.38.46.929.png,20.03.2025\104\depth\14.38.46.929.png
9409,7724,3.25,20.03.2025,104,20.03.2025\104\rgb\14.38.47.024.png,20.03.2025\104\depth\14.38.47.024.png
9410,7724,3.25,20.03.2025,104,20.03.2025\104\rgb\14.38.47.127.png,20.03.2025\104\depth\14.38.47.127.png
9411,7724,3.25,20.03.2025,104,20.03.2025\104\rgb\14.38.47.228.png,20.03.2025\104\depth\14.38.47.228.png
9412,7724,3.25,20.03.2025,104,20.03.2025\104\rgb\14.38.47.318.png,20.03.2025\104\depth\14.38.47.318.png
9413,7724,3.25,20.03.2025,104,20.03.2025\104\rgb\14.38.47.407.png,20.03.2025\104\depth\14.38.47.407.png
9414,7724,3.25,20.03.2025,104,20.03.2025\104\rgb\14.38.47.499.png,20.03.2025\104\depth\14.38.47.499.png
9415,7724,3.25,20.03.2025,104,20.03.2025\104\rgb\14.38.47.592.png,20.03.2025\104\depth\14.38.47.592.png
9416,7724,3.25,20.03.2025,104,20.03.2025\104\rgb\14.38.47.689.png,20.03.2025\104\depth\14.38.47.689.png
9417,7724,3.25,20.03.2025,104,20.03.2025\104\rgb\14.38.47.780.png,20.03.2025\104\depth\14.38.47.780.png
9418,7724,3.25,20.03.2025,104,20.03.2025\104\rgb\14.38.47.870.png,20.03.2025\104\depth\14.38.47.870.png
9419,7724,3.25,20.03.2025,104,20.03.2025\104\rgb\14.38.47.964.png,20.03.2025\104\depth\14.38.47.964.png
9420,7724,3.25,20.03.2025,104,20.03.2025\104\rgb\14.38.48.078.png,20.03.2025\104\depth\14.38.48.078.png
9421,730401,3.5,20.03.2025,105,20.03.2025\105\rgb\14.39.03.147.png,20.03.2025\105\depth\14.39.03.147.png
9422,730401,3.5,20.03.2025,105,20.03.2025\105\rgb\14.39.03.247.png,20.03.2025\105\depth\14.39.03.247.png
9423,730401,3.5,20.03.2025,105,20.03.2025\105\rgb\14.39.03.338.png,20.03.2025\105\depth\14.39.03.338.png
9424,730401,3.5,20.03.2025,105,20.03.2025\105\rgb\14.39.03.428.png,20.03.2025\105\depth\14.39.03.428.png
9425,730401,3.5,20.03.2025,105,20.03.2025\105\rgb\14.39.03.522.png,20.03.2025\105\depth\14.39.03.522.png
9426,730401,3.5,20.03.2025,105,20.03.2025\105\rgb\14.39.03.614.png,20.03.2025\105\depth\14.39.03.614.png
9427,730401,3.5,20.03.2025,105,20.03.2025\105\rgb\14.39.03.704.png,20.03.2025\105\depth\14.39.03.704.png
9428,730401,3.5,20.03.2025,105,20.03.2025\105\rgb\14.39.03.798.png,20.03.2025\105\depth\14.39.03.798.png
9429,730401,3.5,20.03.2025,105,20.03.2025\105\rgb\14.39.03.888.png,20.03.2025\105\depth\14.39.03.888.png
9430,730401,3.5,20.03.2025,105,20.03.2025\105\rgb\14.39.03.981.png,20.03.2025\105\depth\14.39.03.981.png
9431,730401,3.5,20.03.2025,105,20.03.2025\105\rgb\14.39.04.073.png,20.03.2025\105\depth\14.39.04.073.png
9432,730401,3.5,20.03.2025,105,20.03.2025\105\rgb\14.39.04.164.png,20.03.2025\105\depth\14.39.04.164.png
9433,730401,3.5,20.03.2025,105,20.03.2025\105\rgb\14.39.04.259.png,20.03.2025\105\depth\14.39.04.259.png
9434,730401,3.5,20.03.2025,105,20.03.2025\105\rgb\14.39.04.351.png,20.03.2025\105\depth\14.39.04.351.png
9435,730401,3.5,20.03.2025,105,20.03.2025\105\rgb\14.39.04.443.png,20.03.2025\105\depth\14.39.04.443.png
9436,730401,3.5,20.03.2025,105,20.03.2025\105\rgb\14.39.04.537.png,20.03.2025\105\depth\14.39.04.537.png
9437,730401,3.5,20.03.2025,105,20.03.2025\105\rgb\14.39.04.627.png,20.03.2025\105\depth\14.39.04.627.png
9438,730401,3.5,20.03.2025,105,20.03.2025\105\rgb\14.39.04.721.png,20.03.2025\105\depth\14.39.04.721.png
9439,730401,3.5,20.03.2025,105,20.03.2025\105\rgb\14.39.04.812.png,20.03.2025\105\depth\14.39.04.812.png
9440,730401,3.5,20.03.2025,105,20.03.2025\105\rgb\14.39.04.898.png,20.03.2025\105\depth\14.39.04.898.png
9441,7697,3.5,20.03.2025,106,20.03.2025\106\rgb\14.39.18.335.png,20.03.2025\106\depth\14.39.18.335.png
9442,7697,3.5,20.03.2025,106,20.03.2025\106\rgb\14.39.18.422.png,20.03.2025\106\depth\14.39.18.422.png
9443,7697,3.5,20.03.2025,106,20.03.2025\106\rgb\14.39.18.511.png,20.03.2025\106\depth\14.39.18.511.png
9444,7697,3.5,20.03.2025,106,20.03.2025\106\rgb\14.39.18.604.png,20.03.2025\106\depth\14.39.18.604.png
9445,7697,3.5,20.03.2025,106,20.03.2025\106\rgb\14.39.18.694.png,20.03.2025\106\depth\14.39.18.694.png
9446,7697,3.5,20.03.2025,106,20.03.2025\106\rgb\14.39.18.788.png,20.03.2025\106\depth\14.39.18.788.png
9447,7697,3.5,20.03.2025,106,20.03.2025\106\rgb\14.39.18.877.png,20.03.2025\106\depth\14.39.18.877.png
9448,7697,3.5,20.03.2025,106,20.03.2025\106\rgb\14.39.18.973.png,20.03.2025\106\depth\14.39.18.973.png
9449,7697,3.5,20.03.2025,106,20.03.2025\106\rgb\14.39.19.063.png,20.03.2025\106\depth\14.39.19.063.png
9450,7697,3.5,20.03.2025,106,20.03.2025\106\rgb\14.39.19.156.png,20.03.2025\106\depth\14.39.19.156.png
9451,7697,3.5,20.03.2025,106,20.03.2025\106\rgb\14.39.19.250.png,20.03.2025\106\depth\14.39.19.250.png
9452,7697,3.5,20.03.2025,106,20.03.2025\106\rgb\14.39.19.344.png,20.03.2025\106\depth\14.39.19.344.png
9453,7697,3.5,20.03.2025,106,20.03.2025\106\rgb\14.39.19.435.png,20.03.2025\106\depth\14.39.19.435.png
9454,7697,3.5,20.03.2025,106,20.03.2025\106\rgb\14.39.19.527.png,20.03.2025\106\depth\14.39.19.527.png
9455,7697,3.5,20.03.2025,106,20.03.2025\106\rgb\14.39.19.620.png,20.03.2025\106\depth\14.39.19.620.png
9456,7697,3.5,20.03.2025,106,20.03.2025\106\rgb\14.39.19.716.png,20.03.2025\106\depth\14.39.19.716.png
9457,7697,3.5,20.03.2025,106,20.03.2025\106\rgb\14.39.19.806.png,20.03.2025\106\depth\14.39.19.806.png
9458,7697,3.5,20.03.2025,106,20.03.2025\106\rgb\14.39.19.899.png,20.03.2025\106\depth\14.39.19.899.png
9459,7697,3.5,20.03.2025,106,20.03.2025\106\rgb\14.39.19.988.png,20.03.2025\106\depth\14.39.19.988.png
9460,7697,3.5,20.03.2025,106,20.03.2025\106\rgb\14.39.20.084.png,20.03.2025\106\depth\14.39.20.084.png
9461,6962,3.5,20.03.2025,107,20.03.2025\107\rgb\14.39.48.529.png,20.03.2025\107\depth\14.39.48.529.png
9462,6962,3.5,20.03.2025,107,20.03.2025\107\rgb\14.39.48.626.png,20.03.2025\107\depth\14.39.48.626.png
9463,6962,3.5,20.03.2025,107,20.03.2025\107\rgb\14.39.48.720.png,20.03.2025\107\depth\14.39.48.720.png
9464,6962,3.5,20.03.2025,107,20.03.2025\107\rgb\14.39.48.811.png,20.03.2025\107\depth\14.39.48.811.png
9465,6962,3.5,20.03.2025,107,20.03.2025\107\rgb\14.39.48.903.png,20.03.2025\107\depth\14.39.48.903.png
9466,6962,3.5,20.03.2025,107,20.03.2025\107\rgb\14.39.48.998.png,20.03.2025\107\depth\14.39.48.998.png
9467,6962,3.5,20.03.2025,107,20.03.2025\107\rgb\14.39.49.089.png,20.03.2025\107\depth\14.39.49.089.png
9468,6962,3.5,20.03.2025,107,20.03.2025\107\rgb\14.39.49.182.png,20.03.2025\107\depth\14.39.49.182.png
9469,6962,3.5,20.03.2025,107,20.03.2025\107\rgb\14.39.49.275.png,20.03.2025\107\depth\14.39.49.275.png
9470,6962,3.5,20.03.2025,107,20.03.2025\107\rgb\14.39.49.367.png,20.03.2025\107\depth\14.39.49.367.png
9471,6962,3.5,20.03.2025,107,20.03.2025\107\rgb\14.39.49.456.png,20.03.2025\107\depth\14.39.49.456.png
9472,6962,3.5,20.03.2025,107,20.03.2025\107\rgb\14.39.49.552.png,20.03.2025\107\depth\14.39.49.552.png
9473,6962,3.5,20.03.2025,107,20.03.2025\107\rgb\14.39.49.644.png,20.03.2025\107\depth\14.39.49.644.png
9474,6962,3.5,20.03.2025,107,20.03.2025\107\rgb\14.39.49.738.png,20.03.2025\107\depth\14.39.49.738.png
9475,6962,3.5,20.03.2025,107,20.03.2025\107\rgb\14.39.49.830.png,20.03.2025\107\depth\14.39.49.830.png
9476,6962,3.5,20.03.2025,107,20.03.2025\107\rgb\14.39.49.923.png,20.03.2025\107\depth\14.39.49.923.png
9477,6962,3.5,20.03.2025,107,20.03.2025\107\rgb\14.39.50.010.png,20.03.2025\107\depth\14.39.50.010.png
9478,6962,3.5,20.03.2025,107,20.03.2025\107\rgb\14.39.50.090.png,20.03.2025\107\depth\14.39.50.090.png
9479,6962,3.5,20.03.2025,107,20.03.2025\107\rgb\14.39.50.185.png,20.03.2025\107\depth\14.39.50.185.png
9480,6962,3.5,20.03.2025,107,20.03.2025\107\rgb\14.39.50.277.png,20.03.2025\107\depth\14.39.50.277.png
9481,7706,3.5,20.03.2025,108,20.03.2025\108\rgb\14.40.02.003.png,20.03.2025\108\depth\14.40.02.003.png
9482,7706,3.5,20.03.2025,108,20.03.2025\108\rgb\14.40.02.089.png,20.03.2025\108\depth\14.40.02.089.png
9483,7706,3.5,20.03.2025,108,20.03.2025\108\rgb\14.40.02.181.png,20.03.2025\108\depth\14.40.02.181.png
9484,7706,3.5,20.03.2025,108,20.03.2025\108\rgb\14.40.02.272.png,20.03.2025\108\depth\14.40.02.272.png
9485,7706,3.5,20.03.2025,108,20.03.2025\108\rgb\14.40.02.365.png,20.03.2025\108\depth\14.40.02.365.png
9486,7706,3.5,20.03.2025,108,20.03.2025\108\rgb\14.40.02.458.png,20.03.2025\108\depth\14.40.02.458.png
9487,7706,3.5,20.03.2025,108,20.03.2025\108\rgb\14.40.02.553.png,20.03.2025\108\depth\14.40.02.553.png
9488,7706,3.5,20.03.2025,108,20.03.2025\108\rgb\14.40.02.643.png,20.03.2025\108\depth\14.40.02.643.png
9489,7706,3.5,20.03.2025,108,20.03.2025\108\rgb\14.40.02.737.png,20.03.2025\108\depth\14.40.02.737.png
9490,7706,3.5,20.03.2025,108,20.03.2025\108\rgb\14.40.02.829.png,20.03.2025\108\depth\14.40.02.829.png
9491,7706,3.5,20.03.2025,108,20.03.2025\108\rgb\14.40.02.921.png,20.03.2025\108\depth\14.40.02.921.png
9492,7706,3.5,20.03.2025,108,20.03.2025\108\rgb\14.40.03.017.png,20.03.2025\108\depth\14.40.03.017.png
9493,7706,3.5,20.03.2025,108,20.03.2025\108\rgb\14.40.03.108.png,20.03.2025\108\depth\14.40.03.108.png
9494,7706,3.5,20.03.2025,108,20.03.2025\108\rgb\14.40.03.200.png,20.03.2025\108\depth\14.40.03.200.png
9495,7706,3.5,20.03.2025,108,20.03.2025\108\rgb\14.40.03.289.png,20.03.2025\108\depth\14.40.03.289.png
9496,7706,3.5,20.03.2025,108,20.03.2025\108\rgb\14.40.03.382.png,20.03.2025\108\depth\14.40.03.382.png
9497,7706,3.5,20.03.2025,108,20.03.2025\108\rgb\14.40.03.473.png,20.03.2025\108\depth\14.40.03.473.png
9498,7706,3.5,20.03.2025,108,20.03.2025\108\rgb\14.40.03.565.png,20.03.2025\108\depth\14.40.03.565.png
9499,7706,3.5,20.03.2025,108,20.03.2025\108\rgb\14.40.03.656.png,20.03.2025\108\depth\14.40.03.656.png
9500,7706,3.5,20.03.2025,108,20.03.2025\108\rgb\14.40.03.753.png,20.03.2025\108\depth\14.40.03.753.png
9501,7743,3.25,20.03.2025,109,20.03.2025\109\rgb\14.40.34.197.png,20.03.2025\109\depth\14.40.34.197.png
9502,7743,3.25,20.03.2025,109,20.03.2025\109\rgb\14.40.34.290.png,20.03.2025\109\depth\14.40.34.290.png
9503,7743,3.25,20.03.2025,109,20.03.2025\109\rgb\14.40.34.384.png,20.03.2025\109\depth\14.40.34.384.png
9504,7743,3.25,20.03.2025,109,20.03.2025\109\rgb\14.40.34.477.png,20.03.2025\109\depth\14.40.34.477.png
9505,7743,3.25,20.03.2025,109,20.03.2025\109\rgb\14.40.34.566.png,20.03.2025\109\depth\14.40.34.566.png
9506,7743,3.25,20.03.2025,109,20.03.2025\109\rgb\14.40.34.663.png,20.03.2025\109\depth\14.40.34.663.png
9507,7743,3.25,20.03.2025,109,20.03.2025\109\rgb\14.40.34.753.png,20.03.2025\109\depth\14.40.34.753.png
9508,7743,3.25,20.03.2025,109,20.03.2025\109\rgb\14.40.34.845.png,20.03.2025\109\depth\14.40.34.845.png
9509,7743,3.25,20.03.2025,109,20.03.2025\109\rgb\14.40.34.937.png,20.03.2025\109\depth\14.40.34.937.png
9510,7743,3.25,20.03.2025,109,20.03.2025\109\rgb\14.40.35.029.png,20.03.2025\109\depth\14.40.35.029.png
9511,7743,3.25,20.03.2025,109,20.03.2025\109\rgb\14.40.35.118.png,20.03.2025\109\depth\14.40.35.118.png
9512,7743,3.25,20.03.2025,109,20.03.2025\109\rgb\14.40.35.201.png,20.03.2025\109\depth\14.40.35.201.png
9513,7743,3.25,20.03.2025,109,20.03.2025\109\rgb\14.40.35.292.png,20.03.2025\109\depth\14.40.35.292.png
9514,7743,3.25,20.03.2025,109,20.03.2025\109\rgb\14.40.35.386.png,20.03.2025\109\depth\14.40.35.386.png
9515,7743,3.25,20.03.2025,109,20.03.2025\109\rgb\14.40.35.479.png,20.03.2025\109\depth\14.40.35.479.png
9516,7743,3.25,20.03.2025,109,20.03.2025\109\rgb\14.40.35.573.png,20.03.2025\109\depth\14.40.35.573.png
9517,7743,3.25,20.03.2025,109,20.03.2025\109\rgb\14.40.35.666.png,20.03.2025\109\depth\14.40.35.666.png
9518,7743,3.25,20.03.2025,109,20.03.2025\109\rgb\14.40.35.757.png,20.03.2025\109\depth\14.40.35.757.png
9519,7743,3.25,20.03.2025,109,20.03.2025\109\rgb\14.40.35.835.png,20.03.2025\109\depth\14.40.35.835.png
9520,7743,3.25,20.03.2025,109,20.03.2025\109\rgb\14.40.35.924.png,20.03.2025\109\depth\14.40.35.924.png
9521,7617,3.25,20.03.2025,110,20.03.2025\110\rgb\14.42.31.779.png,20.03.2025\110\depth\14.42.31.779.png
9522,7617,3.25,20.03.2025,110,20.03.2025\110\rgb\14.42.31.868.png,20.03.2025\110\depth\14.42.31.868.png
9523,7617,3.25,20.03.2025,110,20.03.2025\110\rgb\14.42.31.959.png,20.03.2025\110\depth\14.42.31.959.png
9524,7617,3.25,20.03.2025,110,20.03.2025\110\rgb\14.42.32.051.png,20.03.2025\110\depth\14.42.32.051.png
9525,7617,3.25,20.03.2025,110,20.03.2025\110\rgb\14.42.32.143.png,20.03.2025\110\depth\14.42.32.143.png
9526,7617,3.25,20.03.2025,110,20.03.2025\110\rgb\14.42.32.237.png,20.03.2025\110\depth\14.42.32.237.png
9527,7617,3.25,20.03.2025,110,20.03.2025\110\rgb\14.42.32.328.png,20.03.2025\110\depth\14.42.32.328.png
9528,7617,3.25,20.03.2025,110,20.03.2025\110\rgb\14.42.32.421.png,20.03.2025\110\depth\14.42.32.421.png
9529,7617,3.25,20.03.2025,110,20.03.2025\110\rgb\14.42.32.514.png,20.03.2025\110\depth\14.42.32.514.png
9530,7617,3.25,20.03.2025,110,20.03.2025\110\rgb\14.42.32.605.png,20.03.2025\110\depth\14.42.32.605.png
9531,7617,3.25,20.03.2025,110,20.03.2025\110\rgb\14.42.32.699.png,20.03.2025\110\depth\14.42.32.699.png
9532,7617,3.25,20.03.2025,110,20.03.2025\110\rgb\14.42.32.792.png,20.03.2025\110\depth\14.42.32.792.png
9533,7617,3.25,20.03.2025,110,20.03.2025\110\rgb\14.42.32.885.png,20.03.2025\110\depth\14.42.32.885.png
9534,7617,3.25,20.03.2025,110,20.03.2025\110\rgb\14.42.32.978.png,20.03.2025\110\depth\14.42.32.978.png
9535,7617,3.25,20.03.2025,110,20.03.2025\110\rgb\14.42.33.068.png,20.03.2025\110\depth\14.42.33.068.png
9536,7617,3.25,20.03.2025,110,20.03.2025\110\rgb\14.42.33.161.png,20.03.2025\110\depth\14.42.33.161.png
9537,7617,3.25,20.03.2025,110,20.03.2025\110\rgb\14.42.33.254.png,20.03.2025\110\depth\14.42.33.254.png
9538,7617,3.25,20.03.2025,110,20.03.2025\110\rgb\14.42.33.348.png,20.03.2025\110\depth\14.42.33.348.png
9539,7617,3.25,20.03.2025,110,20.03.2025\110\rgb\14.42.33.439.png,20.03.2025\110\depth\14.42.33.439.png
9540,7617,3.25,20.03.2025,110,20.03.2025\110\rgb\14.42.33.533.png,20.03.2025\110\depth\14.42.33.533.png
9541,230414,3.5,20.03.2025,111,20.03.2025\111\rgb\14.42.47.198.png,20.03.2025\111\depth\14.42.47.198.png
9542,230414,3.5,20.03.2025,111,20.03.2025\111\rgb\14.42.47.284.png,20.03.2025\111\depth\14.42.47.284.png
9543,230414,3.5,20.03.2025,111,20.03.2025\111\rgb\14.42.47.377.png,20.03.2025\111\depth\14.42.47.377.png
9544,230414,3.5,20.03.2025,111,20.03.2025\111\rgb\14.42.47.467.png,20.03.2025\111\depth\14.42.47.467.png
9545,230414,3.5,20.03.2025,111,20.03.2025\111\rgb\14.42.47.560.png,20.03.2025\111\depth\14.42.47.560.png
9546,230414,3.5,20.03.2025,111,20.03.2025\111\rgb\14.42.47.654.png,20.03.2025\111\depth\14.42.47.654.png
9547,230414,3.5,20.03.2025,111,20.03.2025\111\rgb\14.42.47.746.png,20.03.2025\111\depth\14.42.47.746.png
9548,230414,3.5,20.03.2025,111,20.03.2025\111\rgb\14.42.47.837.png,20.03.2025\111\depth\14.42.47.837.png
9549,230414,3.5,20.03.2025,111,20.03.2025\111\rgb\14.42.47.930.png,20.03.2025\111\depth\14.42.47.930.png
9550,230414,3.5,20.03.2025,111,20.03.2025\111\rgb\14.42.48.021.png,20.03.2025\111\depth\14.42.48.021.png
9551,230414,3.5,20.03.2025,111,20.03.2025\111\rgb\14.42.48.115.png,20.03.2025\111\depth\14.42.48.115.png
9552,230414,3.5,20.03.2025,111,20.03.2025\111\rgb\14.42.48.207.png,20.03.2025\111\depth\14.42.48.207.png
9553,230414,3.5,20.03.2025,111,20.03.2025\111\rgb\14.42.48.300.png,20.03.2025\111\depth\14.42.48.300.png
9554,230414,3.5,20.03.2025,111,20.03.2025\111\rgb\14.42.48.392.png,20.03.2025\111\depth\14.42.48.392.png
9555,230414,3.5,20.03.2025,111,20.03.2025\111\rgb\14.42.48.485.png,20.03.2025\111\depth\14.42.48.485.png
9556,230414,3.5,20.03.2025,111,20.03.2025\111\rgb\14.42.48.577.png,20.03.2025\111\depth\14.42.48.577.png
9557,230414,3.5,20.03.2025,111,20.03.2025\111\rgb\14.42.48.666.png,20.03.2025\111\depth\14.42.48.666.png
9558,230414,3.5,20.03.2025,111,20.03.2025\111\rgb\14.42.48.760.png,20.03.2025\111\depth\14.42.48.760.png
9559,230414,3.5,20.03.2025,111,20.03.2025\111\rgb\14.42.48.854.png,20.03.2025\111\depth\14.42.48.854.png
9560,230414,3.5,20.03.2025,111,20.03.2025\111\rgb\14.42.48.948.png,20.03.2025\111\depth\14.42.48.948.png
9561,6918,3.5,20.03.2025,112,20.03.2025\112\rgb\14.43.02.543.png,20.03.2025\112\depth\14.43.02.543.png
9562,6918,3.5,20.03.2025,112,20.03.2025\112\rgb\14.43.02.641.png,20.03.2025\112\depth\14.43.02.641.png
9563,6918,3.5,20.03.2025,112,20.03.2025\112\rgb\14.43.02.732.png,20.03.2025\112\depth\14.43.02.732.png
9564,6918,3.5,20.03.2025,112,20.03.2025\112\rgb\14.43.02.822.png,20.03.2025\112\depth\14.43.02.822.png
9565,6918,3.5,20.03.2025,112,20.03.2025\112\rgb\14.43.02.914.png,20.03.2025\112\depth\14.43.02.914.png
9566,6918,3.5,20.03.2025,112,20.03.2025\112\rgb\14.43.03.005.png,20.03.2025\112\depth\14.43.03.005.png
9567,6918,3.5,20.03.2025,112,20.03.2025\112\rgb\14.43.03.097.png,20.03.2025\112\depth\14.43.03.097.png
9568,6918,3.5,20.03.2025,112,20.03.2025\112\rgb\14.43.03.189.png,20.03.2025\112\depth\14.43.03.189.png
9569,6918,3.5,20.03.2025,112,20.03.2025\112\rgb\14.43.03.280.png,20.03.2025\112\depth\14.43.03.280.png
9570,6918,3.5,20.03.2025,112,20.03.2025\112\rgb\14.43.03.373.png,20.03.2025\112\depth\14.43.03.373.png
9571,6918,3.5,20.03.2025,112,20.03.2025\112\rgb\14.43.03.463.png,20.03.2025\112\depth\14.43.03.463.png
9572,6918,3.5,20.03.2025,112,20.03.2025\112\rgb\14.43.03.556.png,20.03.2025\112\depth\14.43.03.556.png
9573,6918,3.5,20.03.2025,112,20.03.2025\112\rgb\14.43.03.649.png,20.03.2025\112\depth\14.43.03.649.png
9574,6918,3.5,20.03.2025,112,20.03.2025\112\rgb\14.43.03.739.png,20.03.2025\112\depth\14.43.03.739.png
9575,6918,3.5,20.03.2025,112,20.03.2025\112\rgb\14.43.03.830.png,20.03.2025\112\depth\14.43.03.830.png
9576,6918,3.5,20.03.2025,112,20.03.2025\112\rgb\14.43.03.922.png,20.03.2025\112\depth\14.43.03.922.png
9577,6918,3.5,20.03.2025,112,20.03.2025\112\rgb\14.43.04.014.png,20.03.2025\112\depth\14.43.04.014.png
9578,6918,3.5,20.03.2025,112,20.03.2025\112\rgb\14.43.04.106.png,20.03.2025\112\depth\14.43.04.106.png
9579,6918,3.5,20.03.2025,112,20.03.2025\112\rgb\14.43.04.197.png,20.03.2025\112\depth\14.43.04.197.png
9580,6918,3.5,20.03.2025,112,20.03.2025\112\rgb\14.43.04.289.png,20.03.2025\112\depth\14.43.04.289.png
9581,7688,3.5,20.03.2025,113,20.03.2025\113\rgb\14.43.19.102.png,20.03.2025\113\depth\14.43.19.102.png
9582,7688,3.5,20.03.2025,113,20.03.2025\113\rgb\14.43.19.188.png,20.03.2025\113\depth\14.43.19.188.png
9583,7688,3.5,20.03.2025,113,20.03.2025\113\rgb\14.43.19.279.png,20.03.2025\113\depth\14.43.19.279.png
9584,7688,3.5,20.03.2025,113,20.03.2025\113\rgb\14.43.19.371.png,20.03.2025\113\depth\14.43.19.371.png
9585,7688,3.5,20.03.2025,113,20.03.2025\113\rgb\14.43.19.465.png,20.03.2025\113\depth\14.43.19.465.png
9586,7688,3.5,20.03.2025,113,20.03.2025\113\rgb\14.43.19.560.png,20.03.2025\113\depth\14.43.19.560.png
9587,7688,3.5,20.03.2025,113,20.03.2025\113\rgb\14.43.19.652.png,20.03.2025\113\depth\14.43.19.652.png
9588,7688,3.5,20.03.2025,113,20.03.2025\113\rgb\14.43.19.742.png,20.03.2025\113\depth\14.43.19.742.png
9589,7688,3.5,20.03.2025,113,20.03.2025\113\rgb\14.43.19.835.png,20.03.2025\113\depth\14.43.19.835.png
9590,7688,3.5,20.03.2025,113,20.03.2025\113\rgb\14.43.19.927.png,20.03.2025\113\depth\14.43.19.927.png
9591,7688,3.5,20.03.2025,113,20.03.2025\113\rgb\14.43.20.022.png,20.03.2025\113\depth\14.43.20.022.png
9592,7688,3.5,20.03.2025,113,20.03.2025\113\rgb\14.43.20.114.png,20.03.2025\113\depth\14.43.20.114.png
9593,7688,3.5,20.03.2025,113,20.03.2025\113\rgb\14.43.20.204.png,20.03.2025\113\depth\14.43.20.204.png
9594,7688,3.5,20.03.2025,113,20.03.2025\113\rgb\14.43.20.296.png,20.03.2025\113\depth\14.43.20.296.png
9595,7688,3.5,20.03.2025,113,20.03.2025\113\rgb\14.43.20.386.png,20.03.2025\113\depth\14.43.20.386.png
9596,7688,3.5,20.03.2025,113,20.03.2025\113\rgb\14.43.20.485.png,20.03.2025\113\depth\14.43.20.485.png
9597,7688,3.5,20.03.2025,113,20.03.2025\113\rgb\14.43.20.579.png,20.03.2025\113\depth\14.43.20.579.png
9598,7688,3.5,20.03.2025,113,20.03.2025\113\rgb\14.43.20.671.png,20.03.2025\113\depth\14.43.20.671.png
9599,7688,3.5,20.03.2025,113,20.03.2025\113\rgb\14.43.20.764.png,20.03.2025\113\depth\14.43.20.764.png
9600,7688,3.5,20.03.2025,113,20.03.2025\113\rgb\14.43.20.858.png,20.03.2025\113\depth\14.43.20.858.png
9601,7547,3.5,20.03.2025,114,20.03.2025\114\rgb\14.43.33.936.png,20.03.2025\114\depth\14.43.33.936.png
9602,7547,3.5,20.03.2025,114,20.03.2025\114\rgb\14.43.34.034.png,20.03.2025\114\depth\14.43.34.034.png
9603,7547,3.5,20.03.2025,114,20.03.2025\114\rgb\14.43.34.128.png,20.03.2025\114\depth\14.43.34.128.png
9604,7547,3.5,20.03.2025,114,20.03.2025\114\rgb\14.43.34.224.png,20.03.2025\114\depth\14.43.34.224.png
9605,7547,3.5,20.03.2025,114,20.03.2025\114\rgb\14.43.34.321.png,20.03.2025\114\depth\14.43.34.321.png
9606,7547,3.5,20.03.2025,114,20.03.2025\114\rgb\14.43.34.420.png,20.03.2025\114\depth\14.43.34.420.png
9607,7547,3.5,20.03.2025,114,20.03.2025\114\rgb\14.43.34.515.png,20.03.2025\114\depth\14.43.34.515.png
9608,7547,3.5,20.03.2025,114,20.03.2025\114\rgb\14.43.34.607.png,20.03.2025\114\depth\14.43.34.607.png
9609,7547,3.5,20.03.2025,114,20.03.2025\114\rgb\14.43.34.700.png,20.03.2025\114\depth\14.43.34.700.png
9610,7547,3.5,20.03.2025,114,20.03.2025\114\rgb\14.43.34.791.png,20.03.2025\114\depth\14.43.34.791.png
9611,7547,3.5,20.03.2025,114,20.03.2025\114\rgb\14.43.34.890.png,20.03.2025\114\depth\14.43.34.890.png
9612,7547,3.5,20.03.2025,114,20.03.2025\114\rgb\14.43.34.980.png,20.03.2025\114\depth\14.43.34.980.png
9613,7547,3.5,20.03.2025,114,20.03.2025\114\rgb\14.43.35.070.png,20.03.2025\114\depth\14.43.35.070.png
9614,7547,3.5,20.03.2025,114,20.03.2025\114\rgb\14.43.35.162.png,20.03.2025\114\depth\14.43.35.162.png
9615,7547,3.5,20.03.2025,114,20.03.2025\114\rgb\14.43.35.254.png,20.03.2025\114\depth\14.43.35.254.png
9616,7547,3.5,20.03.2025,114,20.03.2025\114\rgb\14.43.35.350.png,20.03.2025\114\depth\14.43.35.350.png
9617,7547,3.5,20.03.2025,114,20.03.2025\114\rgb\14.43.35.437.png,20.03.2025\114\depth\14.43.35.437.png
9618,7547,3.5,20.03.2025,114,20.03.2025\114\rgb\14.43.35.543.png,20.03.2025\114\depth\14.43.35.543.png
9619,7547,3.5,20.03.2025,114,20.03.2025\114\rgb\14.43.35.644.png,20.03.2025\114\depth\14.43.35.644.png
9620,7547,3.5,20.03.2025,114,20.03.2025\114\rgb\14.43.35.739.png,20.03.2025\114\depth\14.43.35.739.png
9621,7773,3.5,20.03.2025,115,20.03.2025\115\rgb\14.48.11.770.png,20.03.2025\115\depth\14.48.11.770.png
9622,7773,3.5,20.03.2025,115,20.03.2025\115\rgb\14.48.11.858.png,20.03.2025\115\depth\14.48.11.858.png
9623,7773,3.5,20.03.2025,115,20.03.2025\115\rgb\14.48.11.949.png,20.03.2025\115\depth\14.48.11.949.png
9624,7773,3.5,20.03.2025,115,20.03.2025\115\rgb\14.48.12.041.png,20.03.2025\115\depth\14.48.12.041.png
9625,7773,3.5,20.03.2025,115,20.03.2025\115\rgb\14.48.12.131.png,20.03.2025\115\depth\14.48.12.131.png
9626,7773,3.5,20.03.2025,115,20.03.2025\115\rgb\14.48.12.224.png,20.03.2025\115\depth\14.48.12.224.png
9627,7773,3.5,20.03.2025,115,20.03.2025\115\rgb\14.48.12.315.png,20.03.2025\115\depth\14.48.12.315.png
9628,7773,3.5,20.03.2025,115,20.03.2025\115\rgb\14.48.12.408.png,20.03.2025\115\depth\14.48.12.408.png
9629,7773,3.5,20.03.2025,115,20.03.2025\115\rgb\14.48.12.500.png,20.03.2025\115\depth\14.48.12.500.png
9630,7773,3.5,20.03.2025,115,20.03.2025\115\rgb\14.48.12.593.png,20.03.2025\115\depth\14.48.12.593.png
9631,7773,3.5,20.03.2025,115,20.03.2025\115\rgb\14.48.12.686.png,20.03.2025\115\depth\14.48.12.686.png
9632,7773,3.5,20.03.2025,115,20.03.2025\115\rgb\14.48.12.778.png,20.03.2025\115\depth\14.48.12.778.png
9633,7773,3.5,20.03.2025,115,20.03.2025\115\rgb\14.48.12.868.png,20.03.2025\115\depth\14.48.12.868.png
9634,7773,3.5,20.03.2025,115,20.03.2025\115\rgb\14.48.12.958.png,20.03.2025\115\depth\14.48.12.958.png
9635,7773,3.5,20.03.2025,115,20.03.2025\115\rgb\14.48.13.054.png,20.03.2025\115\depth\14.48.13.054.png
9636,7773,3.5,20.03.2025,115,20.03.2025\115\rgb\14.48.13.148.png,20.03.2025\115\depth\14.48.13.148.png
9637,7773,3.5,20.03.2025,115,20.03.2025\115\rgb\14.48.13.241.png,20.03.2025\115\depth\14.48.13.241.png
9638,7773,3.5,20.03.2025,115,20.03.2025\115\rgb\14.48.13.332.png,20.03.2025\115\depth\14.48.13.332.png
9639,7773,3.5,20.03.2025,115,20.03.2025\115\rgb\14.48.13.425.png,20.03.2025\115\depth\14.48.13.425.png
9640,7773,3.5,20.03.2025,115,20.03.2025\115\rgb\14.48.13.519.png,20.03.2025\115\depth\14.48.13.519.png
9641,6740,3.5,20.03.2025,116,20.03.2025\116\rgb\14.48.42.759.png,20.03.2025\116\depth\14.48.42.759.png
9642,6740,3.5,20.03.2025,116,20.03.2025\116\rgb\14.48.42.861.png,20.03.2025\116\depth\14.48.42.861.png
9643,6740,3.5,20.03.2025,116,20.03.2025\116\rgb\14.48.42.952.png,20.03.2025\116\depth\14.48.42.952.png
9644,6740,3.5,20.03.2025,116,20.03.2025\116\rgb\14.48.43.043.png,20.03.2025\116\depth\14.48.43.043.png
9645,6740,3.5,20.03.2025,116,20.03.2025\116\rgb\14.48.43.134.png,20.03.2025\116\depth\14.48.43.134.png
9646,6740,3.5,20.03.2025,116,20.03.2025\116\rgb\14.48.43.225.png,20.03.2025\116\depth\14.48.43.225.png
9647,6740,3.5,20.03.2025,116,20.03.2025\116\rgb\14.48.43.321.png,20.03.2025\116\depth\14.48.43.321.png
9648,6740,3.5,20.03.2025,116,20.03.2025\116\rgb\14.48.43.413.png,20.03.2025\116\depth\14.48.43.413.png
9649,6740,3.5,20.03.2025,116,20.03.2025\116\rgb\14.48.43.506.png,20.03.2025\116\depth\14.48.43.506.png
9650,6740,3.5,20.03.2025,116,20.03.2025\116\rgb\14.48.43.598.png,20.03.2025\116\depth\14.48.43.598.png
9651,6740,3.5,20.03.2025,116,20.03.2025\116\rgb\14.48.43.692.png,20.03.2025\116\depth\14.48.43.692.png
9652,6740,3.5,20.03.2025,116,20.03.2025\116\rgb\14.48.43.788.png,20.03.2025\116\depth\14.48.43.788.png
9653,6740,3.5,20.03.2025,116,20.03.2025\116\rgb\14.48.43.879.png,20.03.2025\116\depth\14.48.43.879.png
9654,6740,3.5,20.03.2025,116,20.03.2025\116\rgb\14.48.43.971.png,20.03.2025\116\depth\14.48.43.971.png
9655,6740,3.5,20.03.2025,116,20.03.2025\116\rgb\14.48.44.062.png,20.03.2025\116\depth\14.48.44.062.png
9656,6740,3.5,20.03.2025,116,20.03.2025\116\rgb\14.48.44.158.png,20.03.2025\116\depth\14.48.44.158.png
9657,6740,3.5,20.03.2025,116,20.03.2025\116\rgb\14.48.44.252.png,20.03.2025\116\depth\14.48.44.252.png
9658,6740,3.5,20.03.2025,116,20.03.2025\116\rgb\14.48.44.352.png,20.03.2025\116\depth\14.48.44.352.png
9659,6740,3.5,20.03.2025,116,20.03.2025\116\rgb\14.48.44.447.png,20.03.2025\116\depth\14.48.44.447.png
9660,6740,3.5,20.03.2025,116,20.03.2025\116\rgb\14.48.44.538.png,20.03.2025\116\depth\14.48.44.538.png
9661,7586,3.25,20.03.2025,117,20.03.2025\117\rgb\14.48.57.936.png,20.03.2025\117\depth\14.48.57.936.png
9662,7586,3.25,20.03.2025,117,20.03.2025\117\rgb\14.48.58.034.png,20.03.2025\117\depth\14.48.58.034.png
9663,7586,3.25,20.03.2025,117,20.03.2025\117\rgb\14.48.58.128.png,20.03.2025\117\depth\14.48.58.128.png
9664,7586,3.25,20.03.2025,117,20.03.2025\117\rgb\14.48.58.219.png,20.03.2025\117\depth\14.48.58.219.png
9665,7586,3.25,20.03.2025,117,20.03.2025\117\rgb\14.48.58.312.png,20.03.2025\117\depth\14.48.58.312.png
9666,7586,3.25,20.03.2025,117,20.03.2025\117\rgb\14.48.58.401.png,20.03.2025\117\depth\14.48.58.401.png
9667,7586,3.25,20.03.2025,117,20.03.2025\117\rgb\14.48.58.493.png,20.03.2025\117\depth\14.48.58.493.png
9668,7586,3.25,20.03.2025,117,20.03.2025\117\rgb\14.48.58.588.png,20.03.2025\117\depth\14.48.58.588.png
9669,7586,3.25,20.03.2025,117,20.03.2025\117\rgb\14.48.58.681.png,20.03.2025\117\depth\14.48.58.681.png
9670,7586,3.25,20.03.2025,117,20.03.2025\117\rgb\14.48.58.773.png,20.03.2025\117\depth\14.48.58.773.png
9671,7586,3.25,20.03.2025,117,20.03.2025\117\rgb\14.48.58.865.png,20.03.2025\117\depth\14.48.58.865.png
9672,7586,3.25,20.03.2025,117,20.03.2025\117\rgb\14.48.58.959.png,20.03.2025\117\depth\14.48.58.959.png
9673,7586,3.25,20.03.2025,117,20.03.2025\117\rgb\14.48.59.052.png,20.03.2025\117\depth\14.48.59.052.png
9674,7586,3.25,20.03.2025,117,20.03.2025\117\rgb\14.48.59.143.png,20.03.2025\117\depth\14.48.59.143.png
9675,7586,3.25,20.03.2025,117,20.03.2025\117\rgb\14.48.59.235.png,20.03.2025\117\depth\14.48.59.235.png
9676,7586,3.25,20.03.2025,117,20.03.2025\117\rgb\14.48.59.329.png,20.03.2025\117\depth\14.48.59.329.png
9677,7586,3.25,20.03.2025,117,20.03.2025\117\rgb\14.48.59.420.png,20.03.2025\117\depth\14.48.59.420.png
9678,7586,3.25,20.03.2025,117,20.03.2025\117\rgb\14.48.59.514.png,20.03.2025\117\depth\14.48.59.514.png
9679,7586,3.25,20.03.2025,117,20.03.2025\117\rgb\14.48.59.606.png,20.03.2025\117\depth\14.48.59.606.png
9680,7586,3.25,20.03.2025,117,20.03.2025\117\rgb\14.48.59.698.png,20.03.2025\117\depth\14.48.59.698.png
9681,7776,3.25,20.03.2025,118,20.03.2025\118\rgb\14.49.28.944.png,20.03.2025\118\depth\14.49.28.944.png
9682,7776,3.25,20.03.2025,118,20.03.2025\118\rgb\14.49.29.040.png,20.03.2025\118\depth\14.49.29.040.png
9683,7776,3.25,20.03.2025,118,20.03.2025\118\rgb\14.49.29.135.png,20.03.2025\118\depth\14.49.29.135.png
9684,7776,3.25,20.03.2025,118,20.03.2025\118\rgb\14.49.29.226.png,20.03.2025\118\depth\14.49.29.226.png
9685,7776,3.25,20.03.2025,118,20.03.2025\118\rgb\14.49.29.322.png,20.03.2025\118\depth\14.49.29.322.png
9686,7776,3.25,20.03.2025,118,20.03.2025\118\rgb\14.49.29.408.png,20.03.2025\118\depth\14.49.29.408.png
9687,7776,3.25,20.03.2025,118,20.03.2025\118\rgb\14.49.29.503.png,20.03.2025\118\depth\14.49.29.503.png
9688,7776,3.25,20.03.2025,118,20.03.2025\118\rgb\14.49.29.596.png,20.03.2025\118\depth\14.49.29.596.png
9689,7776,3.25,20.03.2025,118,20.03.2025\118\rgb\14.49.29.691.png,20.03.2025\118\depth\14.49.29.691.png
9690,7776,3.25,20.03.2025,118,20.03.2025\118\rgb\14.49.29.782.png,20.03.2025\118\depth\14.49.29.782.png
9691,7776,3.25,20.03.2025,118,20.03.2025\118\rgb\14.49.29.874.png,20.03.2025\118\depth\14.49.29.874.png
9692,7776,3.25,20.03.2025,118,20.03.2025\118\rgb\14.49.29.967.png,20.03.2025\118\depth\14.49.29.967.png
9693,7776,3.25,20.03.2025,118,20.03.2025\118\rgb\14.49.30.061.png,20.03.2025\118\depth\14.49.30.061.png
9694,7776,3.25,20.03.2025,118,20.03.2025\118\rgb\14.49.30.154.png,20.03.2025\118\depth\14.49.30.154.png
9695,7776,3.25,20.03.2025,118,20.03.2025\118\rgb\14.49.30.247.png,20.03.2025\118\depth\14.49.30.247.png
9696,7776,3.25,20.03.2025,118,20.03.2025\118\rgb\14.49.30.338.png,20.03.2025\118\depth\14.49.30.338.png
9697,7776,3.25,20.03.2025,118,20.03.2025\118\rgb\14.49.30.429.png,20.03.2025\118\depth\14.49.30.429.png
9698,7776,3.25,20.03.2025,118,20.03.2025\118\rgb\14.49.30.524.png,20.03.2025\118\depth\14.49.30.524.png
9699,7776,3.25,20.03.2025,118,20.03.2025\118\rgb\14.49.30.617.png,20.03.2025\118\depth\14.49.30.617.png
9700,7776,3.25,20.03.2025,118,20.03.2025\118\rgb\14.49.30.712.png,20.03.2025\118\depth\14.49.30.712.png
9701,7730,3.5,20.03.2025,119,20.03.2025\119\rgb\14.49.43.774.png,20.03.2025\119\depth\14.49.43.774.png
9702,7730,3.5,20.03.2025,119,20.03.2025\119\rgb\14.49.43.857.png,20.03.2025\119\depth\14.49.43.857.png
9703,7730,3.5,20.03.2025,119,20.03.2025\119\rgb\14.49.43.951.png,20.03.2025\119\depth\14.49.43.951.png
9704,7730,3.5,20.03.2025,119,20.03.2025\119\rgb\14.49.44.040.png,20.03.2025\119\depth\14.49.44.040.png
9705,7730,3.5,20.03.2025,119,20.03.2025\119\rgb\14.49.44.132.png,20.03.2025\119\depth\14.49.44.132.png
9706,7730,3.5,20.03.2025,119,20.03.2025\119\rgb\14.49.44.226.png,20.03.2025\119\depth\14.49.44.226.png
9707,7730,3.5,20.03.2025,119,20.03.2025\119\rgb\14.49.44.329.png,20.03.2025\119\depth\14.49.44.329.png
9708,7730,3.5,20.03.2025,119,20.03.2025\119\rgb\14.49.44.424.png,20.03.2025\119\depth\14.49.44.424.png
9709,7730,3.5,20.03.2025,119,20.03.2025\119\rgb\14.49.44.518.png,20.03.2025\119\depth\14.49.44.518.png
9710,7730,3.5,20.03.2025,119,20.03.2025\119\rgb\14.49.44.610.png,20.03.2025\119\depth\14.49.44.610.png
9711,7730,3.5,20.03.2025,119,20.03.2025\119\rgb\14.49.44.701.png,20.03.2025\119\depth\14.49.44.701.png
9712,7730,3.5,20.03.2025,119,20.03.2025\119\rgb\14.49.44.795.png,20.03.2025\119\depth\14.49.44.795.png
9713,7730,3.5,20.03.2025,119,20.03.2025\119\rgb\14.49.44.888.png,20.03.2025\119\depth\14.49.44.888.png
9714,7730,3.5,20.03.2025,119,20.03.2025\119\rgb\14.49.44.979.png,20.03.2025\119\depth\14.49.44.979.png
9715,7730,3.5,20.03.2025,119,20.03.2025\119\rgb\14.49.45.071.png,20.03.2025\119\depth\14.49.45.071.png
9716,7730,3.5,20.03.2025,119,20.03.2025\119\rgb\14.49.45.162.png,20.03.2025\119\depth\14.49.45.162.png
9717,7730,3.5,20.03.2025,119,20.03.2025\119\rgb\14.49.45.256.png,20.03.2025\119\depth\14.49.45.256.png
9718,7730,3.5,20.03.2025,119,20.03.2025\119\rgb\14.49.45.352.png,20.03.2025\119\depth\14.49.45.352.png
9719,7730,3.5,20.03.2025,119,20.03.2025\119\rgb\14.49.45.444.png,20.03.2025\119\depth\14.49.45.444.png
9720,7730,3.5,20.03.2025,119,20.03.2025\119\rgb\14.49.45.537.png,20.03.2025\119\depth\14.49.45.537.png
9721,7712,3.25,20.03.2025,120,20.03.2025\120\rgb\14.50.00.120.png,20.03.2025\120\depth\14.50.00.120.png
9722,7712,3.25,20.03.2025,120,20.03.2025\120\rgb\14.50.00.207.png,20.03.2025\120\depth\14.50.00.207.png
9723,7712,3.25,20.03.2025,120,20.03.2025\120\rgb\14.50.00.299.png,20.03.2025\120\depth\14.50.00.299.png
9724,7712,3.25,20.03.2025,120,20.03.2025\120\rgb\14.50.00.390.png,20.03.2025\120\depth\14.50.00.390.png
9725,7712,3.25,20.03.2025,120,20.03.2025\120\rgb\14.50.00.484.png,20.03.2025\120\depth\14.50.00.484.png
9726,7712,3.25,20.03.2025,120,20.03.2025\120\rgb\14.50.00.573.png,20.03.2025\120\depth\14.50.00.573.png
9727,7712,3.25,20.03.2025,120,20.03.2025\120\rgb\14.50.00.665.png,20.03.2025\120\depth\14.50.00.665.png
9728,7712,3.25,20.03.2025,120,20.03.2025\120\rgb\14.50.00.758.png,20.03.2025\120\depth\14.50.00.758.png
9729,7712,3.25,20.03.2025,120,20.03.2025\120\rgb\14.50.00.848.png,20.03.2025\120\depth\14.50.00.848.png
9730,7712,3.25,20.03.2025,120,20.03.2025\120\rgb\14.50.00.920.png,20.03.2025\120\depth\14.50.00.920.png
9731,7712,3.25,20.03.2025,120,20.03.2025\120\rgb\14.50.01.006.png,20.03.2025\120\depth\14.50.01.006.png
9732,7712,3.25,20.03.2025,120,20.03.2025\120\rgb\14.50.01.098.png,20.03.2025\120\depth\14.50.01.098.png
9733,7712,3.25,20.03.2025,120,20.03.2025\120\rgb\14.50.01.189.png,20.03.2025\120\depth\14.50.01.189.png
9734,7712,3.25,20.03.2025,120,20.03.2025\120\rgb\14.50.01.269.png,20.03.2025\120\depth\14.50.01.269.png
9735,7712,3.25,20.03.2025,120,20.03.2025\120\rgb\14.50.01.359.png,20.03.2025\120\depth\14.50.01.359.png
9736,7712,3.25,20.03.2025,120,20.03.2025\120\rgb\14.50.01.452.png,20.03.2025\120\depth\14.50.01.452.png
9737,7712,3.25,20.03.2025,120,20.03.2025\120\rgb\14.50.01.548.png,20.03.2025\120\depth\14.50.01.548.png
9738,7712,3.25,20.03.2025,120,20.03.2025\120\rgb\14.50.01.642.png,20.03.2025\120\depth\14.50.01.642.png
9739,7712,3.25,20.03.2025,120,20.03.2025\120\rgb\14.50.01.733.png,20.03.2025\120\depth\14.50.01.733.png
9740,7712,3.25,20.03.2025,120,20.03.2025\120\rgb\14.50.01.825.png,20.03.2025\120\depth\14.50.01.825.png
9741,7079,3.5,20.03.2025,121,20.03.2025\121\rgb\14.50.30.996.png,20.03.2025\121\depth\14.50.30.996.png
9742,7079,3.5,20.03.2025,121,20.03.2025\121\rgb\14.50.31.095.png,20.03.2025\121\depth\14.50.31.095.png
9743,7079,3.5,20.03.2025,121,20.03.2025\121\rgb\14.50.31.185.png,20.03.2025\121\depth\14.50.31.185.png
9744,7079,3.5,20.03.2025,121,20.03.2025\121\rgb\14.50.31.278.png,20.03.2025\121\depth\14.50.31.278.png
9745,7079,3.5,20.03.2025,121,20.03.2025\121\rgb\14.50.31.368.png,20.03.2025\121\depth\14.50.31.368.png
9746,7079,3.5,20.03.2025,121,20.03.2025\121\rgb\14.50.31.459.png,20.03.2025\121\depth\14.50.31.459.png
9747,7079,3.5,20.03.2025,121,20.03.2025\121\rgb\14.50.31.542.png,20.03.2025\121\depth\14.50.31.542.png
9748,7079,3.5,20.03.2025,121,20.03.2025\121\rgb\14.50.31.632.png,20.03.2025\121\depth\14.50.31.632.png
9749,7079,3.5,20.03.2025,121,20.03.2025\121\rgb\14.50.31.724.png,20.03.2025\121\depth\14.50.31.724.png
9750,7079,3.5,20.03.2025,121,20.03.2025\121\rgb\14.50.31.803.png,20.03.2025\121\depth\14.50.31.803.png
9751,7079,3.5,20.03.2025,121,20.03.2025\121\rgb\14.50.31.898.png,20.03.2025\121\depth\14.50.31.898.png
9752,7079,3.5,20.03.2025,121,20.03.2025\121\rgb\14.50.31.990.png,20.03.2025\121\depth\14.50.31.990.png
9753,7079,3.5,20.03.2025,121,20.03.2025\121\rgb\14.50.32.085.png,20.03.2025\121\depth\14.50.32.085.png
9754,7079,3.5,20.03.2025,121,20.03.2025\121\rgb\14.50.32.178.png,20.03.2025\121\depth\14.50.32.178.png
9755,7079,3.5,20.03.2025,121,20.03.2025\121\rgb\14.50.32.268.png,20.03.2025\121\depth\14.50.32.268.png
9756,7079,3.5,20.03.2025,121,20.03.2025\121\rgb\14.50.32.361.png,20.03.2025\121\depth\14.50.32.361.png
9757,7079,3.5,20.03.2025,121,20.03.2025\121\rgb\14.50.32.455.png,20.03.2025\121\depth\14.50.32.455.png
9758,7079,3.5,20.03.2025,121,20.03.2025\121\rgb\14.50.32.549.png,20.03.2025\121\depth\14.50.32.549.png
9759,7079,3.5,20.03.2025,121,20.03.2025\121\rgb\14.50.32.644.png,20.03.2025\121\depth\14.50.32.644.png
9760,7079,3.5,20.03.2025,121,20.03.2025\121\rgb\14.50.32.731.png,20.03.2025\121\depth\14.50.32.731.png
9761,7705,3.25,20.03.2025,122,20.03.2025\122\rgb\14.50.43.346.png,20.03.2025\122\depth\14.50.43.346.png
9762,7705,3.25,20.03.2025,122,20.03.2025\122\rgb\14.50.43.431.png,20.03.2025\122\depth\14.50.43.431.png
9763,7705,3.25,20.03.2025,122,20.03.2025\122\rgb\14.50.43.523.png,20.03.2025\122\depth\14.50.43.523.png
9764,7705,3.25,20.03.2025,122,20.03.2025\122\rgb\14.50.43.618.png,20.03.2025\122\depth\14.50.43.618.png
9765,7705,3.25,20.03.2025,122,20.03.2025\122\rgb\14.50.43.711.png,20.03.2025\122\depth\14.50.43.711.png
9766,7705,3.25,20.03.2025,122,20.03.2025\122\rgb\14.50.43.786.png,20.03.2025\122\depth\14.50.43.786.png
9767,7705,3.25,20.03.2025,122,20.03.2025\122\rgb\14.50.43.881.png,20.03.2025\122\depth\14.50.43.881.png
9768,7705,3.25,20.03.2025,122,20.03.2025\122\rgb\14.50.43.972.png,20.03.2025\122\depth\14.50.43.972.png
9769,7705,3.25,20.03.2025,122,20.03.2025\122\rgb\14.50.44.050.png,20.03.2025\122\depth\14.50.44.050.png
9770,7705,3.25,20.03.2025,122,20.03.2025\122\rgb\14.50.44.144.png,20.03.2025\122\depth\14.50.44.144.png
9771,7705,3.25,20.03.2025,122,20.03.2025\122\rgb\14.50.44.234.png,20.03.2025\122\depth\14.50.44.234.png
9772,7705,3.25,20.03.2025,122,20.03.2025\122\rgb\14.50.44.327.png,20.03.2025\122\depth\14.50.44.327.png
9773,7705,3.25,20.03.2025,122,20.03.2025\122\rgb\14.50.44.420.png,20.03.2025\122\depth\14.50.44.420.png
9774,7705,3.25,20.03.2025,122,20.03.2025\122\rgb\14.50.44.510.png,20.03.2025\122\depth\14.50.44.510.png
9775,7705,3.25,20.03.2025,122,20.03.2025\122\rgb\14.50.44.605.png,20.03.2025\122\depth\14.50.44.605.png
9776,7705,3.25,20.03.2025,122,20.03.2025\122\rgb\14.50.44.697.png,20.03.2025\122\depth\14.50.44.697.png
9777,7705,3.25,20.03.2025,122,20.03.2025\122\rgb\14.50.44.789.png,20.03.2025\122\depth\14.50.44.789.png
9778,7705,3.25,20.03.2025,122,20.03.2025\122\rgb\14.50.44.883.png,20.03.2025\122\depth\14.50.44.883.png
9779,7705,3.25,20.03.2025,122,20.03.2025\122\rgb\14.50.44.974.png,20.03.2025\122\depth\14.50.44.974.png
9780,7705,3.25,20.03.2025,122,20.03.2025\122\rgb\14.50.45.065.png,20.03.2025\122\depth\14.50.45.065.png
9781,7618,3.5,20.03.2025,123,20.03.2025\123\rgb\14.51.38.808.png,20.03.2025\123\depth\14.51.38.808.png
9782,7618,3.5,20.03.2025,123,20.03.2025\123\rgb\14.51.38.892.png,20.03.2025\123\depth\14.51.38.892.png
9783,7618,3.5,20.03.2025,123,20.03.2025\123\rgb\14.51.38.985.png,20.03.2025\123\depth\14.51.38.985.png
9784,7618,3.5,20.03.2025,123,20.03.2025\123\rgb\14.51.39.080.png,20.03.2025\123\depth\14.51.39.080.png
9785,7618,3.5,20.03.2025,123,20.03.2025\123\rgb\14.51.39.173.png,20.03.2025\123\depth\14.51.39.173.png
9786,7618,3.5,20.03.2025,123,20.03.2025\123\rgb\14.51.39.264.png,20.03.2025\123\depth\14.51.39.264.png
9787,7618,3.5,20.03.2025,123,20.03.2025\123\rgb\14.51.39.356.png,20.03.2025\123\depth\14.51.39.356.png
9788,7618,3.5,20.03.2025,123,20.03.2025\123\rgb\14.51.39.452.png,20.03.2025\123\depth\14.51.39.452.png
9789,7618,3.5,20.03.2025,123,20.03.2025\123\rgb\14.51.39.540.png,20.03.2025\123\depth\14.51.39.540.png
9790,7618,3.5,20.03.2025,123,20.03.2025\123\rgb\14.51.39.634.png,20.03.2025\123\depth\14.51.39.634.png
9791,7618,3.5,20.03.2025,123,20.03.2025\123\rgb\14.51.39.728.png,20.03.2025\123\depth\14.51.39.728.png
9792,7618,3.5,20.03.2025,123,20.03.2025\123\rgb\14.51.39.820.png,20.03.2025\123\depth\14.51.39.820.png
9793,7618,3.5,20.03.2025,123,20.03.2025\123\rgb\14.51.39.914.png,20.03.2025\123\depth\14.51.39.914.png
9794,7618,3.5,20.03.2025,123,20.03.2025\123\rgb\14.51.40.007.png,20.03.2025\123\depth\14.51.40.007.png
9795,7618,3.5,20.03.2025,123,20.03.2025\123\rgb\14.51.40.097.png,20.03.2025\123\depth\14.51.40.097.png
9796,7618,3.5,20.03.2025,123,20.03.2025\123\rgb\14.51.40.188.png,20.03.2025\123\depth\14.51.40.188.png
9797,7618,3.5,20.03.2025,123,20.03.2025\123\rgb\14.51.40.281.png,20.03.2025\123\depth\14.51.40.281.png
9798,7618,3.5,20.03.2025,123,20.03.2025\123\rgb\14.51.40.377.png,20.03.2025\123\depth\14.51.40.377.png
9799,7618,3.5,20.03.2025,123,20.03.2025\123\rgb\14.51.40.468.png,20.03.2025\123\depth\14.51.40.468.png
9800,7618,3.5,20.03.2025,123,20.03.2025\123\rgb\14.51.40.558.png,20.03.2025\123\depth\14.51.40.558.png
9801,7700,3.25,20.03.2025,124,20.03.2025\124\rgb\14.51.52.569.png,20.03.2025\124\depth\14.51.52.569.png
9802,7700,3.25,20.03.2025,124,20.03.2025\124\rgb\14.51.52.656.png,20.03.2025\124\depth\14.51.52.656.png
9803,7700,3.25,20.03.2025,124,20.03.2025\124\rgb\14.51.52.745.png,20.03.2025\124\depth\14.51.52.745.png
9804,7700,3.25,20.03.2025,124,20.03.2025\124\rgb\14.51.52.837.png,20.03.2025\124\depth\14.51.52.837.png
9805,7700,3.25,20.03.2025,124,20.03.2025\124\rgb\14.51.52.928.png,20.03.2025\124\depth\14.51.52.928.png
9806,7700,3.25,20.03.2025,124,20.03.2025\124\rgb\14.51.53.022.png,20.03.2025\124\depth\14.51.53.022.png
9807,7700,3.25,20.03.2025,124,20.03.2025\124\rgb\14.51.53.114.png,20.03.2025\124\depth\14.51.53.114.png
9808,7700,3.25,20.03.2025,124,20.03.2025\124\rgb\14.51.53.208.png,20.03.2025\124\depth\14.51.53.208.png
9809,7700,3.25,20.03.2025,124,20.03.2025\124\rgb\14.51.53.297.png,20.03.2025\124\depth\14.51.53.297.png
9810,7700,3.25,20.03.2025,124,20.03.2025\124\rgb\14.51.53.391.png,20.03.2025\124\depth\14.51.53.391.png
9811,7700,3.25,20.03.2025,124,20.03.2025\124\rgb\14.51.53.482.png,20.03.2025\124\depth\14.51.53.482.png
9812,7700,3.25,20.03.2025,124,20.03.2025\124\rgb\14.51.53.574.png,20.03.2025\124\depth\14.51.53.574.png
9813,7700,3.25,20.03.2025,124,20.03.2025\124\rgb\14.51.53.667.png,20.03.2025\124\depth\14.51.53.667.png
9814,7700,3.25,20.03.2025,124,20.03.2025\124\rgb\14.51.53.760.png,20.03.2025\124\depth\14.51.53.760.png
9815,7700,3.25,20.03.2025,124,20.03.2025\124\rgb\14.51.53.856.png,20.03.2025\124\depth\14.51.53.856.png
9816,7700,3.25,20.03.2025,124,20.03.2025\124\rgb\14.51.53.947.png,20.03.2025\124\depth\14.51.53.947.png
9817,7700,3.25,20.03.2025,124,20.03.2025\124\rgb\14.51.54.041.png,20.03.2025\124\depth\14.51.54.041.png
9818,7700,3.25,20.03.2025,124,20.03.2025\124\rgb\14.51.54.130.png,20.03.2025\124\depth\14.51.54.130.png
9819,7700,3.25,20.03.2025,124,20.03.2025\124\rgb\14.51.54.227.png,20.03.2025\124\depth\14.51.54.227.png
9820,7700,3.25,20.03.2025,124,20.03.2025\124\rgb\14.51.54.320.png,20.03.2025\124\depth\14.51.54.320.png
9821,7625,3.25,20.03.2025,125,20.03.2025\125\rgb\14.52.24.239.png,20.03.2025\125\depth\14.52.24.239.png
9822,7625,3.25,20.03.2025,125,20.03.2025\125\rgb\14.52.24.325.png,20.03.2025\125\depth\14.52.24.325.png
9823,7625,3.25,20.03.2025,125,20.03.2025\125\rgb\14.52.24.422.png,20.03.2025\125\depth\14.52.24.422.png
9824,7625,3.25,20.03.2025,125,20.03.2025\125\rgb\14.52.24.512.png,20.03.2025\125\depth\14.52.24.512.png
9825,7625,3.25,20.03.2025,125,20.03.2025\125\rgb\14.52.24.605.png,20.03.2025\125\depth\14.52.24.605.png
9826,7625,3.25,20.03.2025,125,20.03.2025\125\rgb\14.52.24.698.png,20.03.2025\125\depth\14.52.24.698.png
9827,7625,3.25,20.03.2025,125,20.03.2025\125\rgb\14.52.24.791.png,20.03.2025\125\depth\14.52.24.791.png
9828,7625,3.25,20.03.2025,125,20.03.2025\125\rgb\14.52.24.882.png,20.03.2025\125\depth\14.52.24.882.png
9829,7625,3.25,20.03.2025,125,20.03.2025\125\rgb\14.52.24.972.png,20.03.2025\125\depth\14.52.24.972.png
9830,7625,3.25,20.03.2025,125,20.03.2025\125\rgb\14.52.25.068.png,20.03.2025\125\depth\14.52.25.068.png
9831,7625,3.25,20.03.2025,125,20.03.2025\125\rgb\14.52.25.162.png,20.03.2025\125\depth\14.52.25.162.png
9832,7625,3.25,20.03.2025,125,20.03.2025\125\rgb\14.52.25.256.png,20.03.2025\125\depth\14.52.25.256.png
9833,7625,3.25,20.03.2025,125,20.03.2025\125\rgb\14.52.25.348.png,20.03.2025\125\depth\14.52.25.348.png
9834,7625,3.25,20.03.2025,125,20.03.2025\125\rgb\14.52.25.440.png,20.03.2025\125\depth\14.52.25.440.png
9835,7625,3.25,20.03.2025,125,20.03.2025\125\rgb\14.52.25.534.png,20.03.2025\125\depth\14.52.25.534.png
9836,7625,3.25,20.03.2025,125,20.03.2025\125\rgb\14.52.25.624.png,20.03.2025\125\depth\14.52.25.624.png
9837,7625,3.25,20.03.2025,125,20.03.2025\125\rgb\14.52.25.716.png,20.03.2025\125\depth\14.52.25.716.png
9838,7625,3.25,20.03.2025,125,20.03.2025\125\rgb\14.52.25.808.png,20.03.2025\125\depth\14.52.25.808.png
9839,7625,3.25,20.03.2025,125,20.03.2025\125\rgb\14.52.25.903.png,20.03.2025\125\depth\14.52.25.903.png
9840,7625,3.25,20.03.2025,125,20.03.2025\125\rgb\14.52.25.995.png,20.03.2025\125\depth\14.52.25.995.png
9841,730403,3.25,20.03.2025,126,20.03.2025\126\rgb\14.52.39.594.png,20.03.2025\126\depth\14.52.39.594.png
9842,730403,3.25,20.03.2025,126,20.03.2025\126\rgb\14.52.39.687.png,20.03.2025\126\depth\14.52.39.687.png
9843,730403,3.25,20.03.2025,126,20.03.2025\126\rgb\14.52.39.780.png,20.03.2025\126\depth\14.52.39.780.png
9844,730403,3.25,20.03.2025,126,20.03.2025\126\rgb\14.52.39.873.png,20.03.2025\126\depth\14.52.39.873.png
9845,730403,3.25,20.03.2025,126,20.03.2025\126\rgb\14.52.39.962.png,20.03.2025\126\depth\14.52.39.962.png
9846,730403,3.25,20.03.2025,126,20.03.2025\126\rgb\14.52.40.055.png,20.03.2025\126\depth\14.52.40.055.png
9847,730403,3.25,20.03.2025,126,20.03.2025\126\rgb\14.52.40.147.png,20.03.2025\126\depth\14.52.40.147.png
9848,730403,3.25,20.03.2025,126,20.03.2025\126\rgb\14.52.40.243.png,20.03.2025\126\depth\14.52.40.243.png
9849,730403,3.25,20.03.2025,126,20.03.2025\126\rgb\14.52.40.335.png,20.03.2025\126\depth\14.52.40.335.png
9850,730403,3.25,20.03.2025,126,20.03.2025\126\rgb\14.52.40.423.png,20.03.2025\126\depth\14.52.40.423.png
9851,730403,3.25,20.03.2025,126,20.03.2025\126\rgb\14.52.40.519.png,20.03.2025\126\depth\14.52.40.519.png
9852,730403,3.25,20.03.2025,126,20.03.2025\126\rgb\14.52.40.610.png,20.03.2025\126\depth\14.52.40.610.png
9853,730403,3.25,20.03.2025,126,20.03.2025\126\rgb\14.52.40.701.png,20.03.2025\126\depth\14.52.40.701.png
9854,730403,3.25,20.03.2025,126,20.03.2025\126\rgb\14.52.40.797.png,20.03.2025\126\depth\14.52.40.797.png
9855,730403,3.25,20.03.2025,126,20.03.2025\126\rgb\14.52.40.889.png,20.03.2025\126\depth\14.52.40.889.png
9856,730403,3.25,20.03.2025,126,20.03.2025\126\rgb\14.52.40.978.png,20.03.2025\126\depth\14.52.40.978.png
9857,730403,3.25,20.03.2025,126,20.03.2025\126\rgb\14.52.41.071.png,20.03.2025\126\depth\14.52.41.071.png
9858,730403,3.25,20.03.2025,126,20.03.2025\126\rgb\14.52.41.160.png,20.03.2025\126\depth\14.52.41.160.png
9859,730403,3.25,20.03.2025,126,20.03.2025\126\rgb\14.52.41.247.png,20.03.2025\126\depth\14.52.41.247.png
9860,730403,3.25,20.03.2025,126,20.03.2025\126\rgb\14.52.41.346.png,20.03.2025\126\depth\14.52.41.346.png
9861,7633,3.25,20.03.2025,127,20.03.2025\127\rgb\14.52.52.540.png,20.03.2025\127\depth\14.52.52.540.png
9862,7633,3.25,20.03.2025,127,20.03.2025\127\rgb\14.52.52.624.png,20.03.2025\127\depth\14.52.52.624.png
9863,7633,3.25,20.03.2025,127,20.03.2025\127\rgb\14.52.52.716.png,20.03.2025\127\depth\14.52.52.716.png
9864,7633,3.25,20.03.2025,127,20.03.2025\127\rgb\14.52.52.809.png,20.03.2025\127\depth\14.52.52.809.png
9865,7633,3.25,20.03.2025,127,20.03.2025\127\rgb\14.52.52.903.png,20.03.2025\127\depth\14.52.52.903.png
9866,7633,3.25,20.03.2025,127,20.03.2025\127\rgb\14.52.52.995.png,20.03.2025\127\depth\14.52.52.995.png
9867,7633,3.25,20.03.2025,127,20.03.2025\127\rgb\14.52.53.073.png,20.03.2025\127\depth\14.52.53.073.png
9868,7633,3.25,20.03.2025,127,20.03.2025\127\rgb\14.52.53.166.png,20.03.2025\127\depth\14.52.53.166.png
9869,7633,3.25,20.03.2025,127,20.03.2025\127\rgb\14.52.53.257.png,20.03.2025\127\depth\14.52.53.257.png
9870,7633,3.25,20.03.2025,127,20.03.2025\127\rgb\14.52.53.353.png,20.03.2025\127\depth\14.52.53.353.png
9871,7633,3.25,20.03.2025,127,20.03.2025\127\rgb\14.52.53.442.png,20.03.2025\127\depth\14.52.53.442.png
9872,7633,3.25,20.03.2025,127,20.03.2025\127\rgb\14.52.53.532.png,20.03.2025\127\depth\14.52.53.532.png
9873,7633,3.25,20.03.2025,127,20.03.2025\127\rgb\14.52.53.647.png,20.03.2025\127\depth\14.52.53.647.png
9874,7633,3.25,20.03.2025,127,20.03.2025\127\rgb\14.52.53.733.png,20.03.2025\127\depth\14.52.53.733.png
9875,7633,3.25,20.03.2025,127,20.03.2025\127\rgb\14.52.53.824.png,20.03.2025\127\depth\14.52.53.824.png
9876,7633,3.25,20.03.2025,127,20.03.2025\127\rgb\14.52.53.920.png,20.03.2025\127\depth\14.52.53.920.png
9877,7633,3.25,20.03.2025,127,20.03.2025\127\rgb\14.52.54.009.png,20.03.2025\127\depth\14.52.54.009.png
9878,7633,3.25,20.03.2025,127,20.03.2025\127\rgb\14.52.54.103.png,20.03.2025\127\depth\14.52.54.103.png
9879,7633,3.25,20.03.2025,127,20.03.2025\127\rgb\14.52.54.183.png,20.03.2025\127\depth\14.52.54.183.png
9880,7633,3.25,20.03.2025,127,20.03.2025\127\rgb\14.52.54.275.png,20.03.2025\127\depth\14.52.54.275.png
9881,830416,3.25,20.03.2025,128,20.03.2025\128\rgb\14.53.26.573.png,20.03.2025\128\depth\14.53.26.573.png
9882,830416,3.25,20.03.2025,128,20.03.2025\128\rgb\14.53.26.655.png,20.03.2025\128\depth\14.53.26.655.png
9883,830416,3.25,20.03.2025,128,20.03.2025\128\rgb\14.53.26.747.png,20.03.2025\128\depth\14.53.26.747.png
9884,830416,3.25,20.03.2025,128,20.03.2025\128\rgb\14.53.26.840.png,20.03.2025\128\depth\14.53.26.840.png
9885,830416,3.25,20.03.2025,128,20.03.2025\128\rgb\14.53.26.932.png,20.03.2025\128\depth\14.53.26.932.png
9886,830416,3.25,20.03.2025,128,20.03.2025\128\rgb\14.53.27.010.png,20.03.2025\128\depth\14.53.27.010.png
9887,830416,3.25,20.03.2025,128,20.03.2025\128\rgb\14.53.27.102.png,20.03.2025\128\depth\14.53.27.102.png
9888,830416,3.25,20.03.2025,128,20.03.2025\128\rgb\14.53.27.193.png,20.03.2025\128\depth\14.53.27.193.png
9889,830416,3.25,20.03.2025,128,20.03.2025\128\rgb\14.53.27.271.png,20.03.2025\128\depth\14.53.27.271.png
9890,830416,3.25,20.03.2025,128,20.03.2025\128\rgb\14.53.27.362.png,20.03.2025\128\depth\14.53.27.362.png
9891,830416,3.25,20.03.2025,128,20.03.2025\128\rgb\14.53.27.441.png,20.03.2025\128\depth\14.53.27.441.png
9892,830416,3.25,20.03.2025,128,20.03.2025\128\rgb\14.53.27.519.png,20.03.2025\128\depth\14.53.27.519.png
9893,830416,3.25,20.03.2025,128,20.03.2025\128\rgb\14.53.27.613.png,20.03.2025\128\depth\14.53.27.613.png
9894,830416,3.25,20.03.2025,128,20.03.2025\128\rgb\14.53.27.702.png,20.03.2025\128\depth\14.53.27.702.png
9895,830416,3.25,20.03.2025,128,20.03.2025\128\rgb\14.53.27.780.png,20.03.2025\128\depth\14.53.27.780.png
9896,830416,3.25,20.03.2025,128,20.03.2025\128\rgb\14.53.27.871.png,20.03.2025\128\depth\14.53.27.871.png
9897,830416,3.25,20.03.2025,128,20.03.2025\128\rgb\14.53.27.962.png,20.03.2025\128\depth\14.53.27.962.png
9898,830416,3.25,20.03.2025,128,20.03.2025\128\rgb\14.53.28.042.png,20.03.2025\128\depth\14.53.28.042.png
9899,830416,3.25,20.03.2025,128,20.03.2025\128\rgb\14.53.28.133.png,20.03.2025\128\depth\14.53.28.133.png
9900,830416,3.25,20.03.2025,128,20.03.2025\128\rgb\14.53.28.213.png,20.03.2025\128\depth\14.53.28.213.png
9901,7598,3.75,20.03.2025,129,20.03.2025\129\rgb\14.53.55.202.png,20.03.2025\129\depth\14.53.55.202.png
9902,7598,3.75,20.03.2025,129,20.03.2025\129\rgb\14.53.55.287.png,20.03.2025\129\depth\14.53.55.287.png
9903,7598,3.75,20.03.2025,129,20.03.2025\129\rgb\14.53.55.376.png,20.03.2025\129\depth\14.53.55.376.png
9904,7598,3.75,20.03.2025,129,20.03.2025\129\rgb\14.53.55.471.png,20.03.2025\129\depth\14.53.55.471.png
9905,7598,3.75,20.03.2025,129,20.03.2025\129\rgb\14.53.55.563.png,20.03.2025\129\depth\14.53.55.563.png
9906,7598,3.75,20.03.2025,129,20.03.2025\129\rgb\14.53.55.660.png,20.03.2025\129\depth\14.53.55.660.png
9907,7598,3.75,20.03.2025,129,20.03.2025\129\rgb\14.53.55.749.png,20.03.2025\129\depth\14.53.55.749.png
9908,7598,3.75,20.03.2025,129,20.03.2025\129\rgb\14.53.55.840.png,20.03.2025\129\depth\14.53.55.840.png
9909,7598,3.75,20.03.2025,129,20.03.2025\129\rgb\14.53.55.933.png,20.03.2025\129\depth\14.53.55.933.png
9910,7598,3.75,20.03.2025,129,20.03.2025\129\rgb\14.53.56.025.png,20.03.2025\129\depth\14.53.56.025.png
9911,7598,3.75,20.03.2025,129,20.03.2025\129\rgb\14.53.56.121.png,20.03.2025\129\depth\14.53.56.121.png
9912,7598,3.75,20.03.2025,129,20.03.2025\129\rgb\14.53.56.214.png,20.03.2025\129\depth\14.53.56.214.png
9913,7598,3.75,20.03.2025,129,20.03.2025\129\rgb\14.53.56.304.png,20.03.2025\129\depth\14.53.56.304.png
9914,7598,3.75,20.03.2025,129,20.03.2025\129\rgb\14.53.56.389.png,20.03.2025\129\depth\14.53.56.389.png
9915,7598,3.75,20.03.2025,129,20.03.2025\129\rgb\14.53.56.475.png,20.03.2025\129\depth\14.53.56.475.png
9916,7598,3.75,20.03.2025,129,20.03.2025\129\rgb\14.53.56.567.png,20.03.2025\129\depth\14.53.56.567.png
9917,7598,3.75,20.03.2025,129,20.03.2025\129\rgb\14.53.56.658.png,20.03.2025\129\depth\14.53.56.658.png
9918,7598,3.75,20.03.2025,129,20.03.2025\129\rgb\14.53.56.753.png,20.03.2025\129\depth\14.53.56.753.png
9919,7598,3.75,20.03.2025,129,20.03.2025\129\rgb\14.53.56.846.png,20.03.2025\129\depth\14.53.56.846.png
9920,7598,3.75,20.03.2025,129,20.03.2025\129\rgb\14.53.56.937.png,20.03.2025\129\depth\14.53.56.937.png
9921,7727,3.5,20.03.2025,130,20.03.2025\130\rgb\14.54.10.283.png,20.03.2025\130\depth\14.54.10.283.png
9922,7727,3.5,20.03.2025,130,20.03.2025\130\rgb\14.54.10.367.png,20.03.2025\130\depth\14.54.10.367.png
9923,7727,3.5,20.03.2025,130,20.03.2025\130\rgb\14.54.10.459.png,20.03.2025\130\depth\14.54.10.459.png
9924,7727,3.5,20.03.2025,130,20.03.2025\130\rgb\14.54.10.553.png,20.03.2025\130\depth\14.54.10.553.png
9925,7727,3.5,20.03.2025,130,20.03.2025\130\rgb\14.54.10.648.png,20.03.2025\130\depth\14.54.10.648.png
9926,7727,3.5,20.03.2025,130,20.03.2025\130\rgb\14.54.10.737.png,20.03.2025\130\depth\14.54.10.737.png
9927,7727,3.5,20.03.2025,130,20.03.2025\130\rgb\14.54.10.829.png,20.03.2025\130\depth\14.54.10.829.png
9928,7727,3.5,20.03.2025,130,20.03.2025\130\rgb\14.54.10.922.png,20.03.2025\130\depth\14.54.10.922.png
9929,7727,3.5,20.03.2025,130,20.03.2025\130\rgb\14.54.11.015.png,20.03.2025\130\depth\14.54.11.015.png
9930,7727,3.5,20.03.2025,130,20.03.2025\130\rgb\14.54.11.110.png,20.03.2025\130\depth\14.54.11.110.png
9931,7727,3.5,20.03.2025,130,20.03.2025\130\rgb\14.54.11.203.png,20.03.2025\130\depth\14.54.11.203.png
9932,7727,3.5,20.03.2025,130,20.03.2025\130\rgb\14.54.11.295.png,20.03.2025\130\depth\14.54.11.295.png
9933,7727,3.5,20.03.2025,130,20.03.2025\130\rgb\14.54.11.383.png,20.03.2025\130\depth\14.54.11.383.png
9934,7727,3.5,20.03.2025,130,20.03.2025\130\rgb\14.54.11.469.png,20.03.2025\130\depth\14.54.11.469.png
9935,7727,3.5,20.03.2025,130,20.03.2025\130\rgb\14.54.11.558.png,20.03.2025\130\depth\14.54.11.558.png
9936,7727,3.5,20.03.2025,130,20.03.2025\130\rgb\14.54.11.652.png,20.03.2025\130\depth\14.54.11.652.png
9937,7727,3.5,20.03.2025,130,20.03.2025\130\rgb\14.54.11.744.png,20.03.2025\130\depth\14.54.11.744.png
9938,7727,3.5,20.03.2025,130,20.03.2025\130\rgb\14.54.11.837.png,20.03.2025\130\depth\14.54.11.837.png
9939,7727,3.5,20.03.2025,130,20.03.2025\130\rgb\14.54.11.926.png,20.03.2025\130\depth\14.54.11.926.png
9940,7727,3.5,20.03.2025,130,20.03.2025\130\rgb\14.54.12.022.png,20.03.2025\130\depth\14.54.12.022.png
9941,7588,3.5,20.03.2025,131,20.03.2025\131\rgb\14.54.24.571.png,20.03.2025\131\depth\14.54.24.571.png
9942,7588,3.5,20.03.2025,131,20.03.2025\131\rgb\14.54.24.657.png,20.03.2025\131\depth\14.54.24.657.png
9943,7588,3.5,20.03.2025,131,20.03.2025\131\rgb\14.54.24.752.png,20.03.2025\131\depth\14.54.24.752.png
9944,7588,3.5,20.03.2025,131,20.03.2025\131\rgb\14.54.24.842.png,20.03.2025\131\depth\14.54.24.842.png
9945,7588,3.5,20.03.2025,131,20.03.2025\131\rgb\14.54.24.932.png,20.03.2025\131\depth\14.54.24.932.png
9946,7588,3.5,20.03.2025,131,20.03.2025\131\rgb\14.54.25.026.png,20.03.2025\131\depth\14.54.25.026.png
9947,7588,3.5,20.03.2025,131,20.03.2025\131\rgb\14.54.25.122.png,20.03.2025\131\depth\14.54.25.122.png
9948,7588,3.5,20.03.2025,131,20.03.2025\131\rgb\14.54.25.216.png,20.03.2025\131\depth\14.54.25.216.png
9949,7588,3.5,20.03.2025,131,20.03.2025\131\rgb\14.54.25.305.png,20.03.2025\131\depth\14.54.25.305.png
9950,7588,3.5,20.03.2025,131,20.03.2025\131\rgb\14.54.25.397.png,20.03.2025\131\depth\14.54.25.397.png
9951,7588,3.5,20.03.2025,131,20.03.2025\131\rgb\14.54.25.490.png,20.03.2025\131\depth\14.54.25.490.png
9952,7588,3.5,20.03.2025,131,20.03.2025\131\rgb\14.54.25.588.png,20.03.2025\131\depth\14.54.25.588.png
9953,7588,3.5,20.03.2025,131,20.03.2025\131\rgb\14.54.25.680.png,20.03.2025\131\depth\14.54.25.680.png
9954,7588,3.5,20.03.2025,131,20.03.2025\131\rgb\14.54.25.770.png,20.03.2025\131\depth\14.54.25.770.png
9955,7588,3.5,20.03.2025,131,20.03.2025\131\rgb\14.54.25.860.png,20.03.2025\131\depth\14.54.25.860.png
9956,7588,3.5,20.03.2025,131,20.03.2025\131\rgb\14.54.25.956.png,20.03.2025\131\depth\14.54.25.956.png
9957,7588,3.5,20.03.2025,131,20.03.2025\131\rgb\14.54.26.050.png,20.03.2025\131\depth\14.54.26.050.png
9958,7588,3.5,20.03.2025,131,20.03.2025\131\rgb\14.54.26.143.png,20.03.2025\131\depth\14.54.26.143.png
9959,7588,3.5,20.03.2025,131,20.03.2025\131\rgb\14.54.26.240.png,20.03.2025\131\depth\14.54.26.240.png
9960,7588,3.5,20.03.2025,131,20.03.2025\131\rgb\14.54.26.326.png,20.03.2025\131\depth\14.54.26.326.png
9961,7744,3.5,20.03.2025,132,20.03.2025\132\rgb\14.54.58.924.png,20.03.2025\132\depth\14.54.58.924.png
9962,7744,3.5,20.03.2025,132,20.03.2025\132\rgb\14.54.59.008.png,20.03.2025\132\depth\14.54.59.008.png
9963,7744,3.5,20.03.2025,132,20.03.2025\132\rgb\14.54.59.102.png,20.03.2025\132\depth\14.54.59.102.png
9964,7744,3.5,20.03.2025,132,20.03.2025\132\rgb\14.54.59.193.png,20.03.2025\132\depth\14.54.59.193.png
9965,7744,3.5,20.03.2025,132,20.03.2025\132\rgb\14.54.59.303.png,20.03.2025\132\depth\14.54.59.303.png
9966,7744,3.5,20.03.2025,132,20.03.2025\132\rgb\14.54.59.389.png,20.03.2025\132\depth\14.54.59.389.png
9967,7744,3.5,20.03.2025,132,20.03.2025\132\rgb\14.54.59.472.png,20.03.2025\132\depth\14.54.59.472.png
9968,7744,3.5,20.03.2025,132,20.03.2025\132\rgb\14.54.59.561.png,20.03.2025\132\depth\14.54.59.561.png
9969,7744,3.5,20.03.2025,132,20.03.2025\132\rgb\14.54.59.656.png,20.03.2025\132\depth\14.54.59.656.png
9970,7744,3.5,20.03.2025,132,20.03.2025\132\rgb\14.54.59.752.png,20.03.2025\132\depth\14.54.59.752.png
9971,7744,3.5,20.03.2025,132,20.03.2025\132\rgb\14.54.59.840.png,20.03.2025\132\depth\14.54.59.840.png
9972,7744,3.5,20.03.2025,132,20.03.2025\132\rgb\14.54.59.934.png,20.03.2025\132\depth\14.54.59.934.png
9973,7744,3.5,20.03.2025,132,20.03.2025\132\rgb\14.55.00.027.png,20.03.2025\132\depth\14.55.00.027.png
9974,7744,3.5,20.03.2025,132,20.03.2025\132\rgb\14.55.00.120.png,20.03.2025\132\depth\14.55.00.120.png
9975,7744,3.5,20.03.2025,132,20.03.2025\132\rgb\14.55.00.210.png,20.03.2025\132\depth\14.55.00.210.png
9976,7744,3.5,20.03.2025,132,20.03.2025\132\rgb\14.55.00.305.png,20.03.2025\132\depth\14.55.00.305.png
9977,7744,3.5,20.03.2025,132,20.03.2025\132\rgb\14.55.00.397.png,20.03.2025\132\depth\14.55.00.397.png
9978,7744,3.5,20.03.2025,132,20.03.2025\132\rgb\14.55.00.490.png,20.03.2025\132\depth\14.55.00.490.png
9979,7744,3.5,20.03.2025,132,20.03.2025\132\rgb\14.55.00.583.png,20.03.2025\132\depth\14.55.00.583.png
9980,7744,3.5,20.03.2025,132,20.03.2025\132\rgb\14.55.00.677.png,20.03.2025\132\depth\14.55.00.677.png
9981,7722,3.25,20.03.2025,133,20.03.2025\133\rgb\14.55.14.403.png,20.03.2025\133\depth\14.55.14.403.png
9982,7722,3.25,20.03.2025,133,20.03.2025\133\rgb\14.55.14.503.png,20.03.2025\133\depth\14.55.14.503.png
9983,7722,3.25,20.03.2025,133,20.03.2025\133\rgb\14.55.14.596.png,20.03.2025\133\depth\14.55.14.596.png
9984,7722,3.25,20.03.2025,133,20.03.2025\133\rgb\14.55.14.691.png,20.03.2025\133\depth\14.55.14.691.png
9985,7722,3.25,20.03.2025,133,20.03.2025\133\rgb\14.55.14.782.png,20.03.2025\133\depth\14.55.14.782.png
9986,7722,3.25,20.03.2025,133,20.03.2025\133\rgb\14.55.14.876.png,20.03.2025\133\depth\14.55.14.876.png
9987,7722,3.25,20.03.2025,133,20.03.2025\133\rgb\14.55.14.967.png,20.03.2025\133\depth\14.55.14.967.png
9988,7722,3.25,20.03.2025,133,20.03.2025\133\rgb\14.55.15.060.png,20.03.2025\133\depth\14.55.15.060.png
9989,7722,3.25,20.03.2025,133,20.03.2025\133\rgb\14.55.15.152.png,20.03.2025\133\depth\14.55.15.152.png
9990,7722,3.25,20.03.2025,133,20.03.2025\133\rgb\14.55.15.243.png,20.03.2025\133\depth\14.55.15.243.png
9991,7722,3.25,20.03.2025,133,20.03.2025\133\rgb\14.55.15.336.png,20.03.2025\133\depth\14.55.15.336.png
9992,7722,3.25,20.03.2025,133,20.03.2025\133\rgb\14.55.15.427.png,20.03.2025\133\depth\14.55.15.427.png
9993,7722,3.25,20.03.2025,133,20.03.2025\133\rgb\14.55.15.522.png,20.03.2025\133\depth\14.55.15.522.png
9994,7722,3.25,20.03.2025,133,20.03.2025\133\rgb\14.55.15.615.png,20.03.2025\133\depth\14.55.15.615.png
9995,7722,3.25,20.03.2025,133,20.03.2025\133\rgb\14.55.15.707.png,20.03.2025\133\depth\14.55.15.707.png
9996,7722,3.25,20.03.2025,133,20.03.2025\133\rgb\14.55.15.800.png,20.03.2025\133\depth\14.55.15.800.png
9997,7722,3.25,20.03.2025,133,20.03.2025\133\rgb\14.55.15.893.png,20.03.2025\133\depth\14.55.15.893.png
9998,7722,3.25,20.03.2025,133,20.03.2025\133\rgb\14.55.15.985.png,20.03.2025\133\depth\14.55.15.985.png
9999,7722,3.25,20.03.2025,133,20.03.2025\133\rgb\14.55.16.078.png,20.03.2025\133\depth\14.55.16.078.png
10000,7722,3.25,20.03.2025,133,20.03.2025\133\rgb\14.55.16.170.png,20.03.2025\133\depth\14.55.16.170.png
10001,7607,3.25,20.03.2025,134,20.03.2025\134\rgb\14.55.26.380.png,20.03.2025\134\depth\14.55.26.380.png
10002,7607,3.25,20.03.2025,134,20.03.2025\134\rgb\14.55.26.465.png,20.03.2025\134\depth\14.55.26.465.png
10003,7607,3.25,20.03.2025,134,20.03.2025\134\rgb\14.55.26.551.png,20.03.2025\134\depth\14.55.26.551.png
10004,7607,3.25,20.03.2025,134,20.03.2025\134\rgb\14.55.26.637.png,20.03.2025\134\depth\14.55.26.637.png
10005,7607,3.25,20.03.2025,134,20.03.2025\134\rgb\14.55.26.729.png,20.03.2025\134\depth\14.55.26.729.png
10006,7607,3.25,20.03.2025,134,20.03.2025\134\rgb\14.55.26.821.png,20.03.2025\134\depth\14.55.26.821.png
10007,7607,3.25,20.03.2025,134,20.03.2025\134\rgb\14.55.26.916.png,20.03.2025\134\depth\14.55.26.916.png
10008,7607,3.25,20.03.2025,134,20.03.2025\134\rgb\14.55.27.005.png,20.03.2025\134\depth\14.55.27.005.png
10009,7607,3.25,20.03.2025,134,20.03.2025\134\rgb\14.55.27.095.png,20.03.2025\134\depth\14.55.27.095.png
10010,7607,3.25,20.03.2025,134,20.03.2025\134\rgb\14.55.27.190.png,20.03.2025\134\depth\14.55.27.190.png
10011,7607,3.25,20.03.2025,134,20.03.2025\134\rgb\14.55.27.284.png,20.03.2025\134\depth\14.55.27.284.png
10012,7607,3.25,20.03.2025,134,20.03.2025\134\rgb\14.55.27.376.png,20.03.2025\134\depth\14.55.27.376.png
10013,7607,3.25,20.03.2025,134,20.03.2025\134\rgb\14.55.27.467.png,20.03.2025\134\depth\14.55.27.467.png
10014,7607,3.25,20.03.2025,134,20.03.2025\134\rgb\14.55.27.560.png,20.03.2025\134\depth\14.55.27.560.png
10015,7607,3.25,20.03.2025,134,20.03.2025\134\rgb\14.55.27.654.png,20.03.2025\134\depth\14.55.27.654.png
10016,7607,3.25,20.03.2025,134,20.03.2025\134\rgb\14.55.27.747.png,20.03.2025\134\depth\14.55.27.747.png
10017,7607,3.25,20.03.2025,134,20.03.2025\134\rgb\14.55.27.840.png,20.03.2025\134\depth\14.55.27.840.png
10018,7607,3.25,20.03.2025,134,20.03.2025\134\rgb\14.55.27.935.png,20.03.2025\134\depth\14.55.27.935.png
10019,7607,3.25,20.03.2025,134,20.03.2025\134\rgb\14.55.28.026.png,20.03.2025\134\depth\14.55.28.026.png
10020,7607,3.25,20.03.2025,134,20.03.2025\134\rgb\14.55.28.120.png,20.03.2025\134\depth\14.55.28.120.png
10021,7750,3.75,20.03.2025,135,20.03.2025\135\rgb\14.56.22.819.png,20.03.2025\135\depth\14.56.22.819.png
10022,7750,3.75,20.03.2025,135,20.03.2025\135\rgb\14.56.22.904.png,20.03.2025\135\depth\14.56.22.904.png
10023,7750,3.75,20.03.2025,135,20.03.2025\135\rgb\14.56.22.995.png,20.03.2025\135\depth\14.56.22.995.png
10024,7750,3.75,20.03.2025,135,20.03.2025\135\rgb\14.56.23.072.png,20.03.2025\135\depth\14.56.23.072.png
10025,7750,3.75,20.03.2025,135,20.03.2025\135\rgb\14.56.23.165.png,20.03.2025\135\depth\14.56.23.165.png
10026,7750,3.75,20.03.2025,135,20.03.2025\135\rgb\14.56.23.258.png,20.03.2025\135\depth\14.56.23.258.png
10027,7750,3.75,20.03.2025,135,20.03.2025\135\rgb\14.56.23.354.png,20.03.2025\135\depth\14.56.23.354.png
10028,7750,3.75,20.03.2025,135,20.03.2025\135\rgb\14.56.23.448.png,20.03.2025\135\depth\14.56.23.448.png
10029,7750,3.75,20.03.2025,135,20.03.2025\135\rgb\14.56.23.539.png,20.03.2025\135\depth\14.56.23.539.png
10030,7750,3.75,20.03.2025,135,20.03.2025\135\rgb\14.56.23.635.png,20.03.2025\135\depth\14.56.23.635.png
10031,7750,3.75,20.03.2025,135,20.03.2025\135\rgb\14.56.23.724.png,20.03.2025\135\depth\14.56.23.724.png
10032,7750,3.75,20.03.2025,135,20.03.2025\135\rgb\14.56.23.818.png,20.03.2025\135\depth\14.56.23.818.png
10033,7750,3.75,20.03.2025,135,20.03.2025\135\rgb\14.56.23.911.png,20.03.2025\135\depth\14.56.23.911.png
10034,7750,3.75,20.03.2025,135,20.03.2025\135\rgb\14.56.24.003.png,20.03.2025\135\depth\14.56.24.003.png
10035,7750,3.75,20.03.2025,135,20.03.2025\135\rgb\14.56.24.094.png,20.03.2025\135\depth\14.56.24.094.png
10036,7750,3.75,20.03.2025,135,20.03.2025\135\rgb\14.56.24.188.png,20.03.2025\135\depth\14.56.24.188.png
10037,7750,3.75,20.03.2025,135,20.03.2025\135\rgb\14.56.24.280.png,20.03.2025\135\depth\14.56.24.280.png
10038,7750,3.75,20.03.2025,135,20.03.2025\135\rgb\14.56.24.373.png,20.03.2025\135\depth\14.56.24.373.png
10039,7750,3.75,20.03.2025,135,20.03.2025\135\rgb\14.56.24.464.png,20.03.2025\135\depth\14.56.24.464.png
10040,7750,3.75,20.03.2025,135,20.03.2025\135\rgb\14.56.24.558.png,20.03.2025\135\depth\14.56.24.558.png
10041,611028,3.25,20.03.2025,136,20.03.2025\136\rgb\14.56.35.884.png,20.03.2025\136\depth\14.56.35.884.png
10042,611028,3.25,20.03.2025,136,20.03.2025\136\rgb\14.56.35.982.png,20.03.2025\136\depth\14.56.35.982.png
10043,611028,3.25,20.03.2025,136,20.03.2025\136\rgb\14.56.36.073.png,20.03.2025\136\depth\14.56.36.073.png
10044,611028,3.25,20.03.2025,136,20.03.2025\136\rgb\14.56.36.165.png,20.03.2025\136\depth\14.56.36.165.png
10045,611028,3.25,20.03.2025,136,20.03.2025\136\rgb\14.56.36.258.png,20.03.2025\136\depth\14.56.36.258.png
10046,611028,3.25,20.03.2025,136,20.03.2025\136\rgb\14.56.36.354.png,20.03.2025\136\depth\14.56.36.354.png
10047,611028,3.25,20.03.2025,136,20.03.2025\136\rgb\14.56.36.446.png,20.03.2025\136\depth\14.56.36.446.png
10048,611028,3.25,20.03.2025,136,20.03.2025\136\rgb\14.56.36.539.png,20.03.2025\136\depth\14.56.36.539.png
10049,611028,3.25,20.03.2025,136,20.03.2025\136\rgb\14.56.36.629.png,20.03.2025\136\depth\14.56.36.629.png
10050,611028,3.25,20.03.2025,136,20.03.2025\136\rgb\14.56.36.715.png,20.03.2025\136\depth\14.56.36.715.png
10051,611028,3.25,20.03.2025,136,20.03.2025\136\rgb\14.56.36.816.png,20.03.2025\136\depth\14.56.36.816.png
10052,611028,3.25,20.03.2025,136,20.03.2025\136\rgb\14.56.36.908.png,20.03.2025\136\depth\14.56.36.908.png
10053,611028,3.25,20.03.2025,136,20.03.2025\136\rgb\14.56.37.001.png,20.03.2025\136\depth\14.56.37.001.png
10054,611028,3.25,20.03.2025,136,20.03.2025\136\rgb\14.56.37.092.png,20.03.2025\136\depth\14.56.37.092.png
10055,611028,3.25,20.03.2025,136,20.03.2025\136\rgb\14.56.37.186.png,20.03.2025\136\depth\14.56.37.186.png
10056,611028,3.25,20.03.2025,136,20.03.2025\136\rgb\14.56.37.277.png,20.03.2025\136\depth\14.56.37.277.png
10057,611028,3.25,20.03.2025,136,20.03.2025\136\rgb\14.56.37.368.png,20.03.2025\136\depth\14.56.37.368.png
10058,611028,3.25,20.03.2025,136,20.03.2025\136\rgb\14.56.37.460.png,20.03.2025\136\depth\14.56.37.460.png
10059,611028,3.25,20.03.2025,136,20.03.2025\136\rgb\14.56.37.555.png,20.03.2025\136\depth\14.56.37.555.png
10060,611028,3.25,20.03.2025,136,20.03.2025\136\rgb\14.56.37.647.png,20.03.2025\136\depth\14.56.37.647.png
10061,7056,3.5,20.03.2025,137,20.03.2025\137\rgb\15.01.42.894.png,20.03.2025\137\depth\15.01.42.894.png
10062,7056,3.5,20.03.2025,137,20.03.2025\137\rgb\15.01.42.992.png,20.03.2025\137\depth\15.01.42.992.png
10063,7056,3.5,20.03.2025,137,20.03.2025\137\rgb\15.01.43.087.png,20.03.2025\137\depth\15.01.43.087.png
10064,7056,3.5,20.03.2025,137,20.03.2025\137\rgb\15.01.43.179.png,20.03.2025\137\depth\15.01.43.179.png
10065,7056,3.5,20.03.2025,137,20.03.2025\137\rgb\15.01.43.271.png,20.03.2025\137\depth\15.01.43.271.png
10066,7056,3.5,20.03.2025,137,20.03.2025\137\rgb\15.01.43.364.png,20.03.2025\137\depth\15.01.43.364.png
10067,7056,3.5,20.03.2025,137,20.03.2025\137\rgb\15.01.43.453.png,20.03.2025\137\depth\15.01.43.453.png
10068,7056,3.5,20.03.2025,137,20.03.2025\137\rgb\15.01.43.546.png,20.03.2025\137\depth\15.01.43.546.png
10069,7056,3.5,20.03.2025,137,20.03.2025\137\rgb\15.01.43.638.png,20.03.2025\137\depth\15.01.43.638.png
10070,7056,3.5,20.03.2025,137,20.03.2025\137\rgb\15.01.43.730.png,20.03.2025\137\depth\15.01.43.730.png
10071,7056,3.5,20.03.2025,137,20.03.2025\137\rgb\15.01.43.826.png,20.03.2025\137\depth\15.01.43.826.png
10072,7056,3.5,20.03.2025,137,20.03.2025\137\rgb\15.01.43.916.png,20.03.2025\137\depth\15.01.43.916.png
10073,7056,3.5,20.03.2025,137,20.03.2025\137\rgb\15.01.44.006.png,20.03.2025\137\depth\15.01.44.006.png
10074,7056,3.5,20.03.2025,137,20.03.2025\137\rgb\15.01.44.102.png,20.03.2025\137\depth\15.01.44.102.png
10075,7056,3.5,20.03.2025,137,20.03.2025\137\rgb\15.01.44.196.png,20.03.2025\137\depth\15.01.44.196.png
10076,7056,3.5,20.03.2025,137,20.03.2025\137\rgb\15.01.44.289.png,20.03.2025\137\depth\15.01.44.289.png
10077,7056,3.5,20.03.2025,137,20.03.2025\137\rgb\15.01.44.384.png,20.03.2025\137\depth\15.01.44.384.png
10078,7056,3.5,20.03.2025,137,20.03.2025\137\rgb\15.01.44.477.png,20.03.2025\137\depth\15.01.44.477.png
10079,7056,3.5,20.03.2025,137,20.03.2025\137\rgb\15.01.44.565.png,20.03.2025\137\depth\15.01.44.565.png
10080,7056,3.5,20.03.2025,137,20.03.2025\137\rgb\15.01.44.658.png,20.03.2025\137\depth\15.01.44.658.png
10081,7554,3.5,20.03.2025,138,20.03.2025\138\rgb\15.01.57.949.png,20.03.2025\138\depth\15.01.57.949.png
10082,7554,3.5,20.03.2025,138,20.03.2025\138\rgb\15.01.58.043.png,20.03.2025\138\depth\15.01.58.043.png
10083,7554,3.5,20.03.2025,138,20.03.2025\138\rgb\15.01.58.136.png,20.03.2025\138\depth\15.01.58.136.png
10084,7554,3.5,20.03.2025,138,20.03.2025\138\rgb\15.01.58.227.png,20.03.2025\138\depth\15.01.58.227.png
10085,7554,3.5,20.03.2025,138,20.03.2025\138\rgb\15.01.58.322.png,20.03.2025\138\depth\15.01.58.322.png
10086,7554,3.5,20.03.2025,138,20.03.2025\138\rgb\15.01.58.416.png,20.03.2025\138\depth\15.01.58.416.png
10087,7554,3.5,20.03.2025,138,20.03.2025\138\rgb\15.01.58.508.png,20.03.2025\138\depth\15.01.58.508.png
10088,7554,3.5,20.03.2025,138,20.03.2025\138\rgb\15.01.58.601.png,20.03.2025\138\depth\15.01.58.601.png
10089,7554,3.5,20.03.2025,138,20.03.2025\138\rgb\15.01.58.695.png,20.03.2025\138\depth\15.01.58.695.png
10090,7554,3.5,20.03.2025,138,20.03.2025\138\rgb\15.01.58.789.png,20.03.2025\138\depth\15.01.58.789.png
10091,7554,3.5,20.03.2025,138,20.03.2025\138\rgb\15.01.58.880.png,20.03.2025\138\depth\15.01.58.880.png
10092,7554,3.5,20.03.2025,138,20.03.2025\138\rgb\15.01.58.969.png,20.03.2025\138\depth\15.01.58.969.png
10093,7554,3.5,20.03.2025,138,20.03.2025\138\rgb\15.01.59.065.png,20.03.2025\138\depth\15.01.59.065.png
10094,7554,3.5,20.03.2025,138,20.03.2025\138\rgb\15.01.59.157.png,20.03.2025\138\depth\15.01.59.157.png
10095,7554,3.5,20.03.2025,138,20.03.2025\138\rgb\15.01.59.250.png,20.03.2025\138\depth\15.01.59.250.png
10096,7554,3.5,20.03.2025,138,20.03.2025\138\rgb\15.01.59.343.png,20.03.2025\138\depth\15.01.59.343.png
10097,7554,3.5,20.03.2025,138,20.03.2025\138\rgb\15.01.59.434.png,20.03.2025\138\depth\15.01.59.434.png
10098,7554,3.5,20.03.2025,138,20.03.2025\138\rgb\15.01.59.525.png,20.03.2025\138\depth\15.01.59.525.png
10099,7554,3.5,20.03.2025,138,20.03.2025\138\rgb\15.01.59.619.png,20.03.2025\138\depth\15.01.59.619.png
10100,7554,3.5,20.03.2025,138,20.03.2025\138\rgb\15.01.59.712.png,20.03.2025\138\depth\15.01.59.712.png
10101,7036,3.25,20.03.2025,139,20.03.2025\139\rgb\15.02.13.523.png,20.03.2025\139\depth\15.02.13.523.png
10102,7036,3.25,20.03.2025,139,20.03.2025\139\rgb\15.02.13.623.png,20.03.2025\139\depth\15.02.13.623.png
10103,7036,3.25,20.03.2025,139,20.03.2025\139\rgb\15.02.13.713.png,20.03.2025\139\depth\15.02.13.713.png
10104,7036,3.25,20.03.2025,139,20.03.2025\139\rgb\15.02.13.808.png,20.03.2025\139\depth\15.02.13.808.png
10105,7036,3.25,20.03.2025,139,20.03.2025\139\rgb\15.02.13.900.png,20.03.2025\139\depth\15.02.13.900.png
10106,7036,3.25,20.03.2025,139,20.03.2025\139\rgb\15.02.13.994.png,20.03.2025\139\depth\15.02.13.994.png
10107,7036,3.25,20.03.2025,139,20.03.2025\139\rgb\15.02.14.085.png,20.03.2025\139\depth\15.02.14.085.png
10108,7036,3.25,20.03.2025,139,20.03.2025\139\rgb\15.02.14.177.png,20.03.2025\139\depth\15.02.14.177.png
10109,7036,3.25,20.03.2025,139,20.03.2025\139\rgb\15.02.14.269.png,20.03.2025\139\depth\15.02.14.269.png
10110,7036,3.25,20.03.2025,139,20.03.2025\139\rgb\15.02.14.360.png,20.03.2025\139\depth\15.02.14.360.png
10111,7036,3.25,20.03.2025,139,20.03.2025\139\rgb\15.02.14.454.png,20.03.2025\139\depth\15.02.14.454.png
10112,7036,3.25,20.03.2025,139,20.03.2025\139\rgb\15.02.14.546.png,20.03.2025\139\depth\15.02.14.546.png
10113,7036,3.25,20.03.2025,139,20.03.2025\139\rgb\15.02.14.636.png,20.03.2025\139\depth\15.02.14.636.png
10114,7036,3.25,20.03.2025,139,20.03.2025\139\rgb\15.02.14.730.png,20.03.2025\139\depth\15.02.14.730.png
10115,7036,3.25,20.03.2025,139,20.03.2025\139\rgb\15.02.14.824.png,20.03.2025\139\depth\15.02.14.824.png
10116,7036,3.25,20.03.2025,139,20.03.2025\139\rgb\15.02.14.914.png,20.03.2025\139\depth\15.02.14.914.png
10117,7036,3.25,20.03.2025,139,20.03.2025\139\rgb\15.02.15.006.png,20.03.2025\139\depth\15.02.15.006.png
10118,7036,3.25,20.03.2025,139,20.03.2025\139\rgb\15.02.15.098.png,20.03.2025\139\depth\15.02.15.098.png
10119,7036,3.25,20.03.2025,139,20.03.2025\139\rgb\15.02.15.192.png,20.03.2025\139\depth\15.02.15.192.png
10120,7036,3.25,20.03.2025,139,20.03.2025\139\rgb\15.02.15.284.png,20.03.2025\139\depth\15.02.15.284.png
10121,930317,3.5,20.03.2025,140,20.03.2025\140\rgb\15.02.29.985.png,20.03.2025\140\depth\15.02.29.985.png
10122,930317,3.5,20.03.2025,140,20.03.2025\140\rgb\15.02.30.085.png,20.03.2025\140\depth\15.02.30.085.png
10123,930317,3.5,20.03.2025,140,20.03.2025\140\rgb\15.02.30.177.png,20.03.2025\140\depth\15.02.30.177.png
10124,930317,3.5,20.03.2025,140,20.03.2025\140\rgb\15.02.30.271.png,20.03.2025\140\depth\15.02.30.271.png
10125,930317,3.5,20.03.2025,140,20.03.2025\140\rgb\15.02.30.359.png,20.03.2025\140\depth\15.02.30.359.png
10126,930317,3.5,20.03.2025,140,20.03.2025\140\rgb\15.02.30.455.png,20.03.2025\140\depth\15.02.30.455.png
10127,930317,3.5,20.03.2025,140,20.03.2025\140\rgb\15.02.30.545.png,20.03.2025\140\depth\15.02.30.545.png
10128,930317,3.5,20.03.2025,140,20.03.2025\140\rgb\15.02.30.638.png,20.03.2025\140\depth\15.02.30.638.png
10129,930317,3.5,20.03.2025,140,20.03.2025\140\rgb\15.02.30.728.png,20.03.2025\140\depth\15.02.30.728.png
10130,930317,3.5,20.03.2025,140,20.03.2025\140\rgb\15.02.30.823.png,20.03.2025\140\depth\15.02.30.823.png
10131,930317,3.5,20.03.2025,140,20.03.2025\140\rgb\15.02.30.916.png,20.03.2025\140\depth\15.02.30.916.png
10132,930317,3.5,20.03.2025,140,20.03.2025\140\rgb\15.02.31.006.png,20.03.2025\140\depth\15.02.31.006.png
10133,930317,3.5,20.03.2025,140,20.03.2025\140\rgb\15.02.31.097.png,20.03.2025\140\depth\15.02.31.097.png
10134,930317,3.5,20.03.2025,140,20.03.2025\140\rgb\15.02.31.189.png,20.03.2025\140\depth\15.02.31.189.png
10135,930317,3.5,20.03.2025,140,20.03.2025\140\rgb\15.02.31.284.png,20.03.2025\140\depth\15.02.31.284.png
10136,930317,3.5,20.03.2025,140,20.03.2025\140\rgb\15.02.31.377.png,20.03.2025\140\depth\15.02.31.377.png
10137,930317,3.5,20.03.2025,140,20.03.2025\140\rgb\15.02.31.467.png,20.03.2025\140\depth\15.02.31.467.png
10138,930317,3.5,20.03.2025,140,20.03.2025\140\rgb\15.02.31.560.png,20.03.2025\140\depth\15.02.31.560.png
10139,930317,3.5,20.03.2025,140,20.03.2025\140\rgb\15.02.31.654.png,20.03.2025\140\depth\15.02.31.654.png
10140,930317,3.5,20.03.2025,140,20.03.2025\140\rgb\15.02.31.749.png,20.03.2025\140\depth\15.02.31.749.png
10141,7442,3.25,20.03.2025,141,20.03.2025\141\rgb\15.02.44.942.png,20.03.2025\141\depth\15.02.44.942.png
10142,7442,3.25,20.03.2025,141,20.03.2025\141\rgb\15.02.45.027.png,20.03.2025\141\depth\15.02.45.027.png
10143,7442,3.25,20.03.2025,141,20.03.2025\141\rgb\15.02.45.120.png,20.03.2025\141\depth\15.02.45.120.png
10144,7442,3.25,20.03.2025,141,20.03.2025\141\rgb\15.02.45.214.png,20.03.2025\141\depth\15.02.45.214.png
10145,7442,3.25,20.03.2025,141,20.03.2025\141\rgb\15.02.45.305.png,20.03.2025\141\depth\15.02.45.305.png
10146,7442,3.25,20.03.2025,141,20.03.2025\141\rgb\15.02.45.395.png,20.03.2025\141\depth\15.02.45.395.png
10147,7442,3.25,20.03.2025,141,20.03.2025\141\rgb\15.02.45.491.png,20.03.2025\141\depth\15.02.45.491.png
10148,7442,3.25,20.03.2025,141,20.03.2025\141\rgb\15.02.45.585.png,20.03.2025\141\depth\15.02.45.585.png
10149,7442,3.25,20.03.2025,141,20.03.2025\141\rgb\15.02.45.679.png,20.03.2025\141\depth\15.02.45.679.png
10150,7442,3.25,20.03.2025,141,20.03.2025\141\rgb\15.02.45.767.png,20.03.2025\141\depth\15.02.45.767.png
10151,7442,3.25,20.03.2025,141,20.03.2025\141\rgb\15.02.45.860.png,20.03.2025\141\depth\15.02.45.860.png
10152,7442,3.25,20.03.2025,141,20.03.2025\141\rgb\15.02.45.956.png,20.03.2025\141\depth\15.02.45.956.png
10153,7442,3.25,20.03.2025,141,20.03.2025\141\rgb\15.02.46.047.png,20.03.2025\141\depth\15.02.46.047.png
10154,7442,3.25,20.03.2025,141,20.03.2025\141\rgb\15.02.46.145.png,20.03.2025\141\depth\15.02.46.145.png
10155,7442,3.25,20.03.2025,141,20.03.2025\141\rgb\15.02.46.235.png,20.03.2025\141\depth\15.02.46.235.png
10156,7442,3.25,20.03.2025,141,20.03.2025\141\rgb\15.02.46.328.png,20.03.2025\141\depth\15.02.46.328.png
10157,7442,3.25,20.03.2025,141,20.03.2025\141\rgb\15.02.46.420.png,20.03.2025\141\depth\15.02.46.420.png
10158,7442,3.25,20.03.2025,141,20.03.2025\141\rgb\15.02.46.514.png,20.03.2025\141\depth\15.02.46.514.png
10159,7442,3.25,20.03.2025,141,20.03.2025\141\rgb\15.02.46.605.png,20.03.2025\141\depth\15.02.46.605.png
10160,7442,3.25,20.03.2025,141,20.03.2025\141\rgb\15.02.46.699.png,20.03.2025\141\depth\15.02.46.699.png
10161,7735,3.5,20.03.2025,142,20.03.2025\142\rgb\15.03.00.494.png,20.03.2025\142\depth\15.03.00.494.png
10162,7735,3.5,20.03.2025,142,20.03.2025\142\rgb\15.03.00.594.png,20.03.2025\142\depth\15.03.00.594.png
10163,7735,3.5,20.03.2025,142,20.03.2025\142\rgb\15.03.00.686.png,20.03.2025\142\depth\15.03.00.686.png
10164,7735,3.5,20.03.2025,142,20.03.2025\142\rgb\15.03.00.780.png,20.03.2025\142\depth\15.03.00.780.png
10165,7735,3.5,20.03.2025,142,20.03.2025\142\rgb\15.03.00.871.png,20.03.2025\142\depth\15.03.00.871.png
10166,7735,3.5,20.03.2025,142,20.03.2025\142\rgb\15.03.00.966.png,20.03.2025\142\depth\15.03.00.966.png
10167,7735,3.5,20.03.2025,142,20.03.2025\142\rgb\15.03.01.059.png,20.03.2025\142\depth\15.03.01.059.png
10168,7735,3.5,20.03.2025,142,20.03.2025\142\rgb\15.03.01.152.png,20.03.2025\142\depth\15.03.01.152.png
10169,7735,3.5,20.03.2025,142,20.03.2025\142\rgb\15.03.01.244.png,20.03.2025\142\depth\15.03.01.244.png
10170,7735,3.5,20.03.2025,142,20.03.2025\142\rgb\15.03.01.334.png,20.03.2025\142\depth\15.03.01.334.png
10171,7735,3.5,20.03.2025,142,20.03.2025\142\rgb\15.03.01.431.png,20.03.2025\142\depth\15.03.01.431.png
10172,7735,3.5,20.03.2025,142,20.03.2025\142\rgb\15.03.01.522.png,20.03.2025\142\depth\15.03.01.522.png
10173,7735,3.5,20.03.2025,142,20.03.2025\142\rgb\15.03.01.614.png,20.03.2025\142\depth\15.03.01.614.png
10174,7735,3.5,20.03.2025,142,20.03.2025\142\rgb\15.03.01.706.png,20.03.2025\142\depth\15.03.01.706.png
10175,7735,3.5,20.03.2025,142,20.03.2025\142\rgb\15.03.01.798.png,20.03.2025\142\depth\15.03.01.798.png
10176,7735,3.5,20.03.2025,142,20.03.2025\142\rgb\15.03.01.894.png,20.03.2025\142\depth\15.03.01.894.png
10177,7735,3.5,20.03.2025,142,20.03.2025\142\rgb\15.03.01.986.png,20.03.2025\142\depth\15.03.01.986.png
10178,7735,3.5,20.03.2025,142,20.03.2025\142\rgb\15.03.02.080.png,20.03.2025\142\depth\15.03.02.080.png
10179,7735,3.5,20.03.2025,142,20.03.2025\142\rgb\15.03.02.170.png,20.03.2025\142\depth\15.03.02.170.png
10180,7735,3.5,20.03.2025,142,20.03.2025\142\rgb\15.03.02.263.png,20.03.2025\142\depth\15.03.02.263.png
10181,230424,3.0,20.03.2025,143,20.03.2025\143\rgb\15.03.15.911.png,20.03.2025\143\depth\15.03.15.911.png
10182,230424,3.0,20.03.2025,143,20.03.2025\143\rgb\15.03.16.001.png,20.03.2025\143\depth\15.03.16.001.png
10183,230424,3.0,20.03.2025,143,20.03.2025\143\rgb\15.03.16.091.png,20.03.2025\143\depth\15.03.16.091.png
10184,230424,3.0,20.03.2025,143,20.03.2025\143\rgb\15.03.16.187.png,20.03.2025\143\depth\15.03.16.187.png
10185,230424,3.0,20.03.2025,143,20.03.2025\143\rgb\15.03.16.280.png,20.03.2025\143\depth\15.03.16.280.png
10186,230424,3.0,20.03.2025,143,20.03.2025\143\rgb\15.03.16.369.png,20.03.2025\143\depth\15.03.16.369.png
10187,230424,3.0,20.03.2025,143,20.03.2025\143\rgb\15.03.16.464.png,20.03.2025\143\depth\15.03.16.464.png
10188,230424,3.0,20.03.2025,143,20.03.2025\143\rgb\15.03.16.556.png,20.03.2025\143\depth\15.03.16.556.png
10189,230424,3.0,20.03.2025,143,20.03.2025\143\rgb\15.03.16.647.png,20.03.2025\143\depth\15.03.16.647.png
10190,230424,3.0,20.03.2025,143,20.03.2025\143\rgb\15.03.16.740.png,20.03.2025\143\depth\15.03.16.740.png
10191,230424,3.0,20.03.2025,143,20.03.2025\143\rgb\15.03.16.832.png,20.03.2025\143\depth\15.03.16.832.png
10192,230424,3.0,20.03.2025,143,20.03.2025\143\rgb\15.03.16.922.png,20.03.2025\143\depth\15.03.16.922.png
10193,230424,3.0,20.03.2025,143,20.03.2025\143\rgb\15.03.17.018.png,20.03.2025\143\depth\15.03.17.018.png
10194,230424,3.0,20.03.2025,143,20.03.2025\143\rgb\15.03.17.107.png,20.03.2025\143\depth\15.03.17.107.png
10195,230424,3.0,20.03.2025,143,20.03.2025\143\rgb\15.03.17.201.png,20.03.2025\143\depth\15.03.17.201.png
10196,230424,3.0,20.03.2025,143,20.03.2025\143\rgb\15.03.17.292.png,20.03.2025\143\depth\15.03.17.292.png
10197,230424,3.0,20.03.2025,143,20.03.2025\143\rgb\15.03.17.380.png,20.03.2025\143\depth\15.03.17.380.png
10198,230424,3.0,20.03.2025,143,20.03.2025\143\rgb\15.03.17.481.png,20.03.2025\143\depth\15.03.17.481.png
10199,230424,3.0,20.03.2025,143,20.03.2025\143\rgb\15.03.17.574.png,20.03.2025\143\depth\15.03.17.574.png
10200,230424,3.0,20.03.2025,143,20.03.2025\143\rgb\15.03.17.666.png,20.03.2025\143\depth\15.03.17.666.png
10201,5006,3.25,20.03.2025,144,20.03.2025\144\rgb\15.03.46.139.png,20.03.2025\144\depth\15.03.46.139.png
10202,5006,3.25,20.03.2025,144,20.03.2025\144\rgb\15.03.46.241.png,20.03.2025\144\depth\15.03.46.241.png
10203,5006,3.25,20.03.2025,144,20.03.2025\144\rgb\15.03.46.334.png,20.03.2025\144\depth\15.03.46.334.png
10204,5006,3.25,20.03.2025,144,20.03.2025\144\rgb\15.03.46.430.png,20.03.2025\144\depth\15.03.46.430.png
10205,5006,3.25,20.03.2025,144,20.03.2025\144\rgb\15.03.46.522.png,20.03.2025\144\depth\15.03.46.522.png
10206,5006,3.25,20.03.2025,144,20.03.2025\144\rgb\15.03.46.614.png,20.03.2025\144\depth\15.03.46.614.png
10207,5006,3.25,20.03.2025,144,20.03.2025\144\rgb\15.03.46.705.png,20.03.2025\144\depth\15.03.46.705.png
10208,5006,3.25,20.03.2025,144,20.03.2025\144\rgb\15.03.46.796.png,20.03.2025\144\depth\15.03.46.796.png
10209,5006,3.25,20.03.2025,144,20.03.2025\144\rgb\15.03.46.890.png,20.03.2025\144\depth\15.03.46.890.png
10210,5006,3.25,20.03.2025,144,20.03.2025\144\rgb\15.03.46.984.png,20.03.2025\144\depth\15.03.46.984.png
10211,5006,3.25,20.03.2025,144,20.03.2025\144\rgb\15.03.47.076.png,20.03.2025\144\depth\15.03.47.076.png
10212,5006,3.25,20.03.2025,144,20.03.2025\144\rgb\15.03.47.168.png,20.03.2025\144\depth\15.03.47.168.png
10213,5006,3.25,20.03.2025,144,20.03.2025\144\rgb\15.03.47.263.png,20.03.2025\144\depth\15.03.47.263.png
10214,5006,3.25,20.03.2025,144,20.03.2025\144\rgb\15.03.47.356.png,20.03.2025\144\depth\15.03.47.356.png
10215,5006,3.25,20.03.2025,144,20.03.2025\144\rgb\15.03.47.440.png,20.03.2025\144\depth\15.03.47.440.png
10216,5006,3.25,20.03.2025,144,20.03.2025\144\rgb\15.03.47.539.png,20.03.2025\144\depth\15.03.47.539.png
10217,5006,3.25,20.03.2025,144,20.03.2025\144\rgb\15.03.47.631.png,20.03.2025\144\depth\15.03.47.631.png
10218,5006,3.25,20.03.2025,144,20.03.2025\144\rgb\15.03.47.725.png,20.03.2025\144\depth\15.03.47.725.png
10219,5006,3.25,20.03.2025,144,20.03.2025\144\rgb\15.03.47.817.png,20.03.2025\144\depth\15.03.47.817.png
10220,5006,3.25,20.03.2025,144,20.03.2025\144\rgb\15.03.47.911.png,20.03.2025\144\depth\15.03.47.911.png
10221,7396,3.25,20.03.2025,145,20.03.2025\145\rgb\15.04.00.703.png,20.03.2025\145\depth\15.04.00.703.png
10222,7396,3.25,20.03.2025,145,20.03.2025\145\rgb\15.04.00.798.png,20.03.2025\145\depth\15.04.00.798.png
10223,7396,3.25,20.03.2025,145,20.03.2025\145\rgb\15.04.00.892.png,20.03.2025\145\depth\15.04.00.892.png
10224,7396,3.25,20.03.2025,145,20.03.2025\145\rgb\15.04.00.983.png,20.03.2025\145\depth\15.04.00.983.png
10225,7396,3.25,20.03.2025,145,20.03.2025\145\rgb\15.04.01.078.png,20.03.2025\145\depth\15.04.01.078.png
10226,7396,3.25,20.03.2025,145,20.03.2025\145\rgb\15.04.01.169.png,20.03.2025\145\depth\15.04.01.169.png
10227,7396,3.25,20.03.2025,145,20.03.2025\145\rgb\15.04.01.261.png,20.03.2025\145\depth\15.04.01.261.png
10228,7396,3.25,20.03.2025,145,20.03.2025\145\rgb\15.04.01.353.png,20.03.2025\145\depth\15.04.01.353.png
10229,7396,3.25,20.03.2025,145,20.03.2025\145\rgb\15.04.01.447.png,20.03.2025\145\depth\15.04.01.447.png
10230,7396,3.25,20.03.2025,145,20.03.2025\145\rgb\15.04.01.539.png,20.03.2025\145\depth\15.04.01.539.png
10231,7396,3.25,20.03.2025,145,20.03.2025\145\rgb\15.04.01.633.png,20.03.2025\145\depth\15.04.01.633.png
10232,7396,3.25,20.03.2025,145,20.03.2025\145\rgb\15.04.01.725.png,20.03.2025\145\depth\15.04.01.725.png
10233,7396,3.25,20.03.2025,145,20.03.2025\145\rgb\15.04.01.818.png,20.03.2025\145\depth\15.04.01.818.png
10234,7396,3.25,20.03.2025,145,20.03.2025\145\rgb\15.04.01.910.png,20.03.2025\145\depth\15.04.01.910.png
10235,7396,3.25,20.03.2025,145,20.03.2025\145\rgb\15.04.01.998.png,20.03.2025\145\depth\15.04.01.998.png
10236,7396,3.25,20.03.2025,145,20.03.2025\145\rgb\15.04.02.091.png,20.03.2025\145\depth\15.04.02.091.png
10237,7396,3.25,20.03.2025,145,20.03.2025\145\rgb\15.04.02.185.png,20.03.2025\145\depth\15.04.02.185.png
10238,7396,3.25,20.03.2025,145,20.03.2025\145\rgb\15.04.02.276.png,20.03.2025\145\depth\15.04.02.276.png
10239,7396,3.25,20.03.2025,145,20.03.2025\145\rgb\15.04.02.368.png,20.03.2025\145\depth\15.04.02.368.png
10240,7396,3.25,20.03.2025,145,20.03.2025\145\rgb\15.04.02.454.png,20.03.2025\145\depth\15.04.02.454.png
10241,7041,3.75,20.03.2025,146,20.03.2025\146\rgb\15.04.17.692.png,20.03.2025\146\depth\15.04.17.692.png
10242,7041,3.75,20.03.2025,146,20.03.2025\146\rgb\15.04.17.787.png,20.03.2025\146\depth\15.04.17.787.png
10243,7041,3.75,20.03.2025,146,20.03.2025\146\rgb\15.04.17.878.png,20.03.2025\146\depth\15.04.17.878.png
10244,7041,3.75,20.03.2025,146,20.03.2025\146\rgb\15.04.17.972.png,20.03.2025\146\depth\15.04.17.972.png
10245,7041,3.75,20.03.2025,146,20.03.2025\146\rgb\15.04.18.065.png,20.03.2025\146\depth\15.04.18.065.png
10246,7041,3.75,20.03.2025,146,20.03.2025\146\rgb\15.04.18.157.png,20.03.2025\146\depth\15.04.18.157.png
10247,7041,3.75,20.03.2025,146,20.03.2025\146\rgb\15.04.18.253.png,20.03.2025\146\depth\15.04.18.253.png
10248,7041,3.75,20.03.2025,146,20.03.2025\146\rgb\15.04.18.346.png,20.03.2025\146\depth\15.04.18.346.png
10249,7041,3.75,20.03.2025,146,20.03.2025\146\rgb\15.04.18.436.png,20.03.2025\146\depth\15.04.18.436.png
10250,7041,3.75,20.03.2025,146,20.03.2025\146\rgb\15.04.18.529.png,20.03.2025\146\depth\15.04.18.529.png
10251,7041,3.75,20.03.2025,146,20.03.2025\146\rgb\15.04.18.621.png,20.03.2025\146\depth\15.04.18.621.png
10252,7041,3.75,20.03.2025,146,20.03.2025\146\rgb\15.04.18.714.png,20.03.2025\146\depth\15.04.18.714.png
10253,7041,3.75,20.03.2025,146,20.03.2025\146\rgb\15.04.18.807.png,20.03.2025\146\depth\15.04.18.807.png
10254,7041,3.75,20.03.2025,146,20.03.2025\146\rgb\15.04.18.883.png,20.03.2025\146\depth\15.04.18.883.png
10255,7041,3.75,20.03.2025,146,20.03.2025\146\rgb\15.04.18.975.png,20.03.2025\146\depth\15.04.18.975.png
10256,7041,3.75,20.03.2025,146,20.03.2025\146\rgb\15.04.19.067.png,20.03.2025\146\depth\15.04.19.067.png
10257,7041,3.75,20.03.2025,146,20.03.2025\146\rgb\15.04.19.160.png,20.03.2025\146\depth\15.04.19.160.png
10258,7041,3.75,20.03.2025,146,20.03.2025\146\rgb\15.04.19.253.png,20.03.2025\146\depth\15.04.19.253.png
10259,7041,3.75,20.03.2025,146,20.03.2025\146\rgb\15.04.19.348.png,20.03.2025\146\depth\15.04.19.348.png
10260,7041,3.75,20.03.2025,146,20.03.2025\146\rgb\15.04.19.440.png,20.03.2025\146\depth\15.04.19.440.png
10261,7578,3.25,20.03.2025,147,20.03.2025\147\rgb\15.04.33.145.png,20.03.2025\147\depth\15.04.33.145.png
10262,7578,3.25,20.03.2025,147,20.03.2025\147\rgb\15.04.33.229.png,20.03.2025\147\depth\15.04.33.229.png
10263,7578,3.25,20.03.2025,147,20.03.2025\147\rgb\15.04.33.321.png,20.03.2025\147\depth\15.04.33.321.png
10264,7578,3.25,20.03.2025,147,20.03.2025\147\rgb\15.04.33.416.png,20.03.2025\147\depth\15.04.33.416.png
10265,7578,3.25,20.03.2025,147,20.03.2025\147\rgb\15.04.33.505.png,20.03.2025\147\depth\15.04.33.505.png
10266,7578,3.25,20.03.2025,147,20.03.2025\147\rgb\15.04.33.598.png,20.03.2025\147\depth\15.04.33.598.png
10267,7578,3.25,20.03.2025,147,20.03.2025\147\rgb\15.04.33.690.png,20.03.2025\147\depth\15.04.33.690.png
10268,7578,3.25,20.03.2025,147,20.03.2025\147\rgb\15.04.33.784.png,20.03.2025\147\depth\15.04.33.784.png
10269,7578,3.25,20.03.2025,147,20.03.2025\147\rgb\15.04.33.878.png,20.03.2025\147\depth\15.04.33.878.png
10270,7578,3.25,20.03.2025,147,20.03.2025\147\rgb\15.04.33.966.png,20.03.2025\147\depth\15.04.33.966.png
10271,7578,3.25,20.03.2025,147,20.03.2025\147\rgb\15.04.34.058.png,20.03.2025\147\depth\15.04.34.058.png
10272,7578,3.25,20.03.2025,147,20.03.2025\147\rgb\15.04.34.152.png,20.03.2025\147\depth\15.04.34.152.png
10273,7578,3.25,20.03.2025,147,20.03.2025\147\rgb\15.04.34.243.png,20.03.2025\147\depth\15.04.34.243.png
10274,7578,3.25,20.03.2025,147,20.03.2025\147\rgb\15.04.34.338.png,20.03.2025\147\depth\15.04.34.338.png
10275,7578,3.25,20.03.2025,147,20.03.2025\147\rgb\15.04.34.431.png,20.03.2025\147\depth\15.04.34.431.png
10276,7578,3.25,20.03.2025,147,20.03.2025\147\rgb\15.04.34.524.png,20.03.2025\147\depth\15.04.34.524.png
10277,7578,3.25,20.03.2025,147,20.03.2025\147\rgb\15.04.34.617.png,20.03.2025\147\depth\15.04.34.617.png
10278,7578,3.25,20.03.2025,147,20.03.2025\147\rgb\15.04.34.709.png,20.03.2025\147\depth\15.04.34.709.png
10279,7578,3.25,20.03.2025,147,20.03.2025\147\rgb\15.04.34.800.png,20.03.2025\147\depth\15.04.34.800.png
10280,7578,3.25,20.03.2025,147,20.03.2025\147\rgb\15.04.34.893.png,20.03.2025\147\depth\15.04.34.893.png
10281,5200,3.25,20.03.2025,148,20.03.2025\148\rgb\15.04.48.917.png,20.03.2025\148\depth\15.04.48.917.png
10282,5200,3.25,20.03.2025,148,20.03.2025\148\rgb\15.04.49.001.png,20.03.2025\148\depth\15.04.49.001.png
10283,5200,3.25,20.03.2025,148,20.03.2025\148\rgb\15.04.49.093.png,20.03.2025\148\depth\15.04.49.093.png
10284,5200,3.25,20.03.2025,148,20.03.2025\148\rgb\15.04.49.185.png,20.03.2025\148\depth\15.04.49.185.png
10285,5200,3.25,20.03.2025,148,20.03.2025\148\rgb\15.04.49.280.png,20.03.2025\148\depth\15.04.49.280.png
10286,5200,3.25,20.03.2025,148,20.03.2025\148\rgb\15.04.49.370.png,20.03.2025\148\depth\15.04.49.370.png
10287,5200,3.25,20.03.2025,148,20.03.2025\148\rgb\15.04.49.462.png,20.03.2025\148\depth\15.04.49.462.png
10288,5200,3.25,20.03.2025,148,20.03.2025\148\rgb\15.04.49.556.png,20.03.2025\148\depth\15.04.49.556.png
10289,5200,3.25,20.03.2025,148,20.03.2025\148\rgb\15.04.49.650.png,20.03.2025\148\depth\15.04.49.650.png
10290,5200,3.25,20.03.2025,148,20.03.2025\148\rgb\15.04.49.743.png,20.03.2025\148\depth\15.04.49.743.png
10291,5200,3.25,20.03.2025,148,20.03.2025\148\rgb\15.04.49.832.png,20.03.2025\148\depth\15.04.49.832.png
10292,5200,3.25,20.03.2025,148,20.03.2025\148\rgb\15.04.49.925.png,20.03.2025\148\depth\15.04.49.925.png
10293,5200,3.25,20.03.2025,148,20.03.2025\148\rgb\15.04.50.019.png,20.03.2025\148\depth\15.04.50.019.png
10294,5200,3.25,20.03.2025,148,20.03.2025\148\rgb\15.04.50.113.png,20.03.2025\148\depth\15.04.50.113.png
10295,5200,3.25,20.03.2025,148,20.03.2025\148\rgb\15.04.50.202.png,20.03.2025\148\depth\15.04.50.202.png
10296,5200,3.25,20.03.2025,148,20.03.2025\148\rgb\15.04.50.296.png,20.03.2025\148\depth\15.04.50.296.png
10297,5200,3.25,20.03.2025,148,20.03.2025\148\rgb\15.04.50.389.png,20.03.2025\148\depth\15.04.50.389.png
10298,5200,3.25,20.03.2025,148,20.03.2025\148\rgb\15.04.50.481.png,20.03.2025\148\depth\15.04.50.481.png
10299,5200,3.25,20.03.2025,148,20.03.2025\148\rgb\15.04.50.573.png,20.03.2025\148\depth\15.04.50.573.png
10300,5200,3.25,20.03.2025,148,20.03.2025\148\rgb\15.04.50.665.png,20.03.2025\148\depth\15.04.50.665.png
10301,6662,3.75,20.03.2025,149,20.03.2025\149\rgb\15.05.02.540.png,20.03.2025\149\depth\15.05.02.540.png
10302,6662,3.75,20.03.2025,149,20.03.2025\149\rgb\15.05.02.620.png,20.03.2025\149\depth\15.05.02.620.png
10303,6662,3.75,20.03.2025,149,20.03.2025\149\rgb\15.05.02.717.png,20.03.2025\149\depth\15.05.02.717.png
10304,6662,3.75,20.03.2025,149,20.03.2025\149\rgb\15.05.02.807.png,20.03.2025\149\depth\15.05.02.807.png
10305,6662,3.75,20.03.2025,149,20.03.2025\149\rgb\15.05.02.897.png,20.03.2025\149\depth\15.05.02.897.png
10306,6662,3.75,20.03.2025,149,20.03.2025\149\rgb\15.05.02.985.png,20.03.2025\149\depth\15.05.02.985.png
10307,6662,3.75,20.03.2025,149,20.03.2025\149\rgb\15.05.03.083.png,20.03.2025\149\depth\15.05.03.083.png
10308,6662,3.75,20.03.2025,149,20.03.2025\149\rgb\15.05.03.173.png,20.03.2025\149\depth\15.05.03.173.png
10309,6662,3.75,20.03.2025,149,20.03.2025\149\rgb\15.05.03.267.png,20.03.2025\149\depth\15.05.03.267.png
10310,6662,3.75,20.03.2025,149,20.03.2025\149\rgb\15.05.03.358.png,20.03.2025\149\depth\15.05.03.358.png
10311,6662,3.75,20.03.2025,149,20.03.2025\149\rgb\15.05.03.452.png,20.03.2025\149\depth\15.05.03.452.png
10312,6662,3.75,20.03.2025,149,20.03.2025\149\rgb\15.05.03.542.png,20.03.2025\149\depth\15.05.03.542.png
10313,6662,3.75,20.03.2025,149,20.03.2025\149\rgb\15.05.03.634.png,20.03.2025\149\depth\15.05.03.634.png
10314,6662,3.75,20.03.2025,149,20.03.2025\149\rgb\15.05.03.727.png,20.03.2025\149\depth\15.05.03.727.png
10315,6662,3.75,20.03.2025,149,20.03.2025\149\rgb\15.05.03.822.png,20.03.2025\149\depth\15.05.03.822.png
10316,6662,3.75,20.03.2025,149,20.03.2025\149\rgb\15.05.03.911.png,20.03.2025\149\depth\15.05.03.911.png
10317,6662,3.75,20.03.2025,149,20.03.2025\149\rgb\15.05.04.004.png,20.03.2025\149\depth\15.05.04.004.png
10318,6662,3.75,20.03.2025,149,20.03.2025\149\rgb\15.05.04.098.png,20.03.2025\149\depth\15.05.04.098.png
10319,6662,3.75,20.03.2025,149,20.03.2025\149\rgb\15.05.04.185.png,20.03.2025\149\depth\15.05.04.185.png
10320,6662,3.75,20.03.2025,149,20.03.2025\149\rgb\15.05.04.285.png,20.03.2025\149\depth\15.05.04.285.png
10321,230410,3.25,20.03.2025,150,20.03.2025\150\rgb\15.07.17.546.png,20.03.2025\150\depth\15.07.17.546.png
10322,230410,3.25,20.03.2025,150,20.03.2025\150\rgb\15.07.17.628.png,20.03.2025\150\depth\15.07.17.628.png
10323,230410,3.25,20.03.2025,150,20.03.2025\150\rgb\15.07.17.722.png,20.03.2025\150\depth\15.07.17.722.png
10324,230410,3.25,20.03.2025,150,20.03.2025\150\rgb\15.07.17.808.png,20.03.2025\150\depth\15.07.17.808.png
10325,230410,3.25,20.03.2025,150,20.03.2025\150\rgb\15.07.17.907.png,20.03.2025\150\depth\15.07.17.907.png
10326,230410,3.25,20.03.2025,150,20.03.2025\150\rgb\15.07.17.999.png,20.03.2025\150\depth\15.07.17.999.png
10327,230410,3.25,20.03.2025,150,20.03.2025\150\rgb\15.07.18.091.png,20.03.2025\150\depth\15.07.18.091.png
10328,230410,3.25,20.03.2025,150,20.03.2025\150\rgb\15.07.18.182.png,20.03.2025\150\depth\15.07.18.182.png
10329,230410,3.25,20.03.2025,150,20.03.2025\150\rgb\15.07.18.277.png,20.03.2025\150\depth\15.07.18.277.png
10330,230410,3.25,20.03.2025,150,20.03.2025\150\rgb\15.07.18.369.png,20.03.2025\150\depth\15.07.18.369.png
10331,230410,3.25,20.03.2025,150,20.03.2025\150\rgb\15.07.18.463.png,20.03.2025\150\depth\15.07.18.463.png
10332,230410,3.25,20.03.2025,150,20.03.2025\150\rgb\15.07.18.556.png,20.03.2025\150\depth\15.07.18.556.png
10333,230410,3.25,20.03.2025,150,20.03.2025\150\rgb\15.07.18.649.png,20.03.2025\150\depth\15.07.18.649.png
10334,230410,3.25,20.03.2025,150,20.03.2025\150\rgb\15.07.18.744.png,20.03.2025\150\depth\15.07.18.744.png
10335,230410,3.25,20.03.2025,150,20.03.2025\150\rgb\15.07.18.846.png,20.03.2025\150\depth\15.07.18.846.png
10336,230410,3.25,20.03.2025,150,20.03.2025\150\rgb\15.07.18.942.png,20.03.2025\150\depth\15.07.18.942.png
10337,230410,3.25,20.03.2025,150,20.03.2025\150\rgb\15.07.19.036.png,20.03.2025\150\depth\15.07.19.036.png
10338,230410,3.25,20.03.2025,150,20.03.2025\150\rgb\15.07.19.129.png,20.03.2025\150\depth\15.07.19.129.png
10339,230410,3.25,20.03.2025,150,20.03.2025\150\rgb\15.07.19.220.png,20.03.2025\150\depth\15.07.19.220.png
10340,230410,3.25,20.03.2025,150,20.03.2025\150\rgb\15.07.19.314.png,20.03.2025\150\depth\15.07.19.314.png
10341,7622,3.25,20.03.2025,151,20.03.2025\151\rgb\15.07.35.373.png,20.03.2025\151\depth\15.07.35.373.png
10342,7622,3.25,20.03.2025,151,20.03.2025\151\rgb\15.07.35.472.png,20.03.2025\151\depth\15.07.35.472.png
10343,7622,3.25,20.03.2025,151,20.03.2025\151\rgb\15.07.35.565.png,20.03.2025\151\depth\15.07.35.565.png
10344,7622,3.25,20.03.2025,151,20.03.2025\151\rgb\15.07.35.658.png,20.03.2025\151\depth\15.07.35.658.png
10345,7622,3.25,20.03.2025,151,20.03.2025\151\rgb\15.07.35.752.png,20.03.2025\151\depth\15.07.35.752.png
10346,7622,3.25,20.03.2025,151,20.03.2025\151\rgb\15.07.35.842.png,20.03.2025\151\depth\15.07.35.842.png
10347,7622,3.25,20.03.2025,151,20.03.2025\151\rgb\15.07.35.935.png,20.03.2025\151\depth\15.07.35.935.png
10348,7622,3.25,20.03.2025,151,20.03.2025\151\rgb\15.07.36.026.png,20.03.2025\151\depth\15.07.36.026.png
10349,7622,3.25,20.03.2025,151,20.03.2025\151\rgb\15.07.36.121.png,20.03.2025\151\depth\15.07.36.121.png
10350,7622,3.25,20.03.2025,151,20.03.2025\151\rgb\15.07.36.214.png,20.03.2025\151\depth\15.07.36.214.png
10351,7622,3.25,20.03.2025,151,20.03.2025\151\rgb\15.07.36.305.png,20.03.2025\151\depth\15.07.36.305.png
10352,7622,3.25,20.03.2025,151,20.03.2025\151\rgb\15.07.36.381.png,20.03.2025\151\depth\15.07.36.381.png
10353,7622,3.25,20.03.2025,151,20.03.2025\151\rgb\15.07.36.477.png,20.03.2025\151\depth\15.07.36.477.png
10354,7622,3.25,20.03.2025,151,20.03.2025\151\rgb\15.07.36.569.png,20.03.2025\151\depth\15.07.36.569.png
10355,7622,3.25,20.03.2025,151,20.03.2025\151\rgb\15.07.36.664.png,20.03.2025\151\depth\15.07.36.664.png
10356,7622,3.25,20.03.2025,151,20.03.2025\151\rgb\15.07.36.758.png,20.03.2025\151\depth\15.07.36.758.png
10357,7622,3.25,20.03.2025,151,20.03.2025\151\rgb\15.07.36.851.png,20.03.2025\151\depth\15.07.36.851.png
10358,7622,3.25,20.03.2025,151,20.03.2025\151\rgb\15.07.36.943.png,20.03.2025\151\depth\15.07.36.943.png
10359,7622,3.25,20.03.2025,151,20.03.2025\151\rgb\15.07.37.035.png,20.03.2025\151\depth\15.07.37.035.png
10360,7622,3.25,20.03.2025,151,20.03.2025\151\rgb\15.07.37.125.png,20.03.2025\151\depth\15.07.37.125.png
10361,7620,3.25,20.03.2025,152,20.03.2025\152\rgb\15.07.48.902.png,20.03.2025\152\depth\15.07.48.902.png
10362,7620,3.25,20.03.2025,152,20.03.2025\152\rgb\15.07.49.000.png,20.03.2025\152\depth\15.07.49.000.png
10363,7620,3.25,20.03.2025,152,20.03.2025\152\rgb\15.07.49.095.png,20.03.2025\152\depth\15.07.49.095.png
10364,7620,3.25,20.03.2025,152,20.03.2025\152\rgb\15.07.49.187.png,20.03.2025\152\depth\15.07.49.187.png
10365,7620,3.25,20.03.2025,152,20.03.2025\152\rgb\15.07.49.279.png,20.03.2025\152\depth\15.07.49.279.png
10366,7620,3.25,20.03.2025,152,20.03.2025\152\rgb\15.07.49.372.png,20.03.2025\152\depth\15.07.49.372.png
10367,7620,3.25,20.03.2025,152,20.03.2025\152\rgb\15.07.49.465.png,20.03.2025\152\depth\15.07.49.465.png
10368,7620,3.25,20.03.2025,152,20.03.2025\152\rgb\15.07.49.557.png,20.03.2025\152\depth\15.07.49.557.png
10369,7620,3.25,20.03.2025,152,20.03.2025\152\rgb\15.07.49.650.png,20.03.2025\152\depth\15.07.49.650.png
10370,7620,3.25,20.03.2025,152,20.03.2025\152\rgb\15.07.49.740.png,20.03.2025\152\depth\15.07.49.740.png
10371,7620,3.25,20.03.2025,152,20.03.2025\152\rgb\15.07.49.833.png,20.03.2025\152\depth\15.07.49.833.png
10372,7620,3.25,20.03.2025,152,20.03.2025\152\rgb\15.07.49.927.png,20.03.2025\152\depth\15.07.49.927.png
10373,7620,3.25,20.03.2025,152,20.03.2025\152\rgb\15.07.50.020.png,20.03.2025\152\depth\15.07.50.020.png
10374,7620,3.25,20.03.2025,152,20.03.2025\152\rgb\15.07.50.110.png,20.03.2025\152\depth\15.07.50.110.png
10375,7620,3.25,20.03.2025,152,20.03.2025\152\rgb\15.07.50.202.png,20.03.2025\152\depth\15.07.50.202.png
10376,7620,3.25,20.03.2025,152,20.03.2025\152\rgb\15.07.50.294.png,20.03.2025\152\depth\15.07.50.294.png
10377,7620,3.25,20.03.2025,152,20.03.2025\152\rgb\15.07.50.389.png,20.03.2025\152\depth\15.07.50.389.png
10378,7620,3.25,20.03.2025,152,20.03.2025\152\rgb\15.07.50.481.png,20.03.2025\152\depth\15.07.50.481.png
10379,7620,3.25,20.03.2025,152,20.03.2025\152\rgb\15.07.50.572.png,20.03.2025\152\depth\15.07.50.572.png
10380,7620,3.25,20.03.2025,152,20.03.2025\152\rgb\15.07.50.666.png,20.03.2025\152\depth\15.07.50.666.png
10381,6899,3.5,20.03.2025,153,20.03.2025\153\rgb\15.08.05.504.png,20.03.2025\153\depth\15.08.05.504.png
10382,6899,3.5,20.03.2025,153,20.03.2025\153\rgb\15.08.05.592.png,20.03.2025\153\depth\15.08.05.592.png
10383,6899,3.5,20.03.2025,153,20.03.2025\153\rgb\15.08.05.685.png,20.03.2025\153\depth\15.08.05.685.png
10384,6899,3.5,20.03.2025,153,20.03.2025\153\rgb\15.08.05.779.png,20.03.2025\153\depth\15.08.05.779.png
10385,6899,3.5,20.03.2025,153,20.03.2025\153\rgb\15.08.05.869.png,20.03.2025\153\depth\15.08.05.869.png
10386,6899,3.5,20.03.2025,153,20.03.2025\153\rgb\15.08.05.961.png,20.03.2025\153\depth\15.08.05.961.png
10387,6899,3.5,20.03.2025,153,20.03.2025\153\rgb\15.08.06.055.png,20.03.2025\153\depth\15.08.06.055.png
10388,6899,3.5,20.03.2025,153,20.03.2025\153\rgb\15.08.06.146.png,20.03.2025\153\depth\15.08.06.146.png
10389,6899,3.5,20.03.2025,153,20.03.2025\153\rgb\15.08.06.239.png,20.03.2025\153\depth\15.08.06.239.png
10390,6899,3.5,20.03.2025,153,20.03.2025\153\rgb\15.08.06.331.png,20.03.2025\153\depth\15.08.06.331.png
10391,6899,3.5,20.03.2025,153,20.03.2025\153\rgb\15.08.06.423.png,20.03.2025\153\depth\15.08.06.423.png
10392,6899,3.5,20.03.2025,153,20.03.2025\153\rgb\15.08.06.517.png,20.03.2025\153\depth\15.08.06.517.png
10393,6899,3.5,20.03.2025,153,20.03.2025\153\rgb\15.08.06.611.png,20.03.2025\153\depth\15.08.06.611.png
10394,6899,3.5,20.03.2025,153,20.03.2025\153\rgb\15.08.06.708.png,20.03.2025\153\depth\15.08.06.708.png
10395,6899,3.5,20.03.2025,153,20.03.2025\153\rgb\15.08.06.795.png,20.03.2025\153\depth\15.08.06.795.png
10396,6899,3.5,20.03.2025,153,20.03.2025\153\rgb\15.08.06.889.png,20.03.2025\153\depth\15.08.06.889.png
10397,6899,3.5,20.03.2025,153,20.03.2025\153\rgb\15.08.06.977.png,20.03.2025\153\depth\15.08.06.977.png
10398,6899,3.5,20.03.2025,153,20.03.2025\153\rgb\15.08.07.069.png,20.03.2025\153\depth\15.08.07.069.png
10399,6899,3.5,20.03.2025,153,20.03.2025\153\rgb\15.08.07.161.png,20.03.2025\153\depth\15.08.07.161.png
10400,6899,3.5,20.03.2025,153,20.03.2025\153\rgb\15.08.07.255.png,20.03.2025\153\depth\15.08.07.255.png
10401,7480,3.75,20.03.2025,154,20.03.2025\154\rgb\15.08.19.827.png,20.03.2025\154\depth\15.08.19.827.png
10402,7480,3.75,20.03.2025,154,20.03.2025\154\rgb\15.08.19.923.png,20.03.2025\154\depth\15.08.19.923.png
10403,7480,3.75,20.03.2025,154,20.03.2025\154\rgb\15.08.20.017.png,20.03.2025\154\depth\15.08.20.017.png
10404,7480,3.75,20.03.2025,154,20.03.2025\154\rgb\15.08.20.110.png,20.03.2025\154\depth\15.08.20.110.png
10405,7480,3.75,20.03.2025,154,20.03.2025\154\rgb\15.08.20.200.png,20.03.2025\154\depth\15.08.20.200.png
10406,7480,3.75,20.03.2025,154,20.03.2025\154\rgb\15.08.20.294.png,20.03.2025\154\depth\15.08.20.294.png
10407,7480,3.75,20.03.2025,154,20.03.2025\154\rgb\15.08.20.384.png,20.03.2025\154\depth\15.08.20.384.png
10408,7480,3.75,20.03.2025,154,20.03.2025\154\rgb\15.08.20.480.png,20.03.2025\154\depth\15.08.20.480.png
10409,7480,3.75,20.03.2025,154,20.03.2025\154\rgb\15.08.20.571.png,20.03.2025\154\depth\15.08.20.571.png
10410,7480,3.75,20.03.2025,154,20.03.2025\154\rgb\15.08.20.665.png,20.03.2025\154\depth\15.08.20.665.png
10411,7480,3.75,20.03.2025,154,20.03.2025\154\rgb\15.08.20.760.png,20.03.2025\154\depth\15.08.20.760.png
10412,7480,3.75,20.03.2025,154,20.03.2025\154\rgb\15.08.20.854.png,20.03.2025\154\depth\15.08.20.854.png
10413,7480,3.75,20.03.2025,154,20.03.2025\154\rgb\15.08.20.945.png,20.03.2025\154\depth\15.08.20.945.png
10414,7480,3.75,20.03.2025,154,20.03.2025\154\rgb\15.08.21.036.png,20.03.2025\154\depth\15.08.21.036.png
10415,7480,3.75,20.03.2025,154,20.03.2025\154\rgb\15.08.21.130.png,20.03.2025\154\depth\15.08.21.130.png
10416,7480,3.75,20.03.2025,154,20.03.2025\154\rgb\15.08.21.223.png,20.03.2025\154\depth\15.08.21.223.png
10417,7480,3.75,20.03.2025,154,20.03.2025\154\rgb\15.08.21.316.png,20.03.2025\154\depth\15.08.21.316.png
10418,7480,3.75,20.03.2025,154,20.03.2025\154\rgb\15.08.21.410.png,20.03.2025\154\depth\15.08.21.410.png
10419,7480,3.75,20.03.2025,154,20.03.2025\154\rgb\15.08.21.502.png,20.03.2025\154\depth\15.08.21.502.png
10420,7480,3.75,20.03.2025,154,20.03.2025\154\rgb\15.08.21.592.png,20.03.2025\154\depth\15.08.21.592.png
10421,130413,3.5,20.03.2025,155,20.03.2025\155\rgb\15.08.35.182.png,20.03.2025\155\depth\15.08.35.182.png
10422,130413,3.5,20.03.2025,155,20.03.2025\155\rgb\15.08.35.267.png,20.03.2025\155\depth\15.08.35.267.png
10423,130413,3.5,20.03.2025,155,20.03.2025\155\rgb\15.08.35.359.png,20.03.2025\155\depth\15.08.35.359.png
10424,130413,3.5,20.03.2025,155,20.03.2025\155\rgb\15.08.35.453.png,20.03.2025\155\depth\15.08.35.453.png
10425,130413,3.5,20.03.2025,155,20.03.2025\155\rgb\15.08.35.544.png,20.03.2025\155\depth\15.08.35.544.png
10426,130413,3.5,20.03.2025,155,20.03.2025\155\rgb\15.08.35.638.png,20.03.2025\155\depth\15.08.35.638.png
10427,130413,3.5,20.03.2025,155,20.03.2025\155\rgb\15.08.35.731.png,20.03.2025\155\depth\15.08.35.731.png
10428,130413,3.5,20.03.2025,155,20.03.2025\155\rgb\15.08.35.824.png,20.03.2025\155\depth\15.08.35.824.png
10429,130413,3.5,20.03.2025,155,20.03.2025\155\rgb\15.08.35.918.png,20.03.2025\155\depth\15.08.35.918.png
10430,130413,3.5,20.03.2025,155,20.03.2025\155\rgb\15.08.36.009.png,20.03.2025\155\depth\15.08.36.009.png
10431,130413,3.5,20.03.2025,155,20.03.2025\155\rgb\15.08.36.101.png,20.03.2025\155\depth\15.08.36.101.png
10432,130413,3.5,20.03.2025,155,20.03.2025\155\rgb\15.08.36.192.png,20.03.2025\155\depth\15.08.36.192.png
10433,130413,3.5,20.03.2025,155,20.03.2025\155\rgb\15.08.36.286.png,20.03.2025\155\depth\15.08.36.286.png
10434,130413,3.5,20.03.2025,155,20.03.2025\155\rgb\15.08.36.377.png,20.03.2025\155\depth\15.08.36.377.png
10435,130413,3.5,20.03.2025,155,20.03.2025\155\rgb\15.08.36.467.png,20.03.2025\155\depth\15.08.36.467.png
10436,130413,3.5,20.03.2025,155,20.03.2025\155\rgb\15.08.36.562.png,20.03.2025\155\depth\15.08.36.562.png
10437,130413,3.5,20.03.2025,155,20.03.2025\155\rgb\15.08.36.655.png,20.03.2025\155\depth\15.08.36.655.png
10438,130413,3.5,20.03.2025,155,20.03.2025\155\rgb\15.08.36.751.png,20.03.2025\155\depth\15.08.36.751.png
10439,130413,3.5,20.03.2025,155,20.03.2025\155\rgb\15.08.36.842.png,20.03.2025\155\depth\15.08.36.842.png
10440,130413,3.5,20.03.2025,155,20.03.2025\155\rgb\15.08.36.933.png,20.03.2025\155\depth\15.08.36.933.png
10441,610502,3.75,20.03.2025,156,20.03.2025\156\rgb\15.08.48.973.png,20.03.2025\156\depth\15.08.48.973.png
10442,610502,3.75,20.03.2025,156,20.03.2025\156\rgb\15.08.49.061.png,20.03.2025\156\depth\15.08.49.061.png
10443,610502,3.75,20.03.2025,156,20.03.2025\156\rgb\15.08.49.153.png,20.03.2025\156\depth\15.08.49.153.png
10444,610502,3.75,20.03.2025,156,20.03.2025\156\rgb\15.08.49.246.png,20.03.2025\156\depth\15.08.49.246.png
10445,610502,3.75,20.03.2025,156,20.03.2025\156\rgb\15.08.49.339.png,20.03.2025\156\depth\15.08.49.339.png
10446,610502,3.75,20.03.2025,156,20.03.2025\156\rgb\15.08.49.431.png,20.03.2025\156\depth\15.08.49.431.png
10447,610502,3.75,20.03.2025,156,20.03.2025\156\rgb\15.08.49.525.png,20.03.2025\156\depth\15.08.49.525.png
10448,610502,3.75,20.03.2025,156,20.03.2025\156\rgb\15.08.49.617.png,20.03.2025\156\depth\15.08.49.617.png
10449,610502,3.75,20.03.2025,156,20.03.2025\156\rgb\15.08.49.708.png,20.03.2025\156\depth\15.08.49.708.png
10450,610502,3.75,20.03.2025,156,20.03.2025\156\rgb\15.08.49.800.png,20.03.2025\156\depth\15.08.49.800.png
10451,610502,3.75,20.03.2025,156,20.03.2025\156\rgb\15.08.49.893.png,20.03.2025\156\depth\15.08.49.893.png
10452,610502,3.75,20.03.2025,156,20.03.2025\156\rgb\15.08.49.985.png,20.03.2025\156\depth\15.08.49.985.png
10453,610502,3.75,20.03.2025,156,20.03.2025\156\rgb\15.08.50.077.png,20.03.2025\156\depth\15.08.50.077.png
10454,610502,3.75,20.03.2025,156,20.03.2025\156\rgb\15.08.50.169.png,20.03.2025\156\depth\15.08.50.169.png
10455,610502,3.75,20.03.2025,156,20.03.2025\156\rgb\15.08.50.261.png,20.03.2025\156\depth\15.08.50.261.png
10456,610502,3.75,20.03.2025,156,20.03.2025\156\rgb\15.08.50.354.png,20.03.2025\156\depth\15.08.50.354.png
10457,610502,3.75,20.03.2025,156,20.03.2025\156\rgb\15.08.50.445.png,20.03.2025\156\depth\15.08.50.445.png
10458,610502,3.75,20.03.2025,156,20.03.2025\156\rgb\15.08.50.538.png,20.03.2025\156\depth\15.08.50.538.png
10459,610502,3.75,20.03.2025,156,20.03.2025\156\rgb\15.08.50.629.png,20.03.2025\156\depth\15.08.50.629.png
10460,610502,3.75,20.03.2025,156,20.03.2025\156\rgb\15.08.50.724.png,20.03.2025\156\depth\15.08.50.724.png
10461,7267,3.5,20.03.2025,157,20.03.2025\157\rgb\15.09.06.470.png,20.03.2025\157\depth\15.09.06.470.png
10462,7267,3.5,20.03.2025,157,20.03.2025\157\rgb\15.09.06.558.png,20.03.2025\157\depth\15.09.06.558.png
10463,7267,3.5,20.03.2025,157,20.03.2025\157\rgb\15.09.06.649.png,20.03.2025\157\depth\15.09.06.649.png
10464,7267,3.5,20.03.2025,157,20.03.2025\157\rgb\15.09.06.745.png,20.03.2025\157\depth\15.09.06.745.png
10465,7267,3.5,20.03.2025,157,20.03.2025\157\rgb\15.09.06.835.png,20.03.2025\157\depth\15.09.06.835.png
10466,7267,3.5,20.03.2025,157,20.03.2025\157\rgb\15.09.06.926.png,20.03.2025\157\depth\15.09.06.926.png
10467,7267,3.5,20.03.2025,157,20.03.2025\157\rgb\15.09.07.019.png,20.03.2025\157\depth\15.09.07.019.png
10468,7267,3.5,20.03.2025,157,20.03.2025\157\rgb\15.09.07.110.png,20.03.2025\157\depth\15.09.07.110.png
10469,7267,3.5,20.03.2025,157,20.03.2025\157\rgb\15.09.07.204.png,20.03.2025\157\depth\15.09.07.204.png
10470,7267,3.5,20.03.2025,157,20.03.2025\157\rgb\15.09.07.295.png,20.03.2025\157\depth\15.09.07.295.png
10471,7267,3.5,20.03.2025,157,20.03.2025\157\rgb\15.09.07.388.png,20.03.2025\157\depth\15.09.07.388.png
10472,7267,3.5,20.03.2025,157,20.03.2025\157\rgb\15.09.07.480.png,20.03.2025\157\depth\15.09.07.480.png
10473,7267,3.5,20.03.2025,157,20.03.2025\157\rgb\15.09.07.573.png,20.03.2025\157\depth\15.09.07.573.png
10474,7267,3.5,20.03.2025,157,20.03.2025\157\rgb\15.09.07.665.png,20.03.2025\157\depth\15.09.07.665.png
10475,7267,3.5,20.03.2025,157,20.03.2025\157\rgb\15.09.07.759.png,20.03.2025\157\depth\15.09.07.759.png
10476,7267,3.5,20.03.2025,157,20.03.2025\157\rgb\15.09.07.855.png,20.03.2025\157\depth\15.09.07.855.png
10477,7267,3.5,20.03.2025,157,20.03.2025\157\rgb\15.09.07.959.png,20.03.2025\157\depth\15.09.07.959.png
10478,7267,3.5,20.03.2025,157,20.03.2025\157\rgb\15.09.08.052.png,20.03.2025\157\depth\15.09.08.052.png
10479,7267,3.5,20.03.2025,157,20.03.2025\157\rgb\15.09.08.136.png,20.03.2025\157\depth\15.09.08.136.png
10480,7267,3.5,20.03.2025,157,20.03.2025\157\rgb\15.09.08.239.png,20.03.2025\157\depth\15.09.08.239.png
10481,5198,3.25,20.03.2025,158,20.03.2025\158\rgb\15.09.36.387.png,20.03.2025\158\depth\15.09.36.387.png
10482,5198,3.25,20.03.2025,158,20.03.2025\158\rgb\15.09.36.491.png,20.03.2025\158\depth\15.09.36.491.png
10483,5198,3.25,20.03.2025,158,20.03.2025\158\rgb\15.09.36.582.png,20.03.2025\158\depth\15.09.36.582.png
10484,5198,3.25,20.03.2025,158,20.03.2025\158\rgb\15.09.36.674.png,20.03.2025\158\depth\15.09.36.674.png
10485,5198,3.25,20.03.2025,158,20.03.2025\158\rgb\15.09.36.767.png,20.03.2025\158\depth\15.09.36.767.png
10486,5198,3.25,20.03.2025,158,20.03.2025\158\rgb\15.09.36.864.png,20.03.2025\158\depth\15.09.36.864.png
10487,5198,3.25,20.03.2025,158,20.03.2025\158\rgb\15.09.36.953.png,20.03.2025\158\depth\15.09.36.953.png
10488,5198,3.25,20.03.2025,158,20.03.2025\158\rgb\15.09.37.046.png,20.03.2025\158\depth\15.09.37.046.png
10489,5198,3.25,20.03.2025,158,20.03.2025\158\rgb\15.09.37.138.png,20.03.2025\158\depth\15.09.37.138.png
10490,5198,3.25,20.03.2025,158,20.03.2025\158\rgb\15.09.37.233.png,20.03.2025\158\depth\15.09.37.233.png
10491,5198,3.25,20.03.2025,158,20.03.2025\158\rgb\15.09.37.326.png,20.03.2025\158\depth\15.09.37.326.png
10492,5198,3.25,20.03.2025,158,20.03.2025\158\rgb\15.09.37.420.png,20.03.2025\158\depth\15.09.37.420.png
10493,5198,3.25,20.03.2025,158,20.03.2025\158\rgb\15.09.37.514.png,20.03.2025\158\depth\15.09.37.514.png
10494,5198,3.25,20.03.2025,158,20.03.2025\158\rgb\15.09.37.607.png,20.03.2025\158\depth\15.09.37.607.png
10495,5198,3.25,20.03.2025,158,20.03.2025\158\rgb\15.09.37.698.png,20.03.2025\158\depth\15.09.37.698.png
10496,5198,3.25,20.03.2025,158,20.03.2025\158\rgb\15.09.37.792.png,20.03.2025\158\depth\15.09.37.792.png
10497,5198,3.25,20.03.2025,158,20.03.2025\158\rgb\15.09.37.885.png,20.03.2025\158\depth\15.09.37.885.png
10498,5198,3.25,20.03.2025,158,20.03.2025\158\rgb\15.09.37.975.png,20.03.2025\158\depth\15.09.37.975.png
10499,5198,3.25,20.03.2025,158,20.03.2025\158\rgb\15.09.38.068.png,20.03.2025\158\depth\15.09.38.068.png
10500,5198,3.25,20.03.2025,158,20.03.2025\158\rgb\15.09.38.155.png,20.03.2025\158\depth\15.09.38.155.png
10501,7008,3.25,20.03.2025,159,20.03.2025\159\rgb\15.09.50.576.png,20.03.2025\159\depth\15.09.50.576.png
10502,7008,3.25,20.03.2025,159,20.03.2025\159\rgb\15.09.50.668.png,20.03.2025\159\depth\15.09.50.668.png
10503,7008,3.25,20.03.2025,159,20.03.2025\159\rgb\15.09.50.760.png,20.03.2025\159\depth\15.09.50.760.png
10504,7008,3.25,20.03.2025,159,20.03.2025\159\rgb\15.09.50.855.png,20.03.2025\159\depth\15.09.50.855.png
10505,7008,3.25,20.03.2025,159,20.03.2025\159\rgb\15.09.50.945.png,20.03.2025\159\depth\15.09.50.945.png
10506,7008,3.25,20.03.2025,159,20.03.2025\159\rgb\15.09.51.040.png,20.03.2025\159\depth\15.09.51.040.png
10507,7008,3.25,20.03.2025,159,20.03.2025\159\rgb\15.09.51.132.png,20.03.2025\159\depth\15.09.51.132.png
10508,7008,3.25,20.03.2025,159,20.03.2025\159\rgb\15.09.51.226.png,20.03.2025\159\depth\15.09.51.226.png
10509,7008,3.25,20.03.2025,159,20.03.2025\159\rgb\15.09.51.320.png,20.03.2025\159\depth\15.09.51.320.png
10510,7008,3.25,20.03.2025,159,20.03.2025\159\rgb\15.09.51.415.png,20.03.2025\159\depth\15.09.51.415.png
10511,7008,3.25,20.03.2025,159,20.03.2025\159\rgb\15.09.51.509.png,20.03.2025\159\depth\15.09.51.509.png
10512,7008,3.25,20.03.2025,159,20.03.2025\159\rgb\15.09.51.596.png,20.03.2025\159\depth\15.09.51.596.png
10513,7008,3.25,20.03.2025,159,20.03.2025\159\rgb\15.09.51.691.png,20.03.2025\159\depth\15.09.51.691.png
10514,7008,3.25,20.03.2025,159,20.03.2025\159\rgb\15.09.51.784.png,20.03.2025\159\depth\15.09.51.784.png
10515,7008,3.25,20.03.2025,159,20.03.2025\159\rgb\15.09.51.875.png,20.03.2025\159\depth\15.09.51.875.png
10516,7008,3.25,20.03.2025,159,20.03.2025\159\rgb\15.09.51.967.png,20.03.2025\159\depth\15.09.51.967.png
10517,7008,3.25,20.03.2025,159,20.03.2025\159\rgb\15.09.52.060.png,20.03.2025\159\depth\15.09.52.060.png
10518,7008,3.25,20.03.2025,159,20.03.2025\159\rgb\15.09.52.155.png,20.03.2025\159\depth\15.09.52.155.png
10519,7008,3.25,20.03.2025,159,20.03.2025\159\rgb\15.09.52.249.png,20.03.2025\159\depth\15.09.52.249.png
10520,7008,3.25,20.03.2025,159,20.03.2025\159\rgb\15.09.52.339.png,20.03.2025\159\depth\15.09.52.339.png
10521,7495,3.25,20.03.2025,160,20.03.2025\160\rgb\15.10.06.712.png,20.03.2025\160\depth\15.10.06.712.png
10522,7495,3.25,20.03.2025,160,20.03.2025\160\rgb\15.10.06.812.png,20.03.2025\160\depth\15.10.06.812.png
10523,7495,3.25,20.03.2025,160,20.03.2025\160\rgb\15.10.06.910.png,20.03.2025\160\depth\15.10.06.910.png
10524,7495,3.25,20.03.2025,160,20.03.2025\160\rgb\15.10.07.000.png,20.03.2025\160\depth\15.10.07.000.png
10525,7495,3.25,20.03.2025,160,20.03.2025\160\rgb\15.10.07.092.png,20.03.2025\160\depth\15.10.07.092.png
10526,7495,3.25,20.03.2025,160,20.03.2025\160\rgb\15.10.07.182.png,20.03.2025\160\depth\15.10.07.182.png
10527,7495,3.25,20.03.2025,160,20.03.2025\160\rgb\15.10.07.276.png,20.03.2025\160\depth\15.10.07.276.png
10528,7495,3.25,20.03.2025,160,20.03.2025\160\rgb\15.10.07.370.png,20.03.2025\160\depth\15.10.07.370.png
10529,7495,3.25,20.03.2025,160,20.03.2025\160\rgb\15.10.07.463.png,20.03.2025\160\depth\15.10.07.463.png
10530,7495,3.25,20.03.2025,160,20.03.2025\160\rgb\15.10.07.557.png,20.03.2025\160\depth\15.10.07.557.png
10531,7495,3.25,20.03.2025,160,20.03.2025\160\rgb\15.10.07.650.png,20.03.2025\160\depth\15.10.07.650.png
10532,7495,3.25,20.03.2025,160,20.03.2025\160\rgb\15.10.07.746.png,20.03.2025\160\depth\15.10.07.746.png
10533,7495,3.25,20.03.2025,160,20.03.2025\160\rgb\15.10.07.837.png,20.03.2025\160\depth\15.10.07.837.png
10534,7495,3.25,20.03.2025,160,20.03.2025\160\rgb\15.10.07.930.png,20.03.2025\160\depth\15.10.07.930.png
10535,7495,3.25,20.03.2025,160,20.03.2025\160\rgb\15.10.08.024.png,20.03.2025\160\depth\15.10.08.024.png
10536,7495,3.25,20.03.2025,160,20.03.2025\160\rgb\15.10.08.102.png,20.03.2025\160\depth\15.10.08.102.png
10537,7495,3.25,20.03.2025,160,20.03.2025\160\rgb\15.10.08.192.png,20.03.2025\160\depth\15.10.08.192.png
10538,7495,3.25,20.03.2025,160,20.03.2025\160\rgb\15.10.08.279.png,20.03.2025\160\depth\15.10.08.279.png
10539,7495,3.25,20.03.2025,160,20.03.2025\160\rgb\15.10.08.380.png,20.03.2025\160\depth\15.10.08.380.png
10540,7495,3.25,20.03.2025,160,20.03.2025\160\rgb\15.10.08.473.png,20.03.2025\160\depth\15.10.08.473.png
10541,630401,3.75,20.03.2025,161,20.03.2025\161\rgb\15.10.22.543.png,20.03.2025\161\depth\15.10.22.543.png
10542,630401,3.75,20.03.2025,161,20.03.2025\161\rgb\15.10.22.643.png,20.03.2025\161\depth\15.10.22.643.png
10543,630401,3.75,20.03.2025,161,20.03.2025\161\rgb\15.10.22.735.png,20.03.2025\161\depth\15.10.22.735.png
10544,630401,3.75,20.03.2025,161,20.03.2025\161\rgb\15.10.22.827.png,20.03.2025\161\depth\15.10.22.827.png
10545,630401,3.75,20.03.2025,161,20.03.2025\161\rgb\15.10.22.921.png,20.03.2025\161\depth\15.10.22.921.png
10546,630401,3.75,20.03.2025,161,20.03.2025\161\rgb\15.10.23.015.png,20.03.2025\161\depth\15.10.23.015.png
10547,630401,3.75,20.03.2025,161,20.03.2025\161\rgb\15.10.23.104.png,20.03.2025\161\depth\15.10.23.104.png
10548,630401,3.75,20.03.2025,161,20.03.2025\161\rgb\15.10.23.199.png,20.03.2025\161\depth\15.10.23.199.png
10549,630401,3.75,20.03.2025,161,20.03.2025\161\rgb\15.10.23.284.png,20.03.2025\161\depth\15.10.23.284.png
10550,630401,3.75,20.03.2025,161,20.03.2025\161\rgb\15.10.23.383.png,20.03.2025\161\depth\15.10.23.383.png
10551,630401,3.75,20.03.2025,161,20.03.2025\161\rgb\15.10.23.478.png,20.03.2025\161\depth\15.10.23.478.png
10552,630401,3.75,20.03.2025,161,20.03.2025\161\rgb\15.10.23.567.png,20.03.2025\161\depth\15.10.23.567.png
10553,630401,3.75,20.03.2025,161,20.03.2025\161\rgb\15.10.23.661.png,20.03.2025\161\depth\15.10.23.661.png
10554,630401,3.75,20.03.2025,161,20.03.2025\161\rgb\15.10.23.755.png,20.03.2025\161\depth\15.10.23.755.png
10555,630401,3.75,20.03.2025,161,20.03.2025\161\rgb\15.10.23.850.png,20.03.2025\161\depth\15.10.23.850.png
10556,630401,3.75,20.03.2025,161,20.03.2025\161\rgb\15.10.23.944.png,20.03.2025\161\depth\15.10.23.944.png
10557,630401,3.75,20.03.2025,161,20.03.2025\161\rgb\15.10.24.037.png,20.03.2025\161\depth\15.10.24.037.png
10558,630401,3.75,20.03.2025,161,20.03.2025\161\rgb\15.10.24.130.png,20.03.2025\161\depth\15.10.24.130.png
10559,630401,3.75,20.03.2025,161,20.03.2025\161\rgb\15.10.24.224.png,20.03.2025\161\depth\15.10.24.224.png
10560,630401,3.75,20.03.2025,161,20.03.2025\161\rgb\15.10.24.318.png,20.03.2025\161\depth\15.10.24.318.png
10561,330411,3.0,20.03.2025,162,20.03.2025\162\rgb\15.10.37.410.png,20.03.2025\162\depth\15.10.37.410.png
10562,330411,3.0,20.03.2025,162,20.03.2025\162\rgb\15.10.37.498.png,20.03.2025\162\depth\15.10.37.498.png
10563,330411,3.0,20.03.2025,162,20.03.2025\162\rgb\15.10.37.592.png,20.03.2025\162\depth\15.10.37.592.png
10564,330411,3.0,20.03.2025,162,20.03.2025\162\rgb\15.10.37.682.png,20.03.2025\162\depth\15.10.37.682.png
10565,330411,3.0,20.03.2025,162,20.03.2025\162\rgb\15.10.37.774.png,20.03.2025\162\depth\15.10.37.774.png
10566,330411,3.0,20.03.2025,162,20.03.2025\162\rgb\15.10.37.867.png,20.03.2025\162\depth\15.10.37.867.png
10567,330411,3.0,20.03.2025,162,20.03.2025\162\rgb\15.10.37.959.png,20.03.2025\162\depth\15.10.37.959.png
10568,330411,3.0,20.03.2025,162,20.03.2025\162\rgb\15.10.38.053.png,20.03.2025\162\depth\15.10.38.053.png
10569,330411,3.0,20.03.2025,162,20.03.2025\162\rgb\15.10.38.143.png,20.03.2025\162\depth\15.10.38.143.png
10570,330411,3.0,20.03.2025,162,20.03.2025\162\rgb\15.10.38.237.png,20.03.2025\162\depth\15.10.38.237.png
10571,330411,3.0,20.03.2025,162,20.03.2025\162\rgb\15.10.38.322.png,20.03.2025\162\depth\15.10.38.322.png
10572,330411,3.0,20.03.2025,162,20.03.2025\162\rgb\15.10.38.424.png,20.03.2025\162\depth\15.10.38.424.png
10573,330411,3.0,20.03.2025,162,20.03.2025\162\rgb\15.10.38.516.png,20.03.2025\162\depth\15.10.38.516.png
10574,330411,3.0,20.03.2025,162,20.03.2025\162\rgb\15.10.38.610.png,20.03.2025\162\depth\15.10.38.610.png
10575,330411,3.0,20.03.2025,162,20.03.2025\162\rgb\15.10.38.700.png,20.03.2025\162\depth\15.10.38.700.png
10576,330411,3.0,20.03.2025,162,20.03.2025\162\rgb\15.10.38.793.png,20.03.2025\162\depth\15.10.38.793.png
10577,330411,3.0,20.03.2025,162,20.03.2025\162\rgb\15.10.38.887.png,20.03.2025\162\depth\15.10.38.887.png
10578,330411,3.0,20.03.2025,162,20.03.2025\162\rgb\15.10.38.981.png,20.03.2025\162\depth\15.10.38.981.png
10579,330411,3.0,20.03.2025,162,20.03.2025\162\rgb\15.10.39.070.png,20.03.2025\162\depth\15.10.39.070.png
10580,330411,3.0,20.03.2025,162,20.03.2025\162\rgb\15.10.39.162.png,20.03.2025\162\depth\15.10.39.162.png
10581,7388,3.25,20.03.2025,163,20.03.2025\163\rgb\15.10.52.777.png,20.03.2025\163\depth\15.10.52.777.png
10582,7388,3.25,20.03.2025,163,20.03.2025\163\rgb\15.10.52.875.png,20.03.2025\163\depth\15.10.52.875.png
10583,7388,3.25,20.03.2025,163,20.03.2025\163\rgb\15.10.52.967.png,20.03.2025\163\depth\15.10.52.967.png
10584,7388,3.25,20.03.2025,163,20.03.2025\163\rgb\15.10.53.060.png,20.03.2025\163\depth\15.10.53.060.png
10585,7388,3.25,20.03.2025,163,20.03.2025\163\rgb\15.10.53.154.png,20.03.2025\163\depth\15.10.53.154.png
10586,7388,3.25,20.03.2025,163,20.03.2025\163\rgb\15.10.53.245.png,20.03.2025\163\depth\15.10.53.245.png
10587,7388,3.25,20.03.2025,163,20.03.2025\163\rgb\15.10.53.330.png,20.03.2025\163\depth\15.10.53.330.png
10588,7388,3.25,20.03.2025,163,20.03.2025\163\rgb\15.10.53.431.png,20.03.2025\163\depth\15.10.53.431.png
10589,7388,3.25,20.03.2025,163,20.03.2025\163\rgb\15.10.53.523.png,20.03.2025\163\depth\15.10.53.523.png
10590,7388,3.25,20.03.2025,163,20.03.2025\163\rgb\15.10.53.616.png,20.03.2025\163\depth\15.10.53.616.png
10591,7388,3.25,20.03.2025,163,20.03.2025\163\rgb\15.10.53.711.png,20.03.2025\163\depth\15.10.53.711.png
10592,7388,3.25,20.03.2025,163,20.03.2025\163\rgb\15.10.53.798.png,20.03.2025\163\depth\15.10.53.798.png
10593,7388,3.25,20.03.2025,163,20.03.2025\163\rgb\15.10.53.890.png,20.03.2025\163\depth\15.10.53.890.png
10594,7388,3.25,20.03.2025,163,20.03.2025\163\rgb\15.10.53.984.png,20.03.2025\163\depth\15.10.53.984.png
10595,7388,3.25,20.03.2025,163,20.03.2025\163\rgb\15.10.54.075.png,20.03.2025\163\depth\15.10.54.075.png
10596,7388,3.25,20.03.2025,163,20.03.2025\163\rgb\15.10.54.169.png,20.03.2025\163\depth\15.10.54.169.png
10597,7388,3.25,20.03.2025,163,20.03.2025\163\rgb\15.10.54.261.png,20.03.2025\163\depth\15.10.54.261.png
10598,7388,3.25,20.03.2025,163,20.03.2025\163\rgb\15.10.54.357.png,20.03.2025\163\depth\15.10.54.357.png
10599,7388,3.25,20.03.2025,163,20.03.2025\163\rgb\15.10.54.445.png,20.03.2025\163\depth\15.10.54.445.png
10600,7388,3.25,20.03.2025,163,20.03.2025\163\rgb\15.10.54.539.png,20.03.2025\163\depth\15.10.54.539.png
10601,7655,3.0,20.03.2025,164,20.03.2025\164\rgb\15.11.06.053.png,20.03.2025\164\depth\15.11.06.053.png
10602,7655,3.0,20.03.2025,164,20.03.2025\164\rgb\15.11.06.152.png,20.03.2025\164\depth\15.11.06.152.png
10603,7655,3.0,20.03.2025,164,20.03.2025\164\rgb\15.11.06.246.png,20.03.2025\164\depth\15.11.06.246.png
10604,7655,3.0,20.03.2025,164,20.03.2025\164\rgb\15.11.06.336.png,20.03.2025\164\depth\15.11.06.336.png
10605,7655,3.0,20.03.2025,164,20.03.2025\164\rgb\15.11.06.427.png,20.03.2025\164\depth\15.11.06.427.png
10606,7655,3.0,20.03.2025,164,20.03.2025\164\rgb\15.11.06.522.png,20.03.2025\164\depth\15.11.06.522.png
10607,7655,3.0,20.03.2025,164,20.03.2025\164\rgb\15.11.06.610.png,20.03.2025\164\depth\15.11.06.610.png
10608,7655,3.0,20.03.2025,164,20.03.2025\164\rgb\15.11.06.709.png,20.03.2025\164\depth\15.11.06.709.png
10609,7655,3.0,20.03.2025,164,20.03.2025\164\rgb\15.11.06.795.png,20.03.2025\164\depth\15.11.06.795.png
10610,7655,3.0,20.03.2025,164,20.03.2025\164\rgb\15.11.06.890.png,20.03.2025\164\depth\15.11.06.890.png
10611,7655,3.0,20.03.2025,164,20.03.2025\164\rgb\15.11.06.985.png,20.03.2025\164\depth\15.11.06.985.png
10612,7655,3.0,20.03.2025,164,20.03.2025\164\rgb\15.11.07.073.png,20.03.2025\164\depth\15.11.07.073.png
10613,7655,3.0,20.03.2025,164,20.03.2025\164\rgb\15.11.07.167.png,20.03.2025\164\depth\15.11.07.167.png
10614,7655,3.0,20.03.2025,164,20.03.2025\164\rgb\15.11.07.259.png,20.03.2025\164\depth\15.11.07.259.png
10615,7655,3.0,20.03.2025,164,20.03.2025\164\rgb\15.11.07.349.png,20.03.2025\164\depth\15.11.07.349.png
10616,7655,3.0,20.03.2025,164,20.03.2025\164\rgb\15.11.07.439.png,20.03.2025\164\depth\15.11.07.439.png
10617,7655,3.0,20.03.2025,164,20.03.2025\164\rgb\15.11.07.533.png,20.03.2025\164\depth\15.11.07.533.png
10618,7655,3.0,20.03.2025,164,20.03.2025\164\rgb\15.11.07.624.png,20.03.2025\164\depth\15.11.07.624.png
10619,7655,3.0,20.03.2025,164,20.03.2025\164\rgb\15.11.07.718.png,20.03.2025\164\depth\15.11.07.718.png
10620,7655,3.0,20.03.2025,164,20.03.2025\164\rgb\15.11.07.809.png,20.03.2025\164\depth\15.11.07.809.png
10621,111101,3.0,20.03.2025,165,20.03.2025\165\rgb\15.11.22.232.png,20.03.2025\165\depth\15.11.22.232.png
10622,111101,3.0,20.03.2025,165,20.03.2025\165\rgb\15.11.22.329.png,20.03.2025\165\depth\15.11.22.329.png
10623,111101,3.0,20.03.2025,165,20.03.2025\165\rgb\15.11.22.420.png,20.03.2025\165\depth\15.11.22.420.png
10624,111101,3.0,20.03.2025,165,20.03.2025\165\rgb\15.11.22.512.png,20.03.2025\165\depth\15.11.22.512.png
10625,111101,3.0,20.03.2025,165,20.03.2025\165\rgb\15.11.22.608.png,20.03.2025\165\depth\15.11.22.608.png
10626,111101,3.0,20.03.2025,165,20.03.2025\165\rgb\15.11.22.700.png,20.03.2025\165\depth\15.11.22.700.png
10627,111101,3.0,20.03.2025,165,20.03.2025\165\rgb\15.11.22.792.png,20.03.2025\165\depth\15.11.22.792.png
10628,111101,3.0,20.03.2025,165,20.03.2025\165\rgb\15.11.22.888.png,20.03.2025\165\depth\15.11.22.888.png
10629,111101,3.0,20.03.2025,165,20.03.2025\165\rgb\15.11.22.976.png,20.03.2025\165\depth\15.11.22.976.png
10630,111101,3.0,20.03.2025,165,20.03.2025\165\rgb\15.11.23.070.png,20.03.2025\165\depth\15.11.23.070.png
10631,111101,3.0,20.03.2025,165,20.03.2025\165\rgb\15.11.23.162.png,20.03.2025\165\depth\15.11.23.162.png
10632,111101,3.0,20.03.2025,165,20.03.2025\165\rgb\15.11.23.257.png,20.03.2025\165\depth\15.11.23.257.png
10633,111101,3.0,20.03.2025,165,20.03.2025\165\rgb\15.11.23.334.png,20.03.2025\165\depth\15.11.23.334.png
10634,111101,3.0,20.03.2025,165,20.03.2025\165\rgb\15.11.23.418.png,20.03.2025\165\depth\15.11.23.418.png
10635,111101,3.0,20.03.2025,165,20.03.2025\165\rgb\15.11.23.518.png,20.03.2025\165\depth\15.11.23.518.png
10636,111101,3.0,20.03.2025,165,20.03.2025\165\rgb\15.11.23.610.png,20.03.2025\165\depth\15.11.23.610.png
10637,111101,3.0,20.03.2025,165,20.03.2025\165\rgb\15.11.23.700.png,20.03.2025\165\depth\15.11.23.700.png
10638,111101,3.0,20.03.2025,165,20.03.2025\165\rgb\15.11.23.794.png,20.03.2025\165\depth\15.11.23.794.png
10639,111101,3.0,20.03.2025,165,20.03.2025\165\rgb\15.11.23.892.png,20.03.2025\165\depth\15.11.23.892.png
10640,111101,3.0,20.03.2025,165,20.03.2025\165\rgb\15.11.23.980.png,20.03.2025\165\depth\15.11.23.980.png
10641,6797,3.5,20.03.2025,166,20.03.2025\166\rgb\15.11.37.968.png,20.03.2025\166\depth\15.11.37.968.png
10642,6797,3.5,20.03.2025,166,20.03.2025\166\rgb\15.11.38.056.png,20.03.2025\166\depth\15.11.38.056.png
10643,6797,3.5,20.03.2025,166,20.03.2025\166\rgb\15.11.38.149.png,20.03.2025\166\depth\15.11.38.149.png
10644,6797,3.5,20.03.2025,166,20.03.2025\166\rgb\15.11.38.241.png,20.03.2025\166\depth\15.11.38.241.png
10645,6797,3.5,20.03.2025,166,20.03.2025\166\rgb\15.11.38.334.png,20.03.2025\166\depth\15.11.38.334.png
10646,6797,3.5,20.03.2025,166,20.03.2025\166\rgb\15.11.38.419.png,20.03.2025\166\depth\15.11.38.419.png
10647,6797,3.5,20.03.2025,166,20.03.2025\166\rgb\15.11.38.518.png,20.03.2025\166\depth\15.11.38.518.png
10648,6797,3.5,20.03.2025,166,20.03.2025\166\rgb\15.11.38.608.png,20.03.2025\166\depth\15.11.38.608.png
10649,6797,3.5,20.03.2025,166,20.03.2025\166\rgb\15.11.38.701.png,20.03.2025\166\depth\15.11.38.701.png
10650,6797,3.5,20.03.2025,166,20.03.2025\166\rgb\15.11.38.791.png,20.03.2025\166\depth\15.11.38.791.png
10651,6797,3.5,20.03.2025,166,20.03.2025\166\rgb\15.11.38.886.png,20.03.2025\166\depth\15.11.38.886.png
10652,6797,3.5,20.03.2025,166,20.03.2025\166\rgb\15.11.38.976.png,20.03.2025\166\depth\15.11.38.976.png
10653,6797,3.5,20.03.2025,166,20.03.2025\166\rgb\15.11.39.069.png,20.03.2025\166\depth\15.11.39.069.png
10654,6797,3.5,20.03.2025,166,20.03.2025\166\rgb\15.11.39.163.png,20.03.2025\166\depth\15.11.39.163.png
10655,6797,3.5,20.03.2025,166,20.03.2025\166\rgb\15.11.39.257.png,20.03.2025\166\depth\15.11.39.257.png
10656,6797,3.5,20.03.2025,166,20.03.2025\166\rgb\15.11.39.349.png,20.03.2025\166\depth\15.11.39.349.png
10657,6797,3.5,20.03.2025,166,20.03.2025\166\rgb\15.11.39.440.png,20.03.2025\166\depth\15.11.39.440.png
10658,6797,3.5,20.03.2025,166,20.03.2025\166\rgb\15.11.39.532.png,20.03.2025\166\depth\15.11.39.532.png
10659,6797,3.5,20.03.2025,166,20.03.2025\166\rgb\15.11.39.625.png,20.03.2025\166\depth\15.11.39.625.png
10660,6797,3.5,20.03.2025,166,20.03.2025\166\rgb\15.11.39.718.png,20.03.2025\166\depth\15.11.39.718.png
10661,7713,3.5,20.03.2025,167,20.03.2025\167\rgb\15.11.54.353.png,20.03.2025\167\depth\15.11.54.353.png
10662,7713,3.5,20.03.2025,167,20.03.2025\167\rgb\15.11.54.438.png,20.03.2025\167\depth\15.11.54.438.png
10663,7713,3.5,20.03.2025,167,20.03.2025\167\rgb\15.11.54.532.png,20.03.2025\167\depth\15.11.54.532.png
10664,7713,3.5,20.03.2025,167,20.03.2025\167\rgb\15.11.54.624.png,20.03.2025\167\depth\15.11.54.624.png
10665,7713,3.5,20.03.2025,167,20.03.2025\167\rgb\15.11.54.718.png,20.03.2025\167\depth\15.11.54.718.png
10666,7713,3.5,20.03.2025,167,20.03.2025\167\rgb\15.11.54.810.png,20.03.2025\167\depth\15.11.54.810.png
10667,7713,3.5,20.03.2025,167,20.03.2025\167\rgb\15.11.54.902.png,20.03.2025\167\depth\15.11.54.902.png
10668,7713,3.5,20.03.2025,167,20.03.2025\167\rgb\15.11.54.998.png,20.03.2025\167\depth\15.11.54.998.png
10669,7713,3.5,20.03.2025,167,20.03.2025\167\rgb\15.11.55.087.png,20.03.2025\167\depth\15.11.55.087.png
10670,7713,3.5,20.03.2025,167,20.03.2025\167\rgb\15.11.55.182.png,20.03.2025\167\depth\15.11.55.182.png
10671,7713,3.5,20.03.2025,167,20.03.2025\167\rgb\15.11.55.273.png,20.03.2025\167\depth\15.11.55.273.png
10672,7713,3.5,20.03.2025,167,20.03.2025\167\rgb\15.11.55.365.png,20.03.2025\167\depth\15.11.55.365.png
10673,7713,3.5,20.03.2025,167,20.03.2025\167\rgb\15.11.55.458.png,20.03.2025\167\depth\15.11.55.458.png
10674,7713,3.5,20.03.2025,167,20.03.2025\167\rgb\15.11.55.552.png,20.03.2025\167\depth\15.11.55.552.png
10675,7713,3.5,20.03.2025,167,20.03.2025\167\rgb\15.11.55.644.png,20.03.2025\167\depth\15.11.55.644.png
10676,7713,3.5,20.03.2025,167,20.03.2025\167\rgb\15.11.55.739.png,20.03.2025\167\depth\15.11.55.739.png
10677,7713,3.5,20.03.2025,167,20.03.2025\167\rgb\15.11.55.829.png,20.03.2025\167\depth\15.11.55.829.png
10678,7713,3.5,20.03.2025,167,20.03.2025\167\rgb\15.11.55.922.png,20.03.2025\167\depth\15.11.55.922.png
10679,7713,3.5,20.03.2025,167,20.03.2025\167\rgb\15.11.56.016.png,20.03.2025\167\depth\15.11.56.016.png
10680,7713,3.5,20.03.2025,167,20.03.2025\167\rgb\15.11.56.108.png,20.03.2025\167\depth\15.11.56.108.png
10681,7627,3.25,20.03.2025,168,20.03.2025\168\rgb\15.12.09.584.png,20.03.2025\168\depth\15.12.09.584.png
10682,7627,3.25,20.03.2025,168,20.03.2025\168\rgb\15.12.09.671.png,20.03.2025\168\depth\15.12.09.671.png
10683,7627,3.25,20.03.2025,168,20.03.2025\168\rgb\15.12.09.760.png,20.03.2025\168\depth\15.12.09.760.png
10684,7627,3.25,20.03.2025,168,20.03.2025\168\rgb\15.12.09.855.png,20.03.2025\168\depth\15.12.09.855.png
10685,7627,3.25,20.03.2025,168,20.03.2025\168\rgb\15.12.09.947.png,20.03.2025\168\depth\15.12.09.947.png
10686,7627,3.25,20.03.2025,168,20.03.2025\168\rgb\15.12.10.038.png,20.03.2025\168\depth\15.12.10.038.png
10687,7627,3.25,20.03.2025,168,20.03.2025\168\rgb\15.12.10.131.png,20.03.2025\168\depth\15.12.10.131.png
10688,7627,3.25,20.03.2025,168,20.03.2025\168\rgb\15.12.10.224.png,20.03.2025\168\depth\15.12.10.224.png
10689,7627,3.25,20.03.2025,168,20.03.2025\168\rgb\15.12.10.320.png,20.03.2025\168\depth\15.12.10.320.png
10690,7627,3.25,20.03.2025,168,20.03.2025\168\rgb\15.12.10.409.png,20.03.2025\168\depth\15.12.10.409.png
10691,7627,3.25,20.03.2025,168,20.03.2025\168\rgb\15.12.10.504.png,20.03.2025\168\depth\15.12.10.504.png
10692,7627,3.25,20.03.2025,168,20.03.2025\168\rgb\15.12.10.596.png,20.03.2025\168\depth\15.12.10.596.png
10693,7627,3.25,20.03.2025,168,20.03.2025\168\rgb\15.12.10.690.png,20.03.2025\168\depth\15.12.10.690.png
10694,7627,3.25,20.03.2025,168,20.03.2025\168\rgb\15.12.10.784.png,20.03.2025\168\depth\15.12.10.784.png
10695,7627,3.25,20.03.2025,168,20.03.2025\168\rgb\15.12.10.876.png,20.03.2025\168\depth\15.12.10.876.png
10696,7627,3.25,20.03.2025,168,20.03.2025\168\rgb\15.12.10.965.png,20.03.2025\168\depth\15.12.10.965.png
10697,7627,3.25,20.03.2025,168,20.03.2025\168\rgb\15.12.11.059.png,20.03.2025\168\depth\15.12.11.059.png
10698,7627,3.25,20.03.2025,168,20.03.2025\168\rgb\15.12.11.152.png,20.03.2025\168\depth\15.12.11.152.png
10699,7627,3.25,20.03.2025,168,20.03.2025\168\rgb\15.12.11.245.png,20.03.2025\168\depth\15.12.11.245.png
10700,7627,3.25,20.03.2025,168,20.03.2025\168\rgb\15.12.11.337.png,20.03.2025\168\depth\15.12.11.337.png
10701,5152,3.5,20.03.2025,169,20.03.2025\169\rgb\15.12.24.520.png,20.03.2025\169\depth\15.12.24.520.png
10702,5152,3.5,20.03.2025,169,20.03.2025\169\rgb\15.12.24.619.png,20.03.2025\169\depth\15.12.24.619.png
10703,5152,3.5,20.03.2025,169,20.03.2025\169\rgb\15.12.24.709.png,20.03.2025\169\depth\15.12.24.709.png
10704,5152,3.5,20.03.2025,169,20.03.2025\169\rgb\15.12.24.804.png,20.03.2025\169\depth\15.12.24.804.png
10705,5152,3.5,20.03.2025,169,20.03.2025\169\rgb\15.12.24.894.png,20.03.2025\169\depth\15.12.24.894.png
10706,5152,3.5,20.03.2025,169,20.03.2025\169\rgb\15.12.24.990.png,20.03.2025\169\depth\15.12.24.990.png
10707,5152,3.5,20.03.2025,169,20.03.2025\169\rgb\15.12.25.081.png,20.03.2025\169\depth\15.12.25.081.png
10708,5152,3.5,20.03.2025,169,20.03.2025\169\rgb\15.12.25.175.png,20.03.2025\169\depth\15.12.25.175.png
10709,5152,3.5,20.03.2025,169,20.03.2025\169\rgb\15.12.25.264.png,20.03.2025\169\depth\15.12.25.264.png
10710,5152,3.5,20.03.2025,169,20.03.2025\169\rgb\15.12.25.360.png,20.03.2025\169\depth\15.12.25.360.png
10711,5152,3.5,20.03.2025,169,20.03.2025\169\rgb\15.12.25.453.png,20.03.2025\169\depth\15.12.25.453.png
10712,5152,3.5,20.03.2025,169,20.03.2025\169\rgb\15.12.25.540.png,20.03.2025\169\depth\15.12.25.540.png
10713,5152,3.5,20.03.2025,169,20.03.2025\169\rgb\15.12.25.635.png,20.03.2025\169\depth\15.12.25.635.png
10714,5152,3.5,20.03.2025,169,20.03.2025\169\rgb\15.12.25.727.png,20.03.2025\169\depth\15.12.25.727.png
10715,5152,3.5,20.03.2025,169,20.03.2025\169\rgb\15.12.25.819.png,20.03.2025\169\depth\15.12.25.819.png
10716,5152,3.5,20.03.2025,169,20.03.2025\169\rgb\15.12.25.911.png,20.03.2025\169\depth\15.12.25.911.png
10717,5152,3.5,20.03.2025,169,20.03.2025\169\rgb\15.12.26.007.png,20.03.2025\169\depth\15.12.26.007.png
10718,5152,3.5,20.03.2025,169,20.03.2025\169\rgb\15.12.26.096.png,20.03.2025\169\depth\15.12.26.096.png
10719,5152,3.5,20.03.2025,169,20.03.2025\169\rgb\15.12.26.190.png,20.03.2025\169\depth\15.12.26.190.png
10720,5152,3.5,20.03.2025,169,20.03.2025\169\rgb\15.12.26.284.png,20.03.2025\169\depth\15.12.26.284.png
10721,410122,3.25,20.03.2025,170,20.03.2025\170\rgb\15.12.39.541.png,20.03.2025\170\depth\15.12.39.541.png
10722,410122,3.25,20.03.2025,170,20.03.2025\170\rgb\15.12.39.642.png,20.03.2025\170\depth\15.12.39.642.png
10723,410122,3.25,20.03.2025,170,20.03.2025\170\rgb\15.12.39.734.png,20.03.2025\170\depth\15.12.39.734.png
10724,410122,3.25,20.03.2025,170,20.03.2025\170\rgb\15.12.39.827.png,20.03.2025\170\depth\15.12.39.827.png
10725,410122,3.25,20.03.2025,170,20.03.2025\170\rgb\15.12.39.922.png,20.03.2025\170\depth\15.12.39.922.png
10726,410122,3.25,20.03.2025,170,20.03.2025\170\rgb\15.12.40.012.png,20.03.2025\170\depth\15.12.40.012.png
10727,410122,3.25,20.03.2025,170,20.03.2025\170\rgb\15.12.40.104.png,20.03.2025\170\depth\15.12.40.104.png
10728,410122,3.25,20.03.2025,170,20.03.2025\170\rgb\15.12.40.195.png,20.03.2025\170\depth\15.12.40.195.png
10729,410122,3.25,20.03.2025,170,20.03.2025\170\rgb\15.12.40.289.png,20.03.2025\170\depth\15.12.40.289.png
10730,410122,3.25,20.03.2025,170,20.03.2025\170\rgb\15.12.40.383.png,20.03.2025\170\depth\15.12.40.383.png
10731,410122,3.25,20.03.2025,170,20.03.2025\170\rgb\15.12.40.476.png,20.03.2025\170\depth\15.12.40.476.png
10732,410122,3.25,20.03.2025,170,20.03.2025\170\rgb\15.12.40.567.png,20.03.2025\170\depth\15.12.40.567.png
10733,410122,3.25,20.03.2025,170,20.03.2025\170\rgb\15.12.40.659.png,20.03.2025\170\depth\15.12.40.659.png
10734,410122,3.25,20.03.2025,170,20.03.2025\170\rgb\15.12.40.754.png,20.03.2025\170\depth\15.12.40.754.png
10735,410122,3.25,20.03.2025,170,20.03.2025\170\rgb\15.12.40.847.png,20.03.2025\170\depth\15.12.40.847.png
10736,410122,3.25,20.03.2025,170,20.03.2025\170\rgb\15.12.40.937.png,20.03.2025\170\depth\15.12.40.937.png
10737,410122,3.25,20.03.2025,170,20.03.2025\170\rgb\15.12.41.029.png,20.03.2025\170\depth\15.12.41.029.png
10738,410122,3.25,20.03.2025,170,20.03.2025\170\rgb\15.12.41.127.png,20.03.2025\170\depth\15.12.41.127.png
10739,410122,3.25,20.03.2025,170,20.03.2025\170\rgb\15.12.41.214.png,20.03.2025\170\depth\15.12.41.214.png
10740,410122,3.25,20.03.2025,170,20.03.2025\170\rgb\15.12.41.308.png,20.03.2025\170\depth\15.12.41.308.png
10741,630418,3.5,20.03.2025,171,20.03.2025\171\rgb\15.12.55.681.png,20.03.2025\171\depth\15.12.55.681.png
10742,630418,3.5,20.03.2025,171,20.03.2025\171\rgb\15.12.55.766.png,20.03.2025\171\depth\15.12.55.766.png
10743,630418,3.5,20.03.2025,171,20.03.2025\171\rgb\15.12.55.861.png,20.03.2025\171\depth\15.12.55.861.png
10744,630418,3.5,20.03.2025,171,20.03.2025\171\rgb\15.12.55.953.png,20.03.2025\171\depth\15.12.55.953.png
10745,630418,3.5,20.03.2025,171,20.03.2025\171\rgb\15.12.56.046.png,20.03.2025\171\depth\15.12.56.046.png
10746,630418,3.5,20.03.2025,171,20.03.2025\171\rgb\15.12.56.137.png,20.03.2025\171\depth\15.12.56.137.png
10747,630418,3.5,20.03.2025,171,20.03.2025\171\rgb\15.12.56.231.png,20.03.2025\171\depth\15.12.56.231.png
10748,630418,3.5,20.03.2025,171,20.03.2025\171\rgb\15.12.56.339.png,20.03.2025\171\depth\15.12.56.339.png
10749,630418,3.5,20.03.2025,171,20.03.2025\171\rgb\15.12.56.432.png,20.03.2025\171\depth\15.12.56.432.png
10750,630418,3.5,20.03.2025,171,20.03.2025\171\rgb\15.12.56.523.png,20.03.2025\171\depth\15.12.56.523.png
10751,630418,3.5,20.03.2025,171,20.03.2025\171\rgb\15.12.56.617.png,20.03.2025\171\depth\15.12.56.617.png
10752,630418,3.5,20.03.2025,171,20.03.2025\171\rgb\15.12.56.710.png,20.03.2025\171\depth\15.12.56.710.png
10753,630418,3.5,20.03.2025,171,20.03.2025\171\rgb\15.12.56.805.png,20.03.2025\171\depth\15.12.56.805.png
10754,630418,3.5,20.03.2025,171,20.03.2025\171\rgb\15.12.56.897.png,20.03.2025\171\depth\15.12.56.897.png
10755,630418,3.5,20.03.2025,171,20.03.2025\171\rgb\15.12.56.989.png,20.03.2025\171\depth\15.12.56.989.png
10756,630418,3.5,20.03.2025,171,20.03.2025\171\rgb\15.12.57.085.png,20.03.2025\171\depth\15.12.57.085.png
10757,630418,3.5,20.03.2025,171,20.03.2025\171\rgb\15.12.57.174.png,20.03.2025\171\depth\15.12.57.174.png
10758,630418,3.5,20.03.2025,171,20.03.2025\171\rgb\15.12.57.267.png,20.03.2025\171\depth\15.12.57.267.png
10759,630418,3.5,20.03.2025,171,20.03.2025\171\rgb\15.12.57.361.png,20.03.2025\171\depth\15.12.57.361.png
10760,630418,3.5,20.03.2025,171,20.03.2025\171\rgb\15.12.57.457.png,20.03.2025\171\depth\15.12.57.457.png
10761,830330,3.5,20.03.2025,172,20.03.2025\172\rgb\15.13.11.069.png,20.03.2025\172\depth\15.13.11.069.png
10762,830330,3.5,20.03.2025,172,20.03.2025\172\rgb\15.13.11.166.png,20.03.2025\172\depth\15.13.11.166.png
10763,830330,3.5,20.03.2025,172,20.03.2025\172\rgb\15.13.11.260.png,20.03.2025\172\depth\15.13.11.260.png
10764,830330,3.5,20.03.2025,172,20.03.2025\172\rgb\15.13.11.353.png,20.03.2025\172\depth\15.13.11.353.png
10765,830330,3.5,20.03.2025,172,20.03.2025\172\rgb\15.13.11.447.png,20.03.2025\172\depth\15.13.11.447.png
10766,830330,3.5,20.03.2025,172,20.03.2025\172\rgb\15.13.11.535.png,20.03.2025\172\depth\15.13.11.535.png
10767,830330,3.5,20.03.2025,172,20.03.2025\172\rgb\15.13.11.629.png,20.03.2025\172\depth\15.13.11.629.png
10768,830330,3.5,20.03.2025,172,20.03.2025\172\rgb\15.13.11.724.png,20.03.2025\172\depth\15.13.11.724.png
10769,830330,3.5,20.03.2025,172,20.03.2025\172\rgb\15.13.11.814.png,20.03.2025\172\depth\15.13.11.814.png
10770,830330,3.5,20.03.2025,172,20.03.2025\172\rgb\15.13.11.908.png,20.03.2025\172\depth\15.13.11.908.png
10771,830330,3.5,20.03.2025,172,20.03.2025\172\rgb\15.13.12.002.png,20.03.2025\172\depth\15.13.12.002.png
10772,830330,3.5,20.03.2025,172,20.03.2025\172\rgb\15.13.12.094.png,20.03.2025\172\depth\15.13.12.094.png
10773,830330,3.5,20.03.2025,172,20.03.2025\172\rgb\15.13.12.188.png,20.03.2025\172\depth\15.13.12.188.png
10774,830330,3.5,20.03.2025,172,20.03.2025\172\rgb\15.13.12.281.png,20.03.2025\172\depth\15.13.12.281.png
10775,830330,3.5,20.03.2025,172,20.03.2025\172\rgb\15.13.12.370.png,20.03.2025\172\depth\15.13.12.370.png
10776,830330,3.5,20.03.2025,172,20.03.2025\172\rgb\15.13.12.464.png,20.03.2025\172\depth\15.13.12.464.png
10777,830330,3.5,20.03.2025,172,20.03.2025\172\rgb\15.13.12.558.png,20.03.2025\172\depth\15.13.12.558.png
10778,830330,3.5,20.03.2025,172,20.03.2025\172\rgb\15.13.12.652.png,20.03.2025\172\depth\15.13.12.652.png
10779,830330,3.5,20.03.2025,172,20.03.2025\172\rgb\15.13.12.745.png,20.03.2025\172\depth\15.13.12.745.png
10780,830330,3.5,20.03.2025,172,20.03.2025\172\rgb\15.13.12.839.png,20.03.2025\172\depth\15.13.12.839.png
10781,611122,3.25,20.03.2025,173,20.03.2025\173\rgb\15.13.26.422.png,20.03.2025\173\depth\15.13.26.422.png
10782,611122,3.25,20.03.2025,173,20.03.2025\173\rgb\15.13.26.524.png,20.03.2025\173\depth\15.13.26.524.png
10783,611122,3.25,20.03.2025,173,20.03.2025\173\rgb\15.13.26.616.png,20.03.2025\173\depth\15.13.26.616.png
10784,611122,3.25,20.03.2025,173,20.03.2025\173\rgb\15.13.26.709.png,20.03.2025\173\depth\15.13.26.709.png
10785,611122,3.25,20.03.2025,173,20.03.2025\173\rgb\15.13.26.796.png,20.03.2025\173\depth\15.13.26.796.png
10786,611122,3.25,20.03.2025,173,20.03.2025\173\rgb\15.13.26.892.png,20.03.2025\173\depth\15.13.26.892.png
10787,611122,3.25,20.03.2025,173,20.03.2025\173\rgb\15.13.26.983.png,20.03.2025\173\depth\15.13.26.983.png
10788,611122,3.25,20.03.2025,173,20.03.2025\173\rgb\15.13.27.075.png,20.03.2025\173\depth\15.13.27.075.png
10789,611122,3.25,20.03.2025,173,20.03.2025\173\rgb\15.13.27.169.png,20.03.2025\173\depth\15.13.27.169.png
10790,611122,3.25,20.03.2025,173,20.03.2025\173\rgb\15.13.27.259.png,20.03.2025\173\depth\15.13.27.259.png
10791,611122,3.25,20.03.2025,173,20.03.2025\173\rgb\15.13.27.353.png,20.03.2025\173\depth\15.13.27.353.png
10792,611122,3.25,20.03.2025,173,20.03.2025\173\rgb\15.13.27.444.png,20.03.2025\173\depth\15.13.27.444.png
10793,611122,3.25,20.03.2025,173,20.03.2025\173\rgb\15.13.27.537.png,20.03.2025\173\depth\15.13.27.537.png
10794,611122,3.25,20.03.2025,173,20.03.2025\173\rgb\15.13.27.630.png,20.03.2025\173\depth\15.13.27.630.png
10795,611122,3.25,20.03.2025,173,20.03.2025\173\rgb\15.13.27.724.png,20.03.2025\173\depth\15.13.27.724.png
10796,611122,3.25,20.03.2025,173,20.03.2025\173\rgb\15.13.27.813.png,20.03.2025\173\depth\15.13.27.813.png
10797,611122,3.25,20.03.2025,173,20.03.2025\173\rgb\15.13.27.908.png,20.03.2025\173\depth\15.13.27.908.png
10798,611122,3.25,20.03.2025,173,20.03.2025\173\rgb\15.13.28.001.png,20.03.2025\173\depth\15.13.28.001.png
10799,611122,3.25,20.03.2025,173,20.03.2025\173\rgb\15.13.28.095.png,20.03.2025\173\depth\15.13.28.095.png
10800,611122,3.25,20.03.2025,173,20.03.2025\173\rgb\15.13.28.190.png,20.03.2025\173\depth\15.13.28.190.png
10801,110413,3.5,20.03.2025,174,20.03.2025\174\rgb\15.13.41.385.png,20.03.2025\174\depth\15.13.41.385.png
10802,110413,3.5,20.03.2025,174,20.03.2025\174\rgb\15.13.41.470.png,20.03.2025\174\depth\15.13.41.470.png
10803,110413,3.5,20.03.2025,174,20.03.2025\174\rgb\15.13.41.562.png,20.03.2025\174\depth\15.13.41.562.png
10804,110413,3.5,20.03.2025,174,20.03.2025\174\rgb\15.13.41.656.png,20.03.2025\174\depth\15.13.41.656.png
10805,110413,3.5,20.03.2025,174,20.03.2025\174\rgb\15.13.41.749.png,20.03.2025\174\depth\15.13.41.749.png
10806,110413,3.5,20.03.2025,174,20.03.2025\174\rgb\15.13.41.839.png,20.03.2025\174\depth\15.13.41.839.png
10807,110413,3.5,20.03.2025,174,20.03.2025\174\rgb\15.13.41.933.png,20.03.2025\174\depth\15.13.41.933.png
10808,110413,3.5,20.03.2025,174,20.03.2025\174\rgb\15.13.42.025.png,20.03.2025\174\depth\15.13.42.025.png
10809,110413,3.5,20.03.2025,174,20.03.2025\174\rgb\15.13.42.119.png,20.03.2025\174\depth\15.13.42.119.png
10810,110413,3.5,20.03.2025,174,20.03.2025\174\rgb\15.13.42.212.png,20.03.2025\174\depth\15.13.42.212.png
10811,110413,3.5,20.03.2025,174,20.03.2025\174\rgb\15.13.42.321.png,20.03.2025\174\depth\15.13.42.321.png
10812,110413,3.5,20.03.2025,174,20.03.2025\174\rgb\15.13.42.411.png,20.03.2025\174\depth\15.13.42.411.png
10813,110413,3.5,20.03.2025,174,20.03.2025\174\rgb\15.13.42.505.png,20.03.2025\174\depth\15.13.42.505.png
10814,110413,3.5,20.03.2025,174,20.03.2025\174\rgb\15.13.42.597.png,20.03.2025\174\depth\15.13.42.597.png
10815,110413,3.5,20.03.2025,174,20.03.2025\174\rgb\15.13.42.689.png,20.03.2025\174\depth\15.13.42.689.png
10816,110413,3.5,20.03.2025,174,20.03.2025\174\rgb\15.13.42.780.png,20.03.2025\174\depth\15.13.42.780.png
10817,110413,3.5,20.03.2025,174,20.03.2025\174\rgb\15.13.42.872.png,20.03.2025\174\depth\15.13.42.872.png
10818,110413,3.5,20.03.2025,174,20.03.2025\174\rgb\15.13.42.963.png,20.03.2025\174\depth\15.13.42.963.png
10819,110413,3.5,20.03.2025,174,20.03.2025\174\rgb\15.13.43.057.png,20.03.2025\174\depth\15.13.43.057.png
10820,110413,3.5,20.03.2025,174,20.03.2025\174\rgb\15.13.43.149.png,20.03.2025\174\depth\15.13.43.149.png
10821,5179,3.5,20.03.2025,175,20.03.2025\175\rgb\15.13.57.693.png,20.03.2025\175\depth\15.13.57.693.png
10822,5179,3.5,20.03.2025,175,20.03.2025\175\rgb\15.13.57.782.png,20.03.2025\175\depth\15.13.57.782.png
10823,5179,3.5,20.03.2025,175,20.03.2025\175\rgb\15.13.57.871.png,20.03.2025\175\depth\15.13.57.871.png
10824,5179,3.5,20.03.2025,175,20.03.2025\175\rgb\15.13.57.966.png,20.03.2025\175\depth\15.13.57.966.png
10825,5179,3.5,20.03.2025,175,20.03.2025\175\rgb\15.13.58.057.png,20.03.2025\175\depth\15.13.58.057.png
10826,5179,3.5,20.03.2025,175,20.03.2025\175\rgb\15.13.58.151.png,20.03.2025\175\depth\15.13.58.151.png
10827,5179,3.5,20.03.2025,175,20.03.2025\175\rgb\15.13.58.238.png,20.03.2025\175\depth\15.13.58.238.png
10828,5179,3.5,20.03.2025,175,20.03.2025\175\rgb\15.13.58.334.png,20.03.2025\175\depth\15.13.58.334.png
10829,5179,3.5,20.03.2025,175,20.03.2025\175\rgb\15.13.58.427.png,20.03.2025\175\depth\15.13.58.427.png
10830,5179,3.5,20.03.2025,175,20.03.2025\175\rgb\15.13.58.523.png,20.03.2025\175\depth\15.13.58.523.png
10831,5179,3.5,20.03.2025,175,20.03.2025\175\rgb\15.13.58.613.png,20.03.2025\175\depth\15.13.58.613.png
10832,5179,3.5,20.03.2025,175,20.03.2025\175\rgb\15.13.58.704.png,20.03.2025\175\depth\15.13.58.704.png
10833,5179,3.5,20.03.2025,175,20.03.2025\175\rgb\15.13.58.798.png,20.03.2025\175\depth\15.13.58.798.png
10834,5179,3.5,20.03.2025,175,20.03.2025\175\rgb\15.13.58.894.png,20.03.2025\175\depth\15.13.58.894.png
10835,5179,3.5,20.03.2025,175,20.03.2025\175\rgb\15.13.58.984.png,20.03.2025\175\depth\15.13.58.984.png
10836,5179,3.5,20.03.2025,175,20.03.2025\175\rgb\15.13.59.077.png,20.03.2025\175\depth\15.13.59.077.png
10837,5179,3.5,20.03.2025,175,20.03.2025\175\rgb\15.13.59.169.png,20.03.2025\175\depth\15.13.59.169.png
10838,5179,3.5,20.03.2025,175,20.03.2025\175\rgb\15.13.59.263.png,20.03.2025\175\depth\15.13.59.263.png
10839,5179,3.5,20.03.2025,175,20.03.2025\175\rgb\15.13.59.355.png,20.03.2025\175\depth\15.13.59.355.png
10840,5179,3.5,20.03.2025,175,20.03.2025\175\rgb\15.13.59.445.png,20.03.2025\175\depth\15.13.59.445.png
10841,7503,3.25,20.03.2025,176,20.03.2025\176\rgb\15.14.12.945.png,20.03.2025\176\depth\15.14.12.945.png
10842,7503,3.25,20.03.2025,176,20.03.2025\176\rgb\15.14.13.040.png,20.03.2025\176\depth\15.14.13.040.png
10843,7503,3.25,20.03.2025,176,20.03.2025\176\rgb\15.14.13.129.png,20.03.2025\176\depth\15.14.13.129.png
10844,7503,3.25,20.03.2025,176,20.03.2025\176\rgb\15.14.13.223.png,20.03.2025\176\depth\15.14.13.223.png
10845,7503,3.25,20.03.2025,176,20.03.2025\176\rgb\15.14.13.316.png,20.03.2025\176\depth\15.14.13.316.png
10846,7503,3.25,20.03.2025,176,20.03.2025\176\rgb\15.14.13.408.png,20.03.2025\176\depth\15.14.13.408.png
10847,7503,3.25,20.03.2025,176,20.03.2025\176\rgb\15.14.13.499.png,20.03.2025\176\depth\15.14.13.499.png
10848,7503,3.25,20.03.2025,176,20.03.2025\176\rgb\15.14.13.592.png,20.03.2025\176\depth\15.14.13.592.png
10849,7503,3.25,20.03.2025,176,20.03.2025\176\rgb\15.14.13.685.png,20.03.2025\176\depth\15.14.13.685.png
10850,7503,3.25,20.03.2025,176,20.03.2025\176\rgb\15.14.13.771.png,20.03.2025\176\depth\15.14.13.771.png
10851,7503,3.25,20.03.2025,176,20.03.2025\176\rgb\15.14.13.868.png,20.03.2025\176\depth\15.14.13.868.png
10852,7503,3.25,20.03.2025,176,20.03.2025\176\rgb\15.14.13.961.png,20.03.2025\176\depth\15.14.13.961.png
10853,7503,3.25,20.03.2025,176,20.03.2025\176\rgb\15.14.14.057.png,20.03.2025\176\depth\15.14.14.057.png
10854,7503,3.25,20.03.2025,176,20.03.2025\176\rgb\15.14.14.148.png,20.03.2025\176\depth\15.14.14.148.png
10855,7503,3.25,20.03.2025,176,20.03.2025\176\rgb\15.14.14.241.png,20.03.2025\176\depth\15.14.14.241.png
10856,7503,3.25,20.03.2025,176,20.03.2025\176\rgb\15.14.14.335.png,20.03.2025\176\depth\15.14.14.335.png
10857,7503,3.25,20.03.2025,176,20.03.2025\176\rgb\15.14.14.426.png,20.03.2025\176\depth\15.14.14.426.png
10858,7503,3.25,20.03.2025,176,20.03.2025\176\rgb\15.14.14.522.png,20.03.2025\176\depth\15.14.14.522.png
10859,7503,3.25,20.03.2025,176,20.03.2025\176\rgb\15.14.14.610.png,20.03.2025\176\depth\15.14.14.610.png
10860,7503,3.25,20.03.2025,176,20.03.2025\176\rgb\15.14.14.702.png,20.03.2025\176\depth\15.14.14.702.png
10861,7038,3.0,20.03.2025,177,20.03.2025\177\rgb\15.14.27.112.png,20.03.2025\177\depth\15.14.27.112.png
10862,7038,3.0,20.03.2025,177,20.03.2025\177\rgb\15.14.27.215.png,20.03.2025\177\depth\15.14.27.215.png
10863,7038,3.0,20.03.2025,177,20.03.2025\177\rgb\15.14.27.318.png,20.03.2025\177\depth\15.14.27.318.png
10864,7038,3.0,20.03.2025,177,20.03.2025\177\rgb\15.14.27.410.png,20.03.2025\177\depth\15.14.27.410.png
10865,7038,3.0,20.03.2025,177,20.03.2025\177\rgb\15.14.27.503.png,20.03.2025\177\depth\15.14.27.503.png
10866,7038,3.0,20.03.2025,177,20.03.2025\177\rgb\15.14.27.595.png,20.03.2025\177\depth\15.14.27.595.png
10867,7038,3.0,20.03.2025,177,20.03.2025\177\rgb\15.14.27.689.png,20.03.2025\177\depth\15.14.27.689.png
10868,7038,3.0,20.03.2025,177,20.03.2025\177\rgb\15.14.27.783.png,20.03.2025\177\depth\15.14.27.783.png
10869,7038,3.0,20.03.2025,177,20.03.2025\177\rgb\15.14.27.874.png,20.03.2025\177\depth\15.14.27.874.png
10870,7038,3.0,20.03.2025,177,20.03.2025\177\rgb\15.14.27.970.png,20.03.2025\177\depth\15.14.27.970.png
10871,7038,3.0,20.03.2025,177,20.03.2025\177\rgb\15.14.28.058.png,20.03.2025\177\depth\15.14.28.058.png
10872,7038,3.0,20.03.2025,177,20.03.2025\177\rgb\15.14.28.153.png,20.03.2025\177\depth\15.14.28.153.png
10873,7038,3.0,20.03.2025,177,20.03.2025\177\rgb\15.14.28.241.png,20.03.2025\177\depth\15.14.28.241.png
10874,7038,3.0,20.03.2025,177,20.03.2025\177\rgb\15.14.28.334.png,20.03.2025\177\depth\15.14.28.334.png
10875,7038,3.0,20.03.2025,177,20.03.2025\177\rgb\15.14.28.427.png,20.03.2025\177\depth\15.14.28.427.png
10876,7038,3.0,20.03.2025,177,20.03.2025\177\rgb\15.14.28.521.png,20.03.2025\177\depth\15.14.28.521.png
10877,7038,3.0,20.03.2025,177,20.03.2025\177\rgb\15.14.28.611.png,20.03.2025\177\depth\15.14.28.611.png
10878,7038,3.0,20.03.2025,177,20.03.2025\177\rgb\15.14.28.704.png,20.03.2025\177\depth\15.14.28.704.png
10879,7038,3.0,20.03.2025,177,20.03.2025\177\rgb\15.14.28.796.png,20.03.2025\177\depth\15.14.28.796.png
10880,7038,3.0,20.03.2025,177,20.03.2025\177\rgb\15.14.28.891.png,20.03.2025\177\depth\15.14.28.891.png
10881,5010,3.25,20.03.2025,178,20.03.2025\178\rgb\15.14.42.212.png,20.03.2025\178\depth\15.14.42.212.png
10882,5010,3.25,20.03.2025,178,20.03.2025\178\rgb\15.14.42.299.png,20.03.2025\178\depth\15.14.42.299.png
10883,5010,3.25,20.03.2025,178,20.03.2025\178\rgb\15.14.42.390.png,20.03.2025\178\depth\15.14.42.390.png
10884,5010,3.25,20.03.2025,178,20.03.2025\178\rgb\15.14.42.486.png,20.03.2025\178\depth\15.14.42.486.png
10885,5010,3.25,20.03.2025,178,20.03.2025\178\rgb\15.14.42.577.png,20.03.2025\178\depth\15.14.42.577.png
10886,5010,3.25,20.03.2025,178,20.03.2025\178\rgb\15.14.42.672.png,20.03.2025\178\depth\15.14.42.672.png
10887,5010,3.25,20.03.2025,178,20.03.2025\178\rgb\15.14.42.762.png,20.03.2025\178\depth\15.14.42.762.png
10888,5010,3.25,20.03.2025,178,20.03.2025\178\rgb\15.14.42.858.png,20.03.2025\178\depth\15.14.42.858.png
10889,5010,3.25,20.03.2025,178,20.03.2025\178\rgb\15.14.42.950.png,20.03.2025\178\depth\15.14.42.950.png
10890,5010,3.25,20.03.2025,178,20.03.2025\178\rgb\15.14.43.039.png,20.03.2025\178\depth\15.14.43.039.png
10891,5010,3.25,20.03.2025,178,20.03.2025\178\rgb\15.14.43.132.png,20.03.2025\178\depth\15.14.43.132.png
10892,5010,3.25,20.03.2025,178,20.03.2025\178\rgb\15.14.43.227.png,20.03.2025\178\depth\15.14.43.227.png
10893,5010,3.25,20.03.2025,178,20.03.2025\178\rgb\15.14.43.318.png,20.03.2025\178\depth\15.14.43.318.png
10894,5010,3.25,20.03.2025,178,20.03.2025\178\rgb\15.14.43.410.png,20.03.2025\178\depth\15.14.43.410.png
10895,5010,3.25,20.03.2025,178,20.03.2025\178\rgb\15.14.43.500.png,20.03.2025\178\depth\15.14.43.500.png
10896,5010,3.25,20.03.2025,178,20.03.2025\178\rgb\15.14.43.595.png,20.03.2025\178\depth\15.14.43.595.png
10897,5010,3.25,20.03.2025,178,20.03.2025\178\rgb\15.14.43.690.png,20.03.2025\178\depth\15.14.43.690.png
10898,5010,3.25,20.03.2025,178,20.03.2025\178\rgb\15.14.43.775.png,20.03.2025\178\depth\15.14.43.775.png
10899,5010,3.25,20.03.2025,178,20.03.2025\178\rgb\15.14.43.860.png,20.03.2025\178\depth\15.14.43.860.png
10900,5010,3.25,20.03.2025,178,20.03.2025\178\rgb\15.14.43.953.png,20.03.2025\178\depth\15.14.43.953.png
10901,930206,3.5,20.03.2025,179,20.03.2025\179\rgb\15.14.58.944.png,20.03.2025\179\depth\15.14.58.944.png
10902,930206,3.5,20.03.2025,179,20.03.2025\179\rgb\15.14.59.031.png,20.03.2025\179\depth\15.14.59.031.png
10903,930206,3.5,20.03.2025,179,20.03.2025\179\rgb\15.14.59.124.png,20.03.2025\179\depth\15.14.59.124.png
10904,930206,3.5,20.03.2025,179,20.03.2025\179\rgb\15.14.59.218.png,20.03.2025\179\depth\15.14.59.218.png
10905,930206,3.5,20.03.2025,179,20.03.2025\179\rgb\15.14.59.309.png,20.03.2025\179\depth\15.14.59.309.png
10906,930206,3.5,20.03.2025,179,20.03.2025\179\rgb\15.14.59.401.png,20.03.2025\179\depth\15.14.59.401.png
10907,930206,3.5,20.03.2025,179,20.03.2025\179\rgb\15.14.59.492.png,20.03.2025\179\depth\15.14.59.492.png
10908,930206,3.5,20.03.2025,179,20.03.2025\179\rgb\15.14.59.586.png,20.03.2025\179\depth\15.14.59.586.png
10909,930206,3.5,20.03.2025,179,20.03.2025\179\rgb\15.14.59.681.png,20.03.2025\179\depth\15.14.59.681.png
10910,930206,3.5,20.03.2025,179,20.03.2025\179\rgb\15.14.59.770.png,20.03.2025\179\depth\15.14.59.770.png
10911,930206,3.5,20.03.2025,179,20.03.2025\179\rgb\15.14.59.863.png,20.03.2025\179\depth\15.14.59.863.png
10912,930206,3.5,20.03.2025,179,20.03.2025\179\rgb\15.14.59.958.png,20.03.2025\179\depth\15.14.59.958.png
10913,930206,3.5,20.03.2025,179,20.03.2025\179\rgb\15.15.00.054.png,20.03.2025\179\depth\15.15.00.054.png
10914,930206,3.5,20.03.2025,179,20.03.2025\179\rgb\15.15.00.143.png,20.03.2025\179\depth\15.15.00.143.png
10915,930206,3.5,20.03.2025,179,20.03.2025\179\rgb\15.15.00.233.png,20.03.2025\179\depth\15.15.00.233.png
10916,930206,3.5,20.03.2025,179,20.03.2025\179\rgb\15.15.00.324.png,20.03.2025\179\depth\15.15.00.324.png
10917,930206,3.5,20.03.2025,179,20.03.2025\179\rgb\15.15.00.420.png,20.03.2025\179\depth\15.15.00.420.png
10918,930206,3.5,20.03.2025,179,20.03.2025\179\rgb\15.15.00.512.png,20.03.2025\179\depth\15.15.00.512.png
10919,930206,3.5,20.03.2025,179,20.03.2025\179\rgb\15.15.00.604.png,20.03.2025\179\depth\15.15.00.604.png
10920,930206,3.5,20.03.2025,179,20.03.2025\179\rgb\15.15.00.696.png,20.03.2025\179\depth\15.15.00.696.png
10921,6642,3.25,20.03.2025,180,20.03.2025\180\rgb\15.15.14.501.png,20.03.2025\180\depth\15.15.14.501.png
10922,6642,3.25,20.03.2025,180,20.03.2025\180\rgb\15.15.14.584.png,20.03.2025\180\depth\15.15.14.584.png
10923,6642,3.25,20.03.2025,180,20.03.2025\180\rgb\15.15.14.679.png,20.03.2025\180\depth\15.15.14.679.png
10924,6642,3.25,20.03.2025,180,20.03.2025\180\rgb\15.15.14.767.png,20.03.2025\180\depth\15.15.14.767.png
10925,6642,3.25,20.03.2025,180,20.03.2025\180\rgb\15.15.14.861.png,20.03.2025\180\depth\15.15.14.861.png
10926,6642,3.25,20.03.2025,180,20.03.2025\180\rgb\15.15.14.957.png,20.03.2025\180\depth\15.15.14.957.png
10927,6642,3.25,20.03.2025,180,20.03.2025\180\rgb\15.15.15.048.png,20.03.2025\180\depth\15.15.15.048.png
10928,6642,3.25,20.03.2025,180,20.03.2025\180\rgb\15.15.15.141.png,20.03.2025\180\depth\15.15.15.141.png
10929,6642,3.25,20.03.2025,180,20.03.2025\180\rgb\15.15.15.233.png,20.03.2025\180\depth\15.15.15.233.png
10930,6642,3.25,20.03.2025,180,20.03.2025\180\rgb\15.15.15.326.png,20.03.2025\180\depth\15.15.15.326.png
10931,6642,3.25,20.03.2025,180,20.03.2025\180\rgb\15.15.15.416.png,20.03.2025\180\depth\15.15.15.416.png
10932,6642,3.25,20.03.2025,180,20.03.2025\180\rgb\15.15.15.511.png,20.03.2025\180\depth\15.15.15.511.png
10933,6642,3.25,20.03.2025,180,20.03.2025\180\rgb\15.15.15.601.png,20.03.2025\180\depth\15.15.15.601.png
10934,6642,3.25,20.03.2025,180,20.03.2025\180\rgb\15.15.15.693.png,20.03.2025\180\depth\15.15.15.693.png
10935,6642,3.25,20.03.2025,180,20.03.2025\180\rgb\15.15.15.787.png,20.03.2025\180\depth\15.15.15.787.png
10936,6642,3.25,20.03.2025,180,20.03.2025\180\rgb\15.15.15.879.png,20.03.2025\180\depth\15.15.15.879.png
10937,6642,3.25,20.03.2025,180,20.03.2025\180\rgb\15.15.15.972.png,20.03.2025\180\depth\15.15.15.972.png
10938,6642,3.25,20.03.2025,180,20.03.2025\180\rgb\15.15.16.065.png,20.03.2025\180\depth\15.15.16.065.png
10939,6642,3.25,20.03.2025,180,20.03.2025\180\rgb\15.15.16.157.png,20.03.2025\180\depth\15.15.16.157.png
10940,6642,3.25,20.03.2025,180,20.03.2025\180\rgb\15.15.16.249.png,20.03.2025\180\depth\15.15.16.249.png
10941,5145,3.5,20.03.2025,181,20.03.2025\181\rgb\15.15.29.170.png,20.03.2025\181\depth\15.15.29.170.png
10942,5145,3.5,20.03.2025,181,20.03.2025\181\rgb\15.15.29.256.png,20.03.2025\181\depth\15.15.29.256.png
10943,5145,3.5,20.03.2025,181,20.03.2025\181\rgb\15.15.29.347.png,20.03.2025\181\depth\15.15.29.347.png
10944,5145,3.5,20.03.2025,181,20.03.2025\181\rgb\15.15.29.442.png,20.03.2025\181\depth\15.15.29.442.png
10945,5145,3.5,20.03.2025,181,20.03.2025\181\rgb\15.15.29.536.png,20.03.2025\181\depth\15.15.29.536.png
10946,5145,3.5,20.03.2025,181,20.03.2025\181\rgb\15.15.29.628.png,20.03.2025\181\depth\15.15.29.628.png
10947,5145,3.5,20.03.2025,181,20.03.2025\181\rgb\15.15.29.723.png,20.03.2025\181\depth\15.15.29.723.png
10948,5145,3.5,20.03.2025,181,20.03.2025\181\rgb\15.15.29.814.png,20.03.2025\181\depth\15.15.29.814.png
10949,5145,3.5,20.03.2025,181,20.03.2025\181\rgb\15.15.29.908.png,20.03.2025\181\depth\15.15.29.908.png
10950,5145,3.5,20.03.2025,181,20.03.2025\181\rgb\15.15.29.997.png,20.03.2025\181\depth\15.15.29.997.png
10951,5145,3.5,20.03.2025,181,20.03.2025\181\rgb\15.15.30.092.png,20.03.2025\181\depth\15.15.30.092.png
10952,5145,3.5,20.03.2025,181,20.03.2025\181\rgb\15.15.30.188.png,20.03.2025\181\depth\15.15.30.188.png
10953,5145,3.5,20.03.2025,181,20.03.2025\181\rgb\15.15.30.276.png,20.03.2025\181\depth\15.15.30.276.png
10954,5145,3.5,20.03.2025,181,20.03.2025\181\rgb\15.15.30.369.png,20.03.2025\181\depth\15.15.30.369.png
10955,5145,3.5,20.03.2025,181,20.03.2025\181\rgb\15.15.30.459.png,20.03.2025\181\depth\15.15.30.459.png
10956,5145,3.5,20.03.2025,181,20.03.2025\181\rgb\15.15.30.553.png,20.03.2025\181\depth\15.15.30.553.png
10957,5145,3.5,20.03.2025,181,20.03.2025\181\rgb\15.15.30.668.png,20.03.2025\181\depth\15.15.30.668.png
10958,5145,3.5,20.03.2025,181,20.03.2025\181\rgb\15.15.30.768.png,20.03.2025\181\depth\15.15.30.768.png
10959,5145,3.5,20.03.2025,181,20.03.2025\181\rgb\15.15.30.861.png,20.03.2025\181\depth\15.15.30.861.png
10960,5145,3.5,20.03.2025,181,20.03.2025\181\rgb\15.15.30.957.png,20.03.2025\181\depth\15.15.30.957.png
10961,6846,3.5,20.03.2025,182,20.03.2025\182\rgb\15.15.44.623.png,20.03.2025\182\depth\15.15.44.623.png
10962,6846,3.5,20.03.2025,182,20.03.2025\182\rgb\15.15.44.725.png,20.03.2025\182\depth\15.15.44.725.png
10963,6846,3.5,20.03.2025,182,20.03.2025\182\rgb\15.15.44.816.png,20.03.2025\182\depth\15.15.44.816.png
10964,6846,3.5,20.03.2025,182,20.03.2025\182\rgb\15.15.44.911.png,20.03.2025\182\depth\15.15.44.911.png
10965,6846,3.5,20.03.2025,182,20.03.2025\182\rgb\15.15.45.003.png,20.03.2025\182\depth\15.15.45.003.png
10966,6846,3.5,20.03.2025,182,20.03.2025\182\rgb\15.15.45.094.png,20.03.2025\182\depth\15.15.45.094.png
10967,6846,3.5,20.03.2025,182,20.03.2025\182\rgb\15.15.45.189.png,20.03.2025\182\depth\15.15.45.189.png
10968,6846,3.5,20.03.2025,182,20.03.2025\182\rgb\15.15.45.279.png,20.03.2025\182\depth\15.15.45.279.png
10969,6846,3.5,20.03.2025,182,20.03.2025\182\rgb\15.15.45.373.png,20.03.2025\182\depth\15.15.45.373.png
10970,6846,3.5,20.03.2025,182,20.03.2025\182\rgb\15.15.45.462.png,20.03.2025\182\depth\15.15.45.462.png
10971,6846,3.5,20.03.2025,182,20.03.2025\182\rgb\15.15.45.557.png,20.03.2025\182\depth\15.15.45.557.png
10972,6846,3.5,20.03.2025,182,20.03.2025\182\rgb\15.15.45.650.png,20.03.2025\182\depth\15.15.45.650.png
10973,6846,3.5,20.03.2025,182,20.03.2025\182\rgb\15.15.45.741.png,20.03.2025\182\depth\15.15.45.741.png
10974,6846,3.5,20.03.2025,182,20.03.2025\182\rgb\15.15.45.837.png,20.03.2025\182\depth\15.15.45.837.png
10975,6846,3.5,20.03.2025,182,20.03.2025\182\rgb\15.15.45.928.png,20.03.2025\182\depth\15.15.45.928.png
10976,6846,3.5,20.03.2025,182,20.03.2025\182\rgb\15.15.46.021.png,20.03.2025\182\depth\15.15.46.021.png
10977,6846,3.5,20.03.2025,182,20.03.2025\182\rgb\15.15.46.109.png,20.03.2025\182\depth\15.15.46.109.png
10978,6846,3.5,20.03.2025,182,20.03.2025\182\rgb\15.15.46.202.png,20.03.2025\182\depth\15.15.46.202.png
10979,6846,3.5,20.03.2025,182,20.03.2025\182\rgb\15.15.46.294.png,20.03.2025\182\depth\15.15.46.294.png
10980,6846,3.5,20.03.2025,182,20.03.2025\182\rgb\15.15.46.386.png,20.03.2025\182\depth\15.15.46.386.png
10981,5006,3.5,20.03.2025,183,20.03.2025\183\rgb\15.15.59.313.png,20.03.2025\183\depth\15.15.59.313.png
10982,5006,3.5,20.03.2025,183,20.03.2025\183\rgb\15.15.59.397.png,20.03.2025\183\depth\15.15.59.397.png
10983,5006,3.5,20.03.2025,183,20.03.2025\183\rgb\15.15.59.491.png,20.03.2025\183\depth\15.15.59.491.png
10984,5006,3.5,20.03.2025,183,20.03.2025\183\rgb\15.15.59.583.png,20.03.2025\183\depth\15.15.59.583.png
10985,5006,3.5,20.03.2025,183,20.03.2025\183\rgb\15.15.59.673.png,20.03.2025\183\depth\15.15.59.673.png
10986,5006,3.5,20.03.2025,183,20.03.2025\183\rgb\15.15.59.765.png,20.03.2025\183\depth\15.15.59.765.png
10987,5006,3.5,20.03.2025,183,20.03.2025\183\rgb\15.15.59.859.png,20.03.2025\183\depth\15.15.59.859.png
10988,5006,3.5,20.03.2025,183,20.03.2025\183\rgb\15.15.59.953.png,20.03.2025\183\depth\15.15.59.953.png
10989,5006,3.5,20.03.2025,183,20.03.2025\183\rgb\15.16.00.045.png,20.03.2025\183\depth\15.16.00.045.png
10990,5006,3.5,20.03.2025,183,20.03.2025\183\rgb\15.16.00.137.png,20.03.2025\183\depth\15.16.00.137.png
10991,5006,3.5,20.03.2025,183,20.03.2025\183\rgb\15.16.00.228.png,20.03.2025\183\depth\15.16.00.228.png
10992,5006,3.5,20.03.2025,183,20.03.2025\183\rgb\15.16.00.325.png,20.03.2025\183\depth\15.16.00.325.png
10993,5006,3.5,20.03.2025,183,20.03.2025\183\rgb\15.16.00.415.png,20.03.2025\183\depth\15.16.00.415.png
10994,5006,3.5,20.03.2025,183,20.03.2025\183\rgb\15.16.00.506.png,20.03.2025\183\depth\15.16.00.506.png
10995,5006,3.5,20.03.2025,183,20.03.2025\183\rgb\15.16.00.599.png,20.03.2025\183\depth\15.16.00.599.png
10996,5006,3.5,20.03.2025,183,20.03.2025\183\rgb\15.16.00.693.png,20.03.2025\183\depth\15.16.00.693.png
10997,5006,3.5,20.03.2025,183,20.03.2025\183\rgb\15.16.00.783.png,20.03.2025\183\depth\15.16.00.783.png
10998,5006,3.5,20.03.2025,183,20.03.2025\183\rgb\15.16.00.879.png,20.03.2025\183\depth\15.16.00.879.png
10999,5006,3.5,20.03.2025,183,20.03.2025\183\rgb\15.16.00.971.png,20.03.2025\183\depth\15.16.00.971.png
11000,5006,3.5,20.03.2025,183,20.03.2025\183\rgb\15.16.01.065.png,20.03.2025\183\depth\15.16.01.065.png
11001,7571,3.5,20.03.2025,184,20.03.2025\184\rgb\15.16.14.540.png,20.03.2025\184\depth\15.16.14.540.png
11002,7571,3.5,20.03.2025,184,20.03.2025\184\rgb\15.16.14.643.png,20.03.2025\184\depth\15.16.14.643.png
11003,7571,3.5,20.03.2025,184,20.03.2025\184\rgb\15.16.14.734.png,20.03.2025\184\depth\15.16.14.734.png
11004,7571,3.5,20.03.2025,184,20.03.2025\184\rgb\15.16.14.826.png,20.03.2025\184\depth\15.16.14.826.png
11005,7571,3.5,20.03.2025,184,20.03.2025\184\rgb\15.16.14.919.png,20.03.2025\184\depth\15.16.14.919.png
11006,7571,3.5,20.03.2025,184,20.03.2025\184\rgb\15.16.15.017.png,20.03.2025\184\depth\15.16.15.017.png
11007,7571,3.5,20.03.2025,184,20.03.2025\184\rgb\15.16.15.106.png,20.03.2025\184\depth\15.16.15.106.png
11008,7571,3.5,20.03.2025,184,20.03.2025\184\rgb\15.16.15.200.png,20.03.2025\184\depth\15.16.15.200.png
11009,7571,3.5,20.03.2025,184,20.03.2025\184\rgb\15.16.15.289.png,20.03.2025\184\depth\15.16.15.289.png
11010,7571,3.5,20.03.2025,184,20.03.2025\184\rgb\15.16.15.382.png,20.03.2025\184\depth\15.16.15.382.png
11011,7571,3.5,20.03.2025,184,20.03.2025\184\rgb\15.16.15.477.png,20.03.2025\184\depth\15.16.15.477.png
11012,7571,3.5,20.03.2025,184,20.03.2025\184\rgb\15.16.15.566.png,20.03.2025\184\depth\15.16.15.566.png
11013,7571,3.5,20.03.2025,184,20.03.2025\184\rgb\15.16.15.660.png,20.03.2025\184\depth\15.16.15.660.png
11014,7571,3.5,20.03.2025,184,20.03.2025\184\rgb\15.16.15.754.png,20.03.2025\184\depth\15.16.15.754.png
11015,7571,3.5,20.03.2025,184,20.03.2025\184\rgb\15.16.15.847.png,20.03.2025\184\depth\15.16.15.847.png
11016,7571,3.5,20.03.2025,184,20.03.2025\184\rgb\15.16.15.936.png,20.03.2025\184\depth\15.16.15.936.png
11017,7571,3.5,20.03.2025,184,20.03.2025\184\rgb\15.16.16.028.png,20.03.2025\184\depth\15.16.16.028.png
11018,7571,3.5,20.03.2025,184,20.03.2025\184\rgb\15.16.16.125.png,20.03.2025\184\depth\15.16.16.125.png
11019,7571,3.5,20.03.2025,184,20.03.2025\184\rgb\15.16.16.213.png,20.03.2025\184\depth\15.16.16.213.png
11020,7571,3.5,20.03.2025,184,20.03.2025\184\rgb\15.16.16.305.png,20.03.2025\184\depth\15.16.16.305.png
11021,610330,3.25,20.03.2025,185,20.03.2025\185\rgb\15.16.45.123.png,20.03.2025\185\depth\15.16.45.123.png
11022,610330,3.25,20.03.2025,185,20.03.2025\185\rgb\15.16.45.224.png,20.03.2025\185\depth\15.16.45.224.png
11023,610330,3.25,20.03.2025,185,20.03.2025\185\rgb\15.16.45.319.png,20.03.2025\185\depth\15.16.45.319.png
11024,610330,3.25,20.03.2025,185,20.03.2025\185\rgb\15.16.45.410.png,20.03.2025\185\depth\15.16.45.410.png
11025,610330,3.25,20.03.2025,185,20.03.2025\185\rgb\15.16.45.503.png,20.03.2025\185\depth\15.16.45.503.png
11026,610330,3.25,20.03.2025,185,20.03.2025\185\rgb\15.16.45.595.png,20.03.2025\185\depth\15.16.45.595.png
11027,610330,3.25,20.03.2025,185,20.03.2025\185\rgb\15.16.45.688.png,20.03.2025\185\depth\15.16.45.688.png
11028,610330,3.25,20.03.2025,185,20.03.2025\185\rgb\15.16.45.778.png,20.03.2025\185\depth\15.16.45.778.png
11029,610330,3.25,20.03.2025,185,20.03.2025\185\rgb\15.16.45.873.png,20.03.2025\185\depth\15.16.45.873.png
11030,610330,3.25,20.03.2025,185,20.03.2025\185\rgb\15.16.45.965.png,20.03.2025\185\depth\15.16.45.965.png
11031,610330,3.25,20.03.2025,185,20.03.2025\185\rgb\15.16.46.058.png,20.03.2025\185\depth\15.16.46.058.png
11032,610330,3.25,20.03.2025,185,20.03.2025\185\rgb\15.16.46.148.png,20.03.2025\185\depth\15.16.46.148.png
11033,610330,3.25,20.03.2025,185,20.03.2025\185\rgb\15.16.46.244.png,20.03.2025\185\depth\15.16.46.244.png
11034,610330,3.25,20.03.2025,185,20.03.2025\185\rgb\15.16.46.333.png,20.03.2025\185\depth\15.16.46.333.png
11035,610330,3.25,20.03.2025,185,20.03.2025\185\rgb\15.16.46.424.png,20.03.2025\185\depth\15.16.46.424.png
11036,610330,3.25,20.03.2025,185,20.03.2025\185\rgb\15.16.46.518.png,20.03.2025\185\depth\15.16.46.518.png
11037,610330,3.25,20.03.2025,185,20.03.2025\185\rgb\15.16.46.613.png,20.03.2025\185\depth\15.16.46.613.png
11038,610330,3.25,20.03.2025,185,20.03.2025\185\rgb\15.16.46.704.png,20.03.2025\185\depth\15.16.46.704.png
11039,610330,3.25,20.03.2025,185,20.03.2025\185\rgb\15.16.46.796.png,20.03.2025\185\depth\15.16.46.796.png
11040,610330,3.25,20.03.2025,185,20.03.2025\185\rgb\15.16.46.891.png,20.03.2025\185\depth\15.16.46.891.png
11041,701125,3.25,20.03.2025,186,20.03.2025\186\rgb\15.17.35.824.png,20.03.2025\186\depth\15.17.35.824.png
11042,701125,3.25,20.03.2025,186,20.03.2025\186\rgb\15.17.35.924.png,20.03.2025\186\depth\15.17.35.924.png
11043,701125,3.25,20.03.2025,186,20.03.2025\186\rgb\15.17.36.018.png,20.03.2025\186\depth\15.17.36.018.png
11044,701125,3.25,20.03.2025,186,20.03.2025\186\rgb\15.17.36.108.png,20.03.2025\186\depth\15.17.36.108.png
11045,701125,3.25,20.03.2025,186,20.03.2025\186\rgb\15.17.36.201.png,20.03.2025\186\depth\15.17.36.201.png
11046,701125,3.25,20.03.2025,186,20.03.2025\186\rgb\15.17.36.295.png,20.03.2025\186\depth\15.17.36.295.png
11047,701125,3.25,20.03.2025,186,20.03.2025\186\rgb\15.17.36.388.png,20.03.2025\186\depth\15.17.36.388.png
11048,701125,3.25,20.03.2025,186,20.03.2025\186\rgb\15.17.36.480.png,20.03.2025\186\depth\15.17.36.480.png
11049,701125,3.25,20.03.2025,186,20.03.2025\186\rgb\15.17.36.572.png,20.03.2025\186\depth\15.17.36.572.png
11050,701125,3.25,20.03.2025,186,20.03.2025\186\rgb\15.17.36.662.png,20.03.2025\186\depth\15.17.36.662.png
11051,701125,3.25,20.03.2025,186,20.03.2025\186\rgb\15.17.36.757.png,20.03.2025\186\depth\15.17.36.757.png
11052,701125,3.25,20.03.2025,186,20.03.2025\186\rgb\15.17.36.850.png,20.03.2025\186\depth\15.17.36.850.png
11053,701125,3.25,20.03.2025,186,20.03.2025\186\rgb\15.17.36.941.png,20.03.2025\186\depth\15.17.36.941.png
11054,701125,3.25,20.03.2025,186,20.03.2025\186\rgb\15.17.37.034.png,20.03.2025\186\depth\15.17.37.034.png
11055,701125,3.25,20.03.2025,186,20.03.2025\186\rgb\15.17.37.124.png,20.03.2025\186\depth\15.17.37.124.png
11056,701125,3.25,20.03.2025,186,20.03.2025\186\rgb\15.17.37.223.png,20.03.2025\186\depth\15.17.37.223.png
11057,701125,3.25,20.03.2025,186,20.03.2025\186\rgb\15.17.37.315.png,20.03.2025\186\depth\15.17.37.315.png
11058,701125,3.25,20.03.2025,186,20.03.2025\186\rgb\15.17.37.412.png,20.03.2025\186\depth\15.17.37.412.png
11059,701125,3.25,20.03.2025,186,20.03.2025\186\rgb\15.17.37.502.png,20.03.2025\186\depth\15.17.37.502.png
11060,701125,3.25,20.03.2025,186,20.03.2025\186\rgb\15.17.37.593.png,20.03.2025\186\depth\15.17.37.593.png
11061,101221,3.5,20.03.2025,187,20.03.2025\187\rgb\15.18.17.574.png,20.03.2025\187\depth\15.18.17.574.png
11062,101221,3.5,20.03.2025,187,20.03.2025\187\rgb\15.18.17.670.png,20.03.2025\187\depth\15.18.17.670.png
11063,101221,3.5,20.03.2025,187,20.03.2025\187\rgb\15.18.17.764.png,20.03.2025\187\depth\15.18.17.764.png
11064,101221,3.5,20.03.2025,187,20.03.2025\187\rgb\15.18.17.856.png,20.03.2025\187\depth\15.18.17.856.png
11065,101221,3.5,20.03.2025,187,20.03.2025\187\rgb\15.18.17.952.png,20.03.2025\187\depth\15.18.17.952.png
11066,101221,3.5,20.03.2025,187,20.03.2025\187\rgb\15.18.18.047.png,20.03.2025\187\depth\15.18.18.047.png
11067,101221,3.5,20.03.2025,187,20.03.2025\187\rgb\15.18.18.139.png,20.03.2025\187\depth\15.18.18.139.png
11068,101221,3.5,20.03.2025,187,20.03.2025\187\rgb\15.18.18.229.png,20.03.2025\187\depth\15.18.18.229.png
11069,101221,3.5,20.03.2025,187,20.03.2025\187\rgb\15.18.18.322.png,20.03.2025\187\depth\15.18.18.322.png
11070,101221,3.5,20.03.2025,187,20.03.2025\187\rgb\15.18.18.416.png,20.03.2025\187\depth\15.18.18.416.png
11071,101221,3.5,20.03.2025,187,20.03.2025\187\rgb\15.18.18.494.png,20.03.2025\187\depth\15.18.18.494.png
11072,101221,3.5,20.03.2025,187,20.03.2025\187\rgb\15.18.18.587.png,20.03.2025\187\depth\15.18.18.587.png
11073,101221,3.5,20.03.2025,187,20.03.2025\187\rgb\15.18.18.678.png,20.03.2025\187\depth\15.18.18.678.png
11074,101221,3.5,20.03.2025,187,20.03.2025\187\rgb\15.18.18.768.png,20.03.2025\187\depth\15.18.18.768.png
11075,101221,3.5,20.03.2025,187,20.03.2025\187\rgb\15.18.18.861.png,20.03.2025\187\depth\15.18.18.861.png
11076,101221,3.5,20.03.2025,187,20.03.2025\187\rgb\15.18.18.955.png,20.03.2025\187\depth\15.18.18.955.png
11077,101221,3.5,20.03.2025,187,20.03.2025\187\rgb\15.18.19.052.png,20.03.2025\187\depth\15.18.19.052.png
11078,101221,3.5,20.03.2025,187,20.03.2025\187\rgb\15.18.19.135.png,20.03.2025\187\depth\15.18.19.135.png
11079,101221,3.5,20.03.2025,187,20.03.2025\187\rgb\15.18.19.218.png,20.03.2025\187\depth\15.18.19.218.png
11080,101221,3.5,20.03.2025,187,20.03.2025\187\rgb\15.18.19.310.png,20.03.2025\187\depth\15.18.19.310.png
11081,6840,3.25,20.03.2025,188,20.03.2025\188\rgb\15.18.29.686.png,20.03.2025\188\depth\15.18.29.686.png
11082,6840,3.25,20.03.2025,188,20.03.2025\188\rgb\15.18.29.786.png,20.03.2025\188\depth\15.18.29.786.png
11083,6840,3.25,20.03.2025,188,20.03.2025\188\rgb\15.18.29.879.png,20.03.2025\188\depth\15.18.29.879.png
11084,6840,3.25,20.03.2025,188,20.03.2025\188\rgb\15.18.29.970.png,20.03.2025\188\depth\15.18.29.970.png
11085,6840,3.25,20.03.2025,188,20.03.2025\188\rgb\15.18.30.063.png,20.03.2025\188\depth\15.18.30.063.png
11086,6840,3.25,20.03.2025,188,20.03.2025\188\rgb\15.18.30.158.png,20.03.2025\188\depth\15.18.30.158.png
11087,6840,3.25,20.03.2025,188,20.03.2025\188\rgb\15.18.30.249.png,20.03.2025\188\depth\15.18.30.249.png
11088,6840,3.25,20.03.2025,188,20.03.2025\188\rgb\15.18.30.342.png,20.03.2025\188\depth\15.18.30.342.png
11089,6840,3.25,20.03.2025,188,20.03.2025\188\rgb\15.18.30.431.png,20.03.2025\188\depth\15.18.30.431.png
11090,6840,3.25,20.03.2025,188,20.03.2025\188\rgb\15.18.30.524.png,20.03.2025\188\depth\15.18.30.524.png
11091,6840,3.25,20.03.2025,188,20.03.2025\188\rgb\15.18.30.617.png,20.03.2025\188\depth\15.18.30.617.png
11092,6840,3.25,20.03.2025,188,20.03.2025\188\rgb\15.18.30.709.png,20.03.2025\188\depth\15.18.30.709.png
11093,6840,3.25,20.03.2025,188,20.03.2025\188\rgb\15.18.30.800.png,20.03.2025\188\depth\15.18.30.800.png
11094,6840,3.25,20.03.2025,188,20.03.2025\188\rgb\15.18.30.893.png,20.03.2025\188\depth\15.18.30.893.png
11095,6840,3.25,20.03.2025,188,20.03.2025\188\rgb\15.18.30.986.png,20.03.2025\188\depth\15.18.30.986.png
11096,6840,3.25,20.03.2025,188,20.03.2025\188\rgb\15.18.31.080.png,20.03.2025\188\depth\15.18.31.080.png
11097,6840,3.25,20.03.2025,188,20.03.2025\188\rgb\15.18.31.170.png,20.03.2025\188\depth\15.18.31.170.png
11098,6840,3.25,20.03.2025,188,20.03.2025\188\rgb\15.18.31.264.png,20.03.2025\188\depth\15.18.31.264.png
11099,6840,3.25,20.03.2025,188,20.03.2025\188\rgb\15.18.31.354.png,20.03.2025\188\depth\15.18.31.354.png
11100,6840,3.25,20.03.2025,188,20.03.2025\188\rgb\15.18.31.446.png,20.03.2025\188\depth\15.18.31.446.png
11101,111025,3.5,20.03.2025,189,20.03.2025\189\rgb\15.19.32.842.png,20.03.2025\189\depth\15.19.32.842.png
11102,111025,3.5,20.03.2025,189,20.03.2025\189\rgb\15.19.32.942.png,20.03.2025\189\depth\15.19.32.942.png
11103,111025,3.5,20.03.2025,189,20.03.2025\189\rgb\15.19.33.036.png,20.03.2025\189\depth\15.19.33.036.png
11104,111025,3.5,20.03.2025,189,20.03.2025\189\rgb\15.19.33.131.png,20.03.2025\189\depth\15.19.33.131.png
11105,111025,3.5,20.03.2025,189,20.03.2025\189\rgb\15.19.33.223.png,20.03.2025\189\depth\15.19.33.223.png
11106,111025,3.5,20.03.2025,189,20.03.2025\189\rgb\15.19.33.313.png,20.03.2025\189\depth\15.19.33.313.png
11107,111025,3.5,20.03.2025,189,20.03.2025\189\rgb\15.19.33.405.png,20.03.2025\189\depth\15.19.33.405.png
11108,111025,3.5,20.03.2025,189,20.03.2025\189\rgb\15.19.33.497.png,20.03.2025\189\depth\15.19.33.497.png
11109,111025,3.5,20.03.2025,189,20.03.2025\189\rgb\15.19.33.591.png,20.03.2025\189\depth\15.19.33.591.png
11110,111025,3.5,20.03.2025,189,20.03.2025\189\rgb\15.19.33.681.png,20.03.2025\189\depth\15.19.33.681.png
11111,111025,3.5,20.03.2025,189,20.03.2025\189\rgb\15.19.33.776.png,20.03.2025\189\depth\15.19.33.776.png
11112,111025,3.5,20.03.2025,189,20.03.2025\189\rgb\15.19.33.863.png,20.03.2025\189\depth\15.19.33.863.png
11113,111025,3.5,20.03.2025,189,20.03.2025\189\rgb\15.19.33.959.png,20.03.2025\189\depth\15.19.33.959.png
11114,111025,3.5,20.03.2025,189,20.03.2025\189\rgb\15.19.34.050.png,20.03.2025\189\depth\15.19.34.050.png
11115,111025,3.5,20.03.2025,189,20.03.2025\189\rgb\15.19.34.142.png,20.03.2025\189\depth\15.19.34.142.png
11116,111025,3.5,20.03.2025,189,20.03.2025\189\rgb\15.19.34.227.png,20.03.2025\189\depth\15.19.34.227.png
11117,111025,3.5,20.03.2025,189,20.03.2025\189\rgb\15.19.34.328.png,20.03.2025\189\depth\15.19.34.328.png
11118,111025,3.5,20.03.2025,189,20.03.2025\189\rgb\15.19.34.420.png,20.03.2025\189\depth\15.19.34.420.png
11119,111025,3.5,20.03.2025,189,20.03.2025\189\rgb\15.19.34.512.png,20.03.2025\189\depth\15.19.34.512.png
11120,111025,3.5,20.03.2025,189,20.03.2025\189\rgb\15.19.34.604.png,20.03.2025\189\depth\15.19.34.604.png
11121,810404,3.25,20.03.2025,190,20.03.2025\190\rgb\15.20.02.991.png,20.03.2025\190\depth\15.20.02.991.png
11122,810404,3.25,20.03.2025,190,20.03.2025\190\rgb\15.20.03.088.png,20.03.2025\190\depth\15.20.03.088.png
11123,810404,3.25,20.03.2025,190,20.03.2025\190\rgb\15.20.03.180.png,20.03.2025\190\depth\15.20.03.180.png
11124,810404,3.25,20.03.2025,190,20.03.2025\190\rgb\15.20.03.269.png,20.03.2025\190\depth\15.20.03.269.png
11125,810404,3.25,20.03.2025,190,20.03.2025\190\rgb\15.20.03.363.png,20.03.2025\190\depth\15.20.03.363.png
11126,810404,3.25,20.03.2025,190,20.03.2025\190\rgb\15.20.03.454.png,20.03.2025\190\depth\15.20.03.454.png
11127,810404,3.25,20.03.2025,190,20.03.2025\190\rgb\15.20.03.547.png,20.03.2025\190\depth\15.20.03.547.png
11128,810404,3.25,20.03.2025,190,20.03.2025\190\rgb\15.20.03.637.png,20.03.2025\190\depth\15.20.03.637.png
11129,810404,3.25,20.03.2025,190,20.03.2025\190\rgb\15.20.03.729.png,20.03.2025\190\depth\15.20.03.729.png
11130,810404,3.25,20.03.2025,190,20.03.2025\190\rgb\15.20.03.820.png,20.03.2025\190\depth\15.20.03.820.png
11131,810404,3.25,20.03.2025,190,20.03.2025\190\rgb\15.20.03.911.png,20.03.2025\190\depth\15.20.03.911.png
11132,810404,3.25,20.03.2025,190,20.03.2025\190\rgb\15.20.04.003.png,20.03.2025\190\depth\15.20.04.003.png
11133,810404,3.25,20.03.2025,190,20.03.2025\190\rgb\15.20.04.099.png,20.03.2025\190\depth\15.20.04.099.png
11134,810404,3.25,20.03.2025,190,20.03.2025\190\rgb\15.20.04.192.png,20.03.2025\190\depth\15.20.04.192.png
11135,810404,3.25,20.03.2025,190,20.03.2025\190\rgb\15.20.04.276.png,20.03.2025\190\depth\15.20.04.276.png
11136,810404,3.25,20.03.2025,190,20.03.2025\190\rgb\15.20.04.373.png,20.03.2025\190\depth\15.20.04.373.png
11137,810404,3.25,20.03.2025,190,20.03.2025\190\rgb\15.20.04.467.png,20.03.2025\190\depth\15.20.04.467.png
11138,810404,3.25,20.03.2025,190,20.03.2025\190\rgb\15.20.04.560.png,20.03.2025\190\depth\15.20.04.560.png
11139,810404,3.25,20.03.2025,190,20.03.2025\190\rgb\15.20.04.653.png,20.03.2025\190\depth\15.20.04.653.png
11140,810404,3.25,20.03.2025,190,20.03.2025\190\rgb\15.20.04.746.png,20.03.2025\190\depth\15.20.04.746.png
11141,911009,3.25,20.03.2025,191,20.03.2025\191\rgb\15.20.20.945.png,20.03.2025\191\depth\15.20.20.945.png
11142,911009,3.25,20.03.2025,191,20.03.2025\191\rgb\15.20.21.041.png,20.03.2025\191\depth\15.20.21.041.png
11143,911009,3.25,20.03.2025,191,20.03.2025\191\rgb\15.20.21.135.png,20.03.2025\191\depth\15.20.21.135.png
11144,911009,3.25,20.03.2025,191,20.03.2025\191\rgb\15.20.21.230.png,20.03.2025\191\depth\15.20.21.230.png
11145,911009,3.25,20.03.2025,191,20.03.2025\191\rgb\15.20.21.334.png,20.03.2025\191\depth\15.20.21.334.png
11146,911009,3.25,20.03.2025,191,20.03.2025\191\rgb\15.20.21.428.png,20.03.2025\191\depth\15.20.21.428.png
11147,911009,3.25,20.03.2025,191,20.03.2025\191\rgb\15.20.21.520.png,20.03.2025\191\depth\15.20.21.520.png
11148,911009,3.25,20.03.2025,191,20.03.2025\191\rgb\15.20.21.612.png,20.03.2025\191\depth\15.20.21.612.png
11149,911009,3.25,20.03.2025,191,20.03.2025\191\rgb\15.20.21.705.png,20.03.2025\191\depth\15.20.21.705.png
11150,911009,3.25,20.03.2025,191,20.03.2025\191\rgb\15.20.21.797.png,20.03.2025\191\depth\15.20.21.797.png
11151,911009,3.25,20.03.2025,191,20.03.2025\191\rgb\15.20.21.888.png,20.03.2025\191\depth\15.20.21.888.png
11152,911009,3.25,20.03.2025,191,20.03.2025\191\rgb\15.20.21.980.png,20.03.2025\191\depth\15.20.21.980.png
11153,911009,3.25,20.03.2025,191,20.03.2025\191\rgb\15.20.22.071.png,20.03.2025\191\depth\15.20.22.071.png
11154,911009,3.25,20.03.2025,191,20.03.2025\191\rgb\15.20.22.164.png,20.03.2025\191\depth\15.20.22.164.png
11155,911009,3.25,20.03.2025,191,20.03.2025\191\rgb\15.20.22.258.png,20.03.2025\191\depth\15.20.22.258.png
11156,911009,3.25,20.03.2025,191,20.03.2025\191\rgb\15.20.22.353.png,20.03.2025\191\depth\15.20.22.353.png
11157,911009,3.25,20.03.2025,191,20.03.2025\191\rgb\15.20.22.444.png,20.03.2025\191\depth\15.20.22.444.png
11158,911009,3.25,20.03.2025,191,20.03.2025\191\rgb\15.20.22.534.png,20.03.2025\191\depth\15.20.22.534.png
11159,911009,3.25,20.03.2025,191,20.03.2025\191\rgb\15.20.22.625.png,20.03.2025\191\depth\15.20.22.625.png
11160,911009,3.25,20.03.2025,191,20.03.2025\191\rgb\15.20.22.717.png,20.03.2025\191\depth\15.20.22.717.png
11161,301123,3.25,20.03.2025,192,20.03.2025\192\rgb\15.20.37.304.png,20.03.2025\192\depth\15.20.37.304.png
11162,301123,3.25,20.03.2025,192,20.03.2025\192\rgb\15.20.37.394.png,20.03.2025\192\depth\15.20.37.394.png
11163,301123,3.25,20.03.2025,192,20.03.2025\192\rgb\15.20.37.485.png,20.03.2025\192\depth\15.20.37.485.png
11164,301123,3.25,20.03.2025,192,20.03.2025\192\rgb\15.20.37.579.png,20.03.2025\192\depth\15.20.37.579.png
11165,301123,3.25,20.03.2025,192,20.03.2025\192\rgb\15.20.37.671.png,20.03.2025\192\depth\15.20.37.671.png
11166,301123,3.25,20.03.2025,192,20.03.2025\192\rgb\15.20.37.764.png,20.03.2025\192\depth\15.20.37.764.png
11167,301123,3.25,20.03.2025,192,20.03.2025\192\rgb\15.20.37.856.png,20.03.2025\192\depth\15.20.37.856.png
11168,301123,3.25,20.03.2025,192,20.03.2025\192\rgb\15.20.37.951.png,20.03.2025\192\depth\15.20.37.951.png
11169,301123,3.25,20.03.2025,192,20.03.2025\192\rgb\15.20.38.043.png,20.03.2025\192\depth\15.20.38.043.png
11170,301123,3.25,20.03.2025,192,20.03.2025\192\rgb\15.20.38.136.png,20.03.2025\192\depth\15.20.38.136.png
11171,301123,3.25,20.03.2025,192,20.03.2025\192\rgb\15.20.38.227.png,20.03.2025\192\depth\15.20.38.227.png
11172,301123,3.25,20.03.2025,192,20.03.2025\192\rgb\15.20.38.321.png,20.03.2025\192\depth\15.20.38.321.png
11173,301123,3.25,20.03.2025,192,20.03.2025\192\rgb\15.20.38.414.png,20.03.2025\192\depth\15.20.38.414.png
11174,301123,3.25,20.03.2025,192,20.03.2025\192\rgb\15.20.38.503.png,20.03.2025\192\depth\15.20.38.503.png
11175,301123,3.25,20.03.2025,192,20.03.2025\192\rgb\15.20.38.595.png,20.03.2025\192\depth\15.20.38.595.png
11176,301123,3.25,20.03.2025,192,20.03.2025\192\rgb\15.20.38.688.png,20.03.2025\192\depth\15.20.38.688.png
11177,301123,3.25,20.03.2025,192,20.03.2025\192\rgb\15.20.38.781.png,20.03.2025\192\depth\15.20.38.781.png
11178,301123,3.25,20.03.2025,192,20.03.2025\192\rgb\15.20.38.876.png,20.03.2025\192\depth\15.20.38.876.png
11179,301123,3.25,20.03.2025,192,20.03.2025\192\rgb\15.20.38.967.png,20.03.2025\192\depth\15.20.38.967.png
11180,301123,3.25,20.03.2025,192,20.03.2025\192\rgb\15.20.39.061.png,20.03.2025\192\depth\15.20.39.061.png
11181,5191,3.25,20.03.2025,193,20.03.2025\193\rgb\15.20.50.152.png,20.03.2025\193\depth\15.20.50.152.png
11182,5191,3.25,20.03.2025,193,20.03.2025\193\rgb\15.20.50.255.png,20.03.2025\193\depth\15.20.50.255.png
11183,5191,3.25,20.03.2025,193,20.03.2025\193\rgb\15.20.50.350.png,20.03.2025\193\depth\15.20.50.350.png
11184,5191,3.25,20.03.2025,193,20.03.2025\193\rgb\15.20.50.441.png,20.03.2025\193\depth\15.20.50.441.png
11185,5191,3.25,20.03.2025,193,20.03.2025\193\rgb\15.20.50.533.png,20.03.2025\193\depth\15.20.50.533.png
11186,5191,3.25,20.03.2025,193,20.03.2025\193\rgb\15.20.50.624.png,20.03.2025\193\depth\15.20.50.624.png
11187,5191,3.25,20.03.2025,193,20.03.2025\193\rgb\15.20.50.721.png,20.03.2025\193\depth\15.20.50.721.png
11188,5191,3.25,20.03.2025,193,20.03.2025\193\rgb\15.20.50.809.png,20.03.2025\193\depth\15.20.50.809.png
11189,5191,3.25,20.03.2025,193,20.03.2025\193\rgb\15.20.50.903.png,20.03.2025\193\depth\15.20.50.903.png
11190,5191,3.25,20.03.2025,193,20.03.2025\193\rgb\15.20.50.995.png,20.03.2025\193\depth\15.20.50.995.png
11191,5191,3.25,20.03.2025,193,20.03.2025\193\rgb\15.20.51.088.png,20.03.2025\193\depth\15.20.51.088.png
11192,5191,3.25,20.03.2025,193,20.03.2025\193\rgb\15.20.51.178.png,20.03.2025\193\depth\15.20.51.178.png
11193,5191,3.25,20.03.2025,193,20.03.2025\193\rgb\15.20.51.269.png,20.03.2025\193\depth\15.20.51.269.png
11194,5191,3.25,20.03.2025,193,20.03.2025\193\rgb\15.20.51.362.png,20.03.2025\193\depth\15.20.51.362.png
11195,5191,3.25,20.03.2025,193,20.03.2025\193\rgb\15.20.51.454.png,20.03.2025\193\depth\15.20.51.454.png
11196,5191,3.25,20.03.2025,193,20.03.2025\193\rgb\15.20.51.548.png,20.03.2025\193\depth\15.20.51.548.png
11197,5191,3.25,20.03.2025,193,20.03.2025\193\rgb\15.20.51.640.png,20.03.2025\193\depth\15.20.51.640.png
11198,5191,3.25,20.03.2025,193,20.03.2025\193\rgb\15.20.51.733.png,20.03.2025\193\depth\15.20.51.733.png
11199,5191,3.25,20.03.2025,193,20.03.2025\193\rgb\15.20.51.824.png,20.03.2025\193\depth\15.20.51.824.png
11200,5191,3.25,20.03.2025,193,20.03.2025\193\rgb\15.20.51.919.png,20.03.2025\193\depth\15.20.51.919.png
11201,6928,3.5,20.03.2025,194,20.03.2025\194\rgb\15.21.05.522.png,20.03.2025\194\depth\15.21.05.522.png
11202,6928,3.5,20.03.2025,194,20.03.2025\194\rgb\15.21.05.609.png,20.03.2025\194\depth\15.21.05.609.png
11203,6928,3.5,20.03.2025,194,20.03.2025\194\rgb\15.21.05.700.png,20.03.2025\194\depth\15.21.05.700.png
11204,6928,3.5,20.03.2025,194,20.03.2025\194\rgb\15.21.05.794.png,20.03.2025\194\depth\15.21.05.794.png
11205,6928,3.5,20.03.2025,194,20.03.2025\194\rgb\15.21.05.887.png,20.03.2025\194\depth\15.21.05.887.png
11206,6928,3.5,20.03.2025,194,20.03.2025\194\rgb\15.21.05.978.png,20.03.2025\194\depth\15.21.05.978.png
11207,6928,3.5,20.03.2025,194,20.03.2025\194\rgb\15.21.06.069.png,20.03.2025\194\depth\15.21.06.069.png
11208,6928,3.5,20.03.2025,194,20.03.2025\194\rgb\15.21.06.161.png,20.03.2025\194\depth\15.21.06.161.png
11209,6928,3.5,20.03.2025,194,20.03.2025\194\rgb\15.21.06.257.png,20.03.2025\194\depth\15.21.06.257.png
11210,6928,3.5,20.03.2025,194,20.03.2025\194\rgb\15.21.06.349.png,20.03.2025\194\depth\15.21.06.349.png
11211,6928,3.5,20.03.2025,194,20.03.2025\194\rgb\15.21.06.438.png,20.03.2025\194\depth\15.21.06.438.png
11212,6928,3.5,20.03.2025,194,20.03.2025\194\rgb\15.21.06.529.png,20.03.2025\194\depth\15.21.06.529.png
11213,6928,3.5,20.03.2025,194,20.03.2025\194\rgb\15.21.06.622.png,20.03.2025\194\depth\15.21.06.622.png
11214,6928,3.5,20.03.2025,194,20.03.2025\194\rgb\15.21.06.719.png,20.03.2025\194\depth\15.21.06.719.png
11215,6928,3.5,20.03.2025,194,20.03.2025\194\rgb\15.21.06.806.png,20.03.2025\194\depth\15.21.06.806.png
11216,6928,3.5,20.03.2025,194,20.03.2025\194\rgb\15.21.06.897.png,20.03.2025\194\depth\15.21.06.897.png
11217,6928,3.5,20.03.2025,194,20.03.2025\194\rgb\15.21.06.991.png,20.03.2025\194\depth\15.21.06.991.png
11218,6928,3.5,20.03.2025,194,20.03.2025\194\rgb\15.21.07.085.png,20.03.2025\194\depth\15.21.07.085.png
11219,6928,3.5,20.03.2025,194,20.03.2025\194\rgb\15.21.07.175.png,20.03.2025\194\depth\15.21.07.175.png
11220,6928,3.5,20.03.2025,194,20.03.2025\194\rgb\15.21.07.267.png,20.03.2025\194\depth\15.21.07.267.png
11221,410415,3.25,20.03.2025,195,20.03.2025\195\rgb\15.21.19.919.png,20.03.2025\195\depth\15.21.19.919.png
11222,410415,3.25,20.03.2025,195,20.03.2025\195\rgb\15.21.20.021.png,20.03.2025\195\depth\15.21.20.021.png
11223,410415,3.25,20.03.2025,195,20.03.2025\195\rgb\15.21.20.114.png,20.03.2025\195\depth\15.21.20.114.png
11224,410415,3.25,20.03.2025,195,20.03.2025\195\rgb\15.21.20.205.png,20.03.2025\195\depth\15.21.20.205.png
11225,410415,3.25,20.03.2025,195,20.03.2025\195\rgb\15.21.20.299.png,20.03.2025\195\depth\15.21.20.299.png
11226,410415,3.25,20.03.2025,195,20.03.2025\195\rgb\15.21.20.390.png,20.03.2025\195\depth\15.21.20.390.png
11227,410415,3.25,20.03.2025,195,20.03.2025\195\rgb\15.21.20.487.png,20.03.2025\195\depth\15.21.20.487.png
11228,410415,3.25,20.03.2025,195,20.03.2025\195\rgb\15.21.20.587.png,20.03.2025\195\depth\15.21.20.587.png
11229,410415,3.25,20.03.2025,195,20.03.2025\195\rgb\15.21.20.692.png,20.03.2025\195\depth\15.21.20.692.png
11230,410415,3.25,20.03.2025,195,20.03.2025\195\rgb\15.21.20.797.png,20.03.2025\195\depth\15.21.20.797.png
11231,410415,3.25,20.03.2025,195,20.03.2025\195\rgb\15.21.20.893.png,20.03.2025\195\depth\15.21.20.893.png
11232,410415,3.25,20.03.2025,195,20.03.2025\195\rgb\15.21.20.998.png,20.03.2025\195\depth\15.21.20.998.png
11233,410415,3.25,20.03.2025,195,20.03.2025\195\rgb\15.21.21.102.png,20.03.2025\195\depth\15.21.21.102.png
11234,410415,3.25,20.03.2025,195,20.03.2025\195\rgb\15.21.21.199.png,20.03.2025\195\depth\15.21.21.199.png
11235,410415,3.25,20.03.2025,195,20.03.2025\195\rgb\15.21.21.303.png,20.03.2025\195\depth\15.21.21.303.png
11236,410415,3.25,20.03.2025,195,20.03.2025\195\rgb\15.21.21.396.png,20.03.2025\195\depth\15.21.21.396.png
11237,410415,3.25,20.03.2025,195,20.03.2025\195\rgb\15.21.21.486.png,20.03.2025\195\depth\15.21.21.486.png
11238,410415,3.25,20.03.2025,195,20.03.2025\195\rgb\15.21.21.581.png,20.03.2025\195\depth\15.21.21.581.png
11239,410415,3.25,20.03.2025,195,20.03.2025\195\rgb\15.21.21.673.png,20.03.2025\195\depth\15.21.21.673.png
11240,410415,3.25,20.03.2025,195,20.03.2025\195\rgb\15.21.21.780.png,20.03.2025\195\depth\15.21.21.780.png
11241,401029,3.25,20.03.2025,196,20.03.2025\196\rgb\15.21.36.022.png,20.03.2025\196\depth\15.21.36.022.png
11242,401029,3.25,20.03.2025,196,20.03.2025\196\rgb\15.21.36.121.png,20.03.2025\196\depth\15.21.36.121.png
11243,401029,3.25,20.03.2025,196,20.03.2025\196\rgb\15.21.36.226.png,20.03.2025\196\depth\15.21.36.226.png
11244,401029,3.25,20.03.2025,196,20.03.2025\196\rgb\15.21.36.319.png,20.03.2025\196\depth\15.21.36.319.png
11245,401029,3.25,20.03.2025,196,20.03.2025\196\rgb\15.21.36.409.png,20.03.2025\196\depth\15.21.36.409.png
11246,401029,3.25,20.03.2025,196,20.03.2025\196\rgb\15.21.36.502.png,20.03.2025\196\depth\15.21.36.502.png
11247,401029,3.25,20.03.2025,196,20.03.2025\196\rgb\15.21.36.596.png,20.03.2025\196\depth\15.21.36.596.png
11248,401029,3.25,20.03.2025,196,20.03.2025\196\rgb\15.21.36.690.png,20.03.2025\196\depth\15.21.36.690.png
11249,401029,3.25,20.03.2025,196,20.03.2025\196\rgb\15.21.36.783.png,20.03.2025\196\depth\15.21.36.783.png
11250,401029,3.25,20.03.2025,196,20.03.2025\196\rgb\15.21.36.872.png,20.03.2025\196\depth\15.21.36.872.png
11251,401029,3.25,20.03.2025,196,20.03.2025\196\rgb\15.21.36.964.png,20.03.2025\196\depth\15.21.36.964.png
11252,401029,3.25,20.03.2025,196,20.03.2025\196\rgb\15.21.37.054.png,20.03.2025\196\depth\15.21.37.054.png
11253,401029,3.25,20.03.2025,196,20.03.2025\196\rgb\15.21.37.150.png,20.03.2025\196\depth\15.21.37.150.png
11254,401029,3.25,20.03.2025,196,20.03.2025\196\rgb\15.21.37.240.png,20.03.2025\196\depth\15.21.37.240.png
11255,401029,3.25,20.03.2025,196,20.03.2025\196\rgb\15.21.37.334.png,20.03.2025\196\depth\15.21.37.334.png
11256,401029,3.25,20.03.2025,196,20.03.2025\196\rgb\15.21.37.429.png,20.03.2025\196\depth\15.21.37.429.png
11257,401029,3.25,20.03.2025,196,20.03.2025\196\rgb\15.21.37.520.png,20.03.2025\196\depth\15.21.37.520.png
11258,401029,3.25,20.03.2025,196,20.03.2025\196\rgb\15.21.37.613.png,20.03.2025\196\depth\15.21.37.613.png
11259,401029,3.25,20.03.2025,196,20.03.2025\196\rgb\15.21.37.706.png,20.03.2025\196\depth\15.21.37.706.png
11260,401029,3.25,20.03.2025,196,20.03.2025\196\rgb\15.21.37.797.png,20.03.2025\196\depth\15.21.37.797.png
11261,6826,3.5,20.03.2025,197,20.03.2025\197\rgb\15.21.51.417.png,20.03.2025\197\depth\15.21.51.417.png
11262,6826,3.5,20.03.2025,197,20.03.2025\197\rgb\15.21.51.503.png,20.03.2025\197\depth\15.21.51.503.png
11263,6826,3.5,20.03.2025,197,20.03.2025\197\rgb\15.21.51.592.png,20.03.2025\197\depth\15.21.51.592.png
11264,6826,3.5,20.03.2025,197,20.03.2025\197\rgb\15.21.51.686.png,20.03.2025\197\depth\15.21.51.686.png
11265,6826,3.5,20.03.2025,197,20.03.2025\197\rgb\15.21.51.777.png,20.03.2025\197\depth\15.21.51.777.png
11266,6826,3.5,20.03.2025,197,20.03.2025\197\rgb\15.21.51.871.png,20.03.2025\197\depth\15.21.51.871.png
11267,6826,3.5,20.03.2025,197,20.03.2025\197\rgb\15.21.51.964.png,20.03.2025\197\depth\15.21.51.964.png
11268,6826,3.5,20.03.2025,197,20.03.2025\197\rgb\15.21.52.060.png,20.03.2025\197\depth\15.21.52.060.png
11269,6826,3.5,20.03.2025,197,20.03.2025\197\rgb\15.21.52.164.png,20.03.2025\197\depth\15.21.52.164.png
11270,6826,3.5,20.03.2025,197,20.03.2025\197\rgb\15.21.52.260.png,20.03.2025\197\depth\15.21.52.260.png
11271,6826,3.5,20.03.2025,197,20.03.2025\197\rgb\15.21.52.360.png,20.03.2025\197\depth\15.21.52.360.png
11272,6826,3.5,20.03.2025,197,20.03.2025\197\rgb\15.21.52.457.png,20.03.2025\197\depth\15.21.52.457.png
11273,6826,3.5,20.03.2025,197,20.03.2025\197\rgb\15.21.52.549.png,20.03.2025\197\depth\15.21.52.549.png
11274,6826,3.5,20.03.2025,197,20.03.2025\197\rgb\15.21.52.641.png,20.03.2025\197\depth\15.21.52.641.png
11275,6826,3.5,20.03.2025,197,20.03.2025\197\rgb\15.21.52.732.png,20.03.2025\197\depth\15.21.52.732.png
11276,6826,3.5,20.03.2025,197,20.03.2025\197\rgb\15.21.52.823.png,20.03.2025\197\depth\15.21.52.823.png
11277,6826,3.5,20.03.2025,197,20.03.2025\197\rgb\15.21.52.918.png,20.03.2025\197\depth\15.21.52.918.png
11278,6826,3.5,20.03.2025,197,20.03.2025\197\rgb\15.21.53.009.png,20.03.2025\197\depth\15.21.53.009.png
11279,6826,3.5,20.03.2025,197,20.03.2025\197\rgb\15.21.53.103.png,20.03.2025\197\depth\15.21.53.103.png
11280,6826,3.5,20.03.2025,197,20.03.2025\197\rgb\15.21.53.195.png,20.03.2025\197\depth\15.21.53.195.png
11281,2566,3.5,20.03.2025,198,20.03.2025\198\rgb\15.29.16.355.png,20.03.2025\198\depth\15.29.16.355.png
11282,2566,3.5,20.03.2025,198,20.03.2025\198\rgb\15.29.16.459.png,20.03.2025\198\depth\15.29.16.459.png
11283,2566,3.5,20.03.2025,198,20.03.2025\198\rgb\15.29.16.556.png,20.03.2025\198\depth\15.29.16.556.png
11284,2566,3.5,20.03.2025,198,20.03.2025\198\rgb\15.29.16.662.png,20.03.2025\198\depth\15.29.16.662.png
11285,2566,3.5,20.03.2025,198,20.03.2025\198\rgb\15.29.16.772.png,20.03.2025\198\depth\15.29.16.772.png
11286,2566,3.5,20.03.2025,198,20.03.2025\198\rgb\15.29.16.878.png,20.03.2025\198\depth\15.29.16.878.png
11287,2566,3.5,20.03.2025,198,20.03.2025\198\rgb\15.29.16.973.png,20.03.2025\198\depth\15.29.16.973.png
11288,2566,3.5,20.03.2025,198,20.03.2025\198\rgb\15.29.17.079.png,20.03.2025\198\depth\15.29.17.079.png
11289,2566,3.5,20.03.2025,198,20.03.2025\198\rgb\15.29.17.183.png,20.03.2025\198\depth\15.29.17.183.png
11290,2566,3.5,20.03.2025,198,20.03.2025\198\rgb\15.29.17.293.png,20.03.2025\198\depth\15.29.17.293.png
11291,2566,3.5,20.03.2025,198,20.03.2025\198\rgb\15.29.17.399.png,20.03.2025\198\depth\15.29.17.399.png
11292,2566,3.5,20.03.2025,198,20.03.2025\198\rgb\15.29.17.506.png,20.03.2025\198\depth\15.29.17.506.png
11293,2566,3.5,20.03.2025,198,20.03.2025\198\rgb\15.29.17.600.png,20.03.2025\198\depth\15.29.17.600.png
11294,2566,3.5,20.03.2025,198,20.03.2025\198\rgb\15.29.17.698.png,20.03.2025\198\depth\15.29.17.698.png
11295,2566,3.5,20.03.2025,198,20.03.2025\198\rgb\15.29.17.793.png,20.03.2025\198\depth\15.29.17.793.png
11296,2566,3.5,20.03.2025,198,20.03.2025\198\rgb\15.29.17.900.png,20.03.2025\198\depth\15.29.17.900.png
11297,2566,3.5,20.03.2025,198,20.03.2025\198\rgb\15.29.18.001.png,20.03.2025\198\depth\15.29.18.001.png
11298,2566,3.5,20.03.2025,198,20.03.2025\198\rgb\15.29.18.094.png,20.03.2025\198\depth\15.29.18.094.png
11299,2566,3.5,20.03.2025,198,20.03.2025\198\rgb\15.29.18.188.png,20.03.2025\198\depth\15.29.18.188.png
11300,2566,3.5,20.03.2025,198,20.03.2025\198\rgb\15.29.18.282.png,20.03.2025\198\depth\15.29.18.282.png
11301,220925,3.25,20.03.2025,199,20.03.2025\199\rgb\15.29.32.920.png,20.03.2025\199\depth\15.29.32.920.png
11302,220925,3.25,20.03.2025,199,20.03.2025\199\rgb\15.29.33.020.png,20.03.2025\199\depth\15.29.33.020.png
11303,220925,3.25,20.03.2025,199,20.03.2025\199\rgb\15.29.33.114.png,20.03.2025\199\depth\15.29.33.114.png
11304,220925,3.25,20.03.2025,199,20.03.2025\199\rgb\15.29.33.204.png,20.03.2025\199\depth\15.29.33.204.png
11305,220925,3.25,20.03.2025,199,20.03.2025\199\rgb\15.29.33.297.png,20.03.2025\199\depth\15.29.33.297.png
11306,220925,3.25,20.03.2025,199,20.03.2025\199\rgb\15.29.33.391.png,20.03.2025\199\depth\15.29.33.391.png
11307,220925,3.25,20.03.2025,199,20.03.2025\199\rgb\15.29.33.483.png,20.03.2025\199\depth\15.29.33.483.png
11308,220925,3.25,20.03.2025,199,20.03.2025\199\rgb\15.29.33.576.png,20.03.2025\199\depth\15.29.33.576.png
11309,220925,3.25,20.03.2025,199,20.03.2025\199\rgb\15.29.33.667.png,20.03.2025\199\depth\15.29.33.667.png
11310,220925,3.25,20.03.2025,199,20.03.2025\199\rgb\15.29.33.760.png,20.03.2025\199\depth\15.29.33.760.png
11311,220925,3.25,20.03.2025,199,20.03.2025\199\rgb\15.29.33.866.png,20.03.2025\199\depth\15.29.33.866.png
11312,220925,3.25,20.03.2025,199,20.03.2025\199\rgb\15.29.33.958.png,20.03.2025\199\depth\15.29.33.958.png
11313,220925,3.25,20.03.2025,199,20.03.2025\199\rgb\15.29.34.054.png,20.03.2025\199\depth\15.29.34.054.png
11314,220925,3.25,20.03.2025,199,20.03.2025\199\rgb\15.29.34.143.png,20.03.2025\199\depth\15.29.34.143.png
11315,220925,3.25,20.03.2025,199,20.03.2025\199\rgb\15.29.34.234.png,20.03.2025\199\depth\15.29.34.234.png
11316,220925,3.25,20.03.2025,199,20.03.2025\199\rgb\15.29.34.328.png,20.03.2025\199\depth\15.29.34.328.png
11317,220925,3.25,20.03.2025,199,20.03.2025\199\rgb\15.29.34.420.png,20.03.2025\199\depth\15.29.34.420.png
11318,220925,3.25,20.03.2025,199,20.03.2025\199\rgb\15.29.34.513.png,20.03.2025\199\depth\15.29.34.513.png
11319,220925,3.25,20.03.2025,199,20.03.2025\199\rgb\15.29.34.605.png,20.03.2025\199\depth\15.29.34.605.png
11320,220925,3.25,20.03.2025,199,20.03.2025\199\rgb\15.29.34.700.png,20.03.2025\199\depth\15.29.34.700.png
11321,901113,3.25,20.03.2025,200,20.03.2025\200\rgb\15.29.47.022.png,20.03.2025\200\depth\15.29.47.022.png
11322,901113,3.25,20.03.2025,200,20.03.2025\200\rgb\15.29.47.127.png,20.03.2025\200\depth\15.29.47.127.png
11323,901113,3.25,20.03.2025,200,20.03.2025\200\rgb\15.29.47.217.png,20.03.2025\200\depth\15.29.47.217.png
11324,901113,3.25,20.03.2025,200,20.03.2025\200\rgb\15.29.47.307.png,20.03.2025\200\depth\15.29.47.307.png
11325,901113,3.25,20.03.2025,200,20.03.2025\200\rgb\15.29.47.401.png,20.03.2025\200\depth\15.29.47.401.png
11326,901113,3.25,20.03.2025,200,20.03.2025\200\rgb\15.29.47.493.png,20.03.2025\200\depth\15.29.47.493.png
11327,901113,3.25,20.03.2025,200,20.03.2025\200\rgb\15.29.47.601.png,20.03.2025\200\depth\15.29.47.601.png
11328,901113,3.25,20.03.2025,200,20.03.2025\200\rgb\15.29.47.696.png,20.03.2025\200\depth\15.29.47.696.png
11329,901113,3.25,20.03.2025,200,20.03.2025\200\rgb\15.29.47.788.png,20.03.2025\200\depth\15.29.47.788.png
11330,901113,3.25,20.03.2025,200,20.03.2025\200\rgb\15.29.47.877.png,20.03.2025\200\depth\15.29.47.877.png
11331,901113,3.25,20.03.2025,200,20.03.2025\200\rgb\15.29.47.969.png,20.03.2025\200\depth\15.29.47.969.png
11332,901113,3.25,20.03.2025,200,20.03.2025\200\rgb\15.29.48.063.png,20.03.2025\200\depth\15.29.48.063.png
11333,901113,3.25,20.03.2025,200,20.03.2025\200\rgb\15.29.48.157.png,20.03.2025\200\depth\15.29.48.157.png
11334,901113,3.25,20.03.2025,200,20.03.2025\200\rgb\15.29.48.248.png,20.03.2025\200\depth\15.29.48.248.png
11335,901113,3.25,20.03.2025,200,20.03.2025\200\rgb\15.29.48.343.png,20.03.2025\200\depth\15.29.48.343.png
11336,901113,3.25,20.03.2025,200,20.03.2025\200\rgb\15.29.48.431.png,20.03.2025\200\depth\15.29.48.431.png
11337,901113,3.25,20.03.2025,200,20.03.2025\200\rgb\15.29.48.525.png,20.03.2025\200\depth\15.29.48.525.png
11338,901113,3.25,20.03.2025,200,20.03.2025\200\rgb\15.29.48.615.png,20.03.2025\200\depth\15.29.48.615.png
11339,901113,3.25,20.03.2025,200,20.03.2025\200\rgb\15.29.48.707.png,20.03.2025\200\depth\15.29.48.707.png
11340,901113,3.25,20.03.2025,200,20.03.2025\200\rgb\15.29.48.800.png,20.03.2025\200\depth\15.29.48.800.png
11341,7066,3.25,20.03.2025,201,20.03.2025\201\rgb\15.30.04.334.png,20.03.2025\201\depth\15.30.04.334.png
11342,7066,3.25,20.03.2025,201,20.03.2025\201\rgb\15.30.04.421.png,20.03.2025\201\depth\15.30.04.421.png
11343,7066,3.25,20.03.2025,201,20.03.2025\201\rgb\15.30.04.510.png,20.03.2025\201\depth\15.30.04.510.png
11344,7066,3.25,20.03.2025,201,20.03.2025\201\rgb\15.30.04.601.png,20.03.2025\201\depth\15.30.04.601.png
11345,7066,3.25,20.03.2025,201,20.03.2025\201\rgb\15.30.04.695.png,20.03.2025\201\depth\15.30.04.695.png
11346,7066,3.25,20.03.2025,201,20.03.2025\201\rgb\15.30.04.788.png,20.03.2025\201\depth\15.30.04.788.png
11347,7066,3.25,20.03.2025,201,20.03.2025\201\rgb\15.30.04.880.png,20.03.2025\201\depth\15.30.04.880.png
11348,7066,3.25,20.03.2025,201,20.03.2025\201\rgb\15.30.04.973.png,20.03.2025\201\depth\15.30.04.973.png
11349,7066,3.25,20.03.2025,201,20.03.2025\201\rgb\15.30.05.065.png,20.03.2025\201\depth\15.30.05.065.png
11350,7066,3.25,20.03.2025,201,20.03.2025\201\rgb\15.30.05.157.png,20.03.2025\201\depth\15.30.05.157.png
11351,7066,3.25,20.03.2025,201,20.03.2025\201\rgb\15.30.05.250.png,20.03.2025\201\depth\15.30.05.250.png
11352,7066,3.25,20.03.2025,201,20.03.2025\201\rgb\15.30.05.337.png,20.03.2025\201\depth\15.30.05.337.png
11353,7066,3.25,20.03.2025,201,20.03.2025\201\rgb\15.30.05.430.png,20.03.2025\201\depth\15.30.05.430.png
11354,7066,3.25,20.03.2025,201,20.03.2025\201\rgb\15.30.05.526.png,20.03.2025\201\depth\15.30.05.526.png
11355,7066,3.25,20.03.2025,201,20.03.2025\201\rgb\15.30.05.619.png,20.03.2025\201\depth\15.30.05.619.png
11356,7066,3.25,20.03.2025,201,20.03.2025\201\rgb\15.30.05.710.png,20.03.2025\201\depth\15.30.05.710.png
11357,7066,3.25,20.03.2025,201,20.03.2025\201\rgb\15.30.05.803.png,20.03.2025\201\depth\15.30.05.803.png
11358,7066,3.25,20.03.2025,201,20.03.2025\201\rgb\15.30.05.895.png,20.03.2025\201\depth\15.30.05.895.png
11359,7066,3.25,20.03.2025,201,20.03.2025\201\rgb\15.30.05.990.png,20.03.2025\201\depth\15.30.05.990.png
11360,7066,3.25,20.03.2025,201,20.03.2025\201\rgb\15.30.06.085.png,20.03.2025\201\depth\15.30.06.085.png
11361,6724,3.25,20.03.2025,202,20.03.2025\202\rgb\15.30.17.724.png,20.03.2025\202\depth\15.30.17.724.png
11362,6724,3.25,20.03.2025,202,20.03.2025\202\rgb\15.30.17.824.png,20.03.2025\202\depth\15.30.17.824.png
11363,6724,3.25,20.03.2025,202,20.03.2025\202\rgb\15.30.17.915.png,20.03.2025\202\depth\15.30.17.915.png
11364,6724,3.25,20.03.2025,202,20.03.2025\202\rgb\15.30.18.008.png,20.03.2025\202\depth\15.30.18.008.png
11365,6724,3.25,20.03.2025,202,20.03.2025\202\rgb\15.30.18.101.png,20.03.2025\202\depth\15.30.18.101.png
11366,6724,3.25,20.03.2025,202,20.03.2025\202\rgb\15.30.18.193.png,20.03.2025\202\depth\15.30.18.193.png
11367,6724,3.25,20.03.2025,202,20.03.2025\202\rgb\15.30.18.288.png,20.03.2025\202\depth\15.30.18.288.png
11368,6724,3.25,20.03.2025,202,20.03.2025\202\rgb\15.30.18.379.png,20.03.2025\202\depth\15.30.18.379.png
11369,6724,3.25,20.03.2025,202,20.03.2025\202\rgb\15.30.18.474.png,20.03.2025\202\depth\15.30.18.474.png
11370,6724,3.25,20.03.2025,202,20.03.2025\202\rgb\15.30.18.564.png,20.03.2025\202\depth\15.30.18.564.png
11371,6724,3.25,20.03.2025,202,20.03.2025\202\rgb\15.30.18.659.png,20.03.2025\202\depth\15.30.18.659.png
11372,6724,3.25,20.03.2025,202,20.03.2025\202\rgb\15.30.18.750.png,20.03.2025\202\depth\15.30.18.750.png
11373,6724,3.25,20.03.2025,202,20.03.2025\202\rgb\15.30.18.843.png,20.03.2025\202\depth\15.30.18.843.png
11374,6724,3.25,20.03.2025,202,20.03.2025\202\rgb\15.30.18.933.png,20.03.2025\202\depth\15.30.18.933.png
11375,6724,3.25,20.03.2025,202,20.03.2025\202\rgb\15.30.19.028.png,20.03.2025\202\depth\15.30.19.028.png
11376,6724,3.25,20.03.2025,202,20.03.2025\202\rgb\15.30.19.125.png,20.03.2025\202\depth\15.30.19.125.png
11377,6724,3.25,20.03.2025,202,20.03.2025\202\rgb\15.30.19.214.png,20.03.2025\202\depth\15.30.19.214.png
11378,6724,3.25,20.03.2025,202,20.03.2025\202\rgb\15.30.19.306.png,20.03.2025\202\depth\15.30.19.306.png
11379,6724,3.25,20.03.2025,202,20.03.2025\202\rgb\15.30.19.396.png,20.03.2025\202\depth\15.30.19.396.png
11380,6724,3.25,20.03.2025,202,20.03.2025\202\rgb\15.30.19.489.png,20.03.2025\202\depth\15.30.19.489.png
11381,6136,3.5,20.03.2025,203,20.03.2025\203\rgb\15.30.48.159.png,20.03.2025\203\depth\15.30.48.159.png
11382,6136,3.5,20.03.2025,203,20.03.2025\203\rgb\15.30.48.243.png,20.03.2025\203\depth\15.30.48.243.png
11383,6136,3.5,20.03.2025,203,20.03.2025\203\rgb\15.30.48.335.png,20.03.2025\203\depth\15.30.48.335.png
11384,6136,3.5,20.03.2025,203,20.03.2025\203\rgb\15.30.48.428.png,20.03.2025\203\depth\15.30.48.428.png
11385,6136,3.5,20.03.2025,203,20.03.2025\203\rgb\15.30.48.521.png,20.03.2025\203\depth\15.30.48.521.png
11386,6136,3.5,20.03.2025,203,20.03.2025\203\rgb\15.30.48.615.png,20.03.2025\203\depth\15.30.48.615.png
11387,6136,3.5,20.03.2025,203,20.03.2025\203\rgb\15.30.48.707.png,20.03.2025\203\depth\15.30.48.707.png
11388,6136,3.5,20.03.2025,203,20.03.2025\203\rgb\15.30.48.799.png,20.03.2025\203\depth\15.30.48.799.png
11389,6136,3.5,20.03.2025,203,20.03.2025\203\rgb\15.30.48.892.png,20.03.2025\203\depth\15.30.48.892.png
11390,6136,3.5,20.03.2025,203,20.03.2025\203\rgb\15.30.48.987.png,20.03.2025\203\depth\15.30.48.987.png
11391,6136,3.5,20.03.2025,203,20.03.2025\203\rgb\15.30.49.079.png,20.03.2025\203\depth\15.30.49.079.png
11392,6136,3.5,20.03.2025,203,20.03.2025\203\rgb\15.30.49.171.png,20.03.2025\203\depth\15.30.49.171.png
11393,6136,3.5,20.03.2025,203,20.03.2025\203\rgb\15.30.49.262.png,20.03.2025\203\depth\15.30.49.262.png
11394,6136,3.5,20.03.2025,203,20.03.2025\203\rgb\15.30.49.354.png,20.03.2025\203\depth\15.30.49.354.png
11395,6136,3.5,20.03.2025,203,20.03.2025\203\rgb\15.30.49.448.png,20.03.2025\203\depth\15.30.49.448.png
11396,6136,3.5,20.03.2025,203,20.03.2025\203\rgb\15.30.49.541.png,20.03.2025\203\depth\15.30.49.541.png
11397,6136,3.5,20.03.2025,203,20.03.2025\203\rgb\15.30.49.633.png,20.03.2025\203\depth\15.30.49.633.png
11398,6136,3.5,20.03.2025,203,20.03.2025\203\rgb\15.30.49.725.png,20.03.2025\203\depth\15.30.49.725.png
11399,6136,3.5,20.03.2025,203,20.03.2025\203\rgb\15.30.49.819.png,20.03.2025\203\depth\15.30.49.819.png
11400,6136,3.5,20.03.2025,203,20.03.2025\203\rgb\15.30.49.912.png,20.03.2025\203\depth\15.30.49.912.png
11401,7581,3.5,20.03.2025,204,20.03.2025\204\rgb\15.31.05.796.png,20.03.2025\204\depth\15.31.05.796.png
11402,7581,3.5,20.03.2025,204,20.03.2025\204\rgb\15.31.05.896.png,20.03.2025\204\depth\15.31.05.896.png
11403,7581,3.5,20.03.2025,204,20.03.2025\204\rgb\15.31.05.989.png,20.03.2025\204\depth\15.31.05.989.png
11404,7581,3.5,20.03.2025,204,20.03.2025\204\rgb\15.31.06.083.png,20.03.2025\204\depth\15.31.06.083.png
11405,7581,3.5,20.03.2025,204,20.03.2025\204\rgb\15.31.06.174.png,20.03.2025\204\depth\15.31.06.174.png
11406,7581,3.5,20.03.2025,204,20.03.2025\204\rgb\15.31.06.266.png,20.03.2025\204\depth\15.31.06.266.png
11407,7581,3.5,20.03.2025,204,20.03.2025\204\rgb\15.31.06.359.png,20.03.2025\204\depth\15.31.06.359.png
11408,7581,3.5,20.03.2025,204,20.03.2025\204\rgb\15.31.06.452.png,20.03.2025\204\depth\15.31.06.452.png
11409,7581,3.5,20.03.2025,204,20.03.2025\204\rgb\15.31.06.546.png,20.03.2025\204\depth\15.31.06.546.png
11410,7581,3.5,20.03.2025,204,20.03.2025\204\rgb\15.31.06.634.png,20.03.2025\204\depth\15.31.06.634.png
11411,7581,3.5,20.03.2025,204,20.03.2025\204\rgb\15.31.06.725.png,20.03.2025\204\depth\15.31.06.725.png
11412,7581,3.5,20.03.2025,204,20.03.2025\204\rgb\15.31.06.820.png,20.03.2025\204\depth\15.31.06.820.png
11413,7581,3.5,20.03.2025,204,20.03.2025\204\rgb\15.31.06.913.png,20.03.2025\204\depth\15.31.06.913.png
11414,7581,3.5,20.03.2025,204,20.03.2025\204\rgb\15.31.07.002.png,20.03.2025\204\depth\15.31.07.002.png
11415,7581,3.5,20.03.2025,204,20.03.2025\204\rgb\15.31.07.094.png,20.03.2025\204\depth\15.31.07.094.png
11416,7581,3.5,20.03.2025,204,20.03.2025\204\rgb\15.31.07.187.png,20.03.2025\204\depth\15.31.07.187.png
11417,7581,3.5,20.03.2025,204,20.03.2025\204\rgb\15.31.07.283.png,20.03.2025\204\depth\15.31.07.283.png
11418,7581,3.5,20.03.2025,204,20.03.2025\204\rgb\15.31.07.375.png,20.03.2025\204\depth\15.31.07.375.png
11419,7581,3.5,20.03.2025,204,20.03.2025\204\rgb\15.31.07.465.png,20.03.2025\204\depth\15.31.07.465.png
11420,7581,3.5,20.03.2025,204,20.03.2025\204\rgb\15.31.07.557.png,20.03.2025\204\depth\15.31.07.557.png
11421,7636,3.25,20.03.2025,205,20.03.2025\205\rgb\15.31.18.031.png,20.03.2025\205\depth\15.31.18.031.png
11422,7636,3.25,20.03.2025,205,20.03.2025\205\rgb\15.31.18.120.png,20.03.2025\205\depth\15.31.18.120.png
11423,7636,3.25,20.03.2025,205,20.03.2025\205\rgb\15.31.18.211.png,20.03.2025\205\depth\15.31.18.211.png
11424,7636,3.25,20.03.2025,205,20.03.2025\205\rgb\15.31.18.303.png,20.03.2025\205\depth\15.31.18.303.png
11425,7636,3.25,20.03.2025,205,20.03.2025\205\rgb\15.31.18.401.png,20.03.2025\205\depth\15.31.18.401.png
11426,7636,3.25,20.03.2025,205,20.03.2025\205\rgb\15.31.18.491.png,20.03.2025\205\depth\15.31.18.491.png
11427,7636,3.25,20.03.2025,205,20.03.2025\205\rgb\15.31.18.584.png,20.03.2025\205\depth\15.31.18.584.png
11428,7636,3.25,20.03.2025,205,20.03.2025\205\rgb\15.31.18.676.png,20.03.2025\205\depth\15.31.18.676.png
11429,7636,3.25,20.03.2025,205,20.03.2025\205\rgb\15.31.18.768.png,20.03.2025\205\depth\15.31.18.768.png
11430,7636,3.25,20.03.2025,205,20.03.2025\205\rgb\15.31.18.863.png,20.03.2025\205\depth\15.31.18.863.png
11431,7636,3.25,20.03.2025,205,20.03.2025\205\rgb\15.31.18.955.png,20.03.2025\205\depth\15.31.18.955.png
11432,7636,3.25,20.03.2025,205,20.03.2025\205\rgb\15.31.19.051.png,20.03.2025\205\depth\15.31.19.051.png
11433,7636,3.25,20.03.2025,205,20.03.2025\205\rgb\15.31.19.140.png,20.03.2025\205\depth\15.31.19.140.png
11434,7636,3.25,20.03.2025,205,20.03.2025\205\rgb\15.31.19.232.png,20.03.2025\205\depth\15.31.19.232.png
11435,7636,3.25,20.03.2025,205,20.03.2025\205\rgb\15.31.19.325.png,20.03.2025\205\depth\15.31.19.325.png
11436,7636,3.25,20.03.2025,205,20.03.2025\205\rgb\15.31.19.420.png,20.03.2025\205\depth\15.31.19.420.png
11437,7636,3.25,20.03.2025,205,20.03.2025\205\rgb\15.31.19.513.png,20.03.2025\205\depth\15.31.19.513.png
11438,7636,3.25,20.03.2025,205,20.03.2025\205\rgb\15.31.19.605.png,20.03.2025\205\depth\15.31.19.605.png
11439,7636,3.25,20.03.2025,205,20.03.2025\205\rgb\15.31.19.695.png,20.03.2025\205\depth\15.31.19.695.png
11440,7636,3.25,20.03.2025,205,20.03.2025\205\rgb\15.31.19.791.png,20.03.2025\205\depth\15.31.19.791.png
11441,5153,3.25,20.03.2025,206,20.03.2025\206\rgb\15.31.34.759.png,20.03.2025\206\depth\15.31.34.759.png
11442,5153,3.25,20.03.2025,206,20.03.2025\206\rgb\15.31.34.859.png,20.03.2025\206\depth\15.31.34.859.png
11443,5153,3.25,20.03.2025,206,20.03.2025\206\rgb\15.31.34.951.png,20.03.2025\206\depth\15.31.34.951.png
11444,5153,3.25,20.03.2025,206,20.03.2025\206\rgb\15.31.35.042.png,20.03.2025\206\depth\15.31.35.042.png
11445,5153,3.25,20.03.2025,206,20.03.2025\206\rgb\15.31.35.134.png,20.03.2025\206\depth\15.31.35.134.png
11446,5153,3.25,20.03.2025,206,20.03.2025\206\rgb\15.31.35.226.png,20.03.2025\206\depth\15.31.35.226.png
11447,5153,3.25,20.03.2025,206,20.03.2025\206\rgb\15.31.35.317.png,20.03.2025\206\depth\15.31.35.317.png
11448,5153,3.25,20.03.2025,206,20.03.2025\206\rgb\15.31.35.410.png,20.03.2025\206\depth\15.31.35.410.png
11449,5153,3.25,20.03.2025,206,20.03.2025\206\rgb\15.31.35.496.png,20.03.2025\206\depth\15.31.35.496.png
11450,5153,3.25,20.03.2025,206,20.03.2025\206\rgb\15.31.35.594.png,20.03.2025\206\depth\15.31.35.594.png
11451,5153,3.25,20.03.2025,206,20.03.2025\206\rgb\15.31.35.684.png,20.03.2025\206\depth\15.31.35.684.png
11452,5153,3.25,20.03.2025,206,20.03.2025\206\rgb\15.31.35.779.png,20.03.2025\206\depth\15.31.35.779.png
11453,5153,3.25,20.03.2025,206,20.03.2025\206\rgb\15.31.35.870.png,20.03.2025\206\depth\15.31.35.870.png
11454,5153,3.25,20.03.2025,206,20.03.2025\206\rgb\15.31.35.962.png,20.03.2025\206\depth\15.31.35.962.png
11455,5153,3.25,20.03.2025,206,20.03.2025\206\rgb\15.31.36.058.png,20.03.2025\206\depth\15.31.36.058.png
11456,5153,3.25,20.03.2025,206,20.03.2025\206\rgb\15.31.36.150.png,20.03.2025\206\depth\15.31.36.150.png
11457,5153,3.25,20.03.2025,206,20.03.2025\206\rgb\15.31.36.244.png,20.03.2025\206\depth\15.31.36.244.png
11458,5153,3.25,20.03.2025,206,20.03.2025\206\rgb\15.31.36.334.png,20.03.2025\206\depth\15.31.36.334.png
11459,5153,3.25,20.03.2025,206,20.03.2025\206\rgb\15.31.36.426.png,20.03.2025\206\depth\15.31.36.426.png
11460,5153,3.25,20.03.2025,206,20.03.2025\206\rgb\15.31.36.519.png,20.03.2025\206\depth\15.31.36.519.png
11461,6999,3.25,20.03.2025,207,20.03.2025\207\rgb\15.31.49.022.png,20.03.2025\207\depth\15.31.49.022.png
11462,6999,3.25,20.03.2025,207,20.03.2025\207\rgb\15.31.49.123.png,20.03.2025\207\depth\15.31.49.123.png
11463,6999,3.25,20.03.2025,207,20.03.2025\207\rgb\15.31.49.216.png,20.03.2025\207\depth\15.31.49.216.png
11464,6999,3.25,20.03.2025,207,20.03.2025\207\rgb\15.31.49.306.png,20.03.2025\207\depth\15.31.49.306.png
11465,6999,3.25,20.03.2025,207,20.03.2025\207\rgb\15.31.49.400.png,20.03.2025\207\depth\15.31.49.400.png
11466,6999,3.25,20.03.2025,207,20.03.2025\207\rgb\15.31.49.493.png,20.03.2025\207\depth\15.31.49.493.png
11467,6999,3.25,20.03.2025,207,20.03.2025\207\rgb\15.31.49.584.png,20.03.2025\207\depth\15.31.49.584.png
11468,6999,3.25,20.03.2025,207,20.03.2025\207\rgb\15.31.49.678.png,20.03.2025\207\depth\15.31.49.678.png
11469,6999,3.25,20.03.2025,207,20.03.2025\207\rgb\15.31.49.770.png,20.03.2025\207\depth\15.31.49.770.png
11470,6999,3.25,20.03.2025,207,20.03.2025\207\rgb\15.31.49.864.png,20.03.2025\207\depth\15.31.49.864.png
11471,6999,3.25,20.03.2025,207,20.03.2025\207\rgb\15.31.49.957.png,20.03.2025\207\depth\15.31.49.957.png
11472,6999,3.25,20.03.2025,207,20.03.2025\207\rgb\15.31.50.047.png,20.03.2025\207\depth\15.31.50.047.png
11473,6999,3.25,20.03.2025,207,20.03.2025\207\rgb\15.31.50.140.png,20.03.2025\207\depth\15.31.50.140.png
11474,6999,3.25,20.03.2025,207,20.03.2025\207\rgb\15.31.50.233.png,20.03.2025\207\depth\15.31.50.233.png
11475,6999,3.25,20.03.2025,207,20.03.2025\207\rgb\15.31.50.328.png,20.03.2025\207\depth\15.31.50.328.png
11476,6999,3.25,20.03.2025,207,20.03.2025\207\rgb\15.31.50.419.png,20.03.2025\207\depth\15.31.50.419.png
11477,6999,3.25,20.03.2025,207,20.03.2025\207\rgb\15.31.50.506.png,20.03.2025\207\depth\15.31.50.506.png
11478,6999,3.25,20.03.2025,207,20.03.2025\207\rgb\15.31.50.602.png,20.03.2025\207\depth\15.31.50.602.png
11479,6999,3.25,20.03.2025,207,20.03.2025\207\rgb\15.31.50.695.png,20.03.2025\207\depth\15.31.50.695.png
11480,6999,3.25,20.03.2025,207,20.03.2025\207\rgb\15.31.50.788.png,20.03.2025\207\depth\15.31.50.788.png
11481,7629,3.25,20.03.2025,208,20.03.2025\208\rgb\15.32.04.322.png,20.03.2025\208\depth\15.32.04.322.png
11482,7629,3.25,20.03.2025,208,20.03.2025\208\rgb\15.32.04.418.png,20.03.2025\208\depth\15.32.04.418.png
11483,7629,3.25,20.03.2025,208,20.03.2025\208\rgb\15.32.04.509.png,20.03.2025\208\depth\15.32.04.509.png
11484,7629,3.25,20.03.2025,208,20.03.2025\208\rgb\15.32.04.602.png,20.03.2025\208\depth\15.32.04.602.png
11485,7629,3.25,20.03.2025,208,20.03.2025\208\rgb\15.32.04.693.png,20.03.2025\208\depth\15.32.04.693.png
11486,7629,3.25,20.03.2025,208,20.03.2025\208\rgb\15.32.04.787.png,20.03.2025\208\depth\15.32.04.787.png
11487,7629,3.25,20.03.2025,208,20.03.2025\208\rgb\15.32.04.880.png,20.03.2025\208\depth\15.32.04.880.png
11488,7629,3.25,20.03.2025,208,20.03.2025\208\rgb\15.32.04.972.png,20.03.2025\208\depth\15.32.04.972.png
11489,7629,3.25,20.03.2025,208,20.03.2025\208\rgb\15.32.05.067.png,20.03.2025\208\depth\15.32.05.067.png
11490,7629,3.25,20.03.2025,208,20.03.2025\208\rgb\15.32.05.157.png,20.03.2025\208\depth\15.32.05.157.png
11491,7629,3.25,20.03.2025,208,20.03.2025\208\rgb\15.32.05.250.png,20.03.2025\208\depth\15.32.05.250.png
11492,7629,3.25,20.03.2025,208,20.03.2025\208\rgb\15.32.05.341.png,20.03.2025\208\depth\15.32.05.341.png
11493,7629,3.25,20.03.2025,208,20.03.2025\208\rgb\15.32.05.436.png,20.03.2025\208\depth\15.32.05.436.png
11494,7629,3.25,20.03.2025,208,20.03.2025\208\rgb\15.32.05.523.png,20.03.2025\208\depth\15.32.05.523.png
11495,7629,3.25,20.03.2025,208,20.03.2025\208\rgb\15.32.05.621.png,20.03.2025\208\depth\15.32.05.621.png
11496,7629,3.25,20.03.2025,208,20.03.2025\208\rgb\15.32.05.712.png,20.03.2025\208\depth\15.32.05.712.png
11497,7629,3.25,20.03.2025,208,20.03.2025\208\rgb\15.32.05.802.png,20.03.2025\208\depth\15.32.05.802.png
11498,7629,3.25,20.03.2025,208,20.03.2025\208\rgb\15.32.05.896.png,20.03.2025\208\depth\15.32.05.896.png
11499,7629,3.25,20.03.2025,208,20.03.2025\208\rgb\15.32.05.987.png,20.03.2025\208\depth\15.32.05.987.png
11500,7629,3.25,20.03.2025,208,20.03.2025\208\rgb\15.32.06.079.png,20.03.2025\208\depth\15.32.06.079.png
11501,630411,3.5,20.03.2025,209,20.03.2025\209\rgb\15.32.21.541.png,20.03.2025\209\depth\15.32.21.541.png
11502,630411,3.5,20.03.2025,209,20.03.2025\209\rgb\15.32.21.627.png,20.03.2025\209\depth\15.32.21.627.png
11503,630411,3.5,20.03.2025,209,20.03.2025\209\rgb\15.32.21.721.png,20.03.2025\209\depth\15.32.21.721.png
11504,630411,3.5,20.03.2025,209,20.03.2025\209\rgb\15.32.21.814.png,20.03.2025\209\depth\15.32.21.814.png
11505,630411,3.5,20.03.2025,209,20.03.2025\209\rgb\15.32.21.907.png,20.03.2025\209\depth\15.32.21.907.png
11506,630411,3.5,20.03.2025,209,20.03.2025\209\rgb\15.32.21.996.png,20.03.2025\209\depth\15.32.21.996.png
11507,630411,3.5,20.03.2025,209,20.03.2025\209\rgb\15.32.22.090.png,20.03.2025\209\depth\15.32.22.090.png
11508,630411,3.5,20.03.2025,209,20.03.2025\209\rgb\15.32.22.183.png,20.03.2025\209\depth\15.32.22.183.png
11509,630411,3.5,20.03.2025,209,20.03.2025\209\rgb\15.32.22.257.png,20.03.2025\209\depth\15.32.22.257.png
11510,630411,3.5,20.03.2025,209,20.03.2025\209\rgb\15.32.22.351.png,20.03.2025\209\depth\15.32.22.351.png
11511,630411,3.5,20.03.2025,209,20.03.2025\209\rgb\15.32.22.443.png,20.03.2025\209\depth\15.32.22.443.png
11512,630411,3.5,20.03.2025,209,20.03.2025\209\rgb\15.32.22.533.png,20.03.2025\209\depth\15.32.22.533.png
11513,630411,3.5,20.03.2025,209,20.03.2025\209\rgb\15.32.22.625.png,20.03.2025\209\depth\15.32.22.625.png
11514,630411,3.5,20.03.2025,209,20.03.2025\209\rgb\15.32.22.717.png,20.03.2025\209\depth\15.32.22.717.png
11515,630411,3.5,20.03.2025,209,20.03.2025\209\rgb\15.32.22.809.png,20.03.2025\209\depth\15.32.22.809.png
11516,630411,3.5,20.03.2025,209,20.03.2025\209\rgb\15.32.22.902.png,20.03.2025\209\depth\15.32.22.902.png
11517,630411,3.5,20.03.2025,209,20.03.2025\209\rgb\15.32.22.996.png,20.03.2025\209\depth\15.32.22.996.png
11518,630411,3.5,20.03.2025,209,20.03.2025\209\rgb\15.32.23.091.png,20.03.2025\209\depth\15.32.23.091.png
11519,630411,3.5,20.03.2025,209,20.03.2025\209\rgb\15.32.23.186.png,20.03.2025\209\depth\15.32.23.186.png
11520,630411,3.5,20.03.2025,209,20.03.2025\209\rgb\15.32.23.277.png,20.03.2025\209\depth\15.32.23.277.png
11521,7392,3.25,20.03.2025,210,20.03.2025\210\rgb\15.32.34.721.png,20.03.2025\210\depth\15.32.34.721.png
11522,7392,3.25,20.03.2025,210,20.03.2025\210\rgb\15.32.34.819.png,20.03.2025\210\depth\15.32.34.819.png
11523,7392,3.25,20.03.2025,210,20.03.2025\210\rgb\15.32.34.910.png,20.03.2025\210\depth\15.32.34.910.png
11524,7392,3.25,20.03.2025,210,20.03.2025\210\rgb\15.32.35.002.png,20.03.2025\210\depth\15.32.35.002.png
11525,7392,3.25,20.03.2025,210,20.03.2025\210\rgb\15.32.35.097.png,20.03.2025\210\depth\15.32.35.097.png
11526,7392,3.25,20.03.2025,210,20.03.2025\210\rgb\15.32.35.185.png,20.03.2025\210\depth\15.32.35.185.png
11527,7392,3.25,20.03.2025,210,20.03.2025\210\rgb\15.32.35.277.png,20.03.2025\210\depth\15.32.35.277.png
11528,7392,3.25,20.03.2025,210,20.03.2025\210\rgb\15.32.35.370.png,20.03.2025\210\depth\15.32.35.370.png
11529,7392,3.25,20.03.2025,210,20.03.2025\210\rgb\15.32.35.461.png,20.03.2025\210\depth\15.32.35.461.png
11530,7392,3.25,20.03.2025,210,20.03.2025\210\rgb\15.32.35.610.png,20.03.2025\210\depth\15.32.35.610.png
11531,7392,3.25,20.03.2025,210,20.03.2025\210\rgb\15.32.35.697.png,20.03.2025\210\depth\15.32.35.697.png
11532,7392,3.25,20.03.2025,210,20.03.2025\210\rgb\15.32.35.787.png,20.03.2025\210\depth\15.32.35.787.png
11533,7392,3.25,20.03.2025,210,20.03.2025\210\rgb\15.32.35.879.png,20.03.2025\210\depth\15.32.35.879.png
11534,7392,3.25,20.03.2025,210,20.03.2025\210\rgb\15.32.35.975.png,20.03.2025\210\depth\15.32.35.975.png
11535,7392,3.25,20.03.2025,210,20.03.2025\210\rgb\15.32.36.063.png,20.03.2025\210\depth\15.32.36.063.png
11536,7392,3.25,20.03.2025,210,20.03.2025\210\rgb\15.32.36.160.png,20.03.2025\210\depth\15.32.36.160.png
11537,7392,3.25,20.03.2025,210,20.03.2025\210\rgb\15.32.36.248.png,20.03.2025\210\depth\15.32.36.248.png
11538,7392,3.25,20.03.2025,210,20.03.2025\210\rgb\15.32.36.341.png,20.03.2025\210\depth\15.32.36.341.png
11539,7392,3.25,20.03.2025,210,20.03.2025\210\rgb\15.32.36.433.png,20.03.2025\210\depth\15.32.36.433.png
11540,7392,3.25,20.03.2025,210,20.03.2025\210\rgb\15.32.36.527.png,20.03.2025\210\depth\15.32.36.527.png
11541,800908,3.25,20.03.2025,211,20.03.2025\211\rgb\15.32.49.704.png,20.03.2025\211\depth\15.32.49.704.png
11542,800908,3.25,20.03.2025,211,20.03.2025\211\rgb\15.32.49.790.png,20.03.2025\211\depth\15.32.49.790.png
11543,800908,3.25,20.03.2025,211,20.03.2025\211\rgb\15.32.49.882.png,20.03.2025\211\depth\15.32.49.882.png
11544,800908,3.25,20.03.2025,211,20.03.2025\211\rgb\15.32.49.974.png,20.03.2025\211\depth\15.32.49.974.png
11545,800908,3.25,20.03.2025,211,20.03.2025\211\rgb\15.32.50.062.png,20.03.2025\211\depth\15.32.50.062.png
11546,800908,3.25,20.03.2025,211,20.03.2025\211\rgb\15.32.50.157.png,20.03.2025\211\depth\15.32.50.157.png
11547,800908,3.25,20.03.2025,211,20.03.2025\211\rgb\15.32.50.250.png,20.03.2025\211\depth\15.32.50.250.png
11548,800908,3.25,20.03.2025,211,20.03.2025\211\rgb\15.32.50.342.png,20.03.2025\211\depth\15.32.50.342.png
11549,800908,3.25,20.03.2025,211,20.03.2025\211\rgb\15.32.50.434.png,20.03.2025\211\depth\15.32.50.434.png
11550,800908,3.25,20.03.2025,211,20.03.2025\211\rgb\15.32.50.525.png,20.03.2025\211\depth\15.32.50.525.png
11551,800908,3.25,20.03.2025,211,20.03.2025\211\rgb\15.32.50.601.png,20.03.2025\211\depth\15.32.50.601.png
11552,800908,3.25,20.03.2025,211,20.03.2025\211\rgb\15.32.50.694.png,20.03.2025\211\depth\15.32.50.694.png
11553,800908,3.25,20.03.2025,211,20.03.2025\211\rgb\15.32.50.790.png,20.03.2025\211\depth\15.32.50.790.png
11554,800908,3.25,20.03.2025,211,20.03.2025\211\rgb\15.32.50.881.png,20.03.2025\211\depth\15.32.50.881.png
11555,800908,3.25,20.03.2025,211,20.03.2025\211\rgb\15.32.50.971.png,20.03.2025\211\depth\15.32.50.971.png
11556,800908,3.25,20.03.2025,211,20.03.2025\211\rgb\15.32.51.065.png,20.03.2025\211\depth\15.32.51.065.png
11557,800908,3.25,20.03.2025,211,20.03.2025\211\rgb\15.32.51.157.png,20.03.2025\211\depth\15.32.51.157.png
11558,800908,3.25,20.03.2025,211,20.03.2025\211\rgb\15.32.51.252.png,20.03.2025\211\depth\15.32.51.252.png
11559,800908,3.25,20.03.2025,211,20.03.2025\211\rgb\15.32.51.342.png,20.03.2025\211\depth\15.32.51.342.png
11560,800908,3.25,20.03.2025,211,20.03.2025\211\rgb\15.32.51.434.png,20.03.2025\211\depth\15.32.51.434.png
11561,330412,3.25,20.03.2025,212,20.03.2025\212\rgb\15.33.05.600.png,20.03.2025\212\depth\15.33.05.600.png
11562,330412,3.25,20.03.2025,212,20.03.2025\212\rgb\15.33.05.692.png,20.03.2025\212\depth\15.33.05.692.png
11563,330412,3.25,20.03.2025,212,20.03.2025\212\rgb\15.33.05.783.png,20.03.2025\212\depth\15.33.05.783.png
11564,330412,3.25,20.03.2025,212,20.03.2025\212\rgb\15.33.05.875.png,20.03.2025\212\depth\15.33.05.875.png
11565,330412,3.25,20.03.2025,212,20.03.2025\212\rgb\15.33.05.965.png,20.03.2025\212\depth\15.33.05.965.png
11566,330412,3.25,20.03.2025,212,20.03.2025\212\rgb\15.33.06.060.png,20.03.2025\212\depth\15.33.06.060.png
11567,330412,3.25,20.03.2025,212,20.03.2025\212\rgb\15.33.06.152.png,20.03.2025\212\depth\15.33.06.152.png
11568,330412,3.25,20.03.2025,212,20.03.2025\212\rgb\15.33.06.246.png,20.03.2025\212\depth\15.33.06.246.png
11569,330412,3.25,20.03.2025,212,20.03.2025\212\rgb\15.33.06.339.png,20.03.2025\212\depth\15.33.06.339.png
11570,330412,3.25,20.03.2025,212,20.03.2025\212\rgb\15.33.06.430.png,20.03.2025\212\depth\15.33.06.430.png
11571,330412,3.25,20.03.2025,212,20.03.2025\212\rgb\15.33.06.523.png,20.03.2025\212\depth\15.33.06.523.png
11572,330412,3.25,20.03.2025,212,20.03.2025\212\rgb\15.33.06.614.png,20.03.2025\212\depth\15.33.06.614.png
11573,330412,3.25,20.03.2025,212,20.03.2025\212\rgb\15.33.06.709.png,20.03.2025\212\depth\15.33.06.709.png
11574,330412,3.25,20.03.2025,212,20.03.2025\212\rgb\15.33.06.800.png,20.03.2025\212\depth\15.33.06.800.png
11575,330412,3.25,20.03.2025,212,20.03.2025\212\rgb\15.33.06.894.png,20.03.2025\212\depth\15.33.06.894.png
11576,330412,3.25,20.03.2025,212,20.03.2025\212\rgb\15.33.06.984.png,20.03.2025\212\depth\15.33.06.984.png
11577,330412,3.25,20.03.2025,212,20.03.2025\212\rgb\15.33.07.075.png,20.03.2025\212\depth\15.33.07.075.png
11578,330412,3.25,20.03.2025,212,20.03.2025\212\rgb\15.33.07.169.png,20.03.2025\212\depth\15.33.07.169.png
11579,330412,3.25,20.03.2025,212,20.03.2025\212\rgb\15.33.07.262.png,20.03.2025\212\depth\15.33.07.262.png
11580,330412,3.25,20.03.2025,212,20.03.2025\212\rgb\15.33.07.354.png,20.03.2025\212\depth\15.33.07.354.png
11581,5135,3.25,20.03.2025,213,20.03.2025\213\rgb\15.33.22.431.png,20.03.2025\213\depth\15.33.22.431.png
11582,5135,3.25,20.03.2025,213,20.03.2025\213\rgb\15.33.22.517.png,20.03.2025\213\depth\15.33.22.517.png
11583,5135,3.25,20.03.2025,213,20.03.2025\213\rgb\15.33.22.608.png,20.03.2025\213\depth\15.33.22.608.png
11584,5135,3.25,20.03.2025,213,20.03.2025\213\rgb\15.33.22.699.png,20.03.2025\213\depth\15.33.22.699.png
11585,5135,3.25,20.03.2025,213,20.03.2025\213\rgb\15.33.22.791.png,20.03.2025\213\depth\15.33.22.791.png
11586,5135,3.25,20.03.2025,213,20.03.2025\213\rgb\15.33.22.888.png,20.03.2025\213\depth\15.33.22.888.png
11587,5135,3.25,20.03.2025,213,20.03.2025\213\rgb\15.33.22.981.png,20.03.2025\213\depth\15.33.22.981.png
11588,5135,3.25,20.03.2025,213,20.03.2025\213\rgb\15.33.23.071.png,20.03.2025\213\depth\15.33.23.071.png
11589,5135,3.25,20.03.2025,213,20.03.2025\213\rgb\15.33.23.162.png,20.03.2025\213\depth\15.33.23.162.png
11590,5135,3.25,20.03.2025,213,20.03.2025\213\rgb\15.33.23.257.png,20.03.2025\213\depth\15.33.23.257.png
11591,5135,3.25,20.03.2025,213,20.03.2025\213\rgb\15.33.23.350.png,20.03.2025\213\depth\15.33.23.350.png
11592,5135,3.25,20.03.2025,213,20.03.2025\213\rgb\15.33.23.443.png,20.03.2025\213\depth\15.33.23.443.png
11593,5135,3.25,20.03.2025,213,20.03.2025\213\rgb\15.33.23.537.png,20.03.2025\213\depth\15.33.23.537.png
11594,5135,3.25,20.03.2025,213,20.03.2025\213\rgb\15.33.23.628.png,20.03.2025\213\depth\15.33.23.628.png
11595,5135,3.25,20.03.2025,213,20.03.2025\213\rgb\15.33.23.724.png,20.03.2025\213\depth\15.33.23.724.png
11596,5135,3.25,20.03.2025,213,20.03.2025\213\rgb\15.33.23.816.png,20.03.2025\213\depth\15.33.23.816.png
11597,5135,3.25,20.03.2025,213,20.03.2025\213\rgb\15.33.23.909.png,20.03.2025\213\depth\15.33.23.909.png
11598,5135,3.25,20.03.2025,213,20.03.2025\213\rgb\15.33.24.001.png,20.03.2025\213\depth\15.33.24.001.png
11599,5135,3.25,20.03.2025,213,20.03.2025\213\rgb\15.33.24.094.png,20.03.2025\213\depth\15.33.24.094.png
11600,5135,3.25,20.03.2025,213,20.03.2025\213\rgb\15.33.24.190.png,20.03.2025\213\depth\15.33.24.190.png
11601,930207,3.25,20.03.2025,214,20.03.2025\214\rgb\15.33.38.182.png,20.03.2025\214\depth\15.33.38.182.png
11602,930207,3.25,20.03.2025,214,20.03.2025\214\rgb\15.33.38.285.png,20.03.2025\214\depth\15.33.38.285.png
11603,930207,3.25,20.03.2025,214,20.03.2025\214\rgb\15.33.38.377.png,20.03.2025\214\depth\15.33.38.377.png
11604,930207,3.25,20.03.2025,214,20.03.2025\214\rgb\15.33.38.468.png,20.03.2025\214\depth\15.33.38.468.png
11605,930207,3.25,20.03.2025,214,20.03.2025\214\rgb\15.33.38.561.png,20.03.2025\214\depth\15.33.38.561.png
11606,930207,3.25,20.03.2025,214,20.03.2025\214\rgb\15.33.38.656.png,20.03.2025\214\depth\15.33.38.656.png
11607,930207,3.25,20.03.2025,214,20.03.2025\214\rgb\15.33.38.745.png,20.03.2025\214\depth\15.33.38.745.png
11608,930207,3.25,20.03.2025,214,20.03.2025\214\rgb\15.33.38.838.png,20.03.2025\214\depth\15.33.38.838.png
11609,930207,3.25,20.03.2025,214,20.03.2025\214\rgb\15.33.38.929.png,20.03.2025\214\depth\15.33.38.929.png
11610,930207,3.25,20.03.2025,214,20.03.2025\214\rgb\15.33.39.022.png,20.03.2025\214\depth\15.33.39.022.png
11611,930207,3.25,20.03.2025,214,20.03.2025\214\rgb\15.33.39.114.png,20.03.2025\214\depth\15.33.39.114.png
11612,930207,3.25,20.03.2025,214,20.03.2025\214\rgb\15.33.39.207.png,20.03.2025\214\depth\15.33.39.207.png
11613,930207,3.25,20.03.2025,214,20.03.2025\214\rgb\15.33.39.299.png,20.03.2025\214\depth\15.33.39.299.png
11614,930207,3.25,20.03.2025,214,20.03.2025\214\rgb\15.33.39.390.png,20.03.2025\214\depth\15.33.39.390.png
11615,930207,3.25,20.03.2025,214,20.03.2025\214\rgb\15.33.39.483.png,20.03.2025\214\depth\15.33.39.483.png
11616,930207,3.25,20.03.2025,214,20.03.2025\214\rgb\15.33.39.578.png,20.03.2025\214\depth\15.33.39.578.png
11617,930207,3.25,20.03.2025,214,20.03.2025\214\rgb\15.33.39.667.png,20.03.2025\214\depth\15.33.39.667.png
11618,930207,3.25,20.03.2025,214,20.03.2025\214\rgb\15.33.39.760.png,20.03.2025\214\depth\15.33.39.760.png
11619,930207,3.25,20.03.2025,214,20.03.2025\214\rgb\15.33.39.854.png,20.03.2025\214\depth\15.33.39.854.png
11620,930207,3.25,20.03.2025,214,20.03.2025\214\rgb\15.33.39.945.png,20.03.2025\214\depth\15.33.39.945.png
11621,6670,3.75,20.03.2025,215,20.03.2025\215\rgb\15.33.52.542.png,20.03.2025\215\depth\15.33.52.542.png
11622,6670,3.75,20.03.2025,215,20.03.2025\215\rgb\15.33.52.639.png,20.03.2025\215\depth\15.33.52.639.png
11623,6670,3.75,20.03.2025,215,20.03.2025\215\rgb\15.33.52.733.png,20.03.2025\215\depth\15.33.52.733.png
11624,6670,3.75,20.03.2025,215,20.03.2025\215\rgb\15.33.52.825.png,20.03.2025\215\depth\15.33.52.825.png
11625,6670,3.75,20.03.2025,215,20.03.2025\215\rgb\15.33.52.920.png,20.03.2025\215\depth\15.33.52.920.png
11626,6670,3.75,20.03.2025,215,20.03.2025\215\rgb\15.33.53.012.png,20.03.2025\215\depth\15.33.53.012.png
11627,6670,3.75,20.03.2025,215,20.03.2025\215\rgb\15.33.53.102.png,20.03.2025\215\depth\15.33.53.102.png
11628,6670,3.75,20.03.2025,215,20.03.2025\215\rgb\15.33.53.195.png,20.03.2025\215\depth\15.33.53.195.png
11629,6670,3.75,20.03.2025,215,20.03.2025\215\rgb\15.33.53.290.png,20.03.2025\215\depth\15.33.53.290.png
11630,6670,3.75,20.03.2025,215,20.03.2025\215\rgb\15.33.53.383.png,20.03.2025\215\depth\15.33.53.383.png
11631,6670,3.75,20.03.2025,215,20.03.2025\215\rgb\15.33.53.475.png,20.03.2025\215\depth\15.33.53.475.png
11632,6670,3.75,20.03.2025,215,20.03.2025\215\rgb\15.33.53.568.png,20.03.2025\215\depth\15.33.53.568.png
11633,6670,3.75,20.03.2025,215,20.03.2025\215\rgb\15.33.53.659.png,20.03.2025\215\depth\15.33.53.659.png
11634,6670,3.75,20.03.2025,215,20.03.2025\215\rgb\15.33.53.753.png,20.03.2025\215\depth\15.33.53.753.png
11635,6670,3.75,20.03.2025,215,20.03.2025\215\rgb\15.33.53.845.png,20.03.2025\215\depth\15.33.53.845.png
11636,6670,3.75,20.03.2025,215,20.03.2025\215\rgb\15.33.53.936.png,20.03.2025\215\depth\15.33.53.936.png
11637,6670,3.75,20.03.2025,215,20.03.2025\215\rgb\15.33.54.027.png,20.03.2025\215\depth\15.33.54.027.png
11638,6670,3.75,20.03.2025,215,20.03.2025\215\rgb\15.33.54.119.png,20.03.2025\215\depth\15.33.54.119.png
11639,6670,3.75,20.03.2025,215,20.03.2025\215\rgb\15.33.54.213.png,20.03.2025\215\depth\15.33.54.213.png
11640,6670,3.75,20.03.2025,215,20.03.2025\215\rgb\15.33.54.299.png,20.03.2025\215\depth\15.33.54.299.png
11641,6744,3.75,20.03.2025,216,20.03.2025\216\rgb\15.34.07.736.png,20.03.2025\216\depth\15.34.07.736.png
11642,6744,3.75,20.03.2025,216,20.03.2025\216\rgb\15.34.07.822.png,20.03.2025\216\depth\15.34.07.822.png
11643,6744,3.75,20.03.2025,216,20.03.2025\216\rgb\15.34.07.916.png,20.03.2025\216\depth\15.34.07.916.png
11644,6744,3.75,20.03.2025,216,20.03.2025\216\rgb\15.34.08.005.png,20.03.2025\216\depth\15.34.08.005.png
11645,6744,3.75,20.03.2025,216,20.03.2025\216\rgb\15.34.08.097.png,20.03.2025\216\depth\15.34.08.097.png
11646,6744,3.75,20.03.2025,216,20.03.2025\216\rgb\15.34.08.189.png,20.03.2025\216\depth\15.34.08.189.png
11647,6744,3.75,20.03.2025,216,20.03.2025\216\rgb\15.34.08.281.png,20.03.2025\216\depth\15.34.08.281.png
11648,6744,3.75,20.03.2025,216,20.03.2025\216\rgb\15.34.08.375.png,20.03.2025\216\depth\15.34.08.375.png
11649,6744,3.75,20.03.2025,216,20.03.2025\216\rgb\15.34.08.468.png,20.03.2025\216\depth\15.34.08.468.png
11650,6744,3.75,20.03.2025,216,20.03.2025\216\rgb\15.34.08.561.png,20.03.2025\216\depth\15.34.08.561.png
11651,6744,3.75,20.03.2025,216,20.03.2025\216\rgb\15.34.08.656.png,20.03.2025\216\depth\15.34.08.656.png
11652,6744,3.75,20.03.2025,216,20.03.2025\216\rgb\15.34.08.747.png,20.03.2025\216\depth\15.34.08.747.png
11653,6744,3.75,20.03.2025,216,20.03.2025\216\rgb\15.34.08.840.png,20.03.2025\216\depth\15.34.08.840.png
11654,6744,3.75,20.03.2025,216,20.03.2025\216\rgb\15.34.08.932.png,20.03.2025\216\depth\15.34.08.932.png
11655,6744,3.75,20.03.2025,216,20.03.2025\216\rgb\15.34.09.026.png,20.03.2025\216\depth\15.34.09.026.png
11656,6744,3.75,20.03.2025,216,20.03.2025\216\rgb\15.34.09.121.png,20.03.2025\216\depth\15.34.09.121.png
11657,6744,3.75,20.03.2025,216,20.03.2025\216\rgb\15.34.09.214.png,20.03.2025\216\depth\15.34.09.214.png
11658,6744,3.75,20.03.2025,216,20.03.2025\216\rgb\15.34.09.305.png,20.03.2025\216\depth\15.34.09.305.png
11659,6744,3.75,20.03.2025,216,20.03.2025\216\rgb\15.34.09.400.png,20.03.2025\216\depth\15.34.09.400.png
11660,6744,3.75,20.03.2025,216,20.03.2025\216\rgb\15.34.09.494.png,20.03.2025\216\depth\15.34.09.494.png
11661,7507,3.25,20.03.2025,217,20.03.2025\217\rgb\15.34.21.869.png,20.03.2025\217\depth\15.34.21.869.png
11662,7507,3.25,20.03.2025,217,20.03.2025\217\rgb\15.34.21.955.png,20.03.2025\217\depth\15.34.21.955.png
11663,7507,3.25,20.03.2025,217,20.03.2025\217\rgb\15.34.22.049.png,20.03.2025\217\depth\15.34.22.049.png
11664,7507,3.25,20.03.2025,217,20.03.2025\217\rgb\15.34.22.144.png,20.03.2025\217\depth\15.34.22.144.png
11665,7507,3.25,20.03.2025,217,20.03.2025\217\rgb\15.34.22.236.png,20.03.2025\217\depth\15.34.22.236.png
11666,7507,3.25,20.03.2025,217,20.03.2025\217\rgb\15.34.22.329.png,20.03.2025\217\depth\15.34.22.329.png
11667,7507,3.25,20.03.2025,217,20.03.2025\217\rgb\15.34.22.422.png,20.03.2025\217\depth\15.34.22.422.png
11668,7507,3.25,20.03.2025,217,20.03.2025\217\rgb\15.34.22.515.png,20.03.2025\217\depth\15.34.22.515.png
11669,7507,3.25,20.03.2025,217,20.03.2025\217\rgb\15.34.22.606.png,20.03.2025\217\depth\15.34.22.606.png
11670,7507,3.25,20.03.2025,217,20.03.2025\217\rgb\15.34.22.699.png,20.03.2025\217\depth\15.34.22.699.png
11671,7507,3.25,20.03.2025,217,20.03.2025\217\rgb\15.34.22.802.png,20.03.2025\217\depth\15.34.22.802.png
11672,7507,3.25,20.03.2025,217,20.03.2025\217\rgb\15.34.22.897.png,20.03.2025\217\depth\15.34.22.897.png
11673,7507,3.25,20.03.2025,217,20.03.2025\217\rgb\15.34.22.992.png,20.03.2025\217\depth\15.34.22.992.png
11674,7507,3.25,20.03.2025,217,20.03.2025\217\rgb\15.34.23.083.png,20.03.2025\217\depth\15.34.23.083.png
11675,7507,3.25,20.03.2025,217,20.03.2025\217\rgb\15.34.23.175.png,20.03.2025\217\depth\15.34.23.175.png
11676,7507,3.25,20.03.2025,217,20.03.2025\217\rgb\15.34.23.268.png,20.03.2025\217\depth\15.34.23.268.png
11677,7507,3.25,20.03.2025,217,20.03.2025\217\rgb\15.34.23.361.png,20.03.2025\217\depth\15.34.23.361.png
11678,7507,3.25,20.03.2025,217,20.03.2025\217\rgb\15.34.23.453.png,20.03.2025\217\depth\15.34.23.453.png
11679,7507,3.25,20.03.2025,217,20.03.2025\217\rgb\15.34.23.546.png,20.03.2025\217\depth\15.34.23.546.png
11680,7507,3.25,20.03.2025,217,20.03.2025\217\rgb\15.34.23.638.png,20.03.2025\217\depth\15.34.23.638.png
11681,5120,3.25,20.03.2025,218,20.03.2025\218\rgb\15.34.39.614.png,20.03.2025\218\depth\15.34.39.614.png
11682,5120,3.25,20.03.2025,218,20.03.2025\218\rgb\15.34.39.701.png,20.03.2025\218\depth\15.34.39.701.png
11683,5120,3.25,20.03.2025,218,20.03.2025\218\rgb\15.34.39.794.png,20.03.2025\218\depth\15.34.39.794.png
11684,5120,3.25,20.03.2025,218,20.03.2025\218\rgb\15.34.39.885.png,20.03.2025\218\depth\15.34.39.885.png
11685,5120,3.25,20.03.2025,218,20.03.2025\218\rgb\15.34.39.978.png,20.03.2025\218\depth\15.34.39.978.png
11686,5120,3.25,20.03.2025,218,20.03.2025\218\rgb\15.34.40.070.png,20.03.2025\218\depth\15.34.40.070.png
11687,5120,3.25,20.03.2025,218,20.03.2025\218\rgb\15.34.40.161.png,20.03.2025\218\depth\15.34.40.161.png
11688,5120,3.25,20.03.2025,218,20.03.2025\218\rgb\15.34.40.253.png,20.03.2025\218\depth\15.34.40.253.png
11689,5120,3.25,20.03.2025,218,20.03.2025\218\rgb\15.34.40.346.png,20.03.2025\218\depth\15.34.40.346.png
11690,5120,3.25,20.03.2025,218,20.03.2025\218\rgb\15.34.40.434.png,20.03.2025\218\depth\15.34.40.434.png
11691,5120,3.25,20.03.2025,218,20.03.2025\218\rgb\15.34.40.528.png,20.03.2025\218\depth\15.34.40.528.png
11692,5120,3.25,20.03.2025,218,20.03.2025\218\rgb\15.34.40.621.png,20.03.2025\218\depth\15.34.40.621.png
11693,5120,3.25,20.03.2025,218,20.03.2025\218\rgb\15.34.40.714.png,20.03.2025\218\depth\15.34.40.714.png
11694,5120,3.25,20.03.2025,218,20.03.2025\218\rgb\15.34.40.800.png,20.03.2025\218\depth\15.34.40.800.png
11695,5120,3.25,20.03.2025,218,20.03.2025\218\rgb\15.34.40.886.png,20.03.2025\218\depth\15.34.40.886.png
11696,5120,3.25,20.03.2025,218,20.03.2025\218\rgb\15.34.40.978.png,20.03.2025\218\depth\15.34.40.978.png
11697,5120,3.25,20.03.2025,218,20.03.2025\218\rgb\15.34.41.068.png,20.03.2025\218\depth\15.34.41.068.png
11698,5120,3.25,20.03.2025,218,20.03.2025\218\rgb\15.34.41.162.png,20.03.2025\218\depth\15.34.41.162.png
11699,5120,3.25,20.03.2025,218,20.03.2025\218\rgb\15.34.41.256.png,20.03.2025\218\depth\15.34.41.256.png
11700,5120,3.25,20.03.2025,218,20.03.2025\218\rgb\15.34.41.348.png,20.03.2025\218\depth\15.34.41.348.png
11701,5125,3.25,20.03.2025,219,20.03.2025\219\rgb\15.34.54.637.png,20.03.2025\219\depth\15.34.54.637.png
11702,5125,3.25,20.03.2025,219,20.03.2025\219\rgb\15.34.54.739.png,20.03.2025\219\depth\15.34.54.739.png
11703,5125,3.25,20.03.2025,219,20.03.2025\219\rgb\15.34.54.830.png,20.03.2025\219\depth\15.34.54.830.png
11704,5125,3.25,20.03.2025,219,20.03.2025\219\rgb\15.34.54.922.png,20.03.2025\219\depth\15.34.54.922.png
11705,5125,3.25,20.03.2025,219,20.03.2025\219\rgb\15.34.55.016.png,20.03.2025\219\depth\15.34.55.016.png
11706,5125,3.25,20.03.2025,219,20.03.2025\219\rgb\15.34.55.110.png,20.03.2025\219\depth\15.34.55.110.png
11707,5125,3.25,20.03.2025,219,20.03.2025\219\rgb\15.34.55.202.png,20.03.2025\219\depth\15.34.55.202.png
11708,5125,3.25,20.03.2025,219,20.03.2025\219\rgb\15.34.55.295.png,20.03.2025\219\depth\15.34.55.295.png
11709,5125,3.25,20.03.2025,219,20.03.2025\219\rgb\15.34.55.388.png,20.03.2025\219\depth\15.34.55.388.png
11710,5125,3.25,20.03.2025,219,20.03.2025\219\rgb\15.34.55.478.png,20.03.2025\219\depth\15.34.55.478.png
11711,5125,3.25,20.03.2025,219,20.03.2025\219\rgb\15.34.55.573.png,20.03.2025\219\depth\15.34.55.573.png
11712,5125,3.25,20.03.2025,219,20.03.2025\219\rgb\15.34.55.665.png,20.03.2025\219\depth\15.34.55.665.png
11713,5125,3.25,20.03.2025,219,20.03.2025\219\rgb\15.34.55.756.png,20.03.2025\219\depth\15.34.55.756.png
11714,5125,3.25,20.03.2025,219,20.03.2025\219\rgb\15.34.55.842.png,20.03.2025\219\depth\15.34.55.842.png
11715,5125,3.25,20.03.2025,219,20.03.2025\219\rgb\15.34.55.942.png,20.03.2025\219\depth\15.34.55.942.png
11716,5125,3.25,20.03.2025,219,20.03.2025\219\rgb\15.34.56.031.png,20.03.2025\219\depth\15.34.56.031.png
11717,5125,3.25,20.03.2025,219,20.03.2025\219\rgb\15.34.56.125.png,20.03.2025\219\depth\15.34.56.125.png
11718,5125,3.25,20.03.2025,219,20.03.2025\219\rgb\15.34.56.218.png,20.03.2025\219\depth\15.34.56.218.png
11719,5125,3.25,20.03.2025,219,20.03.2025\219\rgb\15.34.56.309.png,20.03.2025\219\depth\15.34.56.309.png
11720,5125,3.25,20.03.2025,219,20.03.2025\219\rgb\15.34.56.403.png,20.03.2025\219\depth\15.34.56.403.png
11721,6985,4.0,20.03.2025,221,20.03.2025\221\rgb\15.35.25.740.png,20.03.2025\221\depth\15.35.25.740.png
11722,6985,4.0,20.03.2025,221,20.03.2025\221\rgb\15.35.25.834.png,20.03.2025\221\depth\15.35.25.834.png
11723,6985,4.0,20.03.2025,221,20.03.2025\221\rgb\15.35.25.933.png,20.03.2025\221\depth\15.35.25.933.png
11724,6985,4.0,20.03.2025,221,20.03.2025\221\rgb\15.35.26.027.png,20.03.2025\221\depth\15.35.26.027.png
11725,6985,4.0,20.03.2025,221,20.03.2025\221\rgb\15.35.26.120.png,20.03.2025\221\depth\15.35.26.120.png
11726,6985,4.0,20.03.2025,221,20.03.2025\221\rgb\15.35.26.212.png,20.03.2025\221\depth\15.35.26.212.png
11727,6985,4.0,20.03.2025,221,20.03.2025\221\rgb\15.35.26.303.png,20.03.2025\221\depth\15.35.26.303.png
11728,6985,4.0,20.03.2025,221,20.03.2025\221\rgb\15.35.26.399.png,20.03.2025\221\depth\15.35.26.399.png
11729,6985,4.0,20.03.2025,221,20.03.2025\221\rgb\15.35.26.490.png,20.03.2025\221\depth\15.35.26.490.png
11730,6985,4.0,20.03.2025,221,20.03.2025\221\rgb\15.35.26.582.png,20.03.2025\221\depth\15.35.26.582.png
11731,6985,4.0,20.03.2025,221,20.03.2025\221\rgb\15.35.26.674.png,20.03.2025\221\depth\15.35.26.674.png
11732,6985,4.0,20.03.2025,221,20.03.2025\221\rgb\15.35.26.764.png,20.03.2025\221\depth\15.35.26.764.png
11733,6985,4.0,20.03.2025,221,20.03.2025\221\rgb\15.35.26.861.png,20.03.2025\221\depth\15.35.26.861.png
11734,6985,4.0,20.03.2025,221,20.03.2025\221\rgb\15.35.26.953.png,20.03.2025\221\depth\15.35.26.953.png
11735,6985,4.0,20.03.2025,221,20.03.2025\221\rgb\15.35.27.040.png,20.03.2025\221\depth\15.35.27.040.png
11736,6985,4.0,20.03.2025,221,20.03.2025\221\rgb\15.35.27.136.png,20.03.2025\221\depth\15.35.27.136.png
11737,6985,4.0,20.03.2025,221,20.03.2025\221\rgb\15.35.27.229.png,20.03.2025\221\depth\15.35.27.229.png
11738,6985,4.0,20.03.2025,221,20.03.2025\221\rgb\15.35.27.321.png,20.03.2025\221\depth\15.35.27.321.png
11739,6985,4.0,20.03.2025,221,20.03.2025\221\rgb\15.35.27.417.png,20.03.2025\221\depth\15.35.27.417.png
11740,6985,4.0,20.03.2025,221,20.03.2025\221\rgb\15.35.27.507.png,20.03.2025\221\depth\15.35.27.507.png
11741,630405,3.5,20.03.2025,222,20.03.2025\222\rgb\15.35.38.436.png,20.03.2025\222\depth\15.35.38.436.png
11742,630405,3.5,20.03.2025,222,20.03.2025\222\rgb\15.35.38.536.png,20.03.2025\222\depth\15.35.38.536.png
11743,630405,3.5,20.03.2025,222,20.03.2025\222\rgb\15.35.38.632.png,20.03.2025\222\depth\15.35.38.632.png
11744,630405,3.5,20.03.2025,222,20.03.2025\222\rgb\15.35.38.726.png,20.03.2025\222\depth\15.35.38.726.png
11745,630405,3.5,20.03.2025,222,20.03.2025\222\rgb\15.35.38.816.png,20.03.2025\222\depth\15.35.38.816.png
11746,630405,3.5,20.03.2025,222,20.03.2025\222\rgb\15.35.38.906.png,20.03.2025\222\depth\15.35.38.906.png
11747,630405,3.5,20.03.2025,222,20.03.2025\222\rgb\15.35.38.998.png,20.03.2025\222\depth\15.35.38.998.png
11748,630405,3.5,20.03.2025,222,20.03.2025\222\rgb\15.35.39.091.png,20.03.2025\222\depth\15.35.39.091.png
11749,630405,3.5,20.03.2025,222,20.03.2025\222\rgb\15.35.39.182.png,20.03.2025\222\depth\15.35.39.182.png
11750,630405,3.5,20.03.2025,222,20.03.2025\222\rgb\15.35.39.275.png,20.03.2025\222\depth\15.35.39.275.png
11751,630405,3.5,20.03.2025,222,20.03.2025\222\rgb\15.35.39.367.png,20.03.2025\222\depth\15.35.39.367.png
11752,630405,3.5,20.03.2025,222,20.03.2025\222\rgb\15.35.39.463.png,20.03.2025\222\depth\15.35.39.463.png
11753,630405,3.5,20.03.2025,222,20.03.2025\222\rgb\15.35.39.554.png,20.03.2025\222\depth\15.35.39.554.png
11754,630405,3.5,20.03.2025,222,20.03.2025\222\rgb\15.35.39.646.png,20.03.2025\222\depth\15.35.39.646.png
11755,630405,3.5,20.03.2025,222,20.03.2025\222\rgb\15.35.39.738.png,20.03.2025\222\depth\15.35.39.738.png
11756,630405,3.5,20.03.2025,222,20.03.2025\222\rgb\15.35.39.830.png,20.03.2025\222\depth\15.35.39.830.png
11757,630405,3.5,20.03.2025,222,20.03.2025\222\rgb\15.35.39.922.png,20.03.2025\222\depth\15.35.39.922.png
11758,630405,3.5,20.03.2025,222,20.03.2025\222\rgb\15.35.40.016.png,20.03.2025\222\depth\15.35.40.016.png
11759,630405,3.5,20.03.2025,222,20.03.2025\222\rgb\15.35.40.107.png,20.03.2025\222\depth\15.35.40.107.png
11760,630405,3.5,20.03.2025,222,20.03.2025\222\rgb\15.35.40.201.png,20.03.2025\222\depth\15.35.40.201.png
11761,621117,3.0,20.03.2025,223,20.03.2025\223\rgb\15.35.54.411.png,20.03.2025\223\depth\15.35.54.411.png
11762,621117,3.0,20.03.2025,223,20.03.2025\223\rgb\15.35.54.512.png,20.03.2025\223\depth\15.35.54.512.png
11763,621117,3.0,20.03.2025,223,20.03.2025\223\rgb\15.35.54.604.png,20.03.2025\223\depth\15.35.54.604.png
11764,621117,3.0,20.03.2025,223,20.03.2025\223\rgb\15.35.54.695.png,20.03.2025\223\depth\15.35.54.695.png
11765,621117,3.0,20.03.2025,223,20.03.2025\223\rgb\15.35.54.788.png,20.03.2025\223\depth\15.35.54.788.png
11766,621117,3.0,20.03.2025,223,20.03.2025\223\rgb\15.35.54.879.png,20.03.2025\223\depth\15.35.54.879.png
11767,621117,3.0,20.03.2025,223,20.03.2025\223\rgb\15.35.54.972.png,20.03.2025\223\depth\15.35.54.972.png
11768,621117,3.0,20.03.2025,223,20.03.2025\223\rgb\15.35.55.065.png,20.03.2025\223\depth\15.35.55.065.png
11769,621117,3.0,20.03.2025,223,20.03.2025\223\rgb\15.35.55.160.png,20.03.2025\223\depth\15.35.55.160.png
11770,621117,3.0,20.03.2025,223,20.03.2025\223\rgb\15.35.55.253.png,20.03.2025\223\depth\15.35.55.253.png
11771,621117,3.0,20.03.2025,223,20.03.2025\223\rgb\15.35.55.344.png,20.03.2025\223\depth\15.35.55.344.png
11772,621117,3.0,20.03.2025,223,20.03.2025\223\rgb\15.35.55.436.png,20.03.2025\223\depth\15.35.55.436.png
11773,621117,3.0,20.03.2025,223,20.03.2025\223\rgb\15.35.55.531.png,20.03.2025\223\depth\15.35.55.531.png
11774,621117,3.0,20.03.2025,223,20.03.2025\223\rgb\15.35.55.622.png,20.03.2025\223\depth\15.35.55.622.png
11775,621117,3.0,20.03.2025,223,20.03.2025\223\rgb\15.35.55.715.png,20.03.2025\223\depth\15.35.55.715.png
11776,621117,3.0,20.03.2025,223,20.03.2025\223\rgb\15.35.55.807.png,20.03.2025\223\depth\15.35.55.807.png
11777,621117,3.0,20.03.2025,223,20.03.2025\223\rgb\15.35.55.890.png,20.03.2025\223\depth\15.35.55.890.png
11778,621117,3.0,20.03.2025,223,20.03.2025\223\rgb\15.35.55.990.png,20.03.2025\223\depth\15.35.55.990.png
11779,621117,3.0,20.03.2025,223,20.03.2025\223\rgb\15.35.56.086.png,20.03.2025\223\depth\15.35.56.086.png
11780,621117,3.0,20.03.2025,223,20.03.2025\223\rgb\15.35.56.175.png,20.03.2025\223\depth\15.35.56.175.png
11781,510203,3.25,20.03.2025,224,20.03.2025\224\rgb\15.36.10.180.png,20.03.2025\224\depth\15.36.10.180.png
11782,510203,3.25,20.03.2025,224,20.03.2025\224\rgb\15.36.10.279.png,20.03.2025\224\depth\15.36.10.279.png
11783,510203,3.25,20.03.2025,224,20.03.2025\224\rgb\15.36.10.372.png,20.03.2025\224\depth\15.36.10.372.png
11784,510203,3.25,20.03.2025,224,20.03.2025\224\rgb\15.36.10.465.png,20.03.2025\224\depth\15.36.10.465.png
11785,510203,3.25,20.03.2025,224,20.03.2025\224\rgb\15.36.10.557.png,20.03.2025\224\depth\15.36.10.557.png
11786,510203,3.25,20.03.2025,224,20.03.2025\224\rgb\15.36.10.648.png,20.03.2025\224\depth\15.36.10.648.png
11787,510203,3.25,20.03.2025,224,20.03.2025\224\rgb\15.36.10.741.png,20.03.2025\224\depth\15.36.10.741.png
11788,510203,3.25,20.03.2025,224,20.03.2025\224\rgb\15.36.10.831.png,20.03.2025\224\depth\15.36.10.831.png
11789,510203,3.25,20.03.2025,224,20.03.2025\224\rgb\15.36.10.917.png,20.03.2025\224\depth\15.36.10.917.png
11790,510203,3.25,20.03.2025,224,20.03.2025\224\rgb\15.36.11.003.png,20.03.2025\224\depth\15.36.11.003.png
11791,510203,3.25,20.03.2025,224,20.03.2025\224\rgb\15.36.11.096.png,20.03.2025\224\depth\15.36.11.096.png
11792,510203,3.25,20.03.2025,224,20.03.2025\224\rgb\15.36.11.189.png,20.03.2025\224\depth\15.36.11.189.png
11793,510203,3.25,20.03.2025,224,20.03.2025\224\rgb\15.36.11.278.png,20.03.2025\224\depth\15.36.11.278.png
11794,510203,3.25,20.03.2025,224,20.03.2025\224\rgb\15.36.11.373.png,20.03.2025\224\depth\15.36.11.373.png
11795,510203,3.25,20.03.2025,224,20.03.2025\224\rgb\15.36.11.465.png,20.03.2025\224\depth\15.36.11.465.png
11796,510203,3.25,20.03.2025,224,20.03.2025\224\rgb\15.36.11.559.png,20.03.2025\224\depth\15.36.11.559.png
11797,510203,3.25,20.03.2025,224,20.03.2025\224\rgb\15.36.11.654.png,20.03.2025\224\depth\15.36.11.654.png
11798,510203,3.25,20.03.2025,224,20.03.2025\224\rgb\15.36.11.747.png,20.03.2025\224\depth\15.36.11.747.png
11799,510203,3.25,20.03.2025,224,20.03.2025\224\rgb\15.36.11.839.png,20.03.2025\224\depth\15.36.11.839.png
11800,510203,3.25,20.03.2025,224,20.03.2025\224\rgb\15.36.11.933.png,20.03.2025\224\depth\15.36.11.933.png
11801,6881,3.25,20.03.2025,225,20.03.2025\225\rgb\15.36.25.684.png,20.03.2025\225\depth\15.36.25.684.png
11802,6881,3.25,20.03.2025,225,20.03.2025\225\rgb\15.36.25.785.png,20.03.2025\225\depth\15.36.25.785.png
11803,6881,3.25,20.03.2025,225,20.03.2025\225\rgb\15.36.25.871.png,20.03.2025\225\depth\15.36.25.871.png
11804,6881,3.25,20.03.2025,225,20.03.2025\225\rgb\15.36.25.968.png,20.03.2025\225\depth\15.36.25.968.png
11805,6881,3.25,20.03.2025,225,20.03.2025\225\rgb\15.36.26.061.png,20.03.2025\225\depth\15.36.26.061.png
11806,6881,3.25,20.03.2025,225,20.03.2025\225\rgb\15.36.26.153.png,20.03.2025\225\depth\15.36.26.153.png
11807,6881,3.25,20.03.2025,225,20.03.2025\225\rgb\15.36.26.244.png,20.03.2025\225\depth\15.36.26.244.png
11808,6881,3.25,20.03.2025,225,20.03.2025\225\rgb\15.36.26.336.png,20.03.2025\225\depth\15.36.26.336.png
11809,6881,3.25,20.03.2025,225,20.03.2025\225\rgb\15.36.26.437.png,20.03.2025\225\depth\15.36.26.437.png
11810,6881,3.25,20.03.2025,225,20.03.2025\225\rgb\15.36.26.537.png,20.03.2025\225\depth\15.36.26.537.png
11811,6881,3.25,20.03.2025,225,20.03.2025\225\rgb\15.36.26.631.png,20.03.2025\225\depth\15.36.26.631.png
11812,6881,3.25,20.03.2025,225,20.03.2025\225\rgb\15.36.26.725.png,20.03.2025\225\depth\15.36.26.725.png
11813,6881,3.25,20.03.2025,225,20.03.2025\225\rgb\15.36.26.818.png,20.03.2025\225\depth\15.36.26.818.png
11814,6881,3.25,20.03.2025,225,20.03.2025\225\rgb\15.36.26.909.png,20.03.2025\225\depth\15.36.26.909.png
11815,6881,3.25,20.03.2025,225,20.03.2025\225\rgb\15.36.27.002.png,20.03.2025\225\depth\15.36.27.002.png
11816,6881,3.25,20.03.2025,225,20.03.2025\225\rgb\15.36.27.093.png,20.03.2025\225\depth\15.36.27.093.png
11817,6881,3.25,20.03.2025,225,20.03.2025\225\rgb\15.36.27.187.png,20.03.2025\225\depth\15.36.27.187.png
11818,6881,3.25,20.03.2025,225,20.03.2025\225\rgb\15.36.27.278.png,20.03.2025\225\depth\15.36.27.278.png
11819,6881,3.25,20.03.2025,225,20.03.2025\225\rgb\15.36.27.371.png,20.03.2025\225\depth\15.36.27.371.png
11820,6881,3.25,20.03.2025,225,20.03.2025\225\rgb\15.36.27.464.png,20.03.2025\225\depth\15.36.27.464.png
11821,6969,3.5,20.03.2025,226,20.03.2025\226\rgb\15.36.56.449.png,20.03.2025\226\depth\15.36.56.449.png
11822,6969,3.5,20.03.2025,226,20.03.2025\226\rgb\15.36.56.549.png,20.03.2025\226\depth\15.36.56.549.png
11823,6969,3.5,20.03.2025,226,20.03.2025\226\rgb\15.36.56.641.png,20.03.2025\226\depth\15.36.56.641.png
11824,6969,3.5,20.03.2025,226,20.03.2025\226\rgb\15.36.56.733.png,20.03.2025\226\depth\15.36.56.733.png
11825,6969,3.5,20.03.2025,226,20.03.2025\226\rgb\15.36.56.827.png,20.03.2025\226\depth\15.36.56.827.png
11826,6969,3.5,20.03.2025,226,20.03.2025\226\rgb\15.36.56.919.png,20.03.2025\226\depth\15.36.56.919.png
11827,6969,3.5,20.03.2025,226,20.03.2025\226\rgb\15.36.57.014.png,20.03.2025\226\depth\15.36.57.014.png
11828,6969,3.5,20.03.2025,226,20.03.2025\226\rgb\15.36.57.106.png,20.03.2025\226\depth\15.36.57.106.png
11829,6969,3.5,20.03.2025,226,20.03.2025\226\rgb\15.36.57.198.png,20.03.2025\226\depth\15.36.57.198.png
11830,6969,3.5,20.03.2025,226,20.03.2025\226\rgb\15.36.57.291.png,20.03.2025\226\depth\15.36.57.291.png
11831,6969,3.5,20.03.2025,226,20.03.2025\226\rgb\15.36.57.385.png,20.03.2025\226\depth\15.36.57.385.png
11832,6969,3.5,20.03.2025,226,20.03.2025\226\rgb\15.36.57.475.png,20.03.2025\226\depth\15.36.57.475.png
11833,6969,3.5,20.03.2025,226,20.03.2025\226\rgb\15.36.57.554.png,20.03.2025\226\depth\15.36.57.554.png
11834,6969,3.5,20.03.2025,226,20.03.2025\226\rgb\15.36.57.648.png,20.03.2025\226\depth\15.36.57.648.png
11835,6969,3.5,20.03.2025,226,20.03.2025\226\rgb\15.36.57.740.png,20.03.2025\226\depth\15.36.57.740.png
11836,6969,3.5,20.03.2025,226,20.03.2025\226\rgb\15.36.57.833.png,20.03.2025\226\depth\15.36.57.833.png
11837,6969,3.5,20.03.2025,226,20.03.2025\226\rgb\15.36.57.925.png,20.03.2025\226\depth\15.36.57.925.png
11838,6969,3.5,20.03.2025,226,20.03.2025\226\rgb\15.36.58.016.png,20.03.2025\226\depth\15.36.58.016.png
11839,6969,3.5,20.03.2025,226,20.03.2025\226\rgb\15.36.58.109.png,20.03.2025\226\depth\15.36.58.109.png
11840,6969,3.5,20.03.2025,226,20.03.2025\226\rgb\15.36.58.201.png,20.03.2025\226\depth\15.36.58.201.png
11841,910303,3.25,20.03.2025,227,20.03.2025\227\rgb\15.37.12.014.png,20.03.2025\227\depth\15.37.12.014.png
11842,910303,3.25,20.03.2025,227,20.03.2025\227\rgb\15.37.12.115.png,20.03.2025\227\depth\15.37.12.115.png
11843,910303,3.25,20.03.2025,227,20.03.2025\227\rgb\15.37.12.207.png,20.03.2025\227\depth\15.37.12.207.png
11844,910303,3.25,20.03.2025,227,20.03.2025\227\rgb\15.37.12.301.png,20.03.2025\227\depth\15.37.12.301.png
11845,910303,3.25,20.03.2025,227,20.03.2025\227\rgb\15.37.12.393.png,20.03.2025\227\depth\15.37.12.393.png
11846,910303,3.25,20.03.2025,227,20.03.2025\227\rgb\15.37.12.488.png,20.03.2025\227\depth\15.37.12.488.png
11847,910303,3.25,20.03.2025,227,20.03.2025\227\rgb\15.37.12.579.png,20.03.2025\227\depth\15.37.12.579.png
11848,910303,3.25,20.03.2025,227,20.03.2025\227\rgb\15.37.12.670.png,20.03.2025\227\depth\15.37.12.670.png
11849,910303,3.25,20.03.2025,227,20.03.2025\227\rgb\15.37.12.765.png,20.03.2025\227\depth\15.37.12.765.png
11850,910303,3.25,20.03.2025,227,20.03.2025\227\rgb\15.37.12.856.png,20.03.2025\227\depth\15.37.12.856.png
11851,910303,3.25,20.03.2025,227,20.03.2025\227\rgb\15.37.12.950.png,20.03.2025\227\depth\15.37.12.950.png
11852,910303,3.25,20.03.2025,227,20.03.2025\227\rgb\15.37.13.041.png,20.03.2025\227\depth\15.37.13.041.png
11853,910303,3.25,20.03.2025,227,20.03.2025\227\rgb\15.37.13.130.png,20.03.2025\227\depth\15.37.13.130.png
11854,910303,3.25,20.03.2025,227,20.03.2025\227\rgb\15.37.13.225.png,20.03.2025\227\depth\15.37.13.225.png
11855,910303,3.25,20.03.2025,227,20.03.2025\227\rgb\15.37.13.317.png,20.03.2025\227\depth\15.37.13.317.png
11856,910303,3.25,20.03.2025,227,20.03.2025\227\rgb\15.37.13.411.png,20.03.2025\227\depth\15.37.13.411.png
11857,910303,3.25,20.03.2025,227,20.03.2025\227\rgb\15.37.13.504.png,20.03.2025\227\depth\15.37.13.504.png
11858,910303,3.25,20.03.2025,227,20.03.2025\227\rgb\15.37.13.594.png,20.03.2025\227\depth\15.37.13.594.png
11859,910303,3.25,20.03.2025,227,20.03.2025\227\rgb\15.37.13.689.png,20.03.2025\227\depth\15.37.13.689.png
11860,910303,3.25,20.03.2025,227,20.03.2025\227\rgb\15.37.13.783.png,20.03.2025\227\depth\15.37.13.783.png
11861,6768,3.25,20.03.2025,228,20.03.2025\228\rgb\15.37.24.550.png,20.03.2025\228\depth\15.37.24.550.png
11862,6768,3.25,20.03.2025,228,20.03.2025\228\rgb\15.37.24.649.png,20.03.2025\228\depth\15.37.24.649.png
11863,6768,3.25,20.03.2025,228,20.03.2025\228\rgb\15.37.24.743.png,20.03.2025\228\depth\15.37.24.743.png
11864,6768,3.25,20.03.2025,228,20.03.2025\228\rgb\15.37.24.834.png,20.03.2025\228\depth\15.37.24.834.png
11865,6768,3.25,20.03.2025,228,20.03.2025\228\rgb\15.37.24.927.png,20.03.2025\228\depth\15.37.24.927.png
11866,6768,3.25,20.03.2025,228,20.03.2025\228\rgb\15.37.25.021.png,20.03.2025\228\depth\15.37.25.021.png
11867,6768,3.25,20.03.2025,228,20.03.2025\228\rgb\15.37.25.110.png,20.03.2025\228\depth\15.37.25.110.png
11868,6768,3.25,20.03.2025,228,20.03.2025\228\rgb\15.37.25.202.png,20.03.2025\228\depth\15.37.25.202.png
11869,6768,3.25,20.03.2025,228,20.03.2025\228\rgb\15.37.25.297.png,20.03.2025\228\depth\15.37.25.297.png
11870,6768,3.25,20.03.2025,228,20.03.2025\228\rgb\15.37.25.391.png,20.03.2025\228\depth\15.37.25.391.png
11871,6768,3.25,20.03.2025,228,20.03.2025\228\rgb\15.37.25.488.png,20.03.2025\228\depth\15.37.25.488.png
11872,6768,3.25,20.03.2025,228,20.03.2025\228\rgb\15.37.25.578.png,20.03.2025\228\depth\15.37.25.578.png
11873,6768,3.25,20.03.2025,228,20.03.2025\228\rgb\15.37.25.669.png,20.03.2025\228\depth\15.37.25.669.png
11874,6768,3.25,20.03.2025,228,20.03.2025\228\rgb\15.37.25.764.png,20.03.2025\228\depth\15.37.25.764.png
11875,6768,3.25,20.03.2025,228,20.03.2025\228\rgb\15.37.25.858.png,20.03.2025\228\depth\15.37.25.858.png
11876,6768,3.25,20.03.2025,228,20.03.2025\228\rgb\15.37.25.949.png,20.03.2025\228\depth\15.37.25.949.png
11877,6768,3.25,20.03.2025,228,20.03.2025\228\rgb\15.37.26.038.png,20.03.2025\228\depth\15.37.26.038.png
11878,6768,3.25,20.03.2025,228,20.03.2025\228\rgb\15.37.26.131.png,20.03.2025\228\depth\15.37.26.131.png
11879,6768,3.25,20.03.2025,228,20.03.2025\228\rgb\15.37.26.225.png,20.03.2025\228\depth\15.37.26.225.png
11880,6768,3.25,20.03.2025,228,20.03.2025\228\rgb\15.37.26.321.png,20.03.2025\228\depth\15.37.26.321.png
11881,730210,3.25,20.03.2025,229,20.03.2025\229\rgb\15.37.43.697.png,20.03.2025\229\depth\15.37.43.697.png
11882,730210,3.25,20.03.2025,229,20.03.2025\229\rgb\15.37.43.784.png,20.03.2025\229\depth\15.37.43.784.png
11883,730210,3.25,20.03.2025,229,20.03.2025\229\rgb\15.37.43.874.png,20.03.2025\229\depth\15.37.43.874.png
11884,730210,3.25,20.03.2025,229,20.03.2025\229\rgb\15.37.43.967.png,20.03.2025\229\depth\15.37.43.967.png
11885,730210,3.25,20.03.2025,229,20.03.2025\229\rgb\15.37.44.062.png,20.03.2025\229\depth\15.37.44.062.png
11886,730210,3.25,20.03.2025,229,20.03.2025\229\rgb\15.37.44.153.png,20.03.2025\229\depth\15.37.44.153.png
11887,730210,3.25,20.03.2025,229,20.03.2025\229\rgb\15.37.44.244.png,20.03.2025\229\depth\15.37.44.244.png
11888,730210,3.25,20.03.2025,229,20.03.2025\229\rgb\15.37.44.321.png,20.03.2025\229\depth\15.37.44.321.png
11889,730210,3.25,20.03.2025,229,20.03.2025\229\rgb\15.37.44.413.png,20.03.2025\229\depth\15.37.44.413.png
11890,730210,3.25,20.03.2025,229,20.03.2025\229\rgb\15.37.44.505.png,20.03.2025\229\depth\15.37.44.505.png
11891,730210,3.25,20.03.2025,229,20.03.2025\229\rgb\15.37.44.601.png,20.03.2025\229\depth\15.37.44.601.png
11892,730210,3.25,20.03.2025,229,20.03.2025\229\rgb\15.37.44.692.png,20.03.2025\229\depth\15.37.44.692.png
11893,730210,3.25,20.03.2025,229,20.03.2025\229\rgb\15.37.44.783.png,20.03.2025\229\depth\15.37.44.783.png
11894,730210,3.25,20.03.2025,229,20.03.2025\229\rgb\15.37.44.874.png,20.03.2025\229\depth\15.37.44.874.png
11895,730210,3.25,20.03.2025,229,20.03.2025\229\rgb\15.37.44.966.png,20.03.2025\229\depth\15.37.44.966.png
11896,730210,3.25,20.03.2025,229,20.03.2025\229\rgb\15.37.45.064.png,20.03.2025\229\depth\15.37.45.064.png
11897,730210,3.25,20.03.2025,229,20.03.2025\229\rgb\15.37.45.156.png,20.03.2025\229\depth\15.37.45.156.png
11898,730210,3.25,20.03.2025,229,20.03.2025\229\rgb\15.37.45.247.png,20.03.2025\229\depth\15.37.45.247.png
11899,730210,3.25,20.03.2025,229,20.03.2025\229\rgb\15.37.45.340.png,20.03.2025\229\depth\15.37.45.340.png
11900,730210,3.25,20.03.2025,229,20.03.2025\229\rgb\15.37.45.434.png,20.03.2025\229\depth\15.37.45.434.png
11901,610430,3.75,20.03.2025,230,20.03.2025\230\rgb\15.37.58.642.png,20.03.2025\230\depth\15.37.58.642.png
11902,610430,3.75,20.03.2025,230,20.03.2025\230\rgb\15.37.58.741.png,20.03.2025\230\depth\15.37.58.741.png
11903,610430,3.75,20.03.2025,230,20.03.2025\230\rgb\15.37.58.834.png,20.03.2025\230\depth\15.37.58.834.png
11904,610430,3.75,20.03.2025,230,20.03.2025\230\rgb\15.37.58.928.png,20.03.2025\230\depth\15.37.58.928.png
11905,610430,3.75,20.03.2025,230,20.03.2025\230\rgb\15.37.59.019.png,20.03.2025\230\depth\15.37.59.019.png
11906,610430,3.75,20.03.2025,230,20.03.2025\230\rgb\15.37.59.109.png,20.03.2025\230\depth\15.37.59.109.png
11907,610430,3.75,20.03.2025,230,20.03.2025\230\rgb\15.37.59.203.png,20.03.2025\230\depth\15.37.59.203.png
11908,610430,3.75,20.03.2025,230,20.03.2025\230\rgb\15.37.59.294.png,20.03.2025\230\depth\15.37.59.294.png
11909,610430,3.75,20.03.2025,230,20.03.2025\230\rgb\15.37.59.387.png,20.03.2025\230\depth\15.37.59.387.png
11910,610430,3.75,20.03.2025,230,20.03.2025\230\rgb\15.37.59.479.png,20.03.2025\230\depth\15.37.59.479.png
11911,610430,3.75,20.03.2025,230,20.03.2025\230\rgb\15.37.59.570.png,20.03.2025\230\depth\15.37.59.570.png
11912,610430,3.75,20.03.2025,230,20.03.2025\230\rgb\15.37.59.664.png,20.03.2025\230\depth\15.37.59.664.png
11913,610430,3.75,20.03.2025,230,20.03.2025\230\rgb\15.37.59.757.png,20.03.2025\230\depth\15.37.59.757.png
11914,610430,3.75,20.03.2025,230,20.03.2025\230\rgb\15.37.59.849.png,20.03.2025\230\depth\15.37.59.849.png
11915,610430,3.75,20.03.2025,230,20.03.2025\230\rgb\15.37.59.944.png,20.03.2025\230\depth\15.37.59.944.png
11916,610430,3.75,20.03.2025,230,20.03.2025\230\rgb\15.38.00.039.png,20.03.2025\230\depth\15.38.00.039.png
11917,610430,3.75,20.03.2025,230,20.03.2025\230\rgb\15.38.00.126.png,20.03.2025\230\depth\15.38.00.126.png
11918,610430,3.75,20.03.2025,230,20.03.2025\230\rgb\15.38.00.217.png,20.03.2025\230\depth\15.38.00.217.png
11919,610430,3.75,20.03.2025,230,20.03.2025\230\rgb\15.38.00.311.png,20.03.2025\230\depth\15.38.00.311.png
11920,610430,3.75,20.03.2025,230,20.03.2025\230\rgb\15.38.00.400.png,20.03.2025\230\depth\15.38.00.400.png
11921,5136,3.5,20.03.2025,231,20.03.2025\231\rgb\15.38.14.168.png,20.03.2025\231\depth\15.38.14.168.png
11922,5136,3.5,20.03.2025,231,20.03.2025\231\rgb\15.38.14.263.png,20.03.2025\231\depth\15.38.14.263.png
11923,5136,3.5,20.03.2025,231,20.03.2025\231\rgb\15.38.14.357.png,20.03.2025\231\depth\15.38.14.357.png
11924,5136,3.5,20.03.2025,231,20.03.2025\231\rgb\15.38.14.447.png,20.03.2025\231\depth\15.38.14.447.png
11925,5136,3.5,20.03.2025,231,20.03.2025\231\rgb\15.38.14.539.png,20.03.2025\231\depth\15.38.14.539.png
11926,5136,3.5,20.03.2025,231,20.03.2025\231\rgb\15.38.14.619.png,20.03.2025\231\depth\15.38.14.619.png
11927,5136,3.5,20.03.2025,231,20.03.2025\231\rgb\15.38.14.713.png,20.03.2025\231\depth\15.38.14.713.png
11928,5136,3.5,20.03.2025,231,20.03.2025\231\rgb\15.38.14.801.png,20.03.2025\231\depth\15.38.14.801.png
11929,5136,3.5,20.03.2025,231,20.03.2025\231\rgb\15.38.14.894.png,20.03.2025\231\depth\15.38.14.894.png
11930,5136,3.5,20.03.2025,231,20.03.2025\231\rgb\15.38.14.987.png,20.03.2025\231\depth\15.38.14.987.png
11931,5136,3.5,20.03.2025,231,20.03.2025\231\rgb\15.38.15.081.png,20.03.2025\231\depth\15.38.15.081.png
11932,5136,3.5,20.03.2025,231,20.03.2025\231\rgb\15.38.15.173.png,20.03.2025\231\depth\15.38.15.173.png
11933,5136,3.5,20.03.2025,231,20.03.2025\231\rgb\15.38.15.266.png,20.03.2025\231\depth\15.38.15.266.png
11934,5136,3.5,20.03.2025,231,20.03.2025\231\rgb\15.38.15.358.png,20.03.2025\231\depth\15.38.15.358.png
11935,5136,3.5,20.03.2025,231,20.03.2025\231\rgb\15.38.15.452.png,20.03.2025\231\depth\15.38.15.452.png
11936,5136,3.5,20.03.2025,231,20.03.2025\231\rgb\15.38.15.544.png,20.03.2025\231\depth\15.38.15.544.png
11937,5136,3.5,20.03.2025,231,20.03.2025\231\rgb\15.38.15.635.png,20.03.2025\231\depth\15.38.15.635.png
11938,5136,3.5,20.03.2025,231,20.03.2025\231\rgb\15.38.15.729.png,20.03.2025\231\depth\15.38.15.729.png
11939,5136,3.5,20.03.2025,231,20.03.2025\231\rgb\15.38.15.822.png,20.03.2025\231\depth\15.38.15.822.png
11940,5136,3.5,20.03.2025,231,20.03.2025\231\rgb\15.38.15.916.png,20.03.2025\231\depth\15.38.15.916.png
11941,7728,3.25,20.03.2025,232,20.03.2025\232\rgb\15.40.29.775.png,20.03.2025\232\depth\15.40.29.775.png
11942,7728,3.25,20.03.2025,232,20.03.2025\232\rgb\15.40.29.861.png,20.03.2025\232\depth\15.40.29.861.png
11943,7728,3.25,20.03.2025,232,20.03.2025\232\rgb\15.40.29.955.png,20.03.2025\232\depth\15.40.29.955.png
11944,7728,3.25,20.03.2025,232,20.03.2025\232\rgb\15.40.30.047.png,20.03.2025\232\depth\15.40.30.047.png
11945,7728,3.25,20.03.2025,232,20.03.2025\232\rgb\15.40.30.139.png,20.03.2025\232\depth\15.40.30.139.png
11946,7728,3.25,20.03.2025,232,20.03.2025\232\rgb\15.40.30.232.png,20.03.2025\232\depth\15.40.30.232.png
11947,7728,3.25,20.03.2025,232,20.03.2025\232\rgb\15.40.30.326.png,20.03.2025\232\depth\15.40.30.326.png
11948,7728,3.25,20.03.2025,232,20.03.2025\232\rgb\15.40.30.417.png,20.03.2025\232\depth\15.40.30.417.png
11949,7728,3.25,20.03.2025,232,20.03.2025\232\rgb\15.40.30.513.png,20.03.2025\232\depth\15.40.30.513.png
11950,7728,3.25,20.03.2025,232,20.03.2025\232\rgb\15.40.30.604.png,20.03.2025\232\depth\15.40.30.604.png
11951,7728,3.25,20.03.2025,232,20.03.2025\232\rgb\15.40.30.695.png,20.03.2025\232\depth\15.40.30.695.png
11952,7728,3.25,20.03.2025,232,20.03.2025\232\rgb\15.40.30.775.png,20.03.2025\232\depth\15.40.30.775.png
11953,7728,3.25,20.03.2025,232,20.03.2025\232\rgb\15.40.30.864.png,20.03.2025\232\depth\15.40.30.864.png
11954,7728,3.25,20.03.2025,232,20.03.2025\232\rgb\15.40.30.956.png,20.03.2025\232\depth\15.40.30.956.png
11955,7728,3.25,20.03.2025,232,20.03.2025\232\rgb\15.40.31.050.png,20.03.2025\232\depth\15.40.31.050.png
11956,7728,3.25,20.03.2025,232,20.03.2025\232\rgb\15.40.31.139.png,20.03.2025\232\depth\15.40.31.139.png
11957,7728,3.25,20.03.2025,232,20.03.2025\232\rgb\15.40.31.225.png,20.03.2025\232\depth\15.40.31.225.png
11958,7728,3.25,20.03.2025,232,20.03.2025\232\rgb\15.40.31.323.png,20.03.2025\232\depth\15.40.31.323.png
11959,7728,3.25,20.03.2025,232,20.03.2025\232\rgb\15.40.31.417.png,20.03.2025\232\depth\15.40.31.417.png
11960,7728,3.25,20.03.2025,232,20.03.2025\232\rgb\15.40.31.512.png,20.03.2025\232\depth\15.40.31.512.png
11961,7645,3.25,20.03.2025,233,20.03.2025\233\rgb\15.40.40.840.png,20.03.2025\233\depth\15.40.40.840.png
11962,7645,3.25,20.03.2025,233,20.03.2025\233\rgb\15.40.40.962.png,20.03.2025\233\depth\15.40.40.962.png
11963,7645,3.25,20.03.2025,233,20.03.2025\233\rgb\15.40.41.051.png,20.03.2025\233\depth\15.40.41.051.png
11964,7645,3.25,20.03.2025,233,20.03.2025\233\rgb\15.40.41.142.png,20.03.2025\233\depth\15.40.41.142.png
11965,7645,3.25,20.03.2025,233,20.03.2025\233\rgb\15.40.41.228.png,20.03.2025\233\depth\15.40.41.228.png
11966,7645,3.25,20.03.2025,233,20.03.2025\233\rgb\15.40.41.331.png,20.03.2025\233\depth\15.40.41.331.png
11967,7645,3.25,20.03.2025,233,20.03.2025\233\rgb\15.40.41.420.png,20.03.2025\233\depth\15.40.41.420.png
11968,7645,3.25,20.03.2025,233,20.03.2025\233\rgb\15.40.41.514.png,20.03.2025\233\depth\15.40.41.514.png
11969,7645,3.25,20.03.2025,233,20.03.2025\233\rgb\15.40.41.605.png,20.03.2025\233\depth\15.40.41.605.png
11970,7645,3.25,20.03.2025,233,20.03.2025\233\rgb\15.40.41.698.png,20.03.2025\233\depth\15.40.41.698.png
11971,7645,3.25,20.03.2025,233,20.03.2025\233\rgb\15.40.41.793.png,20.03.2025\233\depth\15.40.41.793.png
11972,7645,3.25,20.03.2025,233,20.03.2025\233\rgb\15.40.41.887.png,20.03.2025\233\depth\15.40.41.887.png
11973,7645,3.25,20.03.2025,233,20.03.2025\233\rgb\15.40.41.981.png,20.03.2025\233\depth\15.40.41.981.png
11974,7645,3.25,20.03.2025,233,20.03.2025\233\rgb\15.40.42.071.png,20.03.2025\233\depth\15.40.42.071.png
11975,7645,3.25,20.03.2025,233,20.03.2025\233\rgb\15.40.42.163.png,20.03.2025\233\depth\15.40.42.163.png
11976,7645,3.25,20.03.2025,233,20.03.2025\233\rgb\15.40.42.257.png,20.03.2025\233\depth\15.40.42.257.png
11977,7645,3.25,20.03.2025,233,20.03.2025\233\rgb\15.40.42.361.png,20.03.2025\233\depth\15.40.42.361.png
11978,7645,3.25,20.03.2025,233,20.03.2025\233\rgb\15.40.42.458.png,20.03.2025\233\depth\15.40.42.458.png
11979,7645,3.25,20.03.2025,233,20.03.2025\233\rgb\15.40.42.551.png,20.03.2025\233\depth\15.40.42.551.png
11980,7645,3.25,20.03.2025,233,20.03.2025\233\rgb\15.40.42.643.png,20.03.2025\233\depth\15.40.42.643.png
11981,801208,3.5,20.03.2025,234,20.03.2025\234\rgb\15.40.56.135.png,20.03.2025\234\depth\15.40.56.135.png
11982,801208,3.5,20.03.2025,234,20.03.2025\234\rgb\15.40.56.221.png,20.03.2025\234\depth\15.40.56.221.png
11983,801208,3.5,20.03.2025,234,20.03.2025\234\rgb\15.40.56.305.png,20.03.2025\234\depth\15.40.56.305.png
11984,801208,3.5,20.03.2025,234,20.03.2025\234\rgb\15.40.56.402.png,20.03.2025\234\depth\15.40.56.402.png
11985,801208,3.5,20.03.2025,234,20.03.2025\234\rgb\15.40.56.496.png,20.03.2025\234\depth\15.40.56.496.png
11986,801208,3.5,20.03.2025,234,20.03.2025\234\rgb\15.40.56.594.png,20.03.2025\234\depth\15.40.56.594.png
11987,801208,3.5,20.03.2025,234,20.03.2025\234\rgb\15.40.56.683.png,20.03.2025\234\depth\15.40.56.683.png
11988,801208,3.5,20.03.2025,234,20.03.2025\234\rgb\15.40.56.777.png,20.03.2025\234\depth\15.40.56.777.png
11989,801208,3.5,20.03.2025,234,20.03.2025\234\rgb\15.40.56.869.png,20.03.2025\234\depth\15.40.56.869.png
11990,801208,3.5,20.03.2025,234,20.03.2025\234\rgb\15.40.56.961.png,20.03.2025\234\depth\15.40.56.961.png
11991,801208,3.5,20.03.2025,234,20.03.2025\234\rgb\15.40.57.056.png,20.03.2025\234\depth\15.40.57.056.png
11992,801208,3.5,20.03.2025,234,20.03.2025\234\rgb\15.40.57.161.png,20.03.2025\234\depth\15.40.57.161.png
11993,801208,3.5,20.03.2025,234,20.03.2025\234\rgb\15.40.57.255.png,20.03.2025\234\depth\15.40.57.255.png
11994,801208,3.5,20.03.2025,234,20.03.2025\234\rgb\15.40.57.348.png,20.03.2025\234\depth\15.40.57.348.png
11995,801208,3.5,20.03.2025,234,20.03.2025\234\rgb\15.40.57.442.png,20.03.2025\234\depth\15.40.57.442.png
11996,801208,3.5,20.03.2025,234,20.03.2025\234\rgb\15.40.57.531.png,20.03.2025\234\depth\15.40.57.531.png
11997,801208,3.5,20.03.2025,234,20.03.2025\234\rgb\15.40.57.624.png,20.03.2025\234\depth\15.40.57.624.png
11998,801208,3.5,20.03.2025,234,20.03.2025\234\rgb\15.40.57.716.png,20.03.2025\234\depth\15.40.57.716.png
11999,801208,3.5,20.03.2025,234,20.03.2025\234\rgb\15.40.57.806.png,20.03.2025\234\depth\15.40.57.806.png
12000,801208,3.5,20.03.2025,234,20.03.2025\234\rgb\15.40.57.900.png,20.03.2025\234\depth\15.40.57.900.png
12001,6944,3.5,20.03.2025,235,20.03.2025\235\rgb\15.41.12.394.png,20.03.2025\235\depth\15.41.12.394.png
12002,6944,3.5,20.03.2025,235,20.03.2025\235\rgb\15.41.12.481.png,20.03.2025\235\depth\15.41.12.481.png
12003,6944,3.5,20.03.2025,235,20.03.2025\235\rgb\15.41.12.574.png,20.03.2025\235\depth\15.41.12.574.png
12004,6944,3.5,20.03.2025,235,20.03.2025\235\rgb\15.41.12.664.png,20.03.2025\235\depth\15.41.12.664.png
12005,6944,3.5,20.03.2025,235,20.03.2025\235\rgb\15.41.12.760.png,20.03.2025\235\depth\15.41.12.760.png
12006,6944,3.5,20.03.2025,235,20.03.2025\235\rgb\15.41.12.854.png,20.03.2025\235\depth\15.41.12.854.png
12007,6944,3.5,20.03.2025,235,20.03.2025\235\rgb\15.41.12.943.png,20.03.2025\235\depth\15.41.12.943.png
12008,6944,3.5,20.03.2025,235,20.03.2025\235\rgb\15.41.13.037.png,20.03.2025\235\depth\15.41.13.037.png
12009,6944,3.5,20.03.2025,235,20.03.2025\235\rgb\15.41.13.129.png,20.03.2025\235\depth\15.41.13.129.png
12010,6944,3.5,20.03.2025,235,20.03.2025\235\rgb\15.41.13.225.png,20.03.2025\235\depth\15.41.13.225.png
12011,6944,3.5,20.03.2025,235,20.03.2025\235\rgb\15.41.13.320.png,20.03.2025\235\depth\15.41.13.320.png
12012,6944,3.5,20.03.2025,235,20.03.2025\235\rgb\15.41.13.412.png,20.03.2025\235\depth\15.41.13.412.png
12013,6944,3.5,20.03.2025,235,20.03.2025\235\rgb\15.41.13.503.png,20.03.2025\235\depth\15.41.13.503.png
12014,6944,3.5,20.03.2025,235,20.03.2025\235\rgb\15.41.13.594.png,20.03.2025\235\depth\15.41.13.594.png
12015,6944,3.5,20.03.2025,235,20.03.2025\235\rgb\15.41.13.690.png,20.03.2025\235\depth\15.41.13.690.png
12016,6944,3.5,20.03.2025,235,20.03.2025\235\rgb\15.41.13.780.png,20.03.2025\235\depth\15.41.13.780.png
12017,6944,3.5,20.03.2025,235,20.03.2025\235\rgb\15.41.13.869.png,20.03.2025\235\depth\15.41.13.869.png
12018,6944,3.5,20.03.2025,235,20.03.2025\235\rgb\15.41.13.964.png,20.03.2025\235\depth\15.41.13.964.png
12019,6944,3.5,20.03.2025,235,20.03.2025\235\rgb\15.41.14.059.png,20.03.2025\235\depth\15.41.14.059.png
12020,6944,3.5,20.03.2025,235,20.03.2025\235\rgb\15.41.14.149.png,20.03.2025\235\depth\15.41.14.149.png
12021,6767,3.5,20.03.2025,236,20.03.2025\236\rgb\15.41.26.954.png,20.03.2025\236\depth\15.41.26.954.png
12022,6767,3.5,20.03.2025,236,20.03.2025\236\rgb\15.41.27.055.png,20.03.2025\236\depth\15.41.27.055.png
12023,6767,3.5,20.03.2025,236,20.03.2025\236\rgb\15.41.27.148.png,20.03.2025\236\depth\15.41.27.148.png
12024,6767,3.5,20.03.2025,236,20.03.2025\236\rgb\15.41.27.255.png,20.03.2025\236\depth\15.41.27.255.png
12025,6767,3.5,20.03.2025,236,20.03.2025\236\rgb\15.41.27.348.png,20.03.2025\236\depth\15.41.27.348.png
12026,6767,3.5,20.03.2025,236,20.03.2025\236\rgb\15.41.27.456.png,20.03.2025\236\depth\15.41.27.456.png
12027,6767,3.5,20.03.2025,236,20.03.2025\236\rgb\15.41.27.555.png,20.03.2025\236\depth\15.41.27.555.png
12028,6767,3.5,20.03.2025,236,20.03.2025\236\rgb\15.41.27.650.png,20.03.2025\236\depth\15.41.27.650.png
12029,6767,3.5,20.03.2025,236,20.03.2025\236\rgb\15.41.27.739.png,20.03.2025\236\depth\15.41.27.739.png
12030,6767,3.5,20.03.2025,236,20.03.2025\236\rgb\15.41.27.830.png,20.03.2025\236\depth\15.41.27.830.png
12031,6767,3.5,20.03.2025,236,20.03.2025\236\rgb\15.41.27.923.png,20.03.2025\236\depth\15.41.27.923.png
12032,6767,3.5,20.03.2025,236,20.03.2025\236\rgb\15.41.28.017.png,20.03.2025\236\depth\15.41.28.017.png
12033,6767,3.5,20.03.2025,236,20.03.2025\236\rgb\15.41.28.108.png,20.03.2025\236\depth\15.41.28.108.png
12034,6767,3.5,20.03.2025,236,20.03.2025\236\rgb\15.41.28.201.png,20.03.2025\236\depth\15.41.28.201.png
12035,6767,3.5,20.03.2025,236,20.03.2025\236\rgb\15.41.28.294.png,20.03.2025\236\depth\15.41.28.294.png
12036,6767,3.5,20.03.2025,236,20.03.2025\236\rgb\15.41.28.389.png,20.03.2025\236\depth\15.41.28.389.png
12037,6767,3.5,20.03.2025,236,20.03.2025\236\rgb\15.41.28.480.png,20.03.2025\236\depth\15.41.28.480.png
12038,6767,3.5,20.03.2025,236,20.03.2025\236\rgb\15.41.28.571.png,20.03.2025\236\depth\15.41.28.571.png
12039,6767,3.5,20.03.2025,236,20.03.2025\236\rgb\15.41.28.665.png,20.03.2025\236\depth\15.41.28.665.png
12040,6767,3.5,20.03.2025,236,20.03.2025\236\rgb\15.41.28.760.png,20.03.2025\236\depth\15.41.28.760.png
12041,430325,3.25,20.03.2025,237,20.03.2025\237\rgb\15.41.42.046.png,20.03.2025\237\depth\15.41.42.046.png
12042,430325,3.25,20.03.2025,237,20.03.2025\237\rgb\15.41.42.147.png,20.03.2025\237\depth\15.41.42.147.png
12043,430325,3.25,20.03.2025,237,20.03.2025\237\rgb\15.41.42.237.png,20.03.2025\237\depth\15.41.42.237.png
12044,430325,3.25,20.03.2025,237,20.03.2025\237\rgb\15.41.42.330.png,20.03.2025\237\depth\15.41.42.330.png
12045,430325,3.25,20.03.2025,237,20.03.2025\237\rgb\15.41.42.425.png,20.03.2025\237\depth\15.41.42.425.png
12046,430325,3.25,20.03.2025,237,20.03.2025\237\rgb\15.41.42.518.png,20.03.2025\237\depth\15.41.42.518.png
12047,430325,3.25,20.03.2025,237,20.03.2025\237\rgb\15.41.42.606.png,20.03.2025\237\depth\15.41.42.606.png
12048,430325,3.25,20.03.2025,237,20.03.2025\237\rgb\15.41.42.701.png,20.03.2025\237\depth\15.41.42.701.png
12049,430325,3.25,20.03.2025,237,20.03.2025\237\rgb\15.41.42.791.png,20.03.2025\237\depth\15.41.42.791.png
12050,430325,3.25,20.03.2025,237,20.03.2025\237\rgb\15.41.42.887.png,20.03.2025\237\depth\15.41.42.887.png
12051,430325,3.25,20.03.2025,237,20.03.2025\237\rgb\15.41.42.978.png,20.03.2025\237\depth\15.41.42.978.png
12052,430325,3.25,20.03.2025,237,20.03.2025\237\rgb\15.41.43.070.png,20.03.2025\237\depth\15.41.43.070.png
12053,430325,3.25,20.03.2025,237,20.03.2025\237\rgb\15.41.43.162.png,20.03.2025\237\depth\15.41.43.162.png
12054,430325,3.25,20.03.2025,237,20.03.2025\237\rgb\15.41.43.257.png,20.03.2025\237\depth\15.41.43.257.png
12055,430325,3.25,20.03.2025,237,20.03.2025\237\rgb\15.41.43.349.png,20.03.2025\237\depth\15.41.43.349.png
12056,430325,3.25,20.03.2025,237,20.03.2025\237\rgb\15.41.43.443.png,20.03.2025\237\depth\15.41.43.443.png
12057,430325,3.25,20.03.2025,237,20.03.2025\237\rgb\15.41.43.534.png,20.03.2025\237\depth\15.41.43.534.png
12058,430325,3.25,20.03.2025,237,20.03.2025\237\rgb\15.41.43.629.png,20.03.2025\237\depth\15.41.43.629.png
12059,430325,3.25,20.03.2025,237,20.03.2025\237\rgb\15.41.43.721.png,20.03.2025\237\depth\15.41.43.721.png
12060,430325,3.25,20.03.2025,237,20.03.2025\237\rgb\15.41.43.812.png,20.03.2025\237\depth\15.41.43.812.png
12061,7509,3.25,20.03.2025,238,20.03.2025\238\rgb\15.42.11.680.png,20.03.2025\238\depth\15.42.11.680.png
12062,7509,3.25,20.03.2025,238,20.03.2025\238\rgb\15.42.11.767.png,20.03.2025\238\depth\15.42.11.767.png
12063,7509,3.25,20.03.2025,238,20.03.2025\238\rgb\15.42.11.860.png,20.03.2025\238\depth\15.42.11.860.png
12064,7509,3.25,20.03.2025,238,20.03.2025\238\rgb\15.42.11.954.png,20.03.2025\238\depth\15.42.11.954.png
12065,7509,3.25,20.03.2025,238,20.03.2025\238\rgb\15.42.12.044.png,20.03.2025\238\depth\15.42.12.044.png
12066,7509,3.25,20.03.2025,238,20.03.2025\238\rgb\15.42.12.136.png,20.03.2025\238\depth\15.42.12.136.png
12067,7509,3.25,20.03.2025,238,20.03.2025\238\rgb\15.42.12.229.png,20.03.2025\238\depth\15.42.12.229.png
12068,7509,3.25,20.03.2025,238,20.03.2025\238\rgb\15.42.12.324.png,20.03.2025\238\depth\15.42.12.324.png
12069,7509,3.25,20.03.2025,238,20.03.2025\238\rgb\15.42.12.415.png,20.03.2025\238\depth\15.42.12.415.png
12070,7509,3.25,20.03.2025,238,20.03.2025\238\rgb\15.42.12.507.png,20.03.2025\238\depth\15.42.12.507.png
12071,7509,3.25,20.03.2025,238,20.03.2025\238\rgb\15.42.12.601.png,20.03.2025\238\depth\15.42.12.601.png
12072,7509,3.25,20.03.2025,238,20.03.2025\238\rgb\15.42.12.694.png,20.03.2025\238\depth\15.42.12.694.png
12073,7509,3.25,20.03.2025,238,20.03.2025\238\rgb\15.42.12.802.png,20.03.2025\238\depth\15.42.12.802.png
12074,7509,3.25,20.03.2025,238,20.03.2025\238\rgb\15.42.12.893.png,20.03.2025\238\depth\15.42.12.893.png
12075,7509,3.25,20.03.2025,238,20.03.2025\238\rgb\15.42.12.988.png,20.03.2025\238\depth\15.42.12.988.png
12076,7509,3.25,20.03.2025,238,20.03.2025\238\rgb\15.42.13.080.png,20.03.2025\238\depth\15.42.13.080.png
12077,7509,3.25,20.03.2025,238,20.03.2025\238\rgb\15.42.13.172.png,20.03.2025\238\depth\15.42.13.172.png
12078,7509,3.25,20.03.2025,238,20.03.2025\238\rgb\15.42.13.267.png,20.03.2025\238\depth\15.42.13.267.png
12079,7509,3.25,20.03.2025,238,20.03.2025\238\rgb\15.42.13.359.png,20.03.2025\238\depth\15.42.13.359.png
12080,7509,3.25,20.03.2025,238,20.03.2025\238\rgb\15.42.13.452.png,20.03.2025\238\depth\15.42.13.452.png
12081,730410,3.5,20.03.2025,239,20.03.2025\239\rgb\15.42.27.393.png,20.03.2025\239\depth\15.42.27.393.png
12082,730410,3.5,20.03.2025,239,20.03.2025\239\rgb\15.42.27.494.png,20.03.2025\239\depth\15.42.27.494.png
12083,730410,3.5,20.03.2025,239,20.03.2025\239\rgb\15.42.27.590.png,20.03.2025\239\depth\15.42.27.590.png
12084,730410,3.5,20.03.2025,239,20.03.2025\239\rgb\15.42.27.684.png,20.03.2025\239\depth\15.42.27.684.png
12085,730410,3.5,20.03.2025,239,20.03.2025\239\rgb\15.42.27.790.png,20.03.2025\239\depth\15.42.27.790.png
12086,730410,3.5,20.03.2025,239,20.03.2025\239\rgb\15.42.27.882.png,20.03.2025\239\depth\15.42.27.882.png
12087,730410,3.5,20.03.2025,239,20.03.2025\239\rgb\15.42.27.974.png,20.03.2025\239\depth\15.42.27.974.png
12088,730410,3.5,20.03.2025,239,20.03.2025\239\rgb\15.42.28.067.png,20.03.2025\239\depth\15.42.28.067.png
12089,730410,3.5,20.03.2025,239,20.03.2025\239\rgb\15.42.28.160.png,20.03.2025\239\depth\15.42.28.160.png
12090,730410,3.5,20.03.2025,239,20.03.2025\239\rgb\15.42.28.254.png,20.03.2025\239\depth\15.42.28.254.png
12091,730410,3.5,20.03.2025,239,20.03.2025\239\rgb\15.42.28.346.png,20.03.2025\239\depth\15.42.28.346.png
12092,730410,3.5,20.03.2025,239,20.03.2025\239\rgb\15.42.28.439.png,20.03.2025\239\depth\15.42.28.439.png
12093,730410,3.5,20.03.2025,239,20.03.2025\239\rgb\15.42.28.531.png,20.03.2025\239\depth\15.42.28.531.png
12094,730410,3.5,20.03.2025,239,20.03.2025\239\rgb\15.42.28.623.png,20.03.2025\239\depth\15.42.28.623.png
12095,730410,3.5,20.03.2025,239,20.03.2025\239\rgb\15.42.28.716.png,20.03.2025\239\depth\15.42.28.716.png
12096,730410,3.5,20.03.2025,239,20.03.2025\239\rgb\15.42.28.808.png,20.03.2025\239\depth\15.42.28.808.png
12097,730410,3.5,20.03.2025,239,20.03.2025\239\rgb\15.42.28.901.png,20.03.2025\239\depth\15.42.28.901.png
12098,730410,3.5,20.03.2025,239,20.03.2025\239\rgb\15.42.28.991.png,20.03.2025\239\depth\15.42.28.991.png
12099,730410,3.5,20.03.2025,239,20.03.2025\239\rgb\15.42.29.086.png,20.03.2025\239\depth\15.42.29.086.png
12100,730410,3.5,20.03.2025,239,20.03.2025\239\rgb\15.42.29.175.png,20.03.2025\239\depth\15.42.29.175.png
12101,7331,3.5,20.03.2025,240,20.03.2025\240\rgb\15.42.42.333.png,20.03.2025\240\depth\15.42.42.333.png
12102,7331,3.5,20.03.2025,240,20.03.2025\240\rgb\15.42.42.421.png,20.03.2025\240\depth\15.42.42.421.png
12103,7331,3.5,20.03.2025,240,20.03.2025\240\rgb\15.42.42.511.png,20.03.2025\240\depth\15.42.42.511.png
12104,7331,3.5,20.03.2025,240,20.03.2025\240\rgb\15.42.42.605.png,20.03.2025\240\depth\15.42.42.605.png
12105,7331,3.5,20.03.2025,240,20.03.2025\240\rgb\15.42.42.695.png,20.03.2025\240\depth\15.42.42.695.png
12106,7331,3.5,20.03.2025,240,20.03.2025\240\rgb\15.42.42.789.png,20.03.2025\240\depth\15.42.42.789.png
12107,7331,3.5,20.03.2025,240,20.03.2025\240\rgb\15.42.42.880.png,20.03.2025\240\depth\15.42.42.880.png
12108,7331,3.5,20.03.2025,240,20.03.2025\240\rgb\15.42.42.973.png,20.03.2025\240\depth\15.42.42.973.png
12109,7331,3.5,20.03.2025,240,20.03.2025\240\rgb\15.42.43.065.png,20.03.2025\240\depth\15.42.43.065.png
12110,7331,3.5,20.03.2025,240,20.03.2025\240\rgb\15.42.43.159.png,20.03.2025\240\depth\15.42.43.159.png
12111,7331,3.5,20.03.2025,240,20.03.2025\240\rgb\15.42.43.249.png,20.03.2025\240\depth\15.42.43.249.png
12112,7331,3.5,20.03.2025,240,20.03.2025\240\rgb\15.42.43.342.png,20.03.2025\240\depth\15.42.43.342.png
12113,7331,3.5,20.03.2025,240,20.03.2025\240\rgb\15.42.43.434.png,20.03.2025\240\depth\15.42.43.434.png
12114,7331,3.5,20.03.2025,240,20.03.2025\240\rgb\15.42.43.526.png,20.03.2025\240\depth\15.42.43.526.png
12115,7331,3.5,20.03.2025,240,20.03.2025\240\rgb\15.42.43.619.png,20.03.2025\240\depth\15.42.43.619.png
12116,7331,3.5,20.03.2025,240,20.03.2025\240\rgb\15.42.43.710.png,20.03.2025\240\depth\15.42.43.710.png
12117,7331,3.5,20.03.2025,240,20.03.2025\240\rgb\15.42.43.803.png,20.03.2025\240\depth\15.42.43.803.png
12118,7331,3.5,20.03.2025,240,20.03.2025\240\rgb\15.42.43.895.png,20.03.2025\240\depth\15.42.43.895.png
12119,7331,3.5,20.03.2025,240,20.03.2025\240\rgb\15.42.43.989.png,20.03.2025\240\depth\15.42.43.989.png
12120,7331,3.5,20.03.2025,240,20.03.2025\240\rgb\15.42.44.079.png,20.03.2025\240\depth\15.42.44.079.png
12121,7034,3.25,20.03.2025,241,20.03.2025\241\rgb\15.42.57.060.png,20.03.2025\241\depth\15.42.57.060.png
12122,7034,3.25,20.03.2025,241,20.03.2025\241\rgb\15.42.57.162.png,20.03.2025\241\depth\15.42.57.162.png
12123,7034,3.25,20.03.2025,241,20.03.2025\241\rgb\15.42.57.257.png,20.03.2025\241\depth\15.42.57.257.png
12124,7034,3.25,20.03.2025,241,20.03.2025\241\rgb\15.42.57.348.png,20.03.2025\241\depth\15.42.57.348.png
12125,7034,3.25,20.03.2025,241,20.03.2025\241\rgb\15.42.57.441.png,20.03.2025\241\depth\15.42.57.441.png
12126,7034,3.25,20.03.2025,241,20.03.2025\241\rgb\15.42.57.532.png,20.03.2025\241\depth\15.42.57.532.png
12127,7034,3.25,20.03.2025,241,20.03.2025\241\rgb\15.42.57.624.png,20.03.2025\241\depth\15.42.57.624.png
12128,7034,3.25,20.03.2025,241,20.03.2025\241\rgb\15.42.57.720.png,20.03.2025\241\depth\15.42.57.720.png
12129,7034,3.25,20.03.2025,241,20.03.2025\241\rgb\15.42.57.810.png,20.03.2025\241\depth\15.42.57.810.png
12130,7034,3.25,20.03.2025,241,20.03.2025\241\rgb\15.42.57.903.png,20.03.2025\241\depth\15.42.57.903.png
12131,7034,3.25,20.03.2025,241,20.03.2025\241\rgb\15.42.57.994.png,20.03.2025\241\depth\15.42.57.994.png
12132,7034,3.25,20.03.2025,241,20.03.2025\241\rgb\15.42.58.088.png,20.03.2025\241\depth\15.42.58.088.png
12133,7034,3.25,20.03.2025,241,20.03.2025\241\rgb\15.42.58.181.png,20.03.2025\241\depth\15.42.58.181.png
12134,7034,3.25,20.03.2025,241,20.03.2025\241\rgb\15.42.58.274.png,20.03.2025\241\depth\15.42.58.274.png
12135,7034,3.25,20.03.2025,241,20.03.2025\241\rgb\15.42.58.367.png,20.03.2025\241\depth\15.42.58.367.png
12136,7034,3.25,20.03.2025,241,20.03.2025\241\rgb\15.42.58.459.png,20.03.2025\241\depth\15.42.58.459.png
12137,7034,3.25,20.03.2025,241,20.03.2025\241\rgb\15.42.58.553.png,20.03.2025\241\depth\15.42.58.553.png
12138,7034,3.25,20.03.2025,241,20.03.2025\241\rgb\15.42.58.646.png,20.03.2025\241\depth\15.42.58.646.png
12139,7034,3.25,20.03.2025,241,20.03.2025\241\rgb\15.42.58.738.png,20.03.2025\241\depth\15.42.58.738.png
12140,7034,3.25,20.03.2025,241,20.03.2025\241\rgb\15.42.58.832.png,20.03.2025\241\depth\15.42.58.832.png
12141,6888,3.25,20.03.2025,242,20.03.2025\242\rgb\15.43.11.474.png,20.03.2025\242\depth\15.43.11.474.png
12142,6888,3.25,20.03.2025,242,20.03.2025\242\rgb\15.43.11.553.png,20.03.2025\242\depth\15.43.11.553.png
12143,6888,3.25,20.03.2025,242,20.03.2025\242\rgb\15.43.11.651.png,20.03.2025\242\depth\15.43.11.651.png
12144,6888,3.25,20.03.2025,242,20.03.2025\242\rgb\15.43.11.744.png,20.03.2025\242\depth\15.43.11.744.png
12145,6888,3.25,20.03.2025,242,20.03.2025\242\rgb\15.43.11.835.png,20.03.2025\242\depth\15.43.11.835.png
12146,6888,3.25,20.03.2025,242,20.03.2025\242\rgb\15.43.11.930.png,20.03.2025\242\depth\15.43.11.930.png
12147,6888,3.25,20.03.2025,242,20.03.2025\242\rgb\15.43.12.021.png,20.03.2025\242\depth\15.43.12.021.png
12148,6888,3.25,20.03.2025,242,20.03.2025\242\rgb\15.43.12.114.png,20.03.2025\242\depth\15.43.12.114.png
12149,6888,3.25,20.03.2025,242,20.03.2025\242\rgb\15.43.12.206.png,20.03.2025\242\depth\15.43.12.206.png
12150,6888,3.25,20.03.2025,242,20.03.2025\242\rgb\15.43.12.298.png,20.03.2025\242\depth\15.43.12.298.png
12151,6888,3.25,20.03.2025,242,20.03.2025\242\rgb\15.43.12.391.png,20.03.2025\242\depth\15.43.12.391.png
12152,6888,3.25,20.03.2025,242,20.03.2025\242\rgb\15.43.12.481.png,20.03.2025\242\depth\15.43.12.481.png
12153,6888,3.25,20.03.2025,242,20.03.2025\242\rgb\15.43.12.574.png,20.03.2025\242\depth\15.43.12.574.png
12154,6888,3.25,20.03.2025,242,20.03.2025\242\rgb\15.43.12.666.png,20.03.2025\242\depth\15.43.12.666.png
12155,6888,3.25,20.03.2025,242,20.03.2025\242\rgb\15.43.12.759.png,20.03.2025\242\depth\15.43.12.759.png
12156,6888,3.25,20.03.2025,242,20.03.2025\242\rgb\15.43.12.855.png,20.03.2025\242\depth\15.43.12.855.png
12157,6888,3.25,20.03.2025,242,20.03.2025\242\rgb\15.43.12.945.png,20.03.2025\242\depth\15.43.12.945.png
12158,6888,3.25,20.03.2025,242,20.03.2025\242\rgb\15.43.13.038.png,20.03.2025\242\depth\15.43.13.038.png
12159,6888,3.25,20.03.2025,242,20.03.2025\242\rgb\15.43.13.131.png,20.03.2025\242\depth\15.43.13.131.png
12160,6888,3.25,20.03.2025,242,20.03.2025\242\rgb\15.43.13.224.png,20.03.2025\242\depth\15.43.13.224.png
12161,6759,3.25,20.03.2025,243,20.03.2025\243\rgb\15.43.27.040.png,20.03.2025\243\depth\15.43.27.040.png
12162,6759,3.25,20.03.2025,243,20.03.2025\243\rgb\15.43.27.137.png,20.03.2025\243\depth\15.43.27.137.png
12163,6759,3.25,20.03.2025,243,20.03.2025\243\rgb\15.43.27.229.png,20.03.2025\243\depth\15.43.27.229.png
12164,6759,3.25,20.03.2025,243,20.03.2025\243\rgb\15.43.27.325.png,20.03.2025\243\depth\15.43.27.325.png
12165,6759,3.25,20.03.2025,243,20.03.2025\243\rgb\15.43.27.415.png,20.03.2025\243\depth\15.43.27.415.png
12166,6759,3.25,20.03.2025,243,20.03.2025\243\rgb\15.43.27.509.png,20.03.2025\243\depth\15.43.27.509.png
12167,6759,3.25,20.03.2025,243,20.03.2025\243\rgb\15.43.27.604.png,20.03.2025\243\depth\15.43.27.604.png
12168,6759,3.25,20.03.2025,243,20.03.2025\243\rgb\15.43.27.693.png,20.03.2025\243\depth\15.43.27.693.png
12169,6759,3.25,20.03.2025,243,20.03.2025\243\rgb\15.43.27.788.png,20.03.2025\243\depth\15.43.27.788.png
12170,6759,3.25,20.03.2025,243,20.03.2025\243\rgb\15.43.27.881.png,20.03.2025\243\depth\15.43.27.881.png
12171,6759,3.25,20.03.2025,243,20.03.2025\243\rgb\15.43.27.972.png,20.03.2025\243\depth\15.43.27.972.png
12172,6759,3.25,20.03.2025,243,20.03.2025\243\rgb\15.43.28.064.png,20.03.2025\243\depth\15.43.28.064.png
12173,6759,3.25,20.03.2025,243,20.03.2025\243\rgb\15.43.28.155.png,20.03.2025\243\depth\15.43.28.155.png
12174,6759,3.25,20.03.2025,243,20.03.2025\243\rgb\15.43.28.250.png,20.03.2025\243\depth\15.43.28.250.png
12175,6759,3.25,20.03.2025,243,20.03.2025\243\rgb\15.43.28.342.png,20.03.2025\243\depth\15.43.28.342.png
12176,6759,3.25,20.03.2025,243,20.03.2025\243\rgb\15.43.28.433.png,20.03.2025\243\depth\15.43.28.433.png
12177,6759,3.25,20.03.2025,243,20.03.2025\243\rgb\15.43.28.525.png,20.03.2025\243\depth\15.43.28.525.png
12178,6759,3.25,20.03.2025,243,20.03.2025\243\rgb\15.43.28.619.png,20.03.2025\243\depth\15.43.28.619.png
12179,6759,3.25,20.03.2025,243,20.03.2025\243\rgb\15.43.28.711.png,20.03.2025\243\depth\15.43.28.711.png
12180,6759,3.25,20.03.2025,243,20.03.2025\243\rgb\15.43.28.802.png,20.03.2025\243\depth\15.43.28.802.png
12181,6779,3.5,20.03.2025,244,20.03.2025\244\rgb\15.43.43.888.png,20.03.2025\244\depth\15.43.43.888.png
12182,6779,3.5,20.03.2025,244,20.03.2025\244\rgb\15.43.43.986.png,20.03.2025\244\depth\15.43.43.986.png
12183,6779,3.5,20.03.2025,244,20.03.2025\244\rgb\15.43.44.079.png,20.03.2025\244\depth\15.43.44.079.png
12184,6779,3.5,20.03.2025,244,20.03.2025\244\rgb\15.43.44.172.png,20.03.2025\244\depth\15.43.44.172.png
12185,6779,3.5,20.03.2025,244,20.03.2025\244\rgb\15.43.44.263.png,20.03.2025\244\depth\15.43.44.263.png
12186,6779,3.5,20.03.2025,244,20.03.2025\244\rgb\15.43.44.357.png,20.03.2025\244\depth\15.43.44.357.png
12187,6779,3.5,20.03.2025,244,20.03.2025\244\rgb\15.43.44.448.png,20.03.2025\244\depth\15.43.44.448.png
12188,6779,3.5,20.03.2025,244,20.03.2025\244\rgb\15.43.44.542.png,20.03.2025\244\depth\15.43.44.542.png
12189,6779,3.5,20.03.2025,244,20.03.2025\244\rgb\15.43.44.637.png,20.03.2025\244\depth\15.43.44.637.png
12190,6779,3.5,20.03.2025,244,20.03.2025\244\rgb\15.43.44.731.png,20.03.2025\244\depth\15.43.44.731.png
12191,6779,3.5,20.03.2025,244,20.03.2025\244\rgb\15.43.44.834.png,20.03.2025\244\depth\15.43.44.834.png
12192,6779,3.5,20.03.2025,244,20.03.2025\244\rgb\15.43.44.930.png,20.03.2025\244\depth\15.43.44.930.png
12193,6779,3.5,20.03.2025,244,20.03.2025\244\rgb\15.43.45.020.png,20.03.2025\244\depth\15.43.45.020.png
12194,6779,3.5,20.03.2025,244,20.03.2025\244\rgb\15.43.45.112.png,20.03.2025\244\depth\15.43.45.112.png
12195,6779,3.5,20.03.2025,244,20.03.2025\244\rgb\15.43.45.207.png,20.03.2025\244\depth\15.43.45.207.png
12196,6779,3.5,20.03.2025,244,20.03.2025\244\rgb\15.43.45.298.png,20.03.2025\244\depth\15.43.45.298.png
12197,6779,3.5,20.03.2025,244,20.03.2025\244\rgb\15.43.45.391.png,20.03.2025\244\depth\15.43.45.391.png
12198,6779,3.5,20.03.2025,244,20.03.2025\244\rgb\15.43.45.483.png,20.03.2025\244\depth\15.43.45.483.png
12199,6779,3.5,20.03.2025,244,20.03.2025\244\rgb\15.43.45.576.png,20.03.2025\244\depth\15.43.45.576.png
12200,6779,3.5,20.03.2025,244,20.03.2025\244\rgb\15.43.45.664.png,20.03.2025\244\depth\15.43.45.664.png
12201,7624,3.5,20.03.2025,245,20.03.2025\245\rgb\15.43.58.621.png,20.03.2025\245\depth\15.43.58.621.png
12202,7624,3.5,20.03.2025,245,20.03.2025\245\rgb\15.43.58.720.png,20.03.2025\245\depth\15.43.58.720.png
12203,7624,3.5,20.03.2025,245,20.03.2025\245\rgb\15.43.58.811.png,20.03.2025\245\depth\15.43.58.811.png
12204,7624,3.5,20.03.2025,245,20.03.2025\245\rgb\15.43.58.902.png,20.03.2025\245\depth\15.43.58.902.png
12205,7624,3.5,20.03.2025,245,20.03.2025\245\rgb\15.43.58.996.png,20.03.2025\245\depth\15.43.58.996.png
12206,7624,3.5,20.03.2025,245,20.03.2025\245\rgb\15.43.59.092.png,20.03.2025\245\depth\15.43.59.092.png
12207,7624,3.5,20.03.2025,245,20.03.2025\245\rgb\15.43.59.181.png,20.03.2025\245\depth\15.43.59.181.png
12208,7624,3.5,20.03.2025,245,20.03.2025\245\rgb\15.43.59.274.png,20.03.2025\245\depth\15.43.59.274.png
12209,7624,3.5,20.03.2025,245,20.03.2025\245\rgb\15.43.59.372.png,20.03.2025\245\depth\15.43.59.372.png
12210,7624,3.5,20.03.2025,245,20.03.2025\245\rgb\15.43.59.464.png,20.03.2025\245\depth\15.43.59.464.png
12211,7624,3.5,20.03.2025,245,20.03.2025\245\rgb\15.43.59.558.png,20.03.2025\245\depth\15.43.59.558.png
12212,7624,3.5,20.03.2025,245,20.03.2025\245\rgb\15.43.59.647.png,20.03.2025\245\depth\15.43.59.647.png
12213,7624,3.5,20.03.2025,245,20.03.2025\245\rgb\15.43.59.739.png,20.03.2025\245\depth\15.43.59.739.png
12214,7624,3.5,20.03.2025,245,20.03.2025\245\rgb\15.43.59.832.png,20.03.2025\245\depth\15.43.59.832.png
12215,7624,3.5,20.03.2025,245,20.03.2025\245\rgb\15.43.59.926.png,20.03.2025\245\depth\15.43.59.926.png
12216,7624,3.5,20.03.2025,245,20.03.2025\245\rgb\15.44.00.020.png,20.03.2025\245\depth\15.44.00.020.png
12217,7624,3.5,20.03.2025,245,20.03.2025\245\rgb\15.44.00.108.png,20.03.2025\245\depth\15.44.00.108.png
12218,7624,3.5,20.03.2025,245,20.03.2025\245\rgb\15.44.00.202.png,20.03.2025\245\depth\15.44.00.202.png
12219,7624,3.5,20.03.2025,245,20.03.2025\245\rgb\15.44.00.295.png,20.03.2025\245\depth\15.44.00.295.png
12220,7624,3.5,20.03.2025,245,20.03.2025\245\rgb\15.44.00.388.png,20.03.2025\245\depth\15.44.00.388.png
12221,6902,3.25,20.03.2025,246,20.03.2025\246\rgb\15.44.14.068.png,20.03.2025\246\depth\15.44.14.068.png
12222,6902,3.25,20.03.2025,246,20.03.2025\246\rgb\15.44.14.167.png,20.03.2025\246\depth\15.44.14.167.png
12223,6902,3.25,20.03.2025,246,20.03.2025\246\rgb\15.44.14.260.png,20.03.2025\246\depth\15.44.14.260.png
12224,6902,3.25,20.03.2025,246,20.03.2025\246\rgb\15.44.14.365.png,20.03.2025\246\depth\15.44.14.365.png
12225,6902,3.25,20.03.2025,246,20.03.2025\246\rgb\15.44.14.458.png,20.03.2025\246\depth\15.44.14.458.png
12226,6902,3.25,20.03.2025,246,20.03.2025\246\rgb\15.44.14.554.png,20.03.2025\246\depth\15.44.14.554.png
12227,6902,3.25,20.03.2025,246,20.03.2025\246\rgb\15.44.14.643.png,20.03.2025\246\depth\15.44.14.643.png
12228,6902,3.25,20.03.2025,246,20.03.2025\246\rgb\15.44.14.737.png,20.03.2025\246\depth\15.44.14.737.png
12229,6902,3.25,20.03.2025,246,20.03.2025\246\rgb\15.44.14.830.png,20.03.2025\246\depth\15.44.14.830.png
12230,6902,3.25,20.03.2025,246,20.03.2025\246\rgb\15.44.14.925.png,20.03.2025\246\depth\15.44.14.925.png
12231,6902,3.25,20.03.2025,246,20.03.2025\246\rgb\15.44.15.015.png,20.03.2025\246\depth\15.44.15.015.png
12232,6902,3.25,20.03.2025,246,20.03.2025\246\rgb\15.44.15.105.png,20.03.2025\246\depth\15.44.15.105.png
12233,6902,3.25,20.03.2025,246,20.03.2025\246\rgb\15.44.15.184.png,20.03.2025\246\depth\15.44.15.184.png
12234,6902,3.25,20.03.2025,246,20.03.2025\246\rgb\15.44.15.279.png,20.03.2025\246\depth\15.44.15.279.png
12235,6902,3.25,20.03.2025,246,20.03.2025\246\rgb\15.44.15.368.png,20.03.2025\246\depth\15.44.15.368.png
12236,6902,3.25,20.03.2025,246,20.03.2025\246\rgb\15.44.15.463.png,20.03.2025\246\depth\15.44.15.463.png
12237,6902,3.25,20.03.2025,246,20.03.2025\246\rgb\15.44.15.555.png,20.03.2025\246\depth\15.44.15.555.png
12238,6902,3.25,20.03.2025,246,20.03.2025\246\rgb\15.44.15.651.png,20.03.2025\246\depth\15.44.15.651.png
12239,6902,3.25,20.03.2025,246,20.03.2025\246\rgb\15.44.15.743.png,20.03.2025\246\depth\15.44.15.743.png
12240,6902,3.25,20.03.2025,246,20.03.2025\246\rgb\15.44.15.834.png,20.03.2025\246\depth\15.44.15.834.png
12241,5186,3.25,20.03.2025,247,20.03.2025\247\rgb\15.44.30.337.png,20.03.2025\247\depth\15.44.30.337.png
12242,5186,3.25,20.03.2025,247,20.03.2025\247\rgb\15.44.30.439.png,20.03.2025\247\depth\15.44.30.439.png
12243,5186,3.25,20.03.2025,247,20.03.2025\247\rgb\15.44.30.531.png,20.03.2025\247\depth\15.44.30.531.png
12244,5186,3.25,20.03.2025,247,20.03.2025\247\rgb\15.44.30.623.png,20.03.2025\247\depth\15.44.30.623.png
12245,5186,3.25,20.03.2025,247,20.03.2025\247\rgb\15.44.30.717.png,20.03.2025\247\depth\15.44.30.717.png
12246,5186,3.25,20.03.2025,247,20.03.2025\247\rgb\15.44.30.812.png,20.03.2025\247\depth\15.44.30.812.png
12247,5186,3.25,20.03.2025,247,20.03.2025\247\rgb\15.44.30.902.png,20.03.2025\247\depth\15.44.30.902.png
12248,5186,3.25,20.03.2025,247,20.03.2025\247\rgb\15.44.30.994.png,20.03.2025\247\depth\15.44.30.994.png
12249,5186,3.25,20.03.2025,247,20.03.2025\247\rgb\15.44.31.088.png,20.03.2025\247\depth\15.44.31.088.png
12250,5186,3.25,20.03.2025,247,20.03.2025\247\rgb\15.44.31.180.png,20.03.2025\247\depth\15.44.31.180.png
12251,5186,3.25,20.03.2025,247,20.03.2025\247\rgb\15.44.31.273.png,20.03.2025\247\depth\15.44.31.273.png
12252,5186,3.25,20.03.2025,247,20.03.2025\247\rgb\15.44.31.363.png,20.03.2025\247\depth\15.44.31.363.png
12253,5186,3.25,20.03.2025,247,20.03.2025\247\rgb\15.44.31.455.png,20.03.2025\247\depth\15.44.31.455.png
12254,5186,3.25,20.03.2025,247,20.03.2025\247\rgb\15.44.31.547.png,20.03.2025\247\depth\15.44.31.547.png
12255,5186,3.25,20.03.2025,247,20.03.2025\247\rgb\15.44.31.639.png,20.03.2025\247\depth\15.44.31.639.png
12256,5186,3.25,20.03.2025,247,20.03.2025\247\rgb\15.44.31.725.png,20.03.2025\247\depth\15.44.31.725.png
12257,5186,3.25,20.03.2025,247,20.03.2025\247\rgb\15.44.31.823.png,20.03.2025\247\depth\15.44.31.823.png
12258,5186,3.25,20.03.2025,247,20.03.2025\247\rgb\15.44.31.917.png,20.03.2025\247\depth\15.44.31.917.png
12259,5186,3.25,20.03.2025,247,20.03.2025\247\rgb\15.44.32.010.png,20.03.2025\247\depth\15.44.32.010.png
12260,5186,3.25,20.03.2025,247,20.03.2025\247\rgb\15.44.32.102.png,20.03.2025\247\depth\15.44.32.102.png
12261,7472,4.0,20.03.2025,248,20.03.2025\248\rgb\15.44.44.284.png,20.03.2025\248\depth\15.44.44.284.png
12262,7472,4.0,20.03.2025,248,20.03.2025\248\rgb\15.44.44.383.png,20.03.2025\248\depth\15.44.44.383.png
12263,7472,4.0,20.03.2025,248,20.03.2025\248\rgb\15.44.44.462.png,20.03.2025\248\depth\15.44.44.462.png
12264,7472,4.0,20.03.2025,248,20.03.2025\248\rgb\15.44.44.555.png,20.03.2025\248\depth\15.44.44.555.png
12265,7472,4.0,20.03.2025,248,20.03.2025\248\rgb\15.44.44.654.png,20.03.2025\248\depth\15.44.44.654.png
12266,7472,4.0,20.03.2025,248,20.03.2025\248\rgb\15.44.44.744.png,20.03.2025\248\depth\15.44.44.744.png
12267,7472,4.0,20.03.2025,248,20.03.2025\248\rgb\15.44.44.836.png,20.03.2025\248\depth\15.44.44.836.png
12268,7472,4.0,20.03.2025,248,20.03.2025\248\rgb\15.44.44.929.png,20.03.2025\248\depth\15.44.44.929.png
12269,7472,4.0,20.03.2025,248,20.03.2025\248\rgb\15.44.45.022.png,20.03.2025\248\depth\15.44.45.022.png
12270,7472,4.0,20.03.2025,248,20.03.2025\248\rgb\15.44.45.115.png,20.03.2025\248\depth\15.44.45.115.png
12271,7472,4.0,20.03.2025,248,20.03.2025\248\rgb\15.44.45.206.png,20.03.2025\248\depth\15.44.45.206.png
12272,7472,4.0,20.03.2025,248,20.03.2025\248\rgb\15.44.45.300.png,20.03.2025\248\depth\15.44.45.300.png
12273,7472,4.0,20.03.2025,248,20.03.2025\248\rgb\15.44.45.391.png,20.03.2025\248\depth\15.44.45.391.png
12274,7472,4.0,20.03.2025,248,20.03.2025\248\rgb\15.44.45.484.png,20.03.2025\248\depth\15.44.45.484.png
12275,7472,4.0,20.03.2025,248,20.03.2025\248\rgb\15.44.45.578.png,20.03.2025\248\depth\15.44.45.578.png
12276,7472,4.0,20.03.2025,248,20.03.2025\248\rgb\15.44.45.670.png,20.03.2025\248\depth\15.44.45.670.png
12277,7472,4.0,20.03.2025,248,20.03.2025\248\rgb\15.44.45.763.png,20.03.2025\248\depth\15.44.45.763.png
12278,7472,4.0,20.03.2025,248,20.03.2025\248\rgb\15.44.45.855.png,20.03.2025\248\depth\15.44.45.855.png
12279,7472,4.0,20.03.2025,248,20.03.2025\248\rgb\15.44.45.969.png,20.03.2025\248\depth\15.44.45.969.png
12280,7472,4.0,20.03.2025,248,20.03.2025\248\rgb\15.44.46.056.png,20.03.2025\248\depth\15.44.46.056.png
12281,7583,3.25,20.03.2025,249,20.03.2025\249\rgb\15.45.00.610.png,20.03.2025\249\depth\15.45.00.610.png
12282,7583,3.25,20.03.2025,249,20.03.2025\249\rgb\15.45.00.694.png,20.03.2025\249\depth\15.45.00.694.png
12283,7583,3.25,20.03.2025,249,20.03.2025\249\rgb\15.45.00.789.png,20.03.2025\249\depth\15.45.00.789.png
12284,7583,3.25,20.03.2025,249,20.03.2025\249\rgb\15.45.00.880.png,20.03.2025\249\depth\15.45.00.880.png
12285,7583,3.25,20.03.2025,249,20.03.2025\249\rgb\15.45.00.974.png,20.03.2025\249\depth\15.45.00.974.png
12286,7583,3.25,20.03.2025,249,20.03.2025\249\rgb\15.45.01.063.png,20.03.2025\249\depth\15.45.01.063.png
12287,7583,3.25,20.03.2025,249,20.03.2025\249\rgb\15.45.01.156.png,20.03.2025\249\depth\15.45.01.156.png
12288,7583,3.25,20.03.2025,249,20.03.2025\249\rgb\15.45.01.251.png,20.03.2025\249\depth\15.45.01.251.png
12289,7583,3.25,20.03.2025,249,20.03.2025\249\rgb\15.45.01.343.png,20.03.2025\249\depth\15.45.01.343.png
12290,7583,3.25,20.03.2025,249,20.03.2025\249\rgb\15.45.01.435.png,20.03.2025\249\depth\15.45.01.435.png
12291,7583,3.25,20.03.2025,249,20.03.2025\249\rgb\15.45.01.528.png,20.03.2025\249\depth\15.45.01.528.png
12292,7583,3.25,20.03.2025,249,20.03.2025\249\rgb\15.45.01.621.png,20.03.2025\249\depth\15.45.01.621.png
12293,7583,3.25,20.03.2025,249,20.03.2025\249\rgb\15.45.01.716.png,20.03.2025\249\depth\15.45.01.716.png
12294,7583,3.25,20.03.2025,249,20.03.2025\249\rgb\15.45.01.799.png,20.03.2025\249\depth\15.45.01.799.png
12295,7583,3.25,20.03.2025,249,20.03.2025\249\rgb\15.45.01.884.png,20.03.2025\249\depth\15.45.01.884.png
12296,7583,3.25,20.03.2025,249,20.03.2025\249\rgb\15.45.01.975.png,20.03.2025\249\depth\15.45.01.975.png
12297,7583,3.25,20.03.2025,249,20.03.2025\249\rgb\15.45.02.069.png,20.03.2025\249\depth\15.45.02.069.png
12298,7583,3.25,20.03.2025,249,20.03.2025\249\rgb\15.45.02.163.png,20.03.2025\249\depth\15.45.02.163.png
12299,7583,3.25,20.03.2025,249,20.03.2025\249\rgb\15.45.02.256.png,20.03.2025\249\depth\15.45.02.256.png
12300,7583,3.25,20.03.2025,249,20.03.2025\249\rgb\15.45.02.349.png,20.03.2025\249\depth\15.45.02.349.png
12301,5108,3.25,20.03.2025,250,20.03.2025\250\rgb\15.45.14.193.png,20.03.2025\250\depth\15.45.14.193.png
12302,5108,3.25,20.03.2025,250,20.03.2025\250\rgb\15.45.14.278.png,20.03.2025\250\depth\15.45.14.278.png
12303,5108,3.25,20.03.2025,250,20.03.2025\250\rgb\15.45.14.370.png,20.03.2025\250\depth\15.45.14.370.png
12304,5108,3.25,20.03.2025,250,20.03.2025\250\rgb\15.45.14.462.png,20.03.2025\250\depth\15.45.14.462.png
12305,5108,3.25,20.03.2025,250,20.03.2025\250\rgb\15.45.14.556.png,20.03.2025\250\depth\15.45.14.556.png
12306,5108,3.25,20.03.2025,250,20.03.2025\250\rgb\15.45.14.650.png,20.03.2025\250\depth\15.45.14.650.png
12307,5108,3.25,20.03.2025,250,20.03.2025\250\rgb\15.45.14.743.png,20.03.2025\250\depth\15.45.14.743.png
12308,5108,3.25,20.03.2025,250,20.03.2025\250\rgb\15.45.14.847.png,20.03.2025\250\depth\15.45.14.847.png
12309,5108,3.25,20.03.2025,250,20.03.2025\250\rgb\15.45.14.943.png,20.03.2025\250\depth\15.45.14.943.png
12310,5108,3.25,20.03.2025,250,20.03.2025\250\rgb\15.45.15.036.png,20.03.2025\250\depth\15.45.15.036.png
12311,5108,3.25,20.03.2025,250,20.03.2025\250\rgb\15.45.15.129.png,20.03.2025\250\depth\15.45.15.129.png
12312,5108,3.25,20.03.2025,250,20.03.2025\250\rgb\15.45.15.224.png,20.03.2025\250\depth\15.45.15.224.png
12313,5108,3.25,20.03.2025,250,20.03.2025\250\rgb\15.45.15.317.png,20.03.2025\250\depth\15.45.15.317.png
12314,5108,3.25,20.03.2025,250,20.03.2025\250\rgb\15.45.15.409.png,20.03.2025\250\depth\15.45.15.409.png
12315,5108,3.25,20.03.2025,250,20.03.2025\250\rgb\15.45.15.502.png,20.03.2025\250\depth\15.45.15.502.png
12316,5108,3.25,20.03.2025,250,20.03.2025\250\rgb\15.45.15.595.png,20.03.2025\250\depth\15.45.15.595.png
12317,5108,3.25,20.03.2025,250,20.03.2025\250\rgb\15.45.15.688.png,20.03.2025\250\depth\15.45.15.688.png
12318,5108,3.25,20.03.2025,250,20.03.2025\250\rgb\15.45.15.779.png,20.03.2025\250\depth\15.45.15.779.png
12319,5108,3.25,20.03.2025,250,20.03.2025\250\rgb\15.45.15.869.png,20.03.2025\250\depth\15.45.15.869.png
12320,5108,3.25,20.03.2025,250,20.03.2025\250\rgb\15.45.15.963.png,20.03.2025\250\depth\15.45.15.963.png
12321,7462,3.25,20.03.2025,251,20.03.2025\251\rgb\15.45.31.540.png,20.03.2025\251\depth\15.45.31.540.png
12322,7462,3.25,20.03.2025,251,20.03.2025\251\rgb\15.45.31.632.png,20.03.2025\251\depth\15.45.31.632.png
12323,7462,3.25,20.03.2025,251,20.03.2025\251\rgb\15.45.31.725.png,20.03.2025\251\depth\15.45.31.725.png
12324,7462,3.25,20.03.2025,251,20.03.2025\251\rgb\15.45.31.815.png,20.03.2025\251\depth\15.45.31.815.png
12325,7462,3.25,20.03.2025,251,20.03.2025\251\rgb\15.45.31.903.png,20.03.2025\251\depth\15.45.31.903.png
12326,7462,3.25,20.03.2025,251,20.03.2025\251\rgb\15.45.32.001.png,20.03.2025\251\depth\15.45.32.001.png
12327,7462,3.25,20.03.2025,251,20.03.2025\251\rgb\15.45.32.092.png,20.03.2025\251\depth\15.45.32.092.png
12328,7462,3.25,20.03.2025,251,20.03.2025\251\rgb\15.45.32.188.png,20.03.2025\251\depth\15.45.32.188.png
12329,7462,3.25,20.03.2025,251,20.03.2025\251\rgb\15.45.32.281.png,20.03.2025\251\depth\15.45.32.281.png
12330,7462,3.25,20.03.2025,251,20.03.2025\251\rgb\15.45.32.372.png,20.03.2025\251\depth\15.45.32.372.png
12331,7462,3.25,20.03.2025,251,20.03.2025\251\rgb\15.45.32.465.png,20.03.2025\251\depth\15.45.32.465.png
12332,7462,3.25,20.03.2025,251,20.03.2025\251\rgb\15.45.32.560.png,20.03.2025\251\depth\15.45.32.560.png
12333,7462,3.25,20.03.2025,251,20.03.2025\251\rgb\15.45.32.651.png,20.03.2025\251\depth\15.45.32.651.png
12334,7462,3.25,20.03.2025,251,20.03.2025\251\rgb\15.45.32.743.png,20.03.2025\251\depth\15.45.32.743.png
12335,7462,3.25,20.03.2025,251,20.03.2025\251\rgb\15.45.32.834.png,20.03.2025\251\depth\15.45.32.834.png
12336,7462,3.25,20.03.2025,251,20.03.2025\251\rgb\15.45.32.926.png,20.03.2025\251\depth\15.45.32.926.png
12337,7462,3.25,20.03.2025,251,20.03.2025\251\rgb\15.45.33.020.png,20.03.2025\251\depth\15.45.33.020.png
12338,7462,3.25,20.03.2025,251,20.03.2025\251\rgb\15.45.33.115.png,20.03.2025\251\depth\15.45.33.115.png
12339,7462,3.25,20.03.2025,251,20.03.2025\251\rgb\15.45.33.205.png,20.03.2025\251\depth\15.45.33.205.png
12340,7462,3.25,20.03.2025,251,20.03.2025\251\rgb\15.45.33.297.png,20.03.2025\251\depth\15.45.33.297.png
12341,5172,3.25,20.03.2025,253,20.03.2025\253\rgb\15.46.18.485.png,20.03.2025\253\depth\15.46.18.485.png
12342,5172,3.25,20.03.2025,253,20.03.2025\253\rgb\15.46.18.584.png,20.03.2025\253\depth\15.46.18.584.png
12343,5172,3.25,20.03.2025,253,20.03.2025\253\rgb\15.46.18.673.png,20.03.2025\253\depth\15.46.18.673.png
12344,5172,3.25,20.03.2025,253,20.03.2025\253\rgb\15.46.18.766.png,20.03.2025\253\depth\15.46.18.766.png
12345,5172,3.25,20.03.2025,253,20.03.2025\253\rgb\15.46.18.861.png,20.03.2025\253\depth\15.46.18.861.png
12346,5172,3.25,20.03.2025,253,20.03.2025\253\rgb\15.46.18.950.png,20.03.2025\253\depth\15.46.18.950.png
12347,5172,3.25,20.03.2025,253,20.03.2025\253\rgb\15.46.19.045.png,20.03.2025\253\depth\15.46.19.045.png
12348,5172,3.25,20.03.2025,253,20.03.2025\253\rgb\15.46.19.134.png,20.03.2025\253\depth\15.46.19.134.png
12349,5172,3.25,20.03.2025,253,20.03.2025\253\rgb\15.46.19.229.png,20.03.2025\253\depth\15.46.19.229.png
12350,5172,3.25,20.03.2025,253,20.03.2025\253\rgb\15.46.19.332.png,20.03.2025\253\depth\15.46.19.332.png
12351,5172,3.25,20.03.2025,253,20.03.2025\253\rgb\15.46.19.426.png,20.03.2025\253\depth\15.46.19.426.png
12352,5172,3.25,20.03.2025,253,20.03.2025\253\rgb\15.46.19.519.png,20.03.2025\253\depth\15.46.19.519.png
12353,5172,3.25,20.03.2025,253,20.03.2025\253\rgb\15.46.19.611.png,20.03.2025\253\depth\15.46.19.611.png
12354,5172,3.25,20.03.2025,253,20.03.2025\253\rgb\15.46.19.703.png,20.03.2025\253\depth\15.46.19.703.png
12355,5172,3.25,20.03.2025,253,20.03.2025\253\rgb\15.46.19.798.png,20.03.2025\253\depth\15.46.19.798.png
12356,5172,3.25,20.03.2025,253,20.03.2025\253\rgb\15.46.19.889.png,20.03.2025\253\depth\15.46.19.889.png
12357,5172,3.25,20.03.2025,253,20.03.2025\253\rgb\15.46.19.983.png,20.03.2025\253\depth\15.46.19.983.png
12358,5172,3.25,20.03.2025,253,20.03.2025\253\rgb\15.46.20.073.png,20.03.2025\253\depth\15.46.20.073.png
12359,5172,3.25,20.03.2025,253,20.03.2025\253\rgb\15.46.20.165.png,20.03.2025\253\depth\15.46.20.165.png
12360,5172,3.25,20.03.2025,253,20.03.2025\253\rgb\15.46.20.259.png,20.03.2025\253\depth\15.46.20.259.png
12361,5141,3.25,20.03.2025,254,20.03.2025\254\rgb\15.46.31.449.png,20.03.2025\254\depth\15.46.31.449.png
12362,5141,3.25,20.03.2025,254,20.03.2025\254\rgb\15.46.31.551.png,20.03.2025\254\depth\15.46.31.551.png
12363,5141,3.25,20.03.2025,254,20.03.2025\254\rgb\15.46.31.643.png,20.03.2025\254\depth\15.46.31.643.png
12364,5141,3.25,20.03.2025,254,20.03.2025\254\rgb\15.46.31.738.png,20.03.2025\254\depth\15.46.31.738.png
12365,5141,3.25,20.03.2025,254,20.03.2025\254\rgb\15.46.31.830.png,20.03.2025\254\depth\15.46.31.830.png
12366,5141,3.25,20.03.2025,254,20.03.2025\254\rgb\15.46.31.923.png,20.03.2025\254\depth\15.46.31.923.png
12367,5141,3.25,20.03.2025,254,20.03.2025\254\rgb\15.46.32.009.png,20.03.2025\254\depth\15.46.32.009.png
12368,5141,3.25,20.03.2025,254,20.03.2025\254\rgb\15.46.32.099.png,20.03.2025\254\depth\15.46.32.099.png
12369,5141,3.25,20.03.2025,254,20.03.2025\254\rgb\15.46.32.187.png,20.03.2025\254\depth\15.46.32.187.png
12370,5141,3.25,20.03.2025,254,20.03.2025\254\rgb\15.46.32.279.png,20.03.2025\254\depth\15.46.32.279.png
12371,5141,3.25,20.03.2025,254,20.03.2025\254\rgb\15.46.32.373.png,20.03.2025\254\depth\15.46.32.373.png
12372,5141,3.25,20.03.2025,254,20.03.2025\254\rgb\15.46.32.467.png,20.03.2025\254\depth\15.46.32.467.png
12373,5141,3.25,20.03.2025,254,20.03.2025\254\rgb\15.46.32.561.png,20.03.2025\254\depth\15.46.32.561.png
12374,5141,3.25,20.03.2025,254,20.03.2025\254\rgb\15.46.32.655.png,20.03.2025\254\depth\15.46.32.655.png
12375,5141,3.25,20.03.2025,254,20.03.2025\254\rgb\15.46.32.744.png,20.03.2025\254\depth\15.46.32.744.png
12376,5141,3.25,20.03.2025,254,20.03.2025\254\rgb\15.46.32.839.png,20.03.2025\254\depth\15.46.32.839.png
12377,5141,3.25,20.03.2025,254,20.03.2025\254\rgb\15.46.32.931.png,20.03.2025\254\depth\15.46.32.931.png
12378,5141,3.25,20.03.2025,254,20.03.2025\254\rgb\15.46.33.024.png,20.03.2025\254\depth\15.46.33.024.png
12379,5141,3.25,20.03.2025,254,20.03.2025\254\rgb\15.46.33.133.png,20.03.2025\254\depth\15.46.33.133.png
12380,5141,3.25,20.03.2025,254,20.03.2025\254\rgb\15.46.33.224.png,20.03.2025\254\depth\15.46.33.224.png
12381,7642,3.25,20.03.2025,255,20.03.2025\255\rgb\15.46.45.554.png,20.03.2025\255\depth\15.46.45.554.png
12382,7642,3.25,20.03.2025,255,20.03.2025\255\rgb\15.46.45.654.png,20.03.2025\255\depth\15.46.45.654.png
12383,7642,3.25,20.03.2025,255,20.03.2025\255\rgb\15.46.45.749.png,20.03.2025\255\depth\15.46.45.749.png
12384,7642,3.25,20.03.2025,255,20.03.2025\255\rgb\15.46.45.839.png,20.03.2025\255\depth\15.46.45.839.png
12385,7642,3.25,20.03.2025,255,20.03.2025\255\rgb\15.46.45.915.png,20.03.2025\255\depth\15.46.45.915.png
12386,7642,3.25,20.03.2025,255,20.03.2025\255\rgb\15.46.46.009.png,20.03.2025\255\depth\15.46.46.009.png
12387,7642,3.25,20.03.2025,255,20.03.2025\255\rgb\15.46.46.102.png,20.03.2025\255\depth\15.46.46.102.png
12388,7642,3.25,20.03.2025,255,20.03.2025\255\rgb\15.46.46.194.png,20.03.2025\255\depth\15.46.46.194.png
12389,7642,3.25,20.03.2025,255,20.03.2025\255\rgb\15.46.46.288.png,20.03.2025\255\depth\15.46.46.288.png
12390,7642,3.25,20.03.2025,255,20.03.2025\255\rgb\15.46.46.380.png,20.03.2025\255\depth\15.46.46.380.png
12391,7642,3.25,20.03.2025,255,20.03.2025\255\rgb\15.46.46.474.png,20.03.2025\255\depth\15.46.46.474.png
12392,7642,3.25,20.03.2025,255,20.03.2025\255\rgb\15.46.46.564.png,20.03.2025\255\depth\15.46.46.564.png
12393,7642,3.25,20.03.2025,255,20.03.2025\255\rgb\15.46.46.658.png,20.03.2025\255\depth\15.46.46.658.png
12394,7642,3.25,20.03.2025,255,20.03.2025\255\rgb\15.46.46.752.png,20.03.2025\255\depth\15.46.46.752.png
12395,7642,3.25,20.03.2025,255,20.03.2025\255\rgb\15.46.46.847.png,20.03.2025\255\depth\15.46.46.847.png
12396,7642,3.25,20.03.2025,255,20.03.2025\255\rgb\15.46.46.939.png,20.03.2025\255\depth\15.46.46.939.png
12397,7642,3.25,20.03.2025,255,20.03.2025\255\rgb\15.46.47.023.png,20.03.2025\255\depth\15.46.47.023.png
12398,7642,3.25,20.03.2025,255,20.03.2025\255\rgb\15.46.47.125.png,20.03.2025\255\depth\15.46.47.125.png
12399,7642,3.25,20.03.2025,255,20.03.2025\255\rgb\15.46.47.216.png,20.03.2025\255\depth\15.46.47.216.png
12400,7642,3.25,20.03.2025,255,20.03.2025\255\rgb\15.46.47.308.png,20.03.2025\255\depth\15.46.47.308.png
12401,5197,3.25,20.03.2025,256,20.03.2025\256\rgb\15.47.03.358.png,20.03.2025\256\depth\15.47.03.358.png
12402,5197,3.25,20.03.2025,256,20.03.2025\256\rgb\15.47.03.444.png,20.03.2025\256\depth\15.47.03.444.png
12403,5197,3.25,20.03.2025,256,20.03.2025\256\rgb\15.47.03.538.png,20.03.2025\256\depth\15.47.03.538.png
12404,5197,3.25,20.03.2025,256,20.03.2025\256\rgb\15.47.03.628.png,20.03.2025\256\depth\15.47.03.628.png
12405,5197,3.25,20.03.2025,256,20.03.2025\256\rgb\15.47.03.722.png,20.03.2025\256\depth\15.47.03.722.png
12406,5197,3.25,20.03.2025,256,20.03.2025\256\rgb\15.47.03.814.png,20.03.2025\256\depth\15.47.03.814.png
12407,5197,3.25,20.03.2025,256,20.03.2025\256\rgb\15.47.03.905.png,20.03.2025\256\depth\15.47.03.905.png
12408,5197,3.25,20.03.2025,256,20.03.2025\256\rgb\15.47.03.996.png,20.03.2025\256\depth\15.47.03.996.png
12409,5197,3.25,20.03.2025,256,20.03.2025\256\rgb\15.47.04.089.png,20.03.2025\256\depth\15.47.04.089.png
12410,5197,3.25,20.03.2025,256,20.03.2025\256\rgb\15.47.04.183.png,20.03.2025\256\depth\15.47.04.183.png
12411,5197,3.25,20.03.2025,256,20.03.2025\256\rgb\15.47.04.273.png,20.03.2025\256\depth\15.47.04.273.png
12412,5197,3.25,20.03.2025,256,20.03.2025\256\rgb\15.47.04.362.png,20.03.2025\256\depth\15.47.04.362.png
12413,5197,3.25,20.03.2025,256,20.03.2025\256\rgb\15.47.04.459.png,20.03.2025\256\depth\15.47.04.459.png
12414,5197,3.25,20.03.2025,256,20.03.2025\256\rgb\15.47.04.547.png,20.03.2025\256\depth\15.47.04.547.png
12415,5197,3.25,20.03.2025,256,20.03.2025\256\rgb\15.47.04.638.png,20.03.2025\256\depth\15.47.04.638.png
12416,5197,3.25,20.03.2025,256,20.03.2025\256\rgb\15.47.04.730.png,20.03.2025\256\depth\15.47.04.730.png
12417,5197,3.25,20.03.2025,256,20.03.2025\256\rgb\15.47.04.824.png,20.03.2025\256\depth\15.47.04.824.png
12418,5197,3.25,20.03.2025,256,20.03.2025\256\rgb\15.47.04.914.png,20.03.2025\256\depth\15.47.04.914.png
12419,5197,3.25,20.03.2025,256,20.03.2025\256\rgb\15.47.05.007.png,20.03.2025\256\depth\15.47.05.007.png
12420,5197,3.25,20.03.2025,256,20.03.2025\256\rgb\15.47.05.098.png,20.03.2025\256\depth\15.47.05.098.png
